# Procedural proxy for the text prompt: small yellow rubber duck toy
v 0.0000000 0.0000000 0.7400000 1.00000 0.78000 0.08000
v 0.0000000 0.0000000 0.7400000 1.00000 0.78000 0.08000
v 0.0000000 0.0000000 0.7400000 1.00000 0.78000 0.08000
v 0.0000000 0.0000000 0.7400000 1.00000 0.78000 0.08000
v 0.0000000 0.0000000 0.7400000 1.00000 0.78000 0.08000
v 0.0000000 0.0000000 0.7400000 1.00000 0.78000 0.08000
v 0.0000000 0.0000000 0.7400000 1.00000 0.78000 0.08000
v 0.0000000 0.0000000 0.7400000 1.00000 0.78000 0.08000
v 0.0000000 0.0000000 0.7400000 1.00000 0.78000 0.08000
v 0.0000000 0.0000000 0.7400000 1.00000 0.78000 0.08000
v 0.0000000 0.0000000 0.7400000 1.00000 0.78000 0.08000
v 0.0000000 0.0000000 0.7400000 1.00000 0.78000 0.08000
v 0.0000000 0.0000000 0.7400000 1.00000 0.78000 0.08000
v 0.0000000 0.0000000 0.7400000 1.00000 0.78000 0.08000
v 0.0000000 0.0000000 0.7400000 1.00000 0.78000 0.08000
v 0.0000000 0.0000000 0.7400000 1.00000 0.78000 0.08000
v 0.0000000 0.0000000 0.7400000 1.00000 0.78000 0.08000
v 0.0000000 0.0000000 0.7400000 1.00000 0.78000 0.08000
v 0.0000000 0.0000000 0.7400000 1.00000 0.78000 0.08000
v 0.0000000 0.0000000 0.7400000 1.00000 0.78000 0.08000
v 0.0000000 0.0000000 0.7400000 1.00000 0.78000 0.08000
v 0.0000000 0.0000000 0.7400000 1.00000 0.78000 0.08000
v 0.0000000 0.0000000 0.7400000 1.00000 0.78000 0.08000
v 0.0000000 0.0000000 0.7400000 1.00000 0.78000 0.08000
v 0.0000000 0.0000000 0.7400000 1.00000 0.78000 0.08000
v 0.0000000 0.0000000 0.7400000 1.00000 0.78000 0.08000
v 0.0000000 0.0000000 0.7400000 1.00000 0.78000 0.08000
v 0.0000000 0.0000000 0.7400000 1.00000 0.78000 0.08000
v 0.0000000 0.0000000 0.7400000 1.00000 0.78000 0.08000
v 0.0000000 0.0000000 0.7400000 1.00000 0.78000 0.08000
v 0.0000000 0.0000000 0.7400000 1.00000 0.78000 0.08000
v 0.0000000 0.0000000 0.7400000 1.00000 0.78000 0.08000
v 0.0000000 0.0000000 0.7400000 1.00000 0.78000 0.08000
v 0.0000000 0.0000000 0.7400000 1.00000 0.78000 0.08000
v 0.0000000 0.0000000 0.7400000 1.00000 0.78000 0.08000
v 0.0000000 0.0000000 0.7400000 1.00000 0.78000 0.08000
v 0.1076619 0.0000000 0.7351385 1.00000 0.78000 0.08000
v 0.1060262 0.0108553 0.7351385 1.00000 0.78000 0.08000
v 0.1011691 0.0213808 0.7351385 1.00000 0.78000 0.08000
v 0.0932379 0.0312567 0.7351385 1.00000 0.78000 0.08000
v 0.0824738 0.0401828 0.7351385 1.00000 0.78000 0.08000
v 0.0692037 0.0478880 0.7351385 1.00000 0.78000 0.08000
v 0.0538309 0.0541381 0.7351385 1.00000 0.78000 0.08000
v 0.0368225 0.0587433 0.7351385 1.00000 0.78000 0.08000
v 0.0186953 0.0615636 0.7351385 1.00000 0.78000 0.08000
v 0.0000000 0.0625133 0.7351385 1.00000 0.78000 0.08000
v -0.0186953 0.0615636 0.7351385 1.00000 0.78000 0.08000
v -0.0368225 0.0587433 0.7351385 1.00000 0.78000 0.08000
v -0.0538309 0.0541381 0.7351385 1.00000 0.78000 0.08000
v -0.0692037 0.0478880 0.7351385 1.00000 0.78000 0.08000
v -0.0824738 0.0401828 0.7351385 1.00000 0.78000 0.08000
v -0.0932379 0.0312567 0.7351385 1.00000 0.78000 0.08000
v -0.1011691 0.0213808 0.7351385 1.00000 0.78000 0.08000
v -0.1060262 0.0108553 0.7351385 1.00000 0.78000 0.08000
v -0.1076619 0.0000000 0.7351385 1.00000 0.78000 0.08000
v -0.1060262 -0.0108553 0.7351385 1.00000 0.78000 0.08000
v -0.1011691 -0.0213808 0.7351385 1.00000 0.78000 0.08000
v -0.0932379 -0.0312567 0.7351385 1.00000 0.78000 0.08000
v -0.0824738 -0.0401828 0.7351385 1.00000 0.78000 0.08000
v -0.0692037 -0.0478880 0.7351385 1.00000 0.78000 0.08000
v -0.0538309 -0.0541381 0.7351385 1.00000 0.78000 0.08000
v -0.0368225 -0.0587433 0.7351385 1.00000 0.78000 0.08000
v -0.0186953 -0.0615636 0.7351385 1.00000 0.78000 0.08000
v -0.0000000 -0.0625133 0.7351385 1.00000 0.78000 0.08000
v 0.0186953 -0.0615636 0.7351385 1.00000 0.78000 0.08000
v 0.0368225 -0.0587433 0.7351385 1.00000 0.78000 0.08000
v 0.0538309 -0.0541381 0.7351385 1.00000 0.78000 0.08000
v 0.0692037 -0.0478880 0.7351385 1.00000 0.78000 0.08000
v 0.0824738 -0.0401828 0.7351385 1.00000 0.78000 0.08000
v 0.0932379 -0.0312567 0.7351385 1.00000 0.78000 0.08000
v 0.1011691 -0.0213808 0.7351385 1.00000 0.78000 0.08000
v 0.1060262 -0.0108553 0.7351385 1.00000 0.78000 0.08000
v 0.2120525 0.0000000 0.7207016 1.00000 0.78000 0.08000
v 0.2088309 0.0213808 0.7207016 1.00000 0.78000 0.08000
v 0.1992642 0.0421120 0.7207016 1.00000 0.78000 0.08000
v 0.1836428 0.0615636 0.7207016 1.00000 0.78000 0.08000
v 0.1624416 0.0791447 0.7207016 1.00000 0.78000 0.08000
v 0.1363047 0.0943209 0.7207016 1.00000 0.78000 0.08000
v 0.1060262 0.1066313 0.7207016 1.00000 0.78000 0.08000
v 0.0725262 0.1157018 0.7207016 1.00000 0.78000 0.08000
v 0.0368225 0.1212567 0.7207016 1.00000 0.78000 0.08000
v 0.0000000 0.1231273 0.7207016 1.00000 0.78000 0.08000
v -0.0368225 0.1212567 0.7207016 1.00000 0.78000 0.08000
v -0.0725262 0.1157018 0.7207016 1.00000 0.78000 0.08000
v -0.1060262 0.1066313 0.7207016 1.00000 0.78000 0.08000
v -0.1363047 0.0943209 0.7207016 1.00000 0.78000 0.08000
v -0.1624416 0.0791447 0.7207016 1.00000 0.78000 0.08000
v -0.1836428 0.0615636 0.7207016 1.00000 0.78000 0.08000
v -0.1992642 0.0421120 0.7207016 1.00000 0.78000 0.08000
v -0.2088309 0.0213808 0.7207016 1.00000 0.78000 0.08000
v -0.2120525 0.0000000 0.7207016 1.00000 0.78000 0.08000
v -0.2088309 -0.0213808 0.7207016 1.00000 0.78000 0.08000
v -0.1992642 -0.0421120 0.7207016 1.00000 0.78000 0.08000
v -0.1836428 -0.0615636 0.7207016 1.00000 0.78000 0.08000
v -0.1624416 -0.0791447 0.7207016 1.00000 0.78000 0.08000
v -0.1363047 -0.0943209 0.7207016 1.00000 0.78000 0.08000
v -0.1060262 -0.1066313 0.7207016 1.00000 0.78000 0.08000
v -0.0725262 -0.1157018 0.7207016 1.00000 0.78000 0.08000
v -0.0368225 -0.1212567 0.7207016 1.00000 0.78000 0.08000
v -0.0000000 -0.1231273 0.7207016 1.00000 0.78000 0.08000
v 0.0368225 -0.1212567 0.7207016 1.00000 0.78000 0.08000
v 0.0725262 -0.1157018 0.7207016 1.00000 0.78000 0.08000
v 0.1060262 -0.1066313 0.7207016 1.00000 0.78000 0.08000
v 0.1363047 -0.0943209 0.7207016 1.00000 0.78000 0.08000
v 0.1624416 -0.0791447 0.7207016 1.00000 0.78000 0.08000
v 0.1836428 -0.0615636 0.7207016 1.00000 0.78000 0.08000
v 0.1992642 -0.0421120 0.7207016 1.00000 0.78000 0.08000
v 0.2088309 -0.0213808 0.7207016 1.00000 0.78000 0.08000
v 0.3100000 0.0000000 0.6971281 1.00000 0.78000 0.08000
v 0.3052904 0.0312567 0.6971281 1.00000 0.78000 0.08000
v 0.2913047 0.0615636 0.6971281 1.00000 0.78000 0.08000
v 0.2684679 0.0900000 0.6971281 1.00000 0.78000 0.08000
v 0.2374738 0.1157018 0.6971281 1.00000 0.78000 0.08000
v 0.1992642 0.1378880 0.6971281 1.00000 0.78000 0.08000
v 0.1550000 0.1558846 0.6971281 1.00000 0.78000 0.08000
v 0.1060262 0.1691447 0.6971281 1.00000 0.78000 0.08000
v 0.0538309 0.1772654 0.6971281 1.00000 0.78000 0.08000
v 0.0000000 0.1800000 0.6971281 1.00000 0.78000 0.08000
v -0.0538309 0.1772654 0.6971281 1.00000 0.78000 0.08000
v -0.1060262 0.1691447 0.6971281 1.00000 0.78000 0.08000
v -0.1550000 0.1558846 0.6971281 1.00000 0.78000 0.08000
v -0.1992642 0.1378880 0.6971281 1.00000 0.78000 0.08000
v -0.2374738 0.1157018 0.6971281 1.00000 0.78000 0.08000
v -0.2684679 0.0900000 0.6971281 1.00000 0.78000 0.08000
v -0.2913047 0.0615636 0.6971281 1.00000 0.78000 0.08000
v -0.3052904 0.0312567 0.6971281 1.00000 0.78000 0.08000
v -0.3100000 0.0000000 0.6971281 1.00000 0.78000 0.08000
v -0.3052904 -0.0312567 0.6971281 1.00000 0.78000 0.08000
v -0.2913047 -0.0615636 0.6971281 1.00000 0.78000 0.08000
v -0.2684679 -0.0900000 0.6971281 1.00000 0.78000 0.08000
v -0.2374738 -0.1157018 0.6971281 1.00000 0.78000 0.08000
v -0.1992642 -0.1378880 0.6971281 1.00000 0.78000 0.08000
v -0.1550000 -0.1558846 0.6971281 1.00000 0.78000 0.08000
v -0.1060262 -0.1691447 0.6971281 1.00000 0.78000 0.08000
v -0.0538309 -0.1772654 0.6971281 1.00000 0.78000 0.08000
v -0.0000000 -0.1800000 0.6971281 1.00000 0.78000 0.08000
v 0.0538309 -0.1772654 0.6971281 1.00000 0.78000 0.08000
v 0.1060262 -0.1691447 0.6971281 1.00000 0.78000 0.08000
v 0.1550000 -0.1558846 0.6971281 1.00000 0.78000 0.08000
v 0.1992642 -0.1378880 0.6971281 1.00000 0.78000 0.08000
v 0.2374738 -0.1157018 0.6971281 1.00000 0.78000 0.08000
v 0.2684679 -0.0900000 0.6971281 1.00000 0.78000 0.08000
v 0.2913047 -0.0615636 0.6971281 1.00000 0.78000 0.08000
v 0.3052904 -0.0312567 0.6971281 1.00000 0.78000 0.08000
v 0.3985283 0.0000000 0.6651342 1.00000 0.78000 0.08000
v 0.3924738 0.0401828 0.6651342 1.00000 0.78000 0.08000
v 0.3744941 0.0791447 0.6651342 1.00000 0.78000 0.08000
v 0.3451356 0.1157018 0.6651342 1.00000 0.78000 0.08000
v 0.3052904 0.1487433 0.6651342 1.00000 0.78000 0.08000
v 0.2561691 0.1772654 0.6651342 1.00000 0.78000 0.08000
v 0.1992642 0.2004013 0.6651342 1.00000 0.78000 0.08000
v 0.1363047 0.2174482 0.6651342 1.00000 0.78000 0.08000
v 0.0692037 0.2278880 0.6651342 1.00000 0.78000 0.08000
v 0.0000000 0.2314035 0.6651342 1.00000 0.78000 0.08000
v -0.0692037 0.2278880 0.6651342 1.00000 0.78000 0.08000
v -0.1363047 0.2174482 0.6651342 1.00000 0.78000 0.08000
v -0.1992642 0.2004013 0.6651342 1.00000 0.78000 0.08000
v -0.2561691 0.1772654 0.6651342 1.00000 0.78000 0.08000
v -0.3052904 0.1487433 0.6651342 1.00000 0.78000 0.08000
v -0.3451356 0.1157018 0.6651342 1.00000 0.78000 0.08000
v -0.3744941 0.0791447 0.6651342 1.00000 0.78000 0.08000
v -0.3924738 0.0401828 0.6651342 1.00000 0.78000 0.08000
v -0.3985283 0.0000000 0.6651342 1.00000 0.78000 0.08000
v -0.3924738 -0.0401828 0.6651342 1.00000 0.78000 0.08000
v -0.3744941 -0.0791447 0.6651342 1.00000 0.78000 0.08000
v -0.3451356 -0.1157018 0.6651342 1.00000 0.78000 0.08000
v -0.3052904 -0.1487433 0.6651342 1.00000 0.78000 0.08000
v -0.2561691 -0.1772654 0.6651342 1.00000 0.78000 0.08000
v -0.1992642 -0.2004013 0.6651342 1.00000 0.78000 0.08000
v -0.1363047 -0.2174482 0.6651342 1.00000 0.78000 0.08000
v -0.0692037 -0.2278880 0.6651342 1.00000 0.78000 0.08000
v -0.0000000 -0.2314035 0.6651342 1.00000 0.78000 0.08000
v 0.0692037 -0.2278880 0.6651342 1.00000 0.78000 0.08000
v 0.1363047 -0.2174482 0.6651342 1.00000 0.78000 0.08000
v 0.1992642 -0.2004013 0.6651342 1.00000 0.78000 0.08000
v 0.2561691 -0.1772654 0.6651342 1.00000 0.78000 0.08000
v 0.3052904 -0.1487433 0.6651342 1.00000 0.78000 0.08000
v 0.3451356 -0.1157018 0.6651342 1.00000 0.78000 0.08000
v 0.3744941 -0.0791447 0.6651342 1.00000 0.78000 0.08000
v 0.3924738 -0.0401828 0.6651342 1.00000 0.78000 0.08000
v 0.4749476 0.0000000 0.6256920 1.00000 0.78000 0.08000
v 0.4677320 0.0478880 0.6256920 1.00000 0.78000 0.08000
v 0.4463047 0.0943209 0.6256920 1.00000 0.78000 0.08000
v 0.4113166 0.1378880 0.6256920 1.00000 0.78000 0.08000
v 0.3638309 0.1772654 0.6256920 1.00000 0.78000 0.08000
v 0.3052904 0.2112567 0.6256920 1.00000 0.78000 0.08000
v 0.2374738 0.2388290 0.6256920 1.00000 0.78000 0.08000
v 0.1624416 0.2591447 0.6256920 1.00000 0.78000 0.08000
v 0.0824738 0.2715863 0.6256920 1.00000 0.78000 0.08000
v 0.0000000 0.2757760 0.6256920 1.00000 0.78000 0.08000
v -0.0824738 0.2715863 0.6256920 1.00000 0.78000 0.08000
v -0.1624416 0.2591447 0.6256920 1.00000 0.78000 0.08000
v -0.2374738 0.2388290 0.6256920 1.00000 0.78000 0.08000
v -0.3052904 0.2112567 0.6256920 1.00000 0.78000 0.08000
v -0.3638309 0.1772654 0.6256920 1.00000 0.78000 0.08000
v -0.4113166 0.1378880 0.6256920 1.00000 0.78000 0.08000
v -0.4463047 0.0943209 0.6256920 1.00000 0.78000 0.08000
v -0.4677320 0.0478880 0.6256920 1.00000 0.78000 0.08000
v -0.4749476 0.0000000 0.6256920 1.00000 0.78000 0.08000
v -0.4677320 -0.0478880 0.6256920 1.00000 0.78000 0.08000
v -0.4463047 -0.0943209 0.6256920 1.00000 0.78000 0.08000
v -0.4113166 -0.1378880 0.6256920 1.00000 0.78000 0.08000
v -0.3638309 -0.1772654 0.6256920 1.00000 0.78000 0.08000
v -0.3052904 -0.2112567 0.6256920 1.00000 0.78000 0.08000
v -0.2374738 -0.2388290 0.6256920 1.00000 0.78000 0.08000
v -0.1624416 -0.2591447 0.6256920 1.00000 0.78000 0.08000
v -0.0824738 -0.2715863 0.6256920 1.00000 0.78000 0.08000
v -0.0000000 -0.2757760 0.6256920 1.00000 0.78000 0.08000
v 0.0824738 -0.2715863 0.6256920 1.00000 0.78000 0.08000
v 0.1624416 -0.2591447 0.6256920 1.00000 0.78000 0.08000
v 0.2374738 -0.2388290 0.6256920 1.00000 0.78000 0.08000
v 0.3052904 -0.2112567 0.6256920 1.00000 0.78000 0.08000
v 0.3638309 -0.1772654 0.6256920 1.00000 0.78000 0.08000
v 0.4113166 -0.1378880 0.6256920 1.00000 0.78000 0.08000
v 0.4463047 -0.0943209 0.6256920 1.00000 0.78000 0.08000
v 0.4677320 -0.0478880 0.6256920 1.00000 0.78000 0.08000
v 0.5369358 0.0000000 0.5800000 1.00000 0.78000 0.08000
v 0.5287785 0.0541381 0.5800000 1.00000 0.78000 0.08000
v 0.5045546 0.1066313 0.5800000 1.00000 0.78000 0.08000
v 0.4650000 0.1558846 0.5800000 1.00000 0.78000 0.08000
v 0.4113166 0.2004013 0.5800000 1.00000 0.78000 0.08000
v 0.3451356 0.2388290 0.5800000 1.00000 0.78000 0.08000
v 0.2684679 0.2700000 0.5800000 1.00000 0.78000 0.08000
v 0.1836428 0.2929672 0.5800000 1.00000 0.78000 0.08000
v 0.0932379 0.3070327 0.5800000 1.00000 0.78000 0.08000
v 0.0000000 0.3117691 0.5800000 1.00000 0.78000 0.08000
v -0.0932379 0.3070327 0.5800000 1.00000 0.78000 0.08000
v -0.1836428 0.2929672 0.5800000 1.00000 0.78000 0.08000
v -0.2684679 0.2700000 0.5800000 1.00000 0.78000 0.08000
v -0.3451356 0.2388290 0.5800000 1.00000 0.78000 0.08000
v -0.4113166 0.2004013 0.5800000 1.00000 0.78000 0.08000
v -0.4650000 0.1558846 0.5800000 1.00000 0.78000 0.08000
v -0.5045546 0.1066313 0.5800000 1.00000 0.78000 0.08000
v -0.5287785 0.0541381 0.5800000 1.00000 0.78000 0.08000
v -0.5369358 0.0000000 0.5800000 1.00000 0.78000 0.08000
v -0.5287785 -0.0541381 0.5800000 1.00000 0.78000 0.08000
v -0.5045546 -0.1066313 0.5800000 1.00000 0.78000 0.08000
v -0.4650000 -0.1558846 0.5800000 1.00000 0.78000 0.08000
v -0.4113166 -0.2004013 0.5800000 1.00000 0.78000 0.08000
v -0.3451356 -0.2388290 0.5800000 1.00000 0.78000 0.08000
v -0.2684679 -0.2700000 0.5800000 1.00000 0.78000 0.08000
v -0.1836428 -0.2929672 0.5800000 1.00000 0.78000 0.08000
v -0.0932379 -0.3070327 0.5800000 1.00000 0.78000 0.08000
v -0.0000000 -0.3117691 0.5800000 1.00000 0.78000 0.08000
v 0.0932379 -0.3070327 0.5800000 1.00000 0.78000 0.08000
v 0.1836428 -0.2929672 0.5800000 1.00000 0.78000 0.08000
v 0.2684679 -0.2700000 0.5800000 1.00000 0.78000 0.08000
v 0.3451356 -0.2388290 0.5800000 1.00000 0.78000 0.08000
v 0.4113166 -0.2004013 0.5800000 1.00000 0.78000 0.08000
v 0.4650000 -0.1558846 0.5800000 1.00000 0.78000 0.08000
v 0.5045546 -0.1066313 0.5800000 1.00000 0.78000 0.08000
v 0.5287785 -0.0541381 0.5800000 1.00000 0.78000 0.08000
v 0.5826094 0.0000000 0.5294464 1.00000 0.78000 0.08000
v 0.5737583 0.0587433 0.5294464 1.00000 0.78000 0.08000
v 0.5474738 0.1157018 0.5294464 1.00000 0.78000 0.08000
v 0.5045546 0.1691447 0.5294464 1.00000 0.78000 0.08000
v 0.4463047 0.2174482 0.5294464 1.00000 0.78000 0.08000
v 0.3744941 0.2591447 0.5294464 1.00000 0.78000 0.08000
v 0.2913047 0.2929672 0.5294464 1.00000 0.78000 0.08000
v 0.1992642 0.3178880 0.5294464 1.00000 0.78000 0.08000
v 0.1011691 0.3331500 0.5294464 1.00000 0.78000 0.08000
v 0.0000000 0.3382893 0.5294464 1.00000 0.78000 0.08000
v -0.1011691 0.3331500 0.5294464 1.00000 0.78000 0.08000
v -0.1992642 0.3178880 0.5294464 1.00000 0.78000 0.08000
v -0.2913047 0.2929672 0.5294464 1.00000 0.78000 0.08000
v -0.3744941 0.2591447 0.5294464 1.00000 0.78000 0.08000
v -0.4463047 0.2174482 0.5294464 1.00000 0.78000 0.08000
v -0.5045546 0.1691447 0.5294464 1.00000 0.78000 0.08000
v -0.5474738 0.1157018 0.5294464 1.00000 0.78000 0.08000
v -0.5737583 0.0587433 0.5294464 1.00000 0.78000 0.08000
v -0.5826094 0.0000000 0.5294464 1.00000 0.78000 0.08000
v -0.5737583 -0.0587433 0.5294464 1.00000 0.78000 0.08000
v -0.5474738 -0.1157018 0.5294464 1.00000 0.78000 0.08000
v -0.5045546 -0.1691447 0.5294464 1.00000 0.78000 0.08000
v -0.4463047 -0.2174482 0.5294464 1.00000 0.78000 0.08000
v -0.3744941 -0.2591447 0.5294464 1.00000 0.78000 0.08000
v -0.2913047 -0.2929672 0.5294464 1.00000 0.78000 0.08000
v -0.1992642 -0.3178880 0.5294464 1.00000 0.78000 0.08000
v -0.1011691 -0.3331500 0.5294464 1.00000 0.78000 0.08000
v -0.0000000 -0.3382893 0.5294464 1.00000 0.78000 0.08000
v 0.1011691 -0.3331500 0.5294464 1.00000 0.78000 0.08000
v 0.1992642 -0.3178880 0.5294464 1.00000 0.78000 0.08000
v 0.2913047 -0.2929672 0.5294464 1.00000 0.78000 0.08000
v 0.3744941 -0.2591447 0.5294464 1.00000 0.78000 0.08000
v 0.4463047 -0.2174482 0.5294464 1.00000 0.78000 0.08000
v 0.5045546 -0.1691447 0.5294464 1.00000 0.78000 0.08000
v 0.5474738 -0.1157018 0.5294464 1.00000 0.78000 0.08000
v 0.5737583 -0.0587433 0.5294464 1.00000 0.78000 0.08000
v 0.6105808 0.0000000 0.4755674 1.00000 0.78000 0.08000
v 0.6013047 0.0615636 0.4755674 1.00000 0.78000 0.08000
v 0.5737583 0.1212567 0.4755674 1.00000 0.78000 0.08000
v 0.5287785 0.1772654 0.4755674 1.00000 0.78000 0.08000
v 0.4677320 0.2278880 0.4755674 1.00000 0.78000 0.08000
v 0.3924738 0.2715863 0.4755674 1.00000 0.78000 0.08000
v 0.3052904 0.3070327 0.4755674 1.00000 0.78000 0.08000
v 0.2088309 0.3331500 0.4755674 1.00000 0.78000 0.08000
v 0.1060262 0.3491447 0.4755674 1.00000 0.78000 0.08000
v 0.0000000 0.3545308 0.4755674 1.00000 0.78000 0.08000
v -0.1060262 0.3491447 0.4755674 1.00000 0.78000 0.08000
v -0.2088309 0.3331500 0.4755674 1.00000 0.78000 0.08000
v -0.3052904 0.3070327 0.4755674 1.00000 0.78000 0.08000
v -0.3924738 0.2715863 0.4755674 1.00000 0.78000 0.08000
v -0.4677320 0.2278880 0.4755674 1.00000 0.78000 0.08000
v -0.5287785 0.1772654 0.4755674 1.00000 0.78000 0.08000
v -0.5737583 0.1212567 0.4755674 1.00000 0.78000 0.08000
v -0.6013047 0.0615636 0.4755674 1.00000 0.78000 0.08000
v -0.6105808 0.0000000 0.4755674 1.00000 0.78000 0.08000
v -0.6013047 -0.0615636 0.4755674 1.00000 0.78000 0.08000
v -0.5737583 -0.1212567 0.4755674 1.00000 0.78000 0.08000
v -0.5287785 -0.1772654 0.4755674 1.00000 0.78000 0.08000
v -0.4677320 -0.2278880 0.4755674 1.00000 0.78000 0.08000
v -0.3924738 -0.2715863 0.4755674 1.00000 0.78000 0.08000
v -0.3052904 -0.3070327 0.4755674 1.00000 0.78000 0.08000
v -0.2088309 -0.3331500 0.4755674 1.00000 0.78000 0.08000
v -0.1060262 -0.3491447 0.4755674 1.00000 0.78000 0.08000
v -0.0000000 -0.3545308 0.4755674 1.00000 0.78000 0.08000
v 0.1060262 -0.3491447 0.4755674 1.00000 0.78000 0.08000
v 0.2088309 -0.3331500 0.4755674 1.00000 0.78000 0.08000
v 0.3052904 -0.3070327 0.4755674 1.00000 0.78000 0.08000
v 0.3924738 -0.2715863 0.4755674 1.00000 0.78000 0.08000
v 0.4677320 -0.2278880 0.4755674 1.00000 0.78000 0.08000
v 0.5287785 -0.1772654 0.4755674 1.00000 0.78000 0.08000
v 0.5737583 -0.1212567 0.4755674 1.00000 0.78000 0.08000
v 0.6013047 -0.0615636 0.4755674 1.00000 0.78000 0.08000
v 0.6200000 0.0000000 0.4200000 1.00000 0.78000 0.08000
v 0.6105808 0.0625133 0.4200000 1.00000 0.78000 0.08000
v 0.5826094 0.1231273 0.4200000 1.00000 0.78000 0.08000
v 0.5369358 0.1800000 0.4200000 1.00000 0.78000 0.08000
v 0.4749476 0.2314035 0.4200000 1.00000 0.78000 0.08000
v 0.3985283 0.2757760 0.4200000 1.00000 0.78000 0.08000
v 0.3100000 0.3117691 0.4200000 1.00000 0.78000 0.08000
v 0.2120525 0.3382893 0.4200000 1.00000 0.78000 0.08000
v 0.1076619 0.3545308 0.4200000 1.00000 0.78000 0.08000
v 0.0000000 0.3600000 0.4200000 1.00000 0.78000 0.08000
v -0.1076619 0.3545308 0.4200000 1.00000 0.78000 0.08000
v -0.2120525 0.3382893 0.4200000 1.00000 0.78000 0.08000
v -0.3100000 0.3117691 0.4200000 1.00000 0.78000 0.08000
v -0.3985283 0.2757760 0.4200000 1.00000 0.78000 0.08000
v -0.4749476 0.2314035 0.4200000 1.00000 0.78000 0.08000
v -0.5369358 0.1800000 0.4200000 1.00000 0.78000 0.08000
v -0.5826094 0.1231273 0.4200000 1.00000 0.78000 0.08000
v -0.6105808 0.0625133 0.4200000 1.00000 0.78000 0.08000
v -0.6200000 0.0000000 0.4200000 1.00000 0.78000 0.08000
v -0.6105808 -0.0625133 0.4200000 1.00000 0.78000 0.08000
v -0.5826094 -0.1231273 0.4200000 1.00000 0.78000 0.08000
v -0.5369358 -0.1800000 0.4200000 1.00000 0.78000 0.08000
v -0.4749476 -0.2314035 0.4200000 1.00000 0.78000 0.08000
v -0.3985283 -0.2757760 0.4200000 1.00000 0.78000 0.08000
v -0.3100000 -0.3117691 0.4200000 1.00000 0.78000 0.08000
v -0.2120525 -0.3382893 0.4200000 1.00000 0.78000 0.08000
v -0.1076619 -0.3545308 0.4200000 1.00000 0.78000 0.08000
v -0.0000000 -0.3600000 0.4200000 1.00000 0.78000 0.08000
v 0.1076619 -0.3545308 0.4200000 1.00000 0.78000 0.08000
v 0.2120525 -0.3382893 0.4200000 1.00000 0.78000 0.08000
v 0.3100000 -0.3117691 0.4200000 1.00000 0.78000 0.08000
v 0.3985283 -0.2757760 0.4200000 1.00000 0.78000 0.08000
v 0.4749476 -0.2314035 0.4200000 1.00000 0.78000 0.08000
v 0.5369358 -0.1800000 0.4200000 1.00000 0.78000 0.08000
v 0.5826094 -0.1231273 0.4200000 1.00000 0.78000 0.08000
v 0.6105808 -0.0625133 0.4200000 1.00000 0.78000 0.08000
v 0.6105808 0.0000000 0.3644326 1.00000 0.78000 0.08000
v 0.6013047 0.0615636 0.3644326 1.00000 0.78000 0.08000
v 0.5737583 0.1212567 0.3644326 1.00000 0.78000 0.08000
v 0.5287785 0.1772654 0.3644326 1.00000 0.78000 0.08000
v 0.4677320 0.2278880 0.3644326 1.00000 0.78000 0.08000
v 0.3924738 0.2715863 0.3644326 1.00000 0.78000 0.08000
v 0.3052904 0.3070327 0.3644326 1.00000 0.78000 0.08000
v 0.2088309 0.3331500 0.3644326 1.00000 0.78000 0.08000
v 0.1060262 0.3491447 0.3644326 1.00000 0.78000 0.08000
v 0.0000000 0.3545308 0.3644326 1.00000 0.78000 0.08000
v -0.1060262 0.3491447 0.3644326 1.00000 0.78000 0.08000
v -0.2088309 0.3331500 0.3644326 1.00000 0.78000 0.08000
v -0.3052904 0.3070327 0.3644326 1.00000 0.78000 0.08000
v -0.3924738 0.2715863 0.3644326 1.00000 0.78000 0.08000
v -0.4677320 0.2278880 0.3644326 1.00000 0.78000 0.08000
v -0.5287785 0.1772654 0.3644326 1.00000 0.78000 0.08000
v -0.5737583 0.1212567 0.3644326 1.00000 0.78000 0.08000
v -0.6013047 0.0615636 0.3644326 1.00000 0.78000 0.08000
v -0.6105808 0.0000000 0.3644326 1.00000 0.78000 0.08000
v -0.6013047 -0.0615636 0.3644326 1.00000 0.78000 0.08000
v -0.5737583 -0.1212567 0.3644326 1.00000 0.78000 0.08000
v -0.5287785 -0.1772654 0.3644326 1.00000 0.78000 0.08000
v -0.4677320 -0.2278880 0.3644326 1.00000 0.78000 0.08000
v -0.3924738 -0.2715863 0.3644326 1.00000 0.78000 0.08000
v -0.3052904 -0.3070327 0.3644326 1.00000 0.78000 0.08000
v -0.2088309 -0.3331500 0.3644326 1.00000 0.78000 0.08000
v -0.1060262 -0.3491447 0.3644326 1.00000 0.78000 0.08000
v -0.0000000 -0.3545308 0.3644326 1.00000 0.78000 0.08000
v 0.1060262 -0.3491447 0.3644326 1.00000 0.78000 0.08000
v 0.2088309 -0.3331500 0.3644326 1.00000 0.78000 0.08000
v 0.3052904 -0.3070327 0.3644326 1.00000 0.78000 0.08000
v 0.3924738 -0.2715863 0.3644326 1.00000 0.78000 0.08000
v 0.4677320 -0.2278880 0.3644326 1.00000 0.78000 0.08000
v 0.5287785 -0.1772654 0.3644326 1.00000 0.78000 0.08000
v 0.5737583 -0.1212567 0.3644326 1.00000 0.78000 0.08000
v 0.6013047 -0.0615636 0.3644326 1.00000 0.78000 0.08000
v 0.5826094 0.0000000 0.3105536 1.00000 0.78000 0.08000
v 0.5737583 0.0587433 0.3105536 1.00000 0.78000 0.08000
v 0.5474738 0.1157018 0.3105536 1.00000 0.78000 0.08000
v 0.5045546 0.1691447 0.3105536 1.00000 0.78000 0.08000
v 0.4463047 0.2174482 0.3105536 1.00000 0.78000 0.08000
v 0.3744941 0.2591447 0.3105536 1.00000 0.78000 0.08000
v 0.2913047 0.2929672 0.3105536 1.00000 0.78000 0.08000
v 0.1992642 0.3178880 0.3105536 1.00000 0.78000 0.08000
v 0.1011691 0.3331500 0.3105536 1.00000 0.78000 0.08000
v 0.0000000 0.3382893 0.3105536 1.00000 0.78000 0.08000
v -0.1011691 0.3331500 0.3105536 1.00000 0.78000 0.08000
v -0.1992642 0.3178880 0.3105536 1.00000 0.78000 0.08000
v -0.2913047 0.2929672 0.3105536 1.00000 0.78000 0.08000
v -0.3744941 0.2591447 0.3105536 1.00000 0.78000 0.08000
v -0.4463047 0.2174482 0.3105536 1.00000 0.78000 0.08000
v -0.5045546 0.1691447 0.3105536 1.00000 0.78000 0.08000
v -0.5474738 0.1157018 0.3105536 1.00000 0.78000 0.08000
v -0.5737583 0.0587433 0.3105536 1.00000 0.78000 0.08000
v -0.5826094 0.0000000 0.3105536 1.00000 0.78000 0.08000
v -0.5737583 -0.0587433 0.3105536 1.00000 0.78000 0.08000
v -0.5474738 -0.1157018 0.3105536 1.00000 0.78000 0.08000
v -0.5045546 -0.1691447 0.3105536 1.00000 0.78000 0.08000
v -0.4463047 -0.2174482 0.3105536 1.00000 0.78000 0.08000
v -0.3744941 -0.2591447 0.3105536 1.00000 0.78000 0.08000
v -0.2913047 -0.2929672 0.3105536 1.00000 0.78000 0.08000
v -0.1992642 -0.3178880 0.3105536 1.00000 0.78000 0.08000
v -0.1011691 -0.3331500 0.3105536 1.00000 0.78000 0.08000
v -0.0000000 -0.3382893 0.3105536 1.00000 0.78000 0.08000
v 0.1011691 -0.3331500 0.3105536 1.00000 0.78000 0.08000
v 0.1992642 -0.3178880 0.3105536 1.00000 0.78000 0.08000
v 0.2913047 -0.2929672 0.3105536 1.00000 0.78000 0.08000
v 0.3744941 -0.2591447 0.3105536 1.00000 0.78000 0.08000
v 0.4463047 -0.2174482 0.3105536 1.00000 0.78000 0.08000
v 0.5045546 -0.1691447 0.3105536 1.00000 0.78000 0.08000
v 0.5474738 -0.1157018 0.3105536 1.00000 0.78000 0.08000
v 0.5737583 -0.0587433 0.3105536 1.00000 0.78000 0.08000
v 0.5369358 0.0000000 0.2600000 1.00000 0.78000 0.08000
v 0.5287785 0.0541381 0.2600000 1.00000 0.78000 0.08000
v 0.5045546 0.1066313 0.2600000 1.00000 0.78000 0.08000
v 0.4650000 0.1558846 0.2600000 1.00000 0.78000 0.08000
v 0.4113166 0.2004013 0.2600000 1.00000 0.78000 0.08000
v 0.3451356 0.2388290 0.2600000 1.00000 0.78000 0.08000
v 0.2684679 0.2700000 0.2600000 1.00000 0.78000 0.08000
v 0.1836428 0.2929672 0.2600000 1.00000 0.78000 0.08000
v 0.0932379 0.3070327 0.2600000 1.00000 0.78000 0.08000
v 0.0000000 0.3117691 0.2600000 1.00000 0.78000 0.08000
v -0.0932379 0.3070327 0.2600000 1.00000 0.78000 0.08000
v -0.1836428 0.2929672 0.2600000 1.00000 0.78000 0.08000
v -0.2684679 0.2700000 0.2600000 1.00000 0.78000 0.08000
v -0.3451356 0.2388290 0.2600000 1.00000 0.78000 0.08000
v -0.4113166 0.2004013 0.2600000 1.00000 0.78000 0.08000
v -0.4650000 0.1558846 0.2600000 1.00000 0.78000 0.08000
v -0.5045546 0.1066313 0.2600000 1.00000 0.78000 0.08000
v -0.5287785 0.0541381 0.2600000 1.00000 0.78000 0.08000
v -0.5369358 0.0000000 0.2600000 1.00000 0.78000 0.08000
v -0.5287785 -0.0541381 0.2600000 1.00000 0.78000 0.08000
v -0.5045546 -0.1066313 0.2600000 1.00000 0.78000 0.08000
v -0.4650000 -0.1558846 0.2600000 1.00000 0.78000 0.08000
v -0.4113166 -0.2004013 0.2600000 1.00000 0.78000 0.08000
v -0.3451356 -0.2388290 0.2600000 1.00000 0.78000 0.08000
v -0.2684679 -0.2700000 0.2600000 1.00000 0.78000 0.08000
v -0.1836428 -0.2929672 0.2600000 1.00000 0.78000 0.08000
v -0.0932379 -0.3070327 0.2600000 1.00000 0.78000 0.08000
v -0.0000000 -0.3117691 0.2600000 1.00000 0.78000 0.08000
v 0.0932379 -0.3070327 0.2600000 1.00000 0.78000 0.08000
v 0.1836428 -0.2929672 0.2600000 1.00000 0.78000 0.08000
v 0.2684679 -0.2700000 0.2600000 1.00000 0.78000 0.08000
v 0.3451356 -0.2388290 0.2600000 1.00000 0.78000 0.08000
v 0.4113166 -0.2004013 0.2600000 1.00000 0.78000 0.08000
v 0.4650000 -0.1558846 0.2600000 1.00000 0.78000 0.08000
v 0.5045546 -0.1066313 0.2600000 1.00000 0.78000 0.08000
v 0.5287785 -0.0541381 0.2600000 1.00000 0.78000 0.08000
v 0.4749476 0.0000000 0.2143080 1.00000 0.78000 0.08000
v 0.4677320 0.0478880 0.2143080 1.00000 0.78000 0.08000
v 0.4463047 0.0943209 0.2143080 1.00000 0.78000 0.08000
v 0.4113166 0.1378880 0.2143080 1.00000 0.78000 0.08000
v 0.3638309 0.1772654 0.2143080 1.00000 0.78000 0.08000
v 0.3052904 0.2112567 0.2143080 1.00000 0.78000 0.08000
v 0.2374738 0.2388290 0.2143080 1.00000 0.78000 0.08000
v 0.1624416 0.2591447 0.2143080 1.00000 0.78000 0.08000
v 0.0824738 0.2715863 0.2143080 1.00000 0.78000 0.08000
v 0.0000000 0.2757760 0.2143080 1.00000 0.78000 0.08000
v -0.0824738 0.2715863 0.2143080 1.00000 0.78000 0.08000
v -0.1624416 0.2591447 0.2143080 1.00000 0.78000 0.08000
v -0.2374738 0.2388290 0.2143080 1.00000 0.78000 0.08000
v -0.3052904 0.2112567 0.2143080 1.00000 0.78000 0.08000
v -0.3638309 0.1772654 0.2143080 1.00000 0.78000 0.08000
v -0.4113166 0.1378880 0.2143080 1.00000 0.78000 0.08000
v -0.4463047 0.0943209 0.2143080 1.00000 0.78000 0.08000
v -0.4677320 0.0478880 0.2143080 1.00000 0.78000 0.08000
v -0.4749476 0.0000000 0.2143080 1.00000 0.78000 0.08000
v -0.4677320 -0.0478880 0.2143080 1.00000 0.78000 0.08000
v -0.4463047 -0.0943209 0.2143080 1.00000 0.78000 0.08000
v -0.4113166 -0.1378880 0.2143080 1.00000 0.78000 0.08000
v -0.3638309 -0.1772654 0.2143080 1.00000 0.78000 0.08000
v -0.3052904 -0.2112567 0.2143080 1.00000 0.78000 0.08000
v -0.2374738 -0.2388290 0.2143080 1.00000 0.78000 0.08000
v -0.1624416 -0.2591447 0.2143080 1.00000 0.78000 0.08000
v -0.0824738 -0.2715863 0.2143080 1.00000 0.78000 0.08000
v -0.0000000 -0.2757760 0.2143080 1.00000 0.78000 0.08000
v 0.0824738 -0.2715863 0.2143080 1.00000 0.78000 0.08000
v 0.1624416 -0.2591447 0.2143080 1.00000 0.78000 0.08000
v 0.2374738 -0.2388290 0.2143080 1.00000 0.78000 0.08000
v 0.3052904 -0.2112567 0.2143080 1.00000 0.78000 0.08000
v 0.3638309 -0.1772654 0.2143080 1.00000 0.78000 0.08000
v 0.4113166 -0.1378880 0.2143080 1.00000 0.78000 0.08000
v 0.4463047 -0.0943209 0.2143080 1.00000 0.78000 0.08000
v 0.4677320 -0.0478880 0.2143080 1.00000 0.78000 0.08000
v 0.3985283 0.0000000 0.1748658 1.00000 0.78000 0.08000
v 0.3924738 0.0401828 0.1748658 1.00000 0.78000 0.08000
v 0.3744941 0.0791447 0.1748658 1.00000 0.78000 0.08000
v 0.3451356 0.1157018 0.1748658 1.00000 0.78000 0.08000
v 0.3052904 0.1487433 0.1748658 1.00000 0.78000 0.08000
v 0.2561691 0.1772654 0.1748658 1.00000 0.78000 0.08000
v 0.1992642 0.2004013 0.1748658 1.00000 0.78000 0.08000
v 0.1363047 0.2174482 0.1748658 1.00000 0.78000 0.08000
v 0.0692037 0.2278880 0.1748658 1.00000 0.78000 0.08000
v 0.0000000 0.2314035 0.1748658 1.00000 0.78000 0.08000
v -0.0692037 0.2278880 0.1748658 1.00000 0.78000 0.08000
v -0.1363047 0.2174482 0.1748658 1.00000 0.78000 0.08000
v -0.1992642 0.2004013 0.1748658 1.00000 0.78000 0.08000
v -0.2561691 0.1772654 0.1748658 1.00000 0.78000 0.08000
v -0.3052904 0.1487433 0.1748658 1.00000 0.78000 0.08000
v -0.3451356 0.1157018 0.1748658 1.00000 0.78000 0.08000
v -0.3744941 0.0791447 0.1748658 1.00000 0.78000 0.08000
v -0.3924738 0.0401828 0.1748658 1.00000 0.78000 0.08000
v -0.3985283 0.0000000 0.1748658 1.00000 0.78000 0.08000
v -0.3924738 -0.0401828 0.1748658 1.00000 0.78000 0.08000
v -0.3744941 -0.0791447 0.1748658 1.00000 0.78000 0.08000
v -0.3451356 -0.1157018 0.1748658 1.00000 0.78000 0.08000
v -0.3052904 -0.1487433 0.1748658 1.00000 0.78000 0.08000
v -0.2561691 -0.1772654 0.1748658 1.00000 0.78000 0.08000
v -0.1992642 -0.2004013 0.1748658 1.00000 0.78000 0.08000
v -0.1363047 -0.2174482 0.1748658 1.00000 0.78000 0.08000
v -0.0692037 -0.2278880 0.1748658 1.00000 0.78000 0.08000
v -0.0000000 -0.2314035 0.1748658 1.00000 0.78000 0.08000
v 0.0692037 -0.2278880 0.1748658 1.00000 0.78000 0.08000
v 0.1363047 -0.2174482 0.1748658 1.00000 0.78000 0.08000
v 0.1992642 -0.2004013 0.1748658 1.00000 0.78000 0.08000
v 0.2561691 -0.1772654 0.1748658 1.00000 0.78000 0.08000
v 0.3052904 -0.1487433 0.1748658 1.00000 0.78000 0.08000
v 0.3451356 -0.1157018 0.1748658 1.00000 0.78000 0.08000
v 0.3744941 -0.0791447 0.1748658 1.00000 0.78000 0.08000
v 0.3924738 -0.0401828 0.1748658 1.00000 0.78000 0.08000
v 0.3100000 0.0000000 0.1428719 1.00000 0.78000 0.08000
v 0.3052904 0.0312567 0.1428719 1.00000 0.78000 0.08000
v 0.2913047 0.0615636 0.1428719 1.00000 0.78000 0.08000
v 0.2684679 0.0900000 0.1428719 1.00000 0.78000 0.08000
v 0.2374738 0.1157018 0.1428719 1.00000 0.78000 0.08000
v 0.1992642 0.1378880 0.1428719 1.00000 0.78000 0.08000
v 0.1550000 0.1558846 0.1428719 1.00000 0.78000 0.08000
v 0.1060262 0.1691447 0.1428719 1.00000 0.78000 0.08000
v 0.0538309 0.1772654 0.1428719 1.00000 0.78000 0.08000
v 0.0000000 0.1800000 0.1428719 1.00000 0.78000 0.08000
v -0.0538309 0.1772654 0.1428719 1.00000 0.78000 0.08000
v -0.1060262 0.1691447 0.1428719 1.00000 0.78000 0.08000
v -0.1550000 0.1558846 0.1428719 1.00000 0.78000 0.08000
v -0.1992642 0.1378880 0.1428719 1.00000 0.78000 0.08000
v -0.2374738 0.1157018 0.1428719 1.00000 0.78000 0.08000
v -0.2684679 0.0900000 0.1428719 1.00000 0.78000 0.08000
v -0.2913047 0.0615636 0.1428719 1.00000 0.78000 0.08000
v -0.3052904 0.0312567 0.1428719 1.00000 0.78000 0.08000
v -0.3100000 0.0000000 0.1428719 1.00000 0.78000 0.08000
v -0.3052904 -0.0312567 0.1428719 1.00000 0.78000 0.08000
v -0.2913047 -0.0615636 0.1428719 1.00000 0.78000 0.08000
v -0.2684679 -0.0900000 0.1428719 1.00000 0.78000 0.08000
v -0.2374738 -0.1157018 0.1428719 1.00000 0.78000 0.08000
v -0.1992642 -0.1378880 0.1428719 1.00000 0.78000 0.08000
v -0.1550000 -0.1558846 0.1428719 1.00000 0.78000 0.08000
v -0.1060262 -0.1691447 0.1428719 1.00000 0.78000 0.08000
v -0.0538309 -0.1772654 0.1428719 1.00000 0.78000 0.08000
v -0.0000000 -0.1800000 0.1428719 1.00000 0.78000 0.08000
v 0.0538309 -0.1772654 0.1428719 1.00000 0.78000 0.08000
v 0.1060262 -0.1691447 0.1428719 1.00000 0.78000 0.08000
v 0.1550000 -0.1558846 0.1428719 1.00000 0.78000 0.08000
v 0.1992642 -0.1378880 0.1428719 1.00000 0.78000 0.08000
v 0.2374738 -0.1157018 0.1428719 1.00000 0.78000 0.08000
v 0.2684679 -0.0900000 0.1428719 1.00000 0.78000 0.08000
v 0.2913047 -0.0615636 0.1428719 1.00000 0.78000 0.08000
v 0.3052904 -0.0312567 0.1428719 1.00000 0.78000 0.08000
v 0.2120525 0.0000000 0.1192984 1.00000 0.78000 0.08000
v 0.2088309 0.0213808 0.1192984 1.00000 0.78000 0.08000
v 0.1992642 0.0421120 0.1192984 1.00000 0.78000 0.08000
v 0.1836428 0.0615636 0.1192984 1.00000 0.78000 0.08000
v 0.1624416 0.0791447 0.1192984 1.00000 0.78000 0.08000
v 0.1363047 0.0943209 0.1192984 1.00000 0.78000 0.08000
v 0.1060262 0.1066313 0.1192984 1.00000 0.78000 0.08000
v 0.0725262 0.1157018 0.1192984 1.00000 0.78000 0.08000
v 0.0368225 0.1212567 0.1192984 1.00000 0.78000 0.08000
v 0.0000000 0.1231273 0.1192984 1.00000 0.78000 0.08000
v -0.0368225 0.1212567 0.1192984 1.00000 0.78000 0.08000
v -0.0725262 0.1157018 0.1192984 1.00000 0.78000 0.08000
v -0.1060262 0.1066313 0.1192984 1.00000 0.78000 0.08000
v -0.1363047 0.0943209 0.1192984 1.00000 0.78000 0.08000
v -0.1624416 0.0791447 0.1192984 1.00000 0.78000 0.08000
v -0.1836428 0.0615636 0.1192984 1.00000 0.78000 0.08000
v -0.1992642 0.0421120 0.1192984 1.00000 0.78000 0.08000
v -0.2088309 0.0213808 0.1192984 1.00000 0.78000 0.08000
v -0.2120525 0.0000000 0.1192984 1.00000 0.78000 0.08000
v -0.2088309 -0.0213808 0.1192984 1.00000 0.78000 0.08000
v -0.1992642 -0.0421120 0.1192984 1.00000 0.78000 0.08000
v -0.1836428 -0.0615636 0.1192984 1.00000 0.78000 0.08000
v -0.1624416 -0.0791447 0.1192984 1.00000 0.78000 0.08000
v -0.1363047 -0.0943209 0.1192984 1.00000 0.78000 0.08000
v -0.1060262 -0.1066313 0.1192984 1.00000 0.78000 0.08000
v -0.0725262 -0.1157018 0.1192984 1.00000 0.78000 0.08000
v -0.0368225 -0.1212567 0.1192984 1.00000 0.78000 0.08000
v -0.0000000 -0.1231273 0.1192984 1.00000 0.78000 0.08000
v 0.0368225 -0.1212567 0.1192984 1.00000 0.78000 0.08000
v 0.0725262 -0.1157018 0.1192984 1.00000 0.78000 0.08000
v 0.1060262 -0.1066313 0.1192984 1.00000 0.78000 0.08000
v 0.1363047 -0.0943209 0.1192984 1.00000 0.78000 0.08000
v 0.1624416 -0.0791447 0.1192984 1.00000 0.78000 0.08000
v 0.1836428 -0.0615636 0.1192984 1.00000 0.78000 0.08000
v 0.1992642 -0.0421120 0.1192984 1.00000 0.78000 0.08000
v 0.2088309 -0.0213808 0.1192984 1.00000 0.78000 0.08000
v 0.1076619 0.0000000 0.1048615 1.00000 0.78000 0.08000
v 0.1060262 0.0108553 0.1048615 1.00000 0.78000 0.08000
v 0.1011691 0.0213808 0.1048615 1.00000 0.78000 0.08000
v 0.0932379 0.0312567 0.1048615 1.00000 0.78000 0.08000
v 0.0824738 0.0401828 0.1048615 1.00000 0.78000 0.08000
v 0.0692037 0.0478880 0.1048615 1.00000 0.78000 0.08000
v 0.0538309 0.0541381 0.1048615 1.00000 0.78000 0.08000
v 0.0368225 0.0587433 0.1048615 1.00000 0.78000 0.08000
v 0.0186953 0.0615636 0.1048615 1.00000 0.78000 0.08000
v 0.0000000 0.0625133 0.1048615 1.00000 0.78000 0.08000
v -0.0186953 0.0615636 0.1048615 1.00000 0.78000 0.08000
v -0.0368225 0.0587433 0.1048615 1.00000 0.78000 0.08000
v -0.0538309 0.0541381 0.1048615 1.00000 0.78000 0.08000
v -0.0692037 0.0478880 0.1048615 1.00000 0.78000 0.08000
v -0.0824738 0.0401828 0.1048615 1.00000 0.78000 0.08000
v -0.0932379 0.0312567 0.1048615 1.00000 0.78000 0.08000
v -0.1011691 0.0213808 0.1048615 1.00000 0.78000 0.08000
v -0.1060262 0.0108553 0.1048615 1.00000 0.78000 0.08000
v -0.1076619 0.0000000 0.1048615 1.00000 0.78000 0.08000
v -0.1060262 -0.0108553 0.1048615 1.00000 0.78000 0.08000
v -0.1011691 -0.0213808 0.1048615 1.00000 0.78000 0.08000
v -0.0932379 -0.0312567 0.1048615 1.00000 0.78000 0.08000
v -0.0824738 -0.0401828 0.1048615 1.00000 0.78000 0.08000
v -0.0692037 -0.0478880 0.1048615 1.00000 0.78000 0.08000
v -0.0538309 -0.0541381 0.1048615 1.00000 0.78000 0.08000
v -0.0368225 -0.0587433 0.1048615 1.00000 0.78000 0.08000
v -0.0186953 -0.0615636 0.1048615 1.00000 0.78000 0.08000
v -0.0000000 -0.0625133 0.1048615 1.00000 0.78000 0.08000
v 0.0186953 -0.0615636 0.1048615 1.00000 0.78000 0.08000
v 0.0368225 -0.0587433 0.1048615 1.00000 0.78000 0.08000
v 0.0538309 -0.0541381 0.1048615 1.00000 0.78000 0.08000
v 0.0692037 -0.0478880 0.1048615 1.00000 0.78000 0.08000
v 0.0824738 -0.0401828 0.1048615 1.00000 0.78000 0.08000
v 0.0932379 -0.0312567 0.1048615 1.00000 0.78000 0.08000
v 0.1011691 -0.0213808 0.1048615 1.00000 0.78000 0.08000
v 0.1060262 -0.0108553 0.1048615 1.00000 0.78000 0.08000
v 0.0000000 0.0000000 0.1000000 1.00000 0.78000 0.08000
v 0.0000000 0.0000000 0.1000000 1.00000 0.78000 0.08000
v 0.0000000 0.0000000 0.1000000 1.00000 0.78000 0.08000
v 0.0000000 0.0000000 0.1000000 1.00000 0.78000 0.08000
v 0.0000000 0.0000000 0.1000000 1.00000 0.78000 0.08000
v 0.0000000 0.0000000 0.1000000 1.00000 0.78000 0.08000
v 0.0000000 0.0000000 0.1000000 1.00000 0.78000 0.08000
v 0.0000000 0.0000000 0.1000000 1.00000 0.78000 0.08000
v 0.0000000 0.0000000 0.1000000 1.00000 0.78000 0.08000
v 0.0000000 0.0000000 0.1000000 1.00000 0.78000 0.08000
v -0.0000000 0.0000000 0.1000000 1.00000 0.78000 0.08000
v -0.0000000 0.0000000 0.1000000 1.00000 0.78000 0.08000
v -0.0000000 0.0000000 0.1000000 1.00000 0.78000 0.08000
v -0.0000000 0.0000000 0.1000000 1.00000 0.78000 0.08000
v -0.0000000 0.0000000 0.1000000 1.00000 0.78000 0.08000
v -0.0000000 0.0000000 0.1000000 1.00000 0.78000 0.08000
v -0.0000000 0.0000000 0.1000000 1.00000 0.78000 0.08000
v -0.0000000 0.0000000 0.1000000 1.00000 0.78000 0.08000
v -0.0000000 0.0000000 0.1000000 1.00000 0.78000 0.08000
v -0.0000000 -0.0000000 0.1000000 1.00000 0.78000 0.08000
v -0.0000000 -0.0000000 0.1000000 1.00000 0.78000 0.08000
v -0.0000000 -0.0000000 0.1000000 1.00000 0.78000 0.08000
v -0.0000000 -0.0000000 0.1000000 1.00000 0.78000 0.08000
v -0.0000000 -0.0000000 0.1000000 1.00000 0.78000 0.08000
v -0.0000000 -0.0000000 0.1000000 1.00000 0.78000 0.08000
v -0.0000000 -0.0000000 0.1000000 1.00000 0.78000 0.08000
v -0.0000000 -0.0000000 0.1000000 1.00000 0.78000 0.08000
v -0.0000000 -0.0000000 0.1000000 1.00000 0.78000 0.08000
v 0.0000000 -0.0000000 0.1000000 1.00000 0.78000 0.08000
v 0.0000000 -0.0000000 0.1000000 1.00000 0.78000 0.08000
v 0.0000000 -0.0000000 0.1000000 1.00000 0.78000 0.08000
v 0.0000000 -0.0000000 0.1000000 1.00000 0.78000 0.08000
v 0.0000000 -0.0000000 0.1000000 1.00000 0.78000 0.08000
v 0.0000000 -0.0000000 0.1000000 1.00000 0.78000 0.08000
v 0.0000000 -0.0000000 0.1000000 1.00000 0.78000 0.08000
v 0.0000000 -0.0000000 0.1000000 1.00000 0.78000 0.08000
v 0.4200000 0.0000000 1.0200000 1.00000 0.78000 0.08000
v 0.4200000 0.0000000 1.0200000 1.00000 0.78000 0.08000
v 0.4200000 0.0000000 1.0200000 1.00000 0.78000 0.08000
v 0.4200000 0.0000000 1.0200000 1.00000 0.78000 0.08000
v 0.4200000 0.0000000 1.0200000 1.00000 0.78000 0.08000
v 0.4200000 0.0000000 1.0200000 1.00000 0.78000 0.08000
v 0.4200000 0.0000000 1.0200000 1.00000 0.78000 0.08000
v 0.4200000 0.0000000 1.0200000 1.00000 0.78000 0.08000
v 0.4200000 0.0000000 1.0200000 1.00000 0.78000 0.08000
v 0.4200000 0.0000000 1.0200000 1.00000 0.78000 0.08000
v 0.4200000 0.0000000 1.0200000 1.00000 0.78000 0.08000
v 0.4200000 0.0000000 1.0200000 1.00000 0.78000 0.08000
v 0.4200000 0.0000000 1.0200000 1.00000 0.78000 0.08000
v 0.4200000 0.0000000 1.0200000 1.00000 0.78000 0.08000
v 0.4200000 0.0000000 1.0200000 1.00000 0.78000 0.08000
v 0.4200000 0.0000000 1.0200000 1.00000 0.78000 0.08000
v 0.4200000 0.0000000 1.0200000 1.00000 0.78000 0.08000
v 0.4200000 0.0000000 1.0200000 1.00000 0.78000 0.08000
v 0.4200000 0.0000000 1.0200000 1.00000 0.78000 0.08000
v 0.4200000 0.0000000 1.0200000 1.00000 0.78000 0.08000
v 0.4200000 0.0000000 1.0200000 1.00000 0.78000 0.08000
v 0.4200000 0.0000000 1.0200000 1.00000 0.78000 0.08000
v 0.4200000 0.0000000 1.0200000 1.00000 0.78000 0.08000
v 0.4200000 0.0000000 1.0200000 1.00000 0.78000 0.08000
v 0.4200000 0.0000000 1.0200000 1.00000 0.78000 0.08000
v 0.4200000 0.0000000 1.0200000 1.00000 0.78000 0.08000
v 0.4200000 0.0000000 1.0200000 1.00000 0.78000 0.08000
v 0.4200000 0.0000000 1.0200000 1.00000 0.78000 0.08000
v 0.4200000 0.0000000 1.0200000 1.00000 0.78000 0.08000
v 0.4200000 0.0000000 1.0200000 1.00000 0.78000 0.08000
v 0.4200000 0.0000000 1.0200000 1.00000 0.78000 0.08000
v 0.4200000 0.0000000 1.0200000 1.00000 0.78000 0.08000
v 0.4707235 0.0000000 1.0153885 1.00000 0.78000 0.08000
v 0.4697488 0.0091345 1.0153885 1.00000 0.78000 0.08000
v 0.4668624 0.0179179 1.0153885 1.00000 0.78000 0.08000
v 0.4621750 0.0260127 1.0153885 1.00000 0.78000 0.08000
v 0.4558669 0.0331079 1.0153885 1.00000 0.78000 0.08000
v 0.4481805 0.0389308 1.0153885 1.00000 0.78000 0.08000
v 0.4394110 0.0432576 1.0153885 1.00000 0.78000 0.08000
v 0.4298957 0.0459220 1.0153885 1.00000 0.78000 0.08000
v 0.4200000 0.0468217 1.0153885 1.00000 0.78000 0.08000
v 0.4101043 0.0459220 1.0153885 1.00000 0.78000 0.08000
v 0.4005890 0.0432576 1.0153885 1.00000 0.78000 0.08000
v 0.3918195 0.0389308 1.0153885 1.00000 0.78000 0.08000
v 0.3841331 0.0331079 1.0153885 1.00000 0.78000 0.08000
v 0.3778250 0.0260127 1.0153885 1.00000 0.78000 0.08000
v 0.3731376 0.0179179 1.0153885 1.00000 0.78000 0.08000
v 0.3702512 0.0091345 1.0153885 1.00000 0.78000 0.08000
v 0.3692765 0.0000000 1.0153885 1.00000 0.78000 0.08000
v 0.3702512 -0.0091345 1.0153885 1.00000 0.78000 0.08000
v 0.3731376 -0.0179179 1.0153885 1.00000 0.78000 0.08000
v 0.3778250 -0.0260127 1.0153885 1.00000 0.78000 0.08000
v 0.3841331 -0.0331079 1.0153885 1.00000 0.78000 0.08000
v 0.3918195 -0.0389308 1.0153885 1.00000 0.78000 0.08000
v 0.4005890 -0.0432576 1.0153885 1.00000 0.78000 0.08000
v 0.4101043 -0.0459220 1.0153885 1.00000 0.78000 0.08000
v 0.4200000 -0.0468217 1.0153885 1.00000 0.78000 0.08000
v 0.4298957 -0.0459220 1.0153885 1.00000 0.78000 0.08000
v 0.4394110 -0.0432576 1.0153885 1.00000 0.78000 0.08000
v 0.4481805 -0.0389308 1.0153885 1.00000 0.78000 0.08000
v 0.4558669 -0.0331079 1.0153885 1.00000 0.78000 0.08000
v 0.4621750 -0.0260127 1.0153885 1.00000 0.78000 0.08000
v 0.4668624 -0.0179179 1.0153885 1.00000 0.78000 0.08000
v 0.4697488 -0.0091345 1.0153885 1.00000 0.78000 0.08000
v 0.5194977 0.0000000 1.0017311 1.00000 0.78000 0.08000
v 0.5175859 0.0179179 1.0017311 1.00000 0.78000 0.08000
v 0.5119239 0.0351472 1.0017311 1.00000 0.78000 0.08000
v 0.5027293 0.0510258 1.0017311 1.00000 0.78000 0.08000
v 0.4903555 0.0649435 1.0017311 1.00000 0.78000 0.08000
v 0.4752780 0.0763655 1.0017311 1.00000 0.78000 0.08000
v 0.4580761 0.0848528 1.0017311 1.00000 0.78000 0.08000
v 0.4394110 0.0900793 1.0017311 1.00000 0.78000 0.08000
v 0.4200000 0.0918440 1.0017311 1.00000 0.78000 0.08000
v 0.4005890 0.0900793 1.0017311 1.00000 0.78000 0.08000
v 0.3819239 0.0848528 1.0017311 1.00000 0.78000 0.08000
v 0.3647220 0.0763655 1.0017311 1.00000 0.78000 0.08000
v 0.3496445 0.0649435 1.0017311 1.00000 0.78000 0.08000
v 0.3372707 0.0510258 1.0017311 1.00000 0.78000 0.08000
v 0.3280761 0.0351472 1.0017311 1.00000 0.78000 0.08000
v 0.3224141 0.0179179 1.0017311 1.00000 0.78000 0.08000
v 0.3205023 0.0000000 1.0017311 1.00000 0.78000 0.08000
v 0.3224141 -0.0179179 1.0017311 1.00000 0.78000 0.08000
v 0.3280761 -0.0351472 1.0017311 1.00000 0.78000 0.08000
v 0.3372707 -0.0510258 1.0017311 1.00000 0.78000 0.08000
v 0.3496445 -0.0649435 1.0017311 1.00000 0.78000 0.08000
v 0.3647220 -0.0763655 1.0017311 1.00000 0.78000 0.08000
v 0.3819239 -0.0848528 1.0017311 1.00000 0.78000 0.08000
v 0.4005890 -0.0900793 1.0017311 1.00000 0.78000 0.08000
v 0.4200000 -0.0918440 1.0017311 1.00000 0.78000 0.08000
v 0.4394110 -0.0900793 1.0017311 1.00000 0.78000 0.08000
v 0.4580761 -0.0848528 1.0017311 1.00000 0.78000 0.08000
v 0.4752780 -0.0763655 1.0017311 1.00000 0.78000 0.08000
v 0.4903555 -0.0649435 1.0017311 1.00000 0.78000 0.08000
v 0.5027293 -0.0510258 1.0017311 1.00000 0.78000 0.08000
v 0.5119239 -0.0351472 1.0017311 1.00000 0.78000 0.08000
v 0.5175859 -0.0179179 1.0017311 1.00000 0.78000 0.08000
v 0.5644483 0.0000000 0.9795527 1.00000 0.78000 0.08000
v 0.5616727 0.0260127 0.9795527 1.00000 0.78000 0.08000
v 0.5534528 0.0510258 0.9795527 1.00000 0.78000 0.08000
v 0.5401043 0.0740780 0.9795527 1.00000 0.78000 0.08000
v 0.5221403 0.0942834 0.9795527 1.00000 0.78000 0.08000
v 0.5002512 0.1108655 0.9795527 1.00000 0.78000 0.08000
v 0.4752780 0.1231872 0.9795527 1.00000 0.78000 0.08000
v 0.4481805 0.1307748 0.9795527 1.00000 0.78000 0.08000
v 0.4200000 0.1333369 0.9795527 1.00000 0.78000 0.08000
v 0.3918195 0.1307748 0.9795527 1.00000 0.78000 0.08000
v 0.3647220 0.1231872 0.9795527 1.00000 0.78000 0.08000
v 0.3397488 0.1108655 0.9795527 1.00000 0.78000 0.08000
v 0.3178597 0.0942834 0.9795527 1.00000 0.78000 0.08000
v 0.2998957 0.0740780 0.9795527 1.00000 0.78000 0.08000
v 0.2865472 0.0510258 0.9795527 1.00000 0.78000 0.08000
v 0.2783273 0.0260127 0.9795527 1.00000 0.78000 0.08000
v 0.2755517 0.0000000 0.9795527 1.00000 0.78000 0.08000
v 0.2783273 -0.0260127 0.9795527 1.00000 0.78000 0.08000
v 0.2865472 -0.0510258 0.9795527 1.00000 0.78000 0.08000
v 0.2998957 -0.0740780 0.9795527 1.00000 0.78000 0.08000
v 0.3178597 -0.0942834 0.9795527 1.00000 0.78000 0.08000
v 0.3397488 -0.1108655 0.9795527 1.00000 0.78000 0.08000
v 0.3647220 -0.1231872 0.9795527 1.00000 0.78000 0.08000
v 0.3918195 -0.1307748 0.9795527 1.00000 0.78000 0.08000
v 0.4200000 -0.1333369 0.9795527 1.00000 0.78000 0.08000
v 0.4481805 -0.1307748 0.9795527 1.00000 0.78000 0.08000
v 0.4752780 -0.1231872 0.9795527 1.00000 0.78000 0.08000
v 0.5002512 -0.1108655 0.9795527 1.00000 0.78000 0.08000
v 0.5221403 -0.0942834 0.9795527 1.00000 0.78000 0.08000
v 0.5401043 -0.0740780 0.9795527 1.00000 0.78000 0.08000
v 0.5534528 -0.0510258 0.9795527 1.00000 0.78000 0.08000
v 0.5616727 -0.0260127 0.9795527 1.00000 0.78000 0.08000
v 0.6038478 0.0000000 0.9497056 1.00000 0.78000 0.08000
v 0.6003152 0.0331079 0.9497056 1.00000 0.78000 0.08000
v 0.5898532 0.0649435 0.9497056 1.00000 0.78000 0.08000
v 0.5728638 0.0942834 0.9497056 1.00000 0.78000 0.08000
v 0.5500000 0.1200000 0.9497056 1.00000 0.78000 0.08000
v 0.5221403 0.1411051 0.9497056 1.00000 0.78000 0.08000
v 0.4903555 0.1567876 0.9497056 1.00000 0.78000 0.08000
v 0.4558669 0.1664448 0.9497056 1.00000 0.78000 0.08000
v 0.4200000 0.1697056 0.9497056 1.00000 0.78000 0.08000
v 0.3841331 0.1664448 0.9497056 1.00000 0.78000 0.08000
v 0.3496445 0.1567876 0.9497056 1.00000 0.78000 0.08000
v 0.3178597 0.1411051 0.9497056 1.00000 0.78000 0.08000
v 0.2900000 0.1200000 0.9497056 1.00000 0.78000 0.08000
v 0.2671362 0.0942834 0.9497056 1.00000 0.78000 0.08000
v 0.2501468 0.0649435 0.9497056 1.00000 0.78000 0.08000
v 0.2396848 0.0331079 0.9497056 1.00000 0.78000 0.08000
v 0.2361522 0.0000000 0.9497056 1.00000 0.78000 0.08000
v 0.2396848 -0.0331079 0.9497056 1.00000 0.78000 0.08000
v 0.2501468 -0.0649435 0.9497056 1.00000 0.78000 0.08000
v 0.2671362 -0.0942834 0.9497056 1.00000 0.78000 0.08000
v 0.2900000 -0.1200000 0.9497056 1.00000 0.78000 0.08000
v 0.3178597 -0.1411051 0.9497056 1.00000 0.78000 0.08000
v 0.3496445 -0.1567876 0.9497056 1.00000 0.78000 0.08000
v 0.3841331 -0.1664448 0.9497056 1.00000 0.78000 0.08000
v 0.4200000 -0.1697056 0.9497056 1.00000 0.78000 0.08000
v 0.4558669 -0.1664448 0.9497056 1.00000 0.78000 0.08000
v 0.4903555 -0.1567876 0.9497056 1.00000 0.78000 0.08000
v 0.5221403 -0.1411051 0.9497056 1.00000 0.78000 0.08000
v 0.5500000 -0.1200000 0.9497056 1.00000 0.78000 0.08000
v 0.5728638 -0.0942834 0.9497056 1.00000 0.78000 0.08000
v 0.5898532 -0.0649435 0.9497056 1.00000 0.78000 0.08000
v 0.6003152 -0.0331079 0.9497056 1.00000 0.78000 0.08000
v 0.6361821 0.0000000 0.9133369 1.00000 0.78000 0.08000
v 0.6320282 0.0389308 0.9133369 1.00000 0.78000 0.08000
v 0.6197262 0.0763655 0.9133369 1.00000 0.78000 0.08000
v 0.5997488 0.1108655 0.9133369 1.00000 0.78000 0.08000
v 0.5728638 0.1411051 0.9133369 1.00000 0.78000 0.08000
v 0.5401043 0.1659220 0.9133369 1.00000 0.78000 0.08000
v 0.5027293 0.1843627 0.9133369 1.00000 0.78000 0.08000
v 0.4621750 0.1957184 0.9133369 1.00000 0.78000 0.08000
v 0.4200000 0.1995527 0.9133369 1.00000 0.78000 0.08000
v 0.3778250 0.1957184 0.9133369 1.00000 0.78000 0.08000
v 0.3372707 0.1843627 0.9133369 1.00000 0.78000 0.08000
v 0.2998957 0.1659220 0.9133369 1.00000 0.78000 0.08000
v 0.2671362 0.1411051 0.9133369 1.00000 0.78000 0.08000
v 0.2402512 0.1108655 0.9133369 1.00000 0.78000 0.08000
v 0.2202738 0.0763655 0.9133369 1.00000 0.78000 0.08000
v 0.2079718 0.0389308 0.9133369 1.00000 0.78000 0.08000
v 0.2038179 0.0000000 0.9133369 1.00000 0.78000 0.08000
v 0.2079718 -0.0389308 0.9133369 1.00000 0.78000 0.08000
v 0.2202738 -0.0763655 0.9133369 1.00000 0.78000 0.08000
v 0.2402512 -0.1108655 0.9133369 1.00000 0.78000 0.08000
v 0.2671362 -0.1411051 0.9133369 1.00000 0.78000 0.08000
v 0.2998957 -0.1659220 0.9133369 1.00000 0.78000 0.08000
v 0.3372707 -0.1843627 0.9133369 1.00000 0.78000 0.08000
v 0.3778250 -0.1957184 0.9133369 1.00000 0.78000 0.08000
v 0.4200000 -0.1995527 0.9133369 1.00000 0.78000 0.08000
v 0.4621750 -0.1957184 0.9133369 1.00000 0.78000 0.08000
v 0.5027293 -0.1843627 0.9133369 1.00000 0.78000 0.08000
v 0.5401043 -0.1659220 0.9133369 1.00000 0.78000 0.08000
v 0.5728638 -0.1411051 0.9133369 1.00000 0.78000 0.08000
v 0.5997488 -0.1108655 0.9133369 1.00000 0.78000 0.08000
v 0.6197262 -0.0763655 0.9133369 1.00000 0.78000 0.08000
v 0.6320282 -0.0389308 0.9133369 1.00000 0.78000 0.08000
v 0.6602087 0.0000000 0.8718440 1.00000 0.78000 0.08000
v 0.6555931 0.0432576 0.8718440 1.00000 0.78000 0.08000
v 0.6419239 0.0848528 0.8718440 1.00000 0.78000 0.08000
v 0.6197262 0.1231872 0.8718440 1.00000 0.78000 0.08000
v 0.5898532 0.1567876 0.8718440 1.00000 0.78000 0.08000
v 0.5534528 0.1843627 0.8718440 1.00000 0.78000 0.08000
v 0.5119239 0.2048528 0.8718440 1.00000 0.78000 0.08000
v 0.4668624 0.2174706 0.8718440 1.00000 0.78000 0.08000
v 0.4200000 0.2217311 0.8718440 1.00000 0.78000 0.08000
v 0.3731376 0.2174706 0.8718440 1.00000 0.78000 0.08000
v 0.3280761 0.2048528 0.8718440 1.00000 0.78000 0.08000
v 0.2865472 0.1843627 0.8718440 1.00000 0.78000 0.08000
v 0.2501468 0.1567876 0.8718440 1.00000 0.78000 0.08000
v 0.2202738 0.1231872 0.8718440 1.00000 0.78000 0.08000
v 0.1980761 0.0848528 0.8718440 1.00000 0.78000 0.08000
v 0.1844069 0.0432576 0.8718440 1.00000 0.78000 0.08000
v 0.1797913 0.0000000 0.8718440 1.00000 0.78000 0.08000
v 0.1844069 -0.0432576 0.8718440 1.00000 0.78000 0.08000
v 0.1980761 -0.0848528 0.8718440 1.00000 0.78000 0.08000
v 0.2202738 -0.1231872 0.8718440 1.00000 0.78000 0.08000
v 0.2501468 -0.1567876 0.8718440 1.00000 0.78000 0.08000
v 0.2865472 -0.1843627 0.8718440 1.00000 0.78000 0.08000
v 0.3280761 -0.2048528 0.8718440 1.00000 0.78000 0.08000
v 0.3731376 -0.2174706 0.8718440 1.00000 0.78000 0.08000
v 0.4200000 -0.2217311 0.8718440 1.00000 0.78000 0.08000
v 0.4668624 -0.2174706 0.8718440 1.00000 0.78000 0.08000
v 0.5119239 -0.2048528 0.8718440 1.00000 0.78000 0.08000
v 0.5534528 -0.1843627 0.8718440 1.00000 0.78000 0.08000
v 0.5898532 -0.1567876 0.8718440 1.00000 0.78000 0.08000
v 0.6197262 -0.1231872 0.8718440 1.00000 0.78000 0.08000
v 0.6419239 -0.0848528 0.8718440 1.00000 0.78000 0.08000
v 0.6555931 -0.0432576 0.8718440 1.00000 0.78000 0.08000
v 0.6750042 0.0000000 0.8268217 1.00000 0.78000 0.08000
v 0.6701043 0.0459220 0.8268217 1.00000 0.78000 0.08000
v 0.6555931 0.0900793 0.8268217 1.00000 0.78000 0.08000
v 0.6320282 0.1307748 0.8268217 1.00000 0.78000 0.08000
v 0.6003152 0.1664448 0.8268217 1.00000 0.78000 0.08000
v 0.5616727 0.1957184 0.8268217 1.00000 0.78000 0.08000
v 0.5175859 0.2174706 0.8268217 1.00000 0.78000 0.08000
v 0.4697488 0.2308655 0.8268217 1.00000 0.78000 0.08000
v 0.4200000 0.2353885 0.8268217 1.00000 0.78000 0.08000
v 0.3702512 0.2308655 0.8268217 1.00000 0.78000 0.08000
v 0.3224141 0.2174706 0.8268217 1.00000 0.78000 0.08000
v 0.2783273 0.1957184 0.8268217 1.00000 0.78000 0.08000
v 0.2396848 0.1664448 0.8268217 1.00000 0.78000 0.08000
v 0.2079718 0.1307748 0.8268217 1.00000 0.78000 0.08000
v 0.1844069 0.0900793 0.8268217 1.00000 0.78000 0.08000
v 0.1698957 0.0459220 0.8268217 1.00000 0.78000 0.08000
v 0.1649958 0.0000000 0.8268217 1.00000 0.78000 0.08000
v 0.1698957 -0.0459220 0.8268217 1.00000 0.78000 0.08000
v 0.1844069 -0.0900793 0.8268217 1.00000 0.78000 0.08000
v 0.2079718 -0.1307748 0.8268217 1.00000 0.78000 0.08000
v 0.2396848 -0.1664448 0.8268217 1.00000 0.78000 0.08000
v 0.2783273 -0.1957184 0.8268217 1.00000 0.78000 0.08000
v 0.3224141 -0.2174706 0.8268217 1.00000 0.78000 0.08000
v 0.3702512 -0.2308655 0.8268217 1.00000 0.78000 0.08000
v 0.4200000 -0.2353885 0.8268217 1.00000 0.78000 0.08000
v 0.4697488 -0.2308655 0.8268217 1.00000 0.78000 0.08000
v 0.5175859 -0.2174706 0.8268217 1.00000 0.78000 0.08000
v 0.5616727 -0.1957184 0.8268217 1.00000 0.78000 0.08000
v 0.6003152 -0.1664448 0.8268217 1.00000 0.78000 0.08000
v 0.6320282 -0.1307748 0.8268217 1.00000 0.78000 0.08000
v 0.6555931 -0.0900793 0.8268217 1.00000 0.78000 0.08000
v 0.6701043 -0.0459220 0.8268217 1.00000 0.78000 0.08000
v 0.6800000 0.0000000 0.7800000 1.00000 0.78000 0.08000
v 0.6750042 0.0468217 0.7800000 1.00000 0.78000 0.08000
v 0.6602087 0.0918440 0.7800000 1.00000 0.78000 0.08000
v 0.6361821 0.1333369 0.7800000 1.00000 0.78000 0.08000
v 0.6038478 0.1697056 0.7800000 1.00000 0.78000 0.08000
v 0.5644483 0.1995527 0.7800000 1.00000 0.78000 0.08000
v 0.5194977 0.2217311 0.7800000 1.00000 0.78000 0.08000
v 0.4707235 0.2353885 0.7800000 1.00000 0.78000 0.08000
v 0.4200000 0.2400000 0.7800000 1.00000 0.78000 0.08000
v 0.3692765 0.2353885 0.7800000 1.00000 0.78000 0.08000
v 0.3205023 0.2217311 0.7800000 1.00000 0.78000 0.08000
v 0.2755517 0.1995527 0.7800000 1.00000 0.78000 0.08000
v 0.2361522 0.1697056 0.7800000 1.00000 0.78000 0.08000
v 0.2038179 0.1333369 0.7800000 1.00000 0.78000 0.08000
v 0.1797913 0.0918440 0.7800000 1.00000 0.78000 0.08000
v 0.1649958 0.0468217 0.7800000 1.00000 0.78000 0.08000
v 0.1600000 0.0000000 0.7800000 1.00000 0.78000 0.08000
v 0.1649958 -0.0468217 0.7800000 1.00000 0.78000 0.08000
v 0.1797913 -0.0918440 0.7800000 1.00000 0.78000 0.08000
v 0.2038179 -0.1333369 0.7800000 1.00000 0.78000 0.08000
v 0.2361522 -0.1697056 0.7800000 1.00000 0.78000 0.08000
v 0.2755517 -0.1995527 0.7800000 1.00000 0.78000 0.08000
v 0.3205023 -0.2217311 0.7800000 1.00000 0.78000 0.08000
v 0.3692765 -0.2353885 0.7800000 1.00000 0.78000 0.08000
v 0.4200000 -0.2400000 0.7800000 1.00000 0.78000 0.08000
v 0.4707235 -0.2353885 0.7800000 1.00000 0.78000 0.08000
v 0.5194977 -0.2217311 0.7800000 1.00000 0.78000 0.08000
v 0.5644483 -0.1995527 0.7800000 1.00000 0.78000 0.08000
v 0.6038478 -0.1697056 0.7800000 1.00000 0.78000 0.08000
v 0.6361821 -0.1333369 0.7800000 1.00000 0.78000 0.08000
v 0.6602087 -0.0918440 0.7800000 1.00000 0.78000 0.08000
v 0.6750042 -0.0468217 0.7800000 1.00000 0.78000 0.08000
v 0.6750042 0.0000000 0.7331783 1.00000 0.78000 0.08000
v 0.6701043 0.0459220 0.7331783 1.00000 0.78000 0.08000
v 0.6555931 0.0900793 0.7331783 1.00000 0.78000 0.08000
v 0.6320282 0.1307748 0.7331783 1.00000 0.78000 0.08000
v 0.6003152 0.1664448 0.7331783 1.00000 0.78000 0.08000
v 0.5616727 0.1957184 0.7331783 1.00000 0.78000 0.08000
v 0.5175859 0.2174706 0.7331783 1.00000 0.78000 0.08000
v 0.4697488 0.2308655 0.7331783 1.00000 0.78000 0.08000
v 0.4200000 0.2353885 0.7331783 1.00000 0.78000 0.08000
v 0.3702512 0.2308655 0.7331783 1.00000 0.78000 0.08000
v 0.3224141 0.2174706 0.7331783 1.00000 0.78000 0.08000
v 0.2783273 0.1957184 0.7331783 1.00000 0.78000 0.08000
v 0.2396848 0.1664448 0.7331783 1.00000 0.78000 0.08000
v 0.2079718 0.1307748 0.7331783 1.00000 0.78000 0.08000
v 0.1844069 0.0900793 0.7331783 1.00000 0.78000 0.08000
v 0.1698957 0.0459220 0.7331783 1.00000 0.78000 0.08000
v 0.1649958 0.0000000 0.7331783 1.00000 0.78000 0.08000
v 0.1698957 -0.0459220 0.7331783 1.00000 0.78000 0.08000
v 0.1844069 -0.0900793 0.7331783 1.00000 0.78000 0.08000
v 0.2079718 -0.1307748 0.7331783 1.00000 0.78000 0.08000
v 0.2396848 -0.1664448 0.7331783 1.00000 0.78000 0.08000
v 0.2783273 -0.1957184 0.7331783 1.00000 0.78000 0.08000
v 0.3224141 -0.2174706 0.7331783 1.00000 0.78000 0.08000
v 0.3702512 -0.2308655 0.7331783 1.00000 0.78000 0.08000
v 0.4200000 -0.2353885 0.7331783 1.00000 0.78000 0.08000
v 0.4697488 -0.2308655 0.7331783 1.00000 0.78000 0.08000
v 0.5175859 -0.2174706 0.7331783 1.00000 0.78000 0.08000
v 0.5616727 -0.1957184 0.7331783 1.00000 0.78000 0.08000
v 0.6003152 -0.1664448 0.7331783 1.00000 0.78000 0.08000
v 0.6320282 -0.1307748 0.7331783 1.00000 0.78000 0.08000
v 0.6555931 -0.0900793 0.7331783 1.00000 0.78000 0.08000
v 0.6701043 -0.0459220 0.7331783 1.00000 0.78000 0.08000
v 0.6602087 0.0000000 0.6881560 1.00000 0.78000 0.08000
v 0.6555931 0.0432576 0.6881560 1.00000 0.78000 0.08000
v 0.6419239 0.0848528 0.6881560 1.00000 0.78000 0.08000
v 0.6197262 0.1231872 0.6881560 1.00000 0.78000 0.08000
v 0.5898532 0.1567876 0.6881560 1.00000 0.78000 0.08000
v 0.5534528 0.1843627 0.6881560 1.00000 0.78000 0.08000
v 0.5119239 0.2048528 0.6881560 1.00000 0.78000 0.08000
v 0.4668624 0.2174706 0.6881560 1.00000 0.78000 0.08000
v 0.4200000 0.2217311 0.6881560 1.00000 0.78000 0.08000
v 0.3731376 0.2174706 0.6881560 1.00000 0.78000 0.08000
v 0.3280761 0.2048528 0.6881560 1.00000 0.78000 0.08000
v 0.2865472 0.1843627 0.6881560 1.00000 0.78000 0.08000
v 0.2501468 0.1567876 0.6881560 1.00000 0.78000 0.08000
v 0.2202738 0.1231872 0.6881560 1.00000 0.78000 0.08000
v 0.1980761 0.0848528 0.6881560 1.00000 0.78000 0.08000
v 0.1844069 0.0432576 0.6881560 1.00000 0.78000 0.08000
v 0.1797913 0.0000000 0.6881560 1.00000 0.78000 0.08000
v 0.1844069 -0.0432576 0.6881560 1.00000 0.78000 0.08000
v 0.1980761 -0.0848528 0.6881560 1.00000 0.78000 0.08000
v 0.2202738 -0.1231872 0.6881560 1.00000 0.78000 0.08000
v 0.2501468 -0.1567876 0.6881560 1.00000 0.78000 0.08000
v 0.2865472 -0.1843627 0.6881560 1.00000 0.78000 0.08000
v 0.3280761 -0.2048528 0.6881560 1.00000 0.78000 0.08000
v 0.3731376 -0.2174706 0.6881560 1.00000 0.78000 0.08000
v 0.4200000 -0.2217311 0.6881560 1.00000 0.78000 0.08000
v 0.4668624 -0.2174706 0.6881560 1.00000 0.78000 0.08000
v 0.5119239 -0.2048528 0.6881560 1.00000 0.78000 0.08000
v 0.5534528 -0.1843627 0.6881560 1.00000 0.78000 0.08000
v 0.5898532 -0.1567876 0.6881560 1.00000 0.78000 0.08000
v 0.6197262 -0.1231872 0.6881560 1.00000 0.78000 0.08000
v 0.6419239 -0.0848528 0.6881560 1.00000 0.78000 0.08000
v 0.6555931 -0.0432576 0.6881560 1.00000 0.78000 0.08000
v 0.6361821 0.0000000 0.6466631 1.00000 0.78000 0.08000
v 0.6320282 0.0389308 0.6466631 1.00000 0.78000 0.08000
v 0.6197262 0.0763655 0.6466631 1.00000 0.78000 0.08000
v 0.5997488 0.1108655 0.6466631 1.00000 0.78000 0.08000
v 0.5728638 0.1411051 0.6466631 1.00000 0.78000 0.08000
v 0.5401043 0.1659220 0.6466631 1.00000 0.78000 0.08000
v 0.5027293 0.1843627 0.6466631 1.00000 0.78000 0.08000
v 0.4621750 0.1957184 0.6466631 1.00000 0.78000 0.08000
v 0.4200000 0.1995527 0.6466631 1.00000 0.78000 0.08000
v 0.3778250 0.1957184 0.6466631 1.00000 0.78000 0.08000
v 0.3372707 0.1843627 0.6466631 1.00000 0.78000 0.08000
v 0.2998957 0.1659220 0.6466631 1.00000 0.78000 0.08000
v 0.2671362 0.1411051 0.6466631 1.00000 0.78000 0.08000
v 0.2402512 0.1108655 0.6466631 1.00000 0.78000 0.08000
v 0.2202738 0.0763655 0.6466631 1.00000 0.78000 0.08000
v 0.2079718 0.0389308 0.6466631 1.00000 0.78000 0.08000
v 0.2038179 0.0000000 0.6466631 1.00000 0.78000 0.08000
v 0.2079718 -0.0389308 0.6466631 1.00000 0.78000 0.08000
v 0.2202738 -0.0763655 0.6466631 1.00000 0.78000 0.08000
v 0.2402512 -0.1108655 0.6466631 1.00000 0.78000 0.08000
v 0.2671362 -0.1411051 0.6466631 1.00000 0.78000 0.08000
v 0.2998957 -0.1659220 0.6466631 1.00000 0.78000 0.08000
v 0.3372707 -0.1843627 0.6466631 1.00000 0.78000 0.08000
v 0.3778250 -0.1957184 0.6466631 1.00000 0.78000 0.08000
v 0.4200000 -0.1995527 0.6466631 1.00000 0.78000 0.08000
v 0.4621750 -0.1957184 0.6466631 1.00000 0.78000 0.08000
v 0.5027293 -0.1843627 0.6466631 1.00000 0.78000 0.08000
v 0.5401043 -0.1659220 0.6466631 1.00000 0.78000 0.08000
v 0.5728638 -0.1411051 0.6466631 1.00000 0.78000 0.08000
v 0.5997488 -0.1108655 0.6466631 1.00000 0.78000 0.08000
v 0.6197262 -0.0763655 0.6466631 1.00000 0.78000 0.08000
v 0.6320282 -0.0389308 0.6466631 1.00000 0.78000 0.08000
v 0.6038478 0.0000000 0.6102944 1.00000 0.78000 0.08000
v 0.6003152 0.0331079 0.6102944 1.00000 0.78000 0.08000
v 0.5898532 0.0649435 0.6102944 1.00000 0.78000 0.08000
v 0.5728638 0.0942834 0.6102944 1.00000 0.78000 0.08000
v 0.5500000 0.1200000 0.6102944 1.00000 0.78000 0.08000
v 0.5221403 0.1411051 0.6102944 1.00000 0.78000 0.08000
v 0.4903555 0.1567876 0.6102944 1.00000 0.78000 0.08000
v 0.4558669 0.1664448 0.6102944 1.00000 0.78000 0.08000
v 0.4200000 0.1697056 0.6102944 1.00000 0.78000 0.08000
v 0.3841331 0.1664448 0.6102944 1.00000 0.78000 0.08000
v 0.3496445 0.1567876 0.6102944 1.00000 0.78000 0.08000
v 0.3178597 0.1411051 0.6102944 1.00000 0.78000 0.08000
v 0.2900000 0.1200000 0.6102944 1.00000 0.78000 0.08000
v 0.2671362 0.0942834 0.6102944 1.00000 0.78000 0.08000
v 0.2501468 0.0649435 0.6102944 1.00000 0.78000 0.08000
v 0.2396848 0.0331079 0.6102944 1.00000 0.78000 0.08000
v 0.2361522 0.0000000 0.6102944 1.00000 0.78000 0.08000
v 0.2396848 -0.0331079 0.6102944 1.00000 0.78000 0.08000
v 0.2501468 -0.0649435 0.6102944 1.00000 0.78000 0.08000
v 0.2671362 -0.0942834 0.6102944 1.00000 0.78000 0.08000
v 0.2900000 -0.1200000 0.6102944 1.00000 0.78000 0.08000
v 0.3178597 -0.1411051 0.6102944 1.00000 0.78000 0.08000
v 0.3496445 -0.1567876 0.6102944 1.00000 0.78000 0.08000
v 0.3841331 -0.1664448 0.6102944 1.00000 0.78000 0.08000
v 0.4200000 -0.1697056 0.6102944 1.00000 0.78000 0.08000
v 0.4558669 -0.1664448 0.6102944 1.00000 0.78000 0.08000
v 0.4903555 -0.1567876 0.6102944 1.00000 0.78000 0.08000
v 0.5221403 -0.1411051 0.6102944 1.00000 0.78000 0.08000
v 0.5500000 -0.1200000 0.6102944 1.00000 0.78000 0.08000
v 0.5728638 -0.0942834 0.6102944 1.00000 0.78000 0.08000
v 0.5898532 -0.0649435 0.6102944 1.00000 0.78000 0.08000
v 0.6003152 -0.0331079 0.6102944 1.00000 0.78000 0.08000
v 0.5644483 0.0000000 0.5804473 1.00000 0.78000 0.08000
v 0.5616727 0.0260127 0.5804473 1.00000 0.78000 0.08000
v 0.5534528 0.0510258 0.5804473 1.00000 0.78000 0.08000
v 0.5401043 0.0740780 0.5804473 1.00000 0.78000 0.08000
v 0.5221403 0.0942834 0.5804473 1.00000 0.78000 0.08000
v 0.5002512 0.1108655 0.5804473 1.00000 0.78000 0.08000
v 0.4752780 0.1231872 0.5804473 1.00000 0.78000 0.08000
v 0.4481805 0.1307748 0.5804473 1.00000 0.78000 0.08000
v 0.4200000 0.1333369 0.5804473 1.00000 0.78000 0.08000
v 0.3918195 0.1307748 0.5804473 1.00000 0.78000 0.08000
v 0.3647220 0.1231872 0.5804473 1.00000 0.78000 0.08000
v 0.3397488 0.1108655 0.5804473 1.00000 0.78000 0.08000
v 0.3178597 0.0942834 0.5804473 1.00000 0.78000 0.08000
v 0.2998957 0.0740780 0.5804473 1.00000 0.78000 0.08000
v 0.2865472 0.0510258 0.5804473 1.00000 0.78000 0.08000
v 0.2783273 0.0260127 0.5804473 1.00000 0.78000 0.08000
v 0.2755517 0.0000000 0.5804473 1.00000 0.78000 0.08000
v 0.2783273 -0.0260127 0.5804473 1.00000 0.78000 0.08000
v 0.2865472 -0.0510258 0.5804473 1.00000 0.78000 0.08000
v 0.2998957 -0.0740780 0.5804473 1.00000 0.78000 0.08000
v 0.3178597 -0.0942834 0.5804473 1.00000 0.78000 0.08000
v 0.3397488 -0.1108655 0.5804473 1.00000 0.78000 0.08000
v 0.3647220 -0.1231872 0.5804473 1.00000 0.78000 0.08000
v 0.3918195 -0.1307748 0.5804473 1.00000 0.78000 0.08000
v 0.4200000 -0.1333369 0.5804473 1.00000 0.78000 0.08000
v 0.4481805 -0.1307748 0.5804473 1.00000 0.78000 0.08000
v 0.4752780 -0.1231872 0.5804473 1.00000 0.78000 0.08000
v 0.5002512 -0.1108655 0.5804473 1.00000 0.78000 0.08000
v 0.5221403 -0.0942834 0.5804473 1.00000 0.78000 0.08000
v 0.5401043 -0.0740780 0.5804473 1.00000 0.78000 0.08000
v 0.5534528 -0.0510258 0.5804473 1.00000 0.78000 0.08000
v 0.5616727 -0.0260127 0.5804473 1.00000 0.78000 0.08000
v 0.5194977 0.0000000 0.5582689 1.00000 0.78000 0.08000
v 0.5175859 0.0179179 0.5582689 1.00000 0.78000 0.08000
v 0.5119239 0.0351472 0.5582689 1.00000 0.78000 0.08000
v 0.5027293 0.0510258 0.5582689 1.00000 0.78000 0.08000
v 0.4903555 0.0649435 0.5582689 1.00000 0.78000 0.08000
v 0.4752780 0.0763655 0.5582689 1.00000 0.78000 0.08000
v 0.4580761 0.0848528 0.5582689 1.00000 0.78000 0.08000
v 0.4394110 0.0900793 0.5582689 1.00000 0.78000 0.08000
v 0.4200000 0.0918440 0.5582689 1.00000 0.78000 0.08000
v 0.4005890 0.0900793 0.5582689 1.00000 0.78000 0.08000
v 0.3819239 0.0848528 0.5582689 1.00000 0.78000 0.08000
v 0.3647220 0.0763655 0.5582689 1.00000 0.78000 0.08000
v 0.3496445 0.0649435 0.5582689 1.00000 0.78000 0.08000
v 0.3372707 0.0510258 0.5582689 1.00000 0.78000 0.08000
v 0.3280761 0.0351472 0.5582689 1.00000 0.78000 0.08000
v 0.3224141 0.0179179 0.5582689 1.00000 0.78000 0.08000
v 0.3205023 0.0000000 0.5582689 1.00000 0.78000 0.08000
v 0.3224141 -0.0179179 0.5582689 1.00000 0.78000 0.08000
v 0.3280761 -0.0351472 0.5582689 1.00000 0.78000 0.08000
v 0.3372707 -0.0510258 0.5582689 1.00000 0.78000 0.08000
v 0.3496445 -0.0649435 0.5582689 1.00000 0.78000 0.08000
v 0.3647220 -0.0763655 0.5582689 1.00000 0.78000 0.08000
v 0.3819239 -0.0848528 0.5582689 1.00000 0.78000 0.08000
v 0.4005890 -0.0900793 0.5582689 1.00000 0.78000 0.08000
v 0.4200000 -0.0918440 0.5582689 1.00000 0.78000 0.08000
v 0.4394110 -0.0900793 0.5582689 1.00000 0.78000 0.08000
v 0.4580761 -0.0848528 0.5582689 1.00000 0.78000 0.08000
v 0.4752780 -0.0763655 0.5582689 1.00000 0.78000 0.08000
v 0.4903555 -0.0649435 0.5582689 1.00000 0.78000 0.08000
v 0.5027293 -0.0510258 0.5582689 1.00000 0.78000 0.08000
v 0.5119239 -0.0351472 0.5582689 1.00000 0.78000 0.08000
v 0.5175859 -0.0179179 0.5582689 1.00000 0.78000 0.08000
v 0.4707235 0.0000000 0.5446115 1.00000 0.78000 0.08000
v 0.4697488 0.0091345 0.5446115 1.00000 0.78000 0.08000
v 0.4668624 0.0179179 0.5446115 1.00000 0.78000 0.08000
v 0.4621750 0.0260127 0.5446115 1.00000 0.78000 0.08000
v 0.4558669 0.0331079 0.5446115 1.00000 0.78000 0.08000
v 0.4481805 0.0389308 0.5446115 1.00000 0.78000 0.08000
v 0.4394110 0.0432576 0.5446115 1.00000 0.78000 0.08000
v 0.4298957 0.0459220 0.5446115 1.00000 0.78000 0.08000
v 0.4200000 0.0468217 0.5446115 1.00000 0.78000 0.08000
v 0.4101043 0.0459220 0.5446115 1.00000 0.78000 0.08000
v 0.4005890 0.0432576 0.5446115 1.00000 0.78000 0.08000
v 0.3918195 0.0389308 0.5446115 1.00000 0.78000 0.08000
v 0.3841331 0.0331079 0.5446115 1.00000 0.78000 0.08000
v 0.3778250 0.0260127 0.5446115 1.00000 0.78000 0.08000
v 0.3731376 0.0179179 0.5446115 1.00000 0.78000 0.08000
v 0.3702512 0.0091345 0.5446115 1.00000 0.78000 0.08000
v 0.3692765 0.0000000 0.5446115 1.00000 0.78000 0.08000
v 0.3702512 -0.0091345 0.5446115 1.00000 0.78000 0.08000
v 0.3731376 -0.0179179 0.5446115 1.00000 0.78000 0.08000
v 0.3778250 -0.0260127 0.5446115 1.00000 0.78000 0.08000
v 0.3841331 -0.0331079 0.5446115 1.00000 0.78000 0.08000
v 0.3918195 -0.0389308 0.5446115 1.00000 0.78000 0.08000
v 0.4005890 -0.0432576 0.5446115 1.00000 0.78000 0.08000
v 0.4101043 -0.0459220 0.5446115 1.00000 0.78000 0.08000
v 0.4200000 -0.0468217 0.5446115 1.00000 0.78000 0.08000
v 0.4298957 -0.0459220 0.5446115 1.00000 0.78000 0.08000
v 0.4394110 -0.0432576 0.5446115 1.00000 0.78000 0.08000
v 0.4481805 -0.0389308 0.5446115 1.00000 0.78000 0.08000
v 0.4558669 -0.0331079 0.5446115 1.00000 0.78000 0.08000
v 0.4621750 -0.0260127 0.5446115 1.00000 0.78000 0.08000
v 0.4668624 -0.0179179 0.5446115 1.00000 0.78000 0.08000
v 0.4697488 -0.0091345 0.5446115 1.00000 0.78000 0.08000
v 0.4200000 0.0000000 0.5400000 1.00000 0.78000 0.08000
v 0.4200000 0.0000000 0.5400000 1.00000 0.78000 0.08000
v 0.4200000 0.0000000 0.5400000 1.00000 0.78000 0.08000
v 0.4200000 0.0000000 0.5400000 1.00000 0.78000 0.08000
v 0.4200000 0.0000000 0.5400000 1.00000 0.78000 0.08000
v 0.4200000 0.0000000 0.5400000 1.00000 0.78000 0.08000
v 0.4200000 0.0000000 0.5400000 1.00000 0.78000 0.08000
v 0.4200000 0.0000000 0.5400000 1.00000 0.78000 0.08000
v 0.4200000 0.0000000 0.5400000 1.00000 0.78000 0.08000
v 0.4200000 0.0000000 0.5400000 1.00000 0.78000 0.08000
v 0.4200000 0.0000000 0.5400000 1.00000 0.78000 0.08000
v 0.4200000 0.0000000 0.5400000 1.00000 0.78000 0.08000
v 0.4200000 0.0000000 0.5400000 1.00000 0.78000 0.08000
v 0.4200000 0.0000000 0.5400000 1.00000 0.78000 0.08000
v 0.4200000 0.0000000 0.5400000 1.00000 0.78000 0.08000
v 0.4200000 0.0000000 0.5400000 1.00000 0.78000 0.08000
v 0.4200000 0.0000000 0.5400000 1.00000 0.78000 0.08000
v 0.4200000 -0.0000000 0.5400000 1.00000 0.78000 0.08000
v 0.4200000 -0.0000000 0.5400000 1.00000 0.78000 0.08000
v 0.4200000 -0.0000000 0.5400000 1.00000 0.78000 0.08000
v 0.4200000 -0.0000000 0.5400000 1.00000 0.78000 0.08000
v 0.4200000 -0.0000000 0.5400000 1.00000 0.78000 0.08000
v 0.4200000 -0.0000000 0.5400000 1.00000 0.78000 0.08000
v 0.4200000 -0.0000000 0.5400000 1.00000 0.78000 0.08000
v 0.4200000 -0.0000000 0.5400000 1.00000 0.78000 0.08000
v 0.4200000 -0.0000000 0.5400000 1.00000 0.78000 0.08000
v 0.4200000 -0.0000000 0.5400000 1.00000 0.78000 0.08000
v 0.4200000 -0.0000000 0.5400000 1.00000 0.78000 0.08000
v 0.4200000 -0.0000000 0.5400000 1.00000 0.78000 0.08000
v 0.4200000 -0.0000000 0.5400000 1.00000 0.78000 0.08000
v 0.4200000 -0.0000000 0.5400000 1.00000 0.78000 0.08000
v 0.4200000 -0.0000000 0.5400000 1.00000 0.78000 0.08000
v 0.6200000 0.0900000 0.7600000 1.00000 0.35000 0.05000
v 0.6200000 0.0882707 0.7775581 1.00000 0.35000 0.05000
v 0.6200000 0.0831492 0.7944415 1.00000 0.35000 0.05000
v 0.6200000 0.0748323 0.8100013 1.00000 0.35000 0.05000
v 0.6200000 0.0636396 0.8236396 1.00000 0.35000 0.05000
v 0.6200000 0.0500013 0.8348323 1.00000 0.35000 0.05000
v 0.6200000 0.0344415 0.8431492 1.00000 0.35000 0.05000
v 0.6200000 0.0175581 0.8482707 1.00000 0.35000 0.05000
v 0.6200000 0.0000000 0.8500000 1.00000 0.35000 0.05000
v 0.6200000 -0.0175581 0.8482707 1.00000 0.35000 0.05000
v 0.6200000 -0.0344415 0.8431492 1.00000 0.35000 0.05000
v 0.6200000 -0.0500013 0.8348323 1.00000 0.35000 0.05000
v 0.6200000 -0.0636396 0.8236396 1.00000 0.35000 0.05000
v 0.6200000 -0.0748323 0.8100013 1.00000 0.35000 0.05000
v 0.6200000 -0.0831492 0.7944415 1.00000 0.35000 0.05000
v 0.6200000 -0.0882707 0.7775581 1.00000 0.35000 0.05000
v 0.6200000 -0.0900000 0.7600000 1.00000 0.35000 0.05000
v 0.6200000 -0.0882707 0.7424419 1.00000 0.35000 0.05000
v 0.6200000 -0.0831492 0.7255585 1.00000 0.35000 0.05000
v 0.6200000 -0.0748323 0.7099987 1.00000 0.35000 0.05000
v 0.6200000 -0.0636396 0.6963604 1.00000 0.35000 0.05000
v 0.6200000 -0.0500013 0.6851677 1.00000 0.35000 0.05000
v 0.6200000 -0.0344415 0.6768508 1.00000 0.35000 0.05000
v 0.6200000 -0.0175581 0.6717293 1.00000 0.35000 0.05000
v 0.6200000 -0.0000000 0.6700000 1.00000 0.35000 0.05000
v 0.6200000 0.0175581 0.6717293 1.00000 0.35000 0.05000
v 0.6200000 0.0344415 0.6768508 1.00000 0.35000 0.05000
v 0.6200000 0.0500013 0.6851677 1.00000 0.35000 0.05000
v 0.6200000 0.0636396 0.6963604 1.00000 0.35000 0.05000
v 0.6200000 0.0748323 0.7099987 1.00000 0.35000 0.05000
v 0.6200000 0.0831492 0.7255585 1.00000 0.35000 0.05000
v 0.6200000 0.0882707 0.7424419 1.00000 0.35000 0.05000
v 0.6200000 0.0000000 0.7600000 1.00000 0.35000 0.05000
v 0.9000000 0.0000000 0.7600000 1.00000 0.35000 0.05000
v 0.1000000 -0.3300000 0.6100000 0.94000 0.65000 0.05000
v 0.1000000 -0.3300000 0.6100000 0.94000 0.65000 0.05000
v 0.1000000 -0.3300000 0.6100000 0.94000 0.65000 0.05000
v 0.1000000 -0.3300000 0.6100000 0.94000 0.65000 0.05000
v 0.1000000 -0.3300000 0.6100000 0.94000 0.65000 0.05000
v 0.1000000 -0.3300000 0.6100000 0.94000 0.65000 0.05000
v 0.1000000 -0.3300000 0.6100000 0.94000 0.65000 0.05000
v 0.1000000 -0.3300000 0.6100000 0.94000 0.65000 0.05000
v 0.1000000 -0.3300000 0.6100000 0.94000 0.65000 0.05000
v 0.1000000 -0.3300000 0.6100000 0.94000 0.65000 0.05000
v 0.1000000 -0.3300000 0.6100000 0.94000 0.65000 0.05000
v 0.1000000 -0.3300000 0.6100000 0.94000 0.65000 0.05000
v 0.1000000 -0.3300000 0.6100000 0.94000 0.65000 0.05000
v 0.1000000 -0.3300000 0.6100000 0.94000 0.65000 0.05000
v 0.1000000 -0.3300000 0.6100000 0.94000 0.65000 0.05000
v 0.1000000 -0.3300000 0.6100000 0.94000 0.65000 0.05000
v 0.1000000 -0.3300000 0.6100000 0.94000 0.65000 0.05000
v 0.1000000 -0.3300000 0.6100000 0.94000 0.65000 0.05000
v 0.1000000 -0.3300000 0.6100000 0.94000 0.65000 0.05000
v 0.1000000 -0.3300000 0.6100000 0.94000 0.65000 0.05000
v 0.1000000 -0.3300000 0.6100000 0.94000 0.65000 0.05000
v 0.1000000 -0.3300000 0.6100000 0.94000 0.65000 0.05000
v 0.1000000 -0.3300000 0.6100000 0.94000 0.65000 0.05000
v 0.1000000 -0.3300000 0.6100000 0.94000 0.65000 0.05000
v 0.1724693 -0.3300000 0.6045481 0.94000 0.65000 0.05000
v 0.1700000 -0.3263157 0.6045481 0.94000 0.65000 0.05000
v 0.1627603 -0.3228825 0.6045481 0.94000 0.65000 0.05000
v 0.1512436 -0.3199343 0.6045481 0.94000 0.65000 0.05000
v 0.1362347 -0.3176721 0.6045481 0.94000 0.65000 0.05000
v 0.1187564 -0.3162500 0.6045481 0.94000 0.65000 0.05000
v 0.1000000 -0.3157650 0.6045481 0.94000 0.65000 0.05000
v 0.0812436 -0.3162500 0.6045481 0.94000 0.65000 0.05000
v 0.0637653 -0.3176721 0.6045481 0.94000 0.65000 0.05000
v 0.0487564 -0.3199343 0.6045481 0.94000 0.65000 0.05000
v 0.0372397 -0.3228825 0.6045481 0.94000 0.65000 0.05000
v 0.0300000 -0.3263157 0.6045481 0.94000 0.65000 0.05000
v 0.0275307 -0.3300000 0.6045481 0.94000 0.65000 0.05000
v 0.0300000 -0.3336843 0.6045481 0.94000 0.65000 0.05000
v 0.0372397 -0.3371175 0.6045481 0.94000 0.65000 0.05000
v 0.0487564 -0.3400657 0.6045481 0.94000 0.65000 0.05000
v 0.0637653 -0.3423279 0.6045481 0.94000 0.65000 0.05000
v 0.0812436 -0.3437500 0.6045481 0.94000 0.65000 0.05000
v 0.1000000 -0.3442350 0.6045481 0.94000 0.65000 0.05000
v 0.1187564 -0.3437500 0.6045481 0.94000 0.65000 0.05000
v 0.1362347 -0.3423279 0.6045481 0.94000 0.65000 0.05000
v 0.1512436 -0.3400657 0.6045481 0.94000 0.65000 0.05000
v 0.1627603 -0.3371175 0.6045481 0.94000 0.65000 0.05000
v 0.1700000 -0.3336843 0.6045481 0.94000 0.65000 0.05000
v 0.2400000 -0.3300000 0.5885641 0.94000 0.65000 0.05000
v 0.2352296 -0.3228825 0.5885641 0.94000 0.65000 0.05000
v 0.2212436 -0.3162500 0.5885641 0.94000 0.65000 0.05000
v 0.1989949 -0.3105546 0.5885641 0.94000 0.65000 0.05000
v 0.1700000 -0.3061843 0.5885641 0.94000 0.65000 0.05000
v 0.1362347 -0.3034370 0.5885641 0.94000 0.65000 0.05000
v 0.1000000 -0.3025000 0.5885641 0.94000 0.65000 0.05000
v 0.0637653 -0.3034370 0.5885641 0.94000 0.65000 0.05000
v 0.0300000 -0.3061843 0.5885641 0.94000 0.65000 0.05000
v 0.0010051 -0.3105546 0.5885641 0.94000 0.65000 0.05000
v -0.0212436 -0.3162500 0.5885641 0.94000 0.65000 0.05000
v -0.0352296 -0.3228825 0.5885641 0.94000 0.65000 0.05000
v -0.0400000 -0.3300000 0.5885641 0.94000 0.65000 0.05000
v -0.0352296 -0.3371175 0.5885641 0.94000 0.65000 0.05000
v -0.0212436 -0.3437500 0.5885641 0.94000 0.65000 0.05000
v 0.0010051 -0.3494454 0.5885641 0.94000 0.65000 0.05000
v 0.0300000 -0.3538157 0.5885641 0.94000 0.65000 0.05000
v 0.0637653 -0.3565630 0.5885641 0.94000 0.65000 0.05000
v 0.1000000 -0.3575000 0.5885641 0.94000 0.65000 0.05000
v 0.1362347 -0.3565630 0.5885641 0.94000 0.65000 0.05000
v 0.1700000 -0.3538157 0.5885641 0.94000 0.65000 0.05000
v 0.1989949 -0.3494454 0.5885641 0.94000 0.65000 0.05000
v 0.2212436 -0.3437500 0.5885641 0.94000 0.65000 0.05000
v 0.2352296 -0.3371175 0.5885641 0.94000 0.65000 0.05000
v 0.2979899 -0.3300000 0.5631371 0.94000 0.65000 0.05000
v 0.2912436 -0.3199343 0.5631371 0.94000 0.65000 0.05000
v 0.2714643 -0.3105546 0.5631371 0.94000 0.65000 0.05000
v 0.2400000 -0.3025000 0.5631371 0.94000 0.65000 0.05000
v 0.1989949 -0.2963195 0.5631371 0.94000 0.65000 0.05000
v 0.1512436 -0.2924343 0.5631371 0.94000 0.65000 0.05000
v 0.1000000 -0.2911091 0.5631371 0.94000 0.65000 0.05000
v 0.0487564 -0.2924343 0.5631371 0.94000 0.65000 0.05000
v 0.0010051 -0.2963195 0.5631371 0.94000 0.65000 0.05000
v -0.0400000 -0.3025000 0.5631371 0.94000 0.65000 0.05000
v -0.0714643 -0.3105546 0.5631371 0.94000 0.65000 0.05000
v -0.0912436 -0.3199343 0.5631371 0.94000 0.65000 0.05000
v -0.0979899 -0.3300000 0.5631371 0.94000 0.65000 0.05000
v -0.0912436 -0.3400657 0.5631371 0.94000 0.65000 0.05000
v -0.0714643 -0.3494454 0.5631371 0.94000 0.65000 0.05000
v -0.0400000 -0.3575000 0.5631371 0.94000 0.65000 0.05000
v 0.0010051 -0.3636805 0.5631371 0.94000 0.65000 0.05000
v 0.0487564 -0.3675657 0.5631371 0.94000 0.65000 0.05000
v 0.1000000 -0.3688909 0.5631371 0.94000 0.65000 0.05000
v 0.1512436 -0.3675657 0.5631371 0.94000 0.65000 0.05000
v 0.1989949 -0.3636805 0.5631371 0.94000 0.65000 0.05000
v 0.2400000 -0.3575000 0.5631371 0.94000 0.65000 0.05000
v 0.2714643 -0.3494454 0.5631371 0.94000 0.65000 0.05000
v 0.2912436 -0.3400657 0.5631371 0.94000 0.65000 0.05000
v 0.3424871 -0.3300000 0.5300000 0.94000 0.65000 0.05000
v 0.3342246 -0.3176721 0.5300000 0.94000 0.65000 0.05000
v 0.3100000 -0.3061843 0.5300000 0.94000 0.65000 0.05000
v 0.2714643 -0.2963195 0.5300000 0.94000 0.65000 0.05000
v 0.2212436 -0.2887500 0.5300000 0.94000 0.65000 0.05000
v 0.1627603 -0.2839916 0.5300000 0.94000 0.65000 0.05000
v 0.1000000 -0.2823686 0.5300000 0.94000 0.65000 0.05000
v 0.0372397 -0.2839916 0.5300000 0.94000 0.65000 0.05000
v -0.0212436 -0.2887500 0.5300000 0.94000 0.65000 0.05000
v -0.0714643 -0.2963195 0.5300000 0.94000 0.65000 0.05000
v -0.1100000 -0.3061843 0.5300000 0.94000 0.65000 0.05000
v -0.1342246 -0.3176721 0.5300000 0.94000 0.65000 0.05000
v -0.1424871 -0.3300000 0.5300000 0.94000 0.65000 0.05000
v -0.1342246 -0.3423279 0.5300000 0.94000 0.65000 0.05000
v -0.1100000 -0.3538157 0.5300000 0.94000 0.65000 0.05000
v -0.0714643 -0.3636805 0.5300000 0.94000 0.65000 0.05000
v -0.0212436 -0.3712500 0.5300000 0.94000 0.65000 0.05000
v 0.0372397 -0.3760084 0.5300000 0.94000 0.65000 0.05000
v 0.1000000 -0.3776314 0.5300000 0.94000 0.65000 0.05000
v 0.1627603 -0.3760084 0.5300000 0.94000 0.65000 0.05000
v 0.2212436 -0.3712500 0.5300000 0.94000 0.65000 0.05000
v 0.2714643 -0.3636805 0.5300000 0.94000 0.65000 0.05000
v 0.3100000 -0.3538157 0.5300000 0.94000 0.65000 0.05000
v 0.3342246 -0.3423279 0.5300000 0.94000 0.65000 0.05000
v 0.3704592 -0.3300000 0.4914110 0.94000 0.65000 0.05000
v 0.3612436 -0.3162500 0.4914110 0.94000 0.65000 0.05000
v 0.3342246 -0.3034370 0.4914110 0.94000 0.65000 0.05000
v 0.2912436 -0.2924343 0.4914110 0.94000 0.65000 0.05000
v 0.2352296 -0.2839916 0.4914110 0.94000 0.65000 0.05000
v 0.1700000 -0.2786843 0.4914110 0.94000 0.65000 0.05000
v 0.1000000 -0.2768741 0.4914110 0.94000 0.65000 0.05000
v 0.0300000 -0.2786843 0.4914110 0.94000 0.65000 0.05000
v -0.0352296 -0.2839916 0.4914110 0.94000 0.65000 0.05000
v -0.0912436 -0.2924343 0.4914110 0.94000 0.65000 0.05000
v -0.1342246 -0.3034370 0.4914110 0.94000 0.65000 0.05000
v -0.1612436 -0.3162500 0.4914110 0.94000 0.65000 0.05000
v -0.1704592 -0.3300000 0.4914110 0.94000 0.65000 0.05000
v -0.1612436 -0.3437500 0.4914110 0.94000 0.65000 0.05000
v -0.1342246 -0.3565630 0.4914110 0.94000 0.65000 0.05000
v -0.0912436 -0.3675657 0.4914110 0.94000 0.65000 0.05000
v -0.0352296 -0.3760084 0.4914110 0.94000 0.65000 0.05000
v 0.0300000 -0.3813157 0.4914110 0.94000 0.65000 0.05000
v 0.1000000 -0.3831259 0.4914110 0.94000 0.65000 0.05000
v 0.1700000 -0.3813157 0.4914110 0.94000 0.65000 0.05000
v 0.2352296 -0.3760084 0.4914110 0.94000 0.65000 0.05000
v 0.2912436 -0.3675657 0.4914110 0.94000 0.65000 0.05000
v 0.3342246 -0.3565630 0.4914110 0.94000 0.65000 0.05000
v 0.3612436 -0.3437500 0.4914110 0.94000 0.65000 0.05000
v 0.3800000 -0.3300000 0.4500000 0.94000 0.65000 0.05000
v 0.3704592 -0.3157650 0.4500000 0.94000 0.65000 0.05000
v 0.3424871 -0.3025000 0.4500000 0.94000 0.65000 0.05000
v 0.2979899 -0.2911091 0.4500000 0.94000 0.65000 0.05000
v 0.2400000 -0.2823686 0.4500000 0.94000 0.65000 0.05000
v 0.1724693 -0.2768741 0.4500000 0.94000 0.65000 0.05000
v 0.1000000 -0.2750000 0.4500000 0.94000 0.65000 0.05000
v 0.0275307 -0.2768741 0.4500000 0.94000 0.65000 0.05000
v -0.0400000 -0.2823686 0.4500000 0.94000 0.65000 0.05000
v -0.0979899 -0.2911091 0.4500000 0.94000 0.65000 0.05000
v -0.1424871 -0.3025000 0.4500000 0.94000 0.65000 0.05000
v -0.1704592 -0.3157650 0.4500000 0.94000 0.65000 0.05000
v -0.1800000 -0.3300000 0.4500000 0.94000 0.65000 0.05000
v -0.1704592 -0.3442350 0.4500000 0.94000 0.65000 0.05000
v -0.1424871 -0.3575000 0.4500000 0.94000 0.65000 0.05000
v -0.0979899 -0.3688909 0.4500000 0.94000 0.65000 0.05000
v -0.0400000 -0.3776314 0.4500000 0.94000 0.65000 0.05000
v 0.0275307 -0.3831259 0.4500000 0.94000 0.65000 0.05000
v 0.1000000 -0.3850000 0.4500000 0.94000 0.65000 0.05000
v 0.1724693 -0.3831259 0.4500000 0.94000 0.65000 0.05000
v 0.2400000 -0.3776314 0.4500000 0.94000 0.65000 0.05000
v 0.2979899 -0.3688909 0.4500000 0.94000 0.65000 0.05000
v 0.3424871 -0.3575000 0.4500000 0.94000 0.65000 0.05000
v 0.3704592 -0.3442350 0.4500000 0.94000 0.65000 0.05000
v 0.3704592 -0.3300000 0.4085890 0.94000 0.65000 0.05000
v 0.3612436 -0.3162500 0.4085890 0.94000 0.65000 0.05000
v 0.3342246 -0.3034370 0.4085890 0.94000 0.65000 0.05000
v 0.2912436 -0.2924343 0.4085890 0.94000 0.65000 0.05000
v 0.2352296 -0.2839916 0.4085890 0.94000 0.65000 0.05000
v 0.1700000 -0.2786843 0.4085890 0.94000 0.65000 0.05000
v 0.1000000 -0.2768741 0.4085890 0.94000 0.65000 0.05000
v 0.0300000 -0.2786843 0.4085890 0.94000 0.65000 0.05000
v -0.0352296 -0.2839916 0.4085890 0.94000 0.65000 0.05000
v -0.0912436 -0.2924343 0.4085890 0.94000 0.65000 0.05000
v -0.1342246 -0.3034370 0.4085890 0.94000 0.65000 0.05000
v -0.1612436 -0.3162500 0.4085890 0.94000 0.65000 0.05000
v -0.1704592 -0.3300000 0.4085890 0.94000 0.65000 0.05000
v -0.1612436 -0.3437500 0.4085890 0.94000 0.65000 0.05000
v -0.1342246 -0.3565630 0.4085890 0.94000 0.65000 0.05000
v -0.0912436 -0.3675657 0.4085890 0.94000 0.65000 0.05000
v -0.0352296 -0.3760084 0.4085890 0.94000 0.65000 0.05000
v 0.0300000 -0.3813157 0.4085890 0.94000 0.65000 0.05000
v 0.1000000 -0.3831259 0.4085890 0.94000 0.65000 0.05000
v 0.1700000 -0.3813157 0.4085890 0.94000 0.65000 0.05000
v 0.2352296 -0.3760084 0.4085890 0.94000 0.65000 0.05000
v 0.2912436 -0.3675657 0.4085890 0.94000 0.65000 0.05000
v 0.3342246 -0.3565630 0.4085890 0.94000 0.65000 0.05000
v 0.3612436 -0.3437500 0.4085890 0.94000 0.65000 0.05000
v 0.3424871 -0.3300000 0.3700000 0.94000 0.65000 0.05000
v 0.3342246 -0.3176721 0.3700000 0.94000 0.65000 0.05000
v 0.3100000 -0.3061843 0.3700000 0.94000 0.65000 0.05000
v 0.2714643 -0.2963195 0.3700000 0.94000 0.65000 0.05000
v 0.2212436 -0.2887500 0.3700000 0.94000 0.65000 0.05000
v 0.1627603 -0.2839916 0.3700000 0.94000 0.65000 0.05000
v 0.1000000 -0.2823686 0.3700000 0.94000 0.65000 0.05000
v 0.0372397 -0.2839916 0.3700000 0.94000 0.65000 0.05000
v -0.0212436 -0.2887500 0.3700000 0.94000 0.65000 0.05000
v -0.0714643 -0.2963195 0.3700000 0.94000 0.65000 0.05000
v -0.1100000 -0.3061843 0.3700000 0.94000 0.65000 0.05000
v -0.1342246 -0.3176721 0.3700000 0.94000 0.65000 0.05000
v -0.1424871 -0.3300000 0.3700000 0.94000 0.65000 0.05000
v -0.1342246 -0.3423279 0.3700000 0.94000 0.65000 0.05000
v -0.1100000 -0.3538157 0.3700000 0.94000 0.65000 0.05000
v -0.0714643 -0.3636805 0.3700000 0.94000 0.65000 0.05000
v -0.0212436 -0.3712500 0.3700000 0.94000 0.65000 0.05000
v 0.0372397 -0.3760084 0.3700000 0.94000 0.65000 0.05000
v 0.1000000 -0.3776314 0.3700000 0.94000 0.65000 0.05000
v 0.1627603 -0.3760084 0.3700000 0.94000 0.65000 0.05000
v 0.2212436 -0.3712500 0.3700000 0.94000 0.65000 0.05000
v 0.2714643 -0.3636805 0.3700000 0.94000 0.65000 0.05000
v 0.3100000 -0.3538157 0.3700000 0.94000 0.65000 0.05000
v 0.3342246 -0.3423279 0.3700000 0.94000 0.65000 0.05000
v 0.2979899 -0.3300000 0.3368629 0.94000 0.65000 0.05000
v 0.2912436 -0.3199343 0.3368629 0.94000 0.65000 0.05000
v 0.2714643 -0.3105546 0.3368629 0.94000 0.65000 0.05000
v 0.2400000 -0.3025000 0.3368629 0.94000 0.65000 0.05000
v 0.1989949 -0.2963195 0.3368629 0.94000 0.65000 0.05000
v 0.1512436 -0.2924343 0.3368629 0.94000 0.65000 0.05000
v 0.1000000 -0.2911091 0.3368629 0.94000 0.65000 0.05000
v 0.0487564 -0.2924343 0.3368629 0.94000 0.65000 0.05000
v 0.0010051 -0.2963195 0.3368629 0.94000 0.65000 0.05000
v -0.0400000 -0.3025000 0.3368629 0.94000 0.65000 0.05000
v -0.0714643 -0.3105546 0.3368629 0.94000 0.65000 0.05000
v -0.0912436 -0.3199343 0.3368629 0.94000 0.65000 0.05000
v -0.0979899 -0.3300000 0.3368629 0.94000 0.65000 0.05000
v -0.0912436 -0.3400657 0.3368629 0.94000 0.65000 0.05000
v -0.0714643 -0.3494454 0.3368629 0.94000 0.65000 0.05000
v -0.0400000 -0.3575000 0.3368629 0.94000 0.65000 0.05000
v 0.0010051 -0.3636805 0.3368629 0.94000 0.65000 0.05000
v 0.0487564 -0.3675657 0.3368629 0.94000 0.65000 0.05000
v 0.1000000 -0.3688909 0.3368629 0.94000 0.65000 0.05000
v 0.1512436 -0.3675657 0.3368629 0.94000 0.65000 0.05000
v 0.1989949 -0.3636805 0.3368629 0.94000 0.65000 0.05000
v 0.2400000 -0.3575000 0.3368629 0.94000 0.65000 0.05000
v 0.2714643 -0.3494454 0.3368629 0.94000 0.65000 0.05000
v 0.2912436 -0.3400657 0.3368629 0.94000 0.65000 0.05000
v 0.2400000 -0.3300000 0.3114359 0.94000 0.65000 0.05000
v 0.2352296 -0.3228825 0.3114359 0.94000 0.65000 0.05000
v 0.2212436 -0.3162500 0.3114359 0.94000 0.65000 0.05000
v 0.1989949 -0.3105546 0.3114359 0.94000 0.65000 0.05000
v 0.1700000 -0.3061843 0.3114359 0.94000 0.65000 0.05000
v 0.1362347 -0.3034370 0.3114359 0.94000 0.65000 0.05000
v 0.1000000 -0.3025000 0.3114359 0.94000 0.65000 0.05000
v 0.0637653 -0.3034370 0.3114359 0.94000 0.65000 0.05000
v 0.0300000 -0.3061843 0.3114359 0.94000 0.65000 0.05000
v 0.0010051 -0.3105546 0.3114359 0.94000 0.65000 0.05000
v -0.0212436 -0.3162500 0.3114359 0.94000 0.65000 0.05000
v -0.0352296 -0.3228825 0.3114359 0.94000 0.65000 0.05000
v -0.0400000 -0.3300000 0.3114359 0.94000 0.65000 0.05000
v -0.0352296 -0.3371175 0.3114359 0.94000 0.65000 0.05000
v -0.0212436 -0.3437500 0.3114359 0.94000 0.65000 0.05000
v 0.0010051 -0.3494454 0.3114359 0.94000 0.65000 0.05000
v 0.0300000 -0.3538157 0.3114359 0.94000 0.65000 0.05000
v 0.0637653 -0.3565630 0.3114359 0.94000 0.65000 0.05000
v 0.1000000 -0.3575000 0.3114359 0.94000 0.65000 0.05000
v 0.1362347 -0.3565630 0.3114359 0.94000 0.65000 0.05000
v 0.1700000 -0.3538157 0.3114359 0.94000 0.65000 0.05000
v 0.1989949 -0.3494454 0.3114359 0.94000 0.65000 0.05000
v 0.2212436 -0.3437500 0.3114359 0.94000 0.65000 0.05000
v 0.2352296 -0.3371175 0.3114359 0.94000 0.65000 0.05000
v 0.1724693 -0.3300000 0.2954519 0.94000 0.65000 0.05000
v 0.1700000 -0.3263157 0.2954519 0.94000 0.65000 0.05000
v 0.1627603 -0.3228825 0.2954519 0.94000 0.65000 0.05000
v 0.1512436 -0.3199343 0.2954519 0.94000 0.65000 0.05000
v 0.1362347 -0.3176721 0.2954519 0.94000 0.65000 0.05000
v 0.1187564 -0.3162500 0.2954519 0.94000 0.65000 0.05000
v 0.1000000 -0.3157650 0.2954519 0.94000 0.65000 0.05000
v 0.0812436 -0.3162500 0.2954519 0.94000 0.65000 0.05000
v 0.0637653 -0.3176721 0.2954519 0.94000 0.65000 0.05000
v 0.0487564 -0.3199343 0.2954519 0.94000 0.65000 0.05000
v 0.0372397 -0.3228825 0.2954519 0.94000 0.65000 0.05000
v 0.0300000 -0.3263157 0.2954519 0.94000 0.65000 0.05000
v 0.0275307 -0.3300000 0.2954519 0.94000 0.65000 0.05000
v 0.0300000 -0.3336843 0.2954519 0.94000 0.65000 0.05000
v 0.0372397 -0.3371175 0.2954519 0.94000 0.65000 0.05000
v 0.0487564 -0.3400657 0.2954519 0.94000 0.65000 0.05000
v 0.0637653 -0.3423279 0.2954519 0.94000 0.65000 0.05000
v 0.0812436 -0.3437500 0.2954519 0.94000 0.65000 0.05000
v 0.1000000 -0.3442350 0.2954519 0.94000 0.65000 0.05000
v 0.1187564 -0.3437500 0.2954519 0.94000 0.65000 0.05000
v 0.1362347 -0.3423279 0.2954519 0.94000 0.65000 0.05000
v 0.1512436 -0.3400657 0.2954519 0.94000 0.65000 0.05000
v 0.1627603 -0.3371175 0.2954519 0.94000 0.65000 0.05000
v 0.1700000 -0.3336843 0.2954519 0.94000 0.65000 0.05000
v 0.1000000 -0.3300000 0.2900000 0.94000 0.65000 0.05000
v 0.1000000 -0.3300000 0.2900000 0.94000 0.65000 0.05000
v 0.1000000 -0.3300000 0.2900000 0.94000 0.65000 0.05000
v 0.1000000 -0.3300000 0.2900000 0.94000 0.65000 0.05000
v 0.1000000 -0.3300000 0.2900000 0.94000 0.65000 0.05000
v 0.1000000 -0.3300000 0.2900000 0.94000 0.65000 0.05000
v 0.1000000 -0.3300000 0.2900000 0.94000 0.65000 0.05000
v 0.1000000 -0.3300000 0.2900000 0.94000 0.65000 0.05000
v 0.1000000 -0.3300000 0.2900000 0.94000 0.65000 0.05000
v 0.1000000 -0.3300000 0.2900000 0.94000 0.65000 0.05000
v 0.1000000 -0.3300000 0.2900000 0.94000 0.65000 0.05000
v 0.1000000 -0.3300000 0.2900000 0.94000 0.65000 0.05000
v 0.1000000 -0.3300000 0.2900000 0.94000 0.65000 0.05000
v 0.1000000 -0.3300000 0.2900000 0.94000 0.65000 0.05000
v 0.1000000 -0.3300000 0.2900000 0.94000 0.65000 0.05000
v 0.1000000 -0.3300000 0.2900000 0.94000 0.65000 0.05000
v 0.1000000 -0.3300000 0.2900000 0.94000 0.65000 0.05000
v 0.1000000 -0.3300000 0.2900000 0.94000 0.65000 0.05000
v 0.1000000 -0.3300000 0.2900000 0.94000 0.65000 0.05000
v 0.1000000 -0.3300000 0.2900000 0.94000 0.65000 0.05000
v 0.1000000 -0.3300000 0.2900000 0.94000 0.65000 0.05000
v 0.1000000 -0.3300000 0.2900000 0.94000 0.65000 0.05000
v 0.1000000 -0.3300000 0.2900000 0.94000 0.65000 0.05000
v 0.1000000 -0.3300000 0.2900000 0.94000 0.65000 0.05000
v 0.1000000 0.3300000 0.6100000 0.94000 0.65000 0.05000
v 0.1000000 0.3300000 0.6100000 0.94000 0.65000 0.05000
v 0.1000000 0.3300000 0.6100000 0.94000 0.65000 0.05000
v 0.1000000 0.3300000 0.6100000 0.94000 0.65000 0.05000
v 0.1000000 0.3300000 0.6100000 0.94000 0.65000 0.05000
v 0.1000000 0.3300000 0.6100000 0.94000 0.65000 0.05000
v 0.1000000 0.3300000 0.6100000 0.94000 0.65000 0.05000
v 0.1000000 0.3300000 0.6100000 0.94000 0.65000 0.05000
v 0.1000000 0.3300000 0.6100000 0.94000 0.65000 0.05000
v 0.1000000 0.3300000 0.6100000 0.94000 0.65000 0.05000
v 0.1000000 0.3300000 0.6100000 0.94000 0.65000 0.05000
v 0.1000000 0.3300000 0.6100000 0.94000 0.65000 0.05000
v 0.1000000 0.3300000 0.6100000 0.94000 0.65000 0.05000
v 0.1000000 0.3300000 0.6100000 0.94000 0.65000 0.05000
v 0.1000000 0.3300000 0.6100000 0.94000 0.65000 0.05000
v 0.1000000 0.3300000 0.6100000 0.94000 0.65000 0.05000
v 0.1000000 0.3300000 0.6100000 0.94000 0.65000 0.05000
v 0.1000000 0.3300000 0.6100000 0.94000 0.65000 0.05000
v 0.1000000 0.3300000 0.6100000 0.94000 0.65000 0.05000
v 0.1000000 0.3300000 0.6100000 0.94000 0.65000 0.05000
v 0.1000000 0.3300000 0.6100000 0.94000 0.65000 0.05000
v 0.1000000 0.3300000 0.6100000 0.94000 0.65000 0.05000
v 0.1000000 0.3300000 0.6100000 0.94000 0.65000 0.05000
v 0.1000000 0.3300000 0.6100000 0.94000 0.65000 0.05000
v 0.1724693 0.3300000 0.6045481 0.94000 0.65000 0.05000
v 0.1700000 0.3336843 0.6045481 0.94000 0.65000 0.05000
v 0.1627603 0.3371175 0.6045481 0.94000 0.65000 0.05000
v 0.1512436 0.3400657 0.6045481 0.94000 0.65000 0.05000
v 0.1362347 0.3423279 0.6045481 0.94000 0.65000 0.05000
v 0.1187564 0.3437500 0.6045481 0.94000 0.65000 0.05000
v 0.1000000 0.3442350 0.6045481 0.94000 0.65000 0.05000
v 0.0812436 0.3437500 0.6045481 0.94000 0.65000 0.05000
v 0.0637653 0.3423279 0.6045481 0.94000 0.65000 0.05000
v 0.0487564 0.3400657 0.6045481 0.94000 0.65000 0.05000
v 0.0372397 0.3371175 0.6045481 0.94000 0.65000 0.05000
v 0.0300000 0.3336843 0.6045481 0.94000 0.65000 0.05000
v 0.0275307 0.3300000 0.6045481 0.94000 0.65000 0.05000
v 0.0300000 0.3263157 0.6045481 0.94000 0.65000 0.05000
v 0.0372397 0.3228825 0.6045481 0.94000 0.65000 0.05000
v 0.0487564 0.3199343 0.6045481 0.94000 0.65000 0.05000
v 0.0637653 0.3176721 0.6045481 0.94000 0.65000 0.05000
v 0.0812436 0.3162500 0.6045481 0.94000 0.65000 0.05000
v 0.1000000 0.3157650 0.6045481 0.94000 0.65000 0.05000
v 0.1187564 0.3162500 0.6045481 0.94000 0.65000 0.05000
v 0.1362347 0.3176721 0.6045481 0.94000 0.65000 0.05000
v 0.1512436 0.3199343 0.6045481 0.94000 0.65000 0.05000
v 0.1627603 0.3228825 0.6045481 0.94000 0.65000 0.05000
v 0.1700000 0.3263157 0.6045481 0.94000 0.65000 0.05000
v 0.2400000 0.3300000 0.5885641 0.94000 0.65000 0.05000
v 0.2352296 0.3371175 0.5885641 0.94000 0.65000 0.05000
v 0.2212436 0.3437500 0.5885641 0.94000 0.65000 0.05000
v 0.1989949 0.3494454 0.5885641 0.94000 0.65000 0.05000
v 0.1700000 0.3538157 0.5885641 0.94000 0.65000 0.05000
v 0.1362347 0.3565630 0.5885641 0.94000 0.65000 0.05000
v 0.1000000 0.3575000 0.5885641 0.94000 0.65000 0.05000
v 0.0637653 0.3565630 0.5885641 0.94000 0.65000 0.05000
v 0.0300000 0.3538157 0.5885641 0.94000 0.65000 0.05000
v 0.0010051 0.3494454 0.5885641 0.94000 0.65000 0.05000
v -0.0212436 0.3437500 0.5885641 0.94000 0.65000 0.05000
v -0.0352296 0.3371175 0.5885641 0.94000 0.65000 0.05000
v -0.0400000 0.3300000 0.5885641 0.94000 0.65000 0.05000
v -0.0352296 0.3228825 0.5885641 0.94000 0.65000 0.05000
v -0.0212436 0.3162500 0.5885641 0.94000 0.65000 0.05000
v 0.0010051 0.3105546 0.5885641 0.94000 0.65000 0.05000
v 0.0300000 0.3061843 0.5885641 0.94000 0.65000 0.05000
v 0.0637653 0.3034370 0.5885641 0.94000 0.65000 0.05000
v 0.1000000 0.3025000 0.5885641 0.94000 0.65000 0.05000
v 0.1362347 0.3034370 0.5885641 0.94000 0.65000 0.05000
v 0.1700000 0.3061843 0.5885641 0.94000 0.65000 0.05000
v 0.1989949 0.3105546 0.5885641 0.94000 0.65000 0.05000
v 0.2212436 0.3162500 0.5885641 0.94000 0.65000 0.05000
v 0.2352296 0.3228825 0.5885641 0.94000 0.65000 0.05000
v 0.2979899 0.3300000 0.5631371 0.94000 0.65000 0.05000
v 0.2912436 0.3400657 0.5631371 0.94000 0.65000 0.05000
v 0.2714643 0.3494454 0.5631371 0.94000 0.65000 0.05000
v 0.2400000 0.3575000 0.5631371 0.94000 0.65000 0.05000
v 0.1989949 0.3636805 0.5631371 0.94000 0.65000 0.05000
v 0.1512436 0.3675657 0.5631371 0.94000 0.65000 0.05000
v 0.1000000 0.3688909 0.5631371 0.94000 0.65000 0.05000
v 0.0487564 0.3675657 0.5631371 0.94000 0.65000 0.05000
v 0.0010051 0.3636805 0.5631371 0.94000 0.65000 0.05000
v -0.0400000 0.3575000 0.5631371 0.94000 0.65000 0.05000
v -0.0714643 0.3494454 0.5631371 0.94000 0.65000 0.05000
v -0.0912436 0.3400657 0.5631371 0.94000 0.65000 0.05000
v -0.0979899 0.3300000 0.5631371 0.94000 0.65000 0.05000
v -0.0912436 0.3199343 0.5631371 0.94000 0.65000 0.05000
v -0.0714643 0.3105546 0.5631371 0.94000 0.65000 0.05000
v -0.0400000 0.3025000 0.5631371 0.94000 0.65000 0.05000
v 0.0010051 0.2963195 0.5631371 0.94000 0.65000 0.05000
v 0.0487564 0.2924343 0.5631371 0.94000 0.65000 0.05000
v 0.1000000 0.2911091 0.5631371 0.94000 0.65000 0.05000
v 0.1512436 0.2924343 0.5631371 0.94000 0.65000 0.05000
v 0.1989949 0.2963195 0.5631371 0.94000 0.65000 0.05000
v 0.2400000 0.3025000 0.5631371 0.94000 0.65000 0.05000
v 0.2714643 0.3105546 0.5631371 0.94000 0.65000 0.05000
v 0.2912436 0.3199343 0.5631371 0.94000 0.65000 0.05000
v 0.3424871 0.3300000 0.5300000 0.94000 0.65000 0.05000
v 0.3342246 0.3423279 0.5300000 0.94000 0.65000 0.05000
v 0.3100000 0.3538157 0.5300000 0.94000 0.65000 0.05000
v 0.2714643 0.3636805 0.5300000 0.94000 0.65000 0.05000
v 0.2212436 0.3712500 0.5300000 0.94000 0.65000 0.05000
v 0.1627603 0.3760084 0.5300000 0.94000 0.65000 0.05000
v 0.1000000 0.3776314 0.5300000 0.94000 0.65000 0.05000
v 0.0372397 0.3760084 0.5300000 0.94000 0.65000 0.05000
v -0.0212436 0.3712500 0.5300000 0.94000 0.65000 0.05000
v -0.0714643 0.3636805 0.5300000 0.94000 0.65000 0.05000
v -0.1100000 0.3538157 0.5300000 0.94000 0.65000 0.05000
v -0.1342246 0.3423279 0.5300000 0.94000 0.65000 0.05000
v -0.1424871 0.3300000 0.5300000 0.94000 0.65000 0.05000
v -0.1342246 0.3176721 0.5300000 0.94000 0.65000 0.05000
v -0.1100000 0.3061843 0.5300000 0.94000 0.65000 0.05000
v -0.0714643 0.2963195 0.5300000 0.94000 0.65000 0.05000
v -0.0212436 0.2887500 0.5300000 0.94000 0.65000 0.05000
v 0.0372397 0.2839916 0.5300000 0.94000 0.65000 0.05000
v 0.1000000 0.2823686 0.5300000 0.94000 0.65000 0.05000
v 0.1627603 0.2839916 0.5300000 0.94000 0.65000 0.05000
v 0.2212436 0.2887500 0.5300000 0.94000 0.65000 0.05000
v 0.2714643 0.2963195 0.5300000 0.94000 0.65000 0.05000
v 0.3100000 0.3061843 0.5300000 0.94000 0.65000 0.05000
v 0.3342246 0.3176721 0.5300000 0.94000 0.65000 0.05000
v 0.3704592 0.3300000 0.4914110 0.94000 0.65000 0.05000
v 0.3612436 0.3437500 0.4914110 0.94000 0.65000 0.05000
v 0.3342246 0.3565630 0.4914110 0.94000 0.65000 0.05000
v 0.2912436 0.3675657 0.4914110 0.94000 0.65000 0.05000
v 0.2352296 0.3760084 0.4914110 0.94000 0.65000 0.05000
v 0.1700000 0.3813157 0.4914110 0.94000 0.65000 0.05000
v 0.1000000 0.3831259 0.4914110 0.94000 0.65000 0.05000
v 0.0300000 0.3813157 0.4914110 0.94000 0.65000 0.05000
v -0.0352296 0.3760084 0.4914110 0.94000 0.65000 0.05000
v -0.0912436 0.3675657 0.4914110 0.94000 0.65000 0.05000
v -0.1342246 0.3565630 0.4914110 0.94000 0.65000 0.05000
v -0.1612436 0.3437500 0.4914110 0.94000 0.65000 0.05000
v -0.1704592 0.3300000 0.4914110 0.94000 0.65000 0.05000
v -0.1612436 0.3162500 0.4914110 0.94000 0.65000 0.05000
v -0.1342246 0.3034370 0.4914110 0.94000 0.65000 0.05000
v -0.0912436 0.2924343 0.4914110 0.94000 0.65000 0.05000
v -0.0352296 0.2839916 0.4914110 0.94000 0.65000 0.05000
v 0.0300000 0.2786843 0.4914110 0.94000 0.65000 0.05000
v 0.1000000 0.2768741 0.4914110 0.94000 0.65000 0.05000
v 0.1700000 0.2786843 0.4914110 0.94000 0.65000 0.05000
v 0.2352296 0.2839916 0.4914110 0.94000 0.65000 0.05000
v 0.2912436 0.2924343 0.4914110 0.94000 0.65000 0.05000
v 0.3342246 0.3034370 0.4914110 0.94000 0.65000 0.05000
v 0.3612436 0.3162500 0.4914110 0.94000 0.65000 0.05000
v 0.3800000 0.3300000 0.4500000 0.94000 0.65000 0.05000
v 0.3704592 0.3442350 0.4500000 0.94000 0.65000 0.05000
v 0.3424871 0.3575000 0.4500000 0.94000 0.65000 0.05000
v 0.2979899 0.3688909 0.4500000 0.94000 0.65000 0.05000
v 0.2400000 0.3776314 0.4500000 0.94000 0.65000 0.05000
v 0.1724693 0.3831259 0.4500000 0.94000 0.65000 0.05000
v 0.1000000 0.3850000 0.4500000 0.94000 0.65000 0.05000
v 0.0275307 0.3831259 0.4500000 0.94000 0.65000 0.05000
v -0.0400000 0.3776314 0.4500000 0.94000 0.65000 0.05000
v -0.0979899 0.3688909 0.4500000 0.94000 0.65000 0.05000
v -0.1424871 0.3575000 0.4500000 0.94000 0.65000 0.05000
v -0.1704592 0.3442350 0.4500000 0.94000 0.65000 0.05000
v -0.1800000 0.3300000 0.4500000 0.94000 0.65000 0.05000
v -0.1704592 0.3157650 0.4500000 0.94000 0.65000 0.05000
v -0.1424871 0.3025000 0.4500000 0.94000 0.65000 0.05000
v -0.0979899 0.2911091 0.4500000 0.94000 0.65000 0.05000
v -0.0400000 0.2823686 0.4500000 0.94000 0.65000 0.05000
v 0.0275307 0.2768741 0.4500000 0.94000 0.65000 0.05000
v 0.1000000 0.2750000 0.4500000 0.94000 0.65000 0.05000
v 0.1724693 0.2768741 0.4500000 0.94000 0.65000 0.05000
v 0.2400000 0.2823686 0.4500000 0.94000 0.65000 0.05000
v 0.2979899 0.2911091 0.4500000 0.94000 0.65000 0.05000
v 0.3424871 0.3025000 0.4500000 0.94000 0.65000 0.05000
v 0.3704592 0.3157650 0.4500000 0.94000 0.65000 0.05000
v 0.3704592 0.3300000 0.4085890 0.94000 0.65000 0.05000
v 0.3612436 0.3437500 0.4085890 0.94000 0.65000 0.05000
v 0.3342246 0.3565630 0.4085890 0.94000 0.65000 0.05000
v 0.2912436 0.3675657 0.4085890 0.94000 0.65000 0.05000
v 0.2352296 0.3760084 0.4085890 0.94000 0.65000 0.05000
v 0.1700000 0.3813157 0.4085890 0.94000 0.65000 0.05000
v 0.1000000 0.3831259 0.4085890 0.94000 0.65000 0.05000
v 0.0300000 0.3813157 0.4085890 0.94000 0.65000 0.05000
v -0.0352296 0.3760084 0.4085890 0.94000 0.65000 0.05000
v -0.0912436 0.3675657 0.4085890 0.94000 0.65000 0.05000
v -0.1342246 0.3565630 0.4085890 0.94000 0.65000 0.05000
v -0.1612436 0.3437500 0.4085890 0.94000 0.65000 0.05000
v -0.1704592 0.3300000 0.4085890 0.94000 0.65000 0.05000
v -0.1612436 0.3162500 0.4085890 0.94000 0.65000 0.05000
v -0.1342246 0.3034370 0.4085890 0.94000 0.65000 0.05000
v -0.0912436 0.2924343 0.4085890 0.94000 0.65000 0.05000
v -0.0352296 0.2839916 0.4085890 0.94000 0.65000 0.05000
v 0.0300000 0.2786843 0.4085890 0.94000 0.65000 0.05000
v 0.1000000 0.2768741 0.4085890 0.94000 0.65000 0.05000
v 0.1700000 0.2786843 0.4085890 0.94000 0.65000 0.05000
v 0.2352296 0.2839916 0.4085890 0.94000 0.65000 0.05000
v 0.2912436 0.2924343 0.4085890 0.94000 0.65000 0.05000
v 0.3342246 0.3034370 0.4085890 0.94000 0.65000 0.05000
v 0.3612436 0.3162500 0.4085890 0.94000 0.65000 0.05000
v 0.3424871 0.3300000 0.3700000 0.94000 0.65000 0.05000
v 0.3342246 0.3423279 0.3700000 0.94000 0.65000 0.05000
v 0.3100000 0.3538157 0.3700000 0.94000 0.65000 0.05000
v 0.2714643 0.3636805 0.3700000 0.94000 0.65000 0.05000
v 0.2212436 0.3712500 0.3700000 0.94000 0.65000 0.05000
v 0.1627603 0.3760084 0.3700000 0.94000 0.65000 0.05000
v 0.1000000 0.3776314 0.3700000 0.94000 0.65000 0.05000
v 0.0372397 0.3760084 0.3700000 0.94000 0.65000 0.05000
v -0.0212436 0.3712500 0.3700000 0.94000 0.65000 0.05000
v -0.0714643 0.3636805 0.3700000 0.94000 0.65000 0.05000
v -0.1100000 0.3538157 0.3700000 0.94000 0.65000 0.05000
v -0.1342246 0.3423279 0.3700000 0.94000 0.65000 0.05000
v -0.1424871 0.3300000 0.3700000 0.94000 0.65000 0.05000
v -0.1342246 0.3176721 0.3700000 0.94000 0.65000 0.05000
v -0.1100000 0.3061843 0.3700000 0.94000 0.65000 0.05000
v -0.0714643 0.2963195 0.3700000 0.94000 0.65000 0.05000
v -0.0212436 0.2887500 0.3700000 0.94000 0.65000 0.05000
v 0.0372397 0.2839916 0.3700000 0.94000 0.65000 0.05000
v 0.1000000 0.2823686 0.3700000 0.94000 0.65000 0.05000
v 0.1627603 0.2839916 0.3700000 0.94000 0.65000 0.05000
v 0.2212436 0.2887500 0.3700000 0.94000 0.65000 0.05000
v 0.2714643 0.2963195 0.3700000 0.94000 0.65000 0.05000
v 0.3100000 0.3061843 0.3700000 0.94000 0.65000 0.05000
v 0.3342246 0.3176721 0.3700000 0.94000 0.65000 0.05000
v 0.2979899 0.3300000 0.3368629 0.94000 0.65000 0.05000
v 0.2912436 0.3400657 0.3368629 0.94000 0.65000 0.05000
v 0.2714643 0.3494454 0.3368629 0.94000 0.65000 0.05000
v 0.2400000 0.3575000 0.3368629 0.94000 0.65000 0.05000
v 0.1989949 0.3636805 0.3368629 0.94000 0.65000 0.05000
v 0.1512436 0.3675657 0.3368629 0.94000 0.65000 0.05000
v 0.1000000 0.3688909 0.3368629 0.94000 0.65000 0.05000
v 0.0487564 0.3675657 0.3368629 0.94000 0.65000 0.05000
v 0.0010051 0.3636805 0.3368629 0.94000 0.65000 0.05000
v -0.0400000 0.3575000 0.3368629 0.94000 0.65000 0.05000
v -0.0714643 0.3494454 0.3368629 0.94000 0.65000 0.05000
v -0.0912436 0.3400657 0.3368629 0.94000 0.65000 0.05000
v -0.0979899 0.3300000 0.3368629 0.94000 0.65000 0.05000
v -0.0912436 0.3199343 0.3368629 0.94000 0.65000 0.05000
v -0.0714643 0.3105546 0.3368629 0.94000 0.65000 0.05000
v -0.0400000 0.3025000 0.3368629 0.94000 0.65000 0.05000
v 0.0010051 0.2963195 0.3368629 0.94000 0.65000 0.05000
v 0.0487564 0.2924343 0.3368629 0.94000 0.65000 0.05000
v 0.1000000 0.2911091 0.3368629 0.94000 0.65000 0.05000
v 0.1512436 0.2924343 0.3368629 0.94000 0.65000 0.05000
v 0.1989949 0.2963195 0.3368629 0.94000 0.65000 0.05000
v 0.2400000 0.3025000 0.3368629 0.94000 0.65000 0.05000
v 0.2714643 0.3105546 0.3368629 0.94000 0.65000 0.05000
v 0.2912436 0.3199343 0.3368629 0.94000 0.65000 0.05000
v 0.2400000 0.3300000 0.3114359 0.94000 0.65000 0.05000
v 0.2352296 0.3371175 0.3114359 0.94000 0.65000 0.05000
v 0.2212436 0.3437500 0.3114359 0.94000 0.65000 0.05000
v 0.1989949 0.3494454 0.3114359 0.94000 0.65000 0.05000
v 0.1700000 0.3538157 0.3114359 0.94000 0.65000 0.05000
v 0.1362347 0.3565630 0.3114359 0.94000 0.65000 0.05000
v 0.1000000 0.3575000 0.3114359 0.94000 0.65000 0.05000
v 0.0637653 0.3565630 0.3114359 0.94000 0.65000 0.05000
v 0.0300000 0.3538157 0.3114359 0.94000 0.65000 0.05000
v 0.0010051 0.3494454 0.3114359 0.94000 0.65000 0.05000
v -0.0212436 0.3437500 0.3114359 0.94000 0.65000 0.05000
v -0.0352296 0.3371175 0.3114359 0.94000 0.65000 0.05000
v -0.0400000 0.3300000 0.3114359 0.94000 0.65000 0.05000
v -0.0352296 0.3228825 0.3114359 0.94000 0.65000 0.05000
v -0.0212436 0.3162500 0.3114359 0.94000 0.65000 0.05000
v 0.0010051 0.3105546 0.3114359 0.94000 0.65000 0.05000
v 0.0300000 0.3061843 0.3114359 0.94000 0.65000 0.05000
v 0.0637653 0.3034370 0.3114359 0.94000 0.65000 0.05000
v 0.1000000 0.3025000 0.3114359 0.94000 0.65000 0.05000
v 0.1362347 0.3034370 0.3114359 0.94000 0.65000 0.05000
v 0.1700000 0.3061843 0.3114359 0.94000 0.65000 0.05000
v 0.1989949 0.3105546 0.3114359 0.94000 0.65000 0.05000
v 0.2212436 0.3162500 0.3114359 0.94000 0.65000 0.05000
v 0.2352296 0.3228825 0.3114359 0.94000 0.65000 0.05000
v 0.1724693 0.3300000 0.2954519 0.94000 0.65000 0.05000
v 0.1700000 0.3336843 0.2954519 0.94000 0.65000 0.05000
v 0.1627603 0.3371175 0.2954519 0.94000 0.65000 0.05000
v 0.1512436 0.3400657 0.2954519 0.94000 0.65000 0.05000
v 0.1362347 0.3423279 0.2954519 0.94000 0.65000 0.05000
v 0.1187564 0.3437500 0.2954519 0.94000 0.65000 0.05000
v 0.1000000 0.3442350 0.2954519 0.94000 0.65000 0.05000
v 0.0812436 0.3437500 0.2954519 0.94000 0.65000 0.05000
v 0.0637653 0.3423279 0.2954519 0.94000 0.65000 0.05000
v 0.0487564 0.3400657 0.2954519 0.94000 0.65000 0.05000
v 0.0372397 0.3371175 0.2954519 0.94000 0.65000 0.05000
v 0.0300000 0.3336843 0.2954519 0.94000 0.65000 0.05000
v 0.0275307 0.3300000 0.2954519 0.94000 0.65000 0.05000
v 0.0300000 0.3263157 0.2954519 0.94000 0.65000 0.05000
v 0.0372397 0.3228825 0.2954519 0.94000 0.65000 0.05000
v 0.0487564 0.3199343 0.2954519 0.94000 0.65000 0.05000
v 0.0637653 0.3176721 0.2954519 0.94000 0.65000 0.05000
v 0.0812436 0.3162500 0.2954519 0.94000 0.65000 0.05000
v 0.1000000 0.3157650 0.2954519 0.94000 0.65000 0.05000
v 0.1187564 0.3162500 0.2954519 0.94000 0.65000 0.05000
v 0.1362347 0.3176721 0.2954519 0.94000 0.65000 0.05000
v 0.1512436 0.3199343 0.2954519 0.94000 0.65000 0.05000
v 0.1627603 0.3228825 0.2954519 0.94000 0.65000 0.05000
v 0.1700000 0.3263157 0.2954519 0.94000 0.65000 0.05000
v 0.1000000 0.3300000 0.2900000 0.94000 0.65000 0.05000
v 0.1000000 0.3300000 0.2900000 0.94000 0.65000 0.05000
v 0.1000000 0.3300000 0.2900000 0.94000 0.65000 0.05000
v 0.1000000 0.3300000 0.2900000 0.94000 0.65000 0.05000
v 0.1000000 0.3300000 0.2900000 0.94000 0.65000 0.05000
v 0.1000000 0.3300000 0.2900000 0.94000 0.65000 0.05000
v 0.1000000 0.3300000 0.2900000 0.94000 0.65000 0.05000
v 0.1000000 0.3300000 0.2900000 0.94000 0.65000 0.05000
v 0.1000000 0.3300000 0.2900000 0.94000 0.65000 0.05000
v 0.1000000 0.3300000 0.2900000 0.94000 0.65000 0.05000
v 0.1000000 0.3300000 0.2900000 0.94000 0.65000 0.05000
v 0.1000000 0.3300000 0.2900000 0.94000 0.65000 0.05000
v 0.1000000 0.3300000 0.2900000 0.94000 0.65000 0.05000
v 0.1000000 0.3300000 0.2900000 0.94000 0.65000 0.05000
v 0.1000000 0.3300000 0.2900000 0.94000 0.65000 0.05000
v 0.1000000 0.3300000 0.2900000 0.94000 0.65000 0.05000
v 0.1000000 0.3300000 0.2900000 0.94000 0.65000 0.05000
v 0.1000000 0.3300000 0.2900000 0.94000 0.65000 0.05000
v 0.1000000 0.3300000 0.2900000 0.94000 0.65000 0.05000
v 0.1000000 0.3300000 0.2900000 0.94000 0.65000 0.05000
v 0.1000000 0.3300000 0.2900000 0.94000 0.65000 0.05000
v 0.1000000 0.3300000 0.2900000 0.94000 0.65000 0.05000
v 0.1000000 0.3300000 0.2900000 0.94000 0.65000 0.05000
v 0.1000000 0.3300000 0.2900000 0.94000 0.65000 0.05000
v 0.5100000 -0.1800000 0.9050000 0.02000 0.02000 0.02000
v 0.5100000 -0.1800000 0.9050000 0.02000 0.02000 0.02000
v 0.5100000 -0.1800000 0.9050000 0.02000 0.02000 0.02000
v 0.5100000 -0.1800000 0.9050000 0.02000 0.02000 0.02000
v 0.5100000 -0.1800000 0.9050000 0.02000 0.02000 0.02000
v 0.5100000 -0.1800000 0.9050000 0.02000 0.02000 0.02000
v 0.5100000 -0.1800000 0.9050000 0.02000 0.02000 0.02000
v 0.5100000 -0.1800000 0.9050000 0.02000 0.02000 0.02000
v 0.5100000 -0.1800000 0.9050000 0.02000 0.02000 0.02000
v 0.5100000 -0.1800000 0.9050000 0.02000 0.02000 0.02000
v 0.5100000 -0.1800000 0.9050000 0.02000 0.02000 0.02000
v 0.5100000 -0.1800000 0.9050000 0.02000 0.02000 0.02000
v 0.5233939 -0.1800000 0.9023358 0.02000 0.02000 0.02000
v 0.5215995 -0.1752165 0.9023358 0.02000 0.02000 0.02000
v 0.5166970 -0.1717147 0.9023358 0.02000 0.02000 0.02000
v 0.5100000 -0.1704329 0.9023358 0.02000 0.02000 0.02000
v 0.5033030 -0.1717147 0.9023358 0.02000 0.02000 0.02000
v 0.4984005 -0.1752165 0.9023358 0.02000 0.02000 0.02000
v 0.4966061 -0.1800000 0.9023358 0.02000 0.02000 0.02000
v 0.4984005 -0.1847835 0.9023358 0.02000 0.02000 0.02000
v 0.5033030 -0.1882853 0.9023358 0.02000 0.02000 0.02000
v 0.5100000 -0.1895671 0.9023358 0.02000 0.02000 0.02000
v 0.5166970 -0.1882853 0.9023358 0.02000 0.02000 0.02000
v 0.5215995 -0.1847835 0.9023358 0.02000 0.02000 0.02000
v 0.5347487 -0.1800000 0.8947487 0.02000 0.02000 0.02000
v 0.5314330 -0.1711612 0.8947487 0.02000 0.02000 0.02000
v 0.5223744 -0.1646907 0.8947487 0.02000 0.02000 0.02000
v 0.5100000 -0.1623223 0.8947487 0.02000 0.02000 0.02000
v 0.4976256 -0.1646907 0.8947487 0.02000 0.02000 0.02000
v 0.4885670 -0.1711612 0.8947487 0.02000 0.02000 0.02000
v 0.4852513 -0.1800000 0.8947487 0.02000 0.02000 0.02000
v 0.4885670 -0.1888388 0.8947487 0.02000 0.02000 0.02000
v 0.4976256 -0.1953093 0.8947487 0.02000 0.02000 0.02000
v 0.5100000 -0.1976777 0.8947487 0.02000 0.02000 0.02000
v 0.5223744 -0.1953093 0.8947487 0.02000 0.02000 0.02000
v 0.5314330 -0.1888388 0.8947487 0.02000 0.02000 0.02000
v 0.5423358 -0.1800000 0.8833939 0.02000 0.02000 0.02000
v 0.5380036 -0.1684515 0.8833939 0.02000 0.02000 0.02000
v 0.5261679 -0.1599974 0.8833939 0.02000 0.02000 0.02000
v 0.5100000 -0.1569030 0.8833939 0.02000 0.02000 0.02000
v 0.4938321 -0.1599974 0.8833939 0.02000 0.02000 0.02000
v 0.4819964 -0.1684515 0.8833939 0.02000 0.02000 0.02000
v 0.4776642 -0.1800000 0.8833939 0.02000 0.02000 0.02000
v 0.4819964 -0.1915485 0.8833939 0.02000 0.02000 0.02000
v 0.4938321 -0.2000026 0.8833939 0.02000 0.02000 0.02000
v 0.5100000 -0.2030970 0.8833939 0.02000 0.02000 0.02000
v 0.5261679 -0.2000026 0.8833939 0.02000 0.02000 0.02000
v 0.5380036 -0.1915485 0.8833939 0.02000 0.02000 0.02000
v 0.5450000 -0.1800000 0.8700000 0.02000 0.02000 0.02000
v 0.5403109 -0.1675000 0.8700000 0.02000 0.02000 0.02000
v 0.5275000 -0.1583494 0.8700000 0.02000 0.02000 0.02000
v 0.5100000 -0.1550000 0.8700000 0.02000 0.02000 0.02000
v 0.4925000 -0.1583494 0.8700000 0.02000 0.02000 0.02000
v 0.4796891 -0.1675000 0.8700000 0.02000 0.02000 0.02000
v 0.4750000 -0.1800000 0.8700000 0.02000 0.02000 0.02000
v 0.4796891 -0.1925000 0.8700000 0.02000 0.02000 0.02000
v 0.4925000 -0.2016506 0.8700000 0.02000 0.02000 0.02000
v 0.5100000 -0.2050000 0.8700000 0.02000 0.02000 0.02000
v 0.5275000 -0.2016506 0.8700000 0.02000 0.02000 0.02000
v 0.5403109 -0.1925000 0.8700000 0.02000 0.02000 0.02000
v 0.5423358 -0.1800000 0.8566061 0.02000 0.02000 0.02000
v 0.5380036 -0.1684515 0.8566061 0.02000 0.02000 0.02000
v 0.5261679 -0.1599974 0.8566061 0.02000 0.02000 0.02000
v 0.5100000 -0.1569030 0.8566061 0.02000 0.02000 0.02000
v 0.4938321 -0.1599974 0.8566061 0.02000 0.02000 0.02000
v 0.4819964 -0.1684515 0.8566061 0.02000 0.02000 0.02000
v 0.4776642 -0.1800000 0.8566061 0.02000 0.02000 0.02000
v 0.4819964 -0.1915485 0.8566061 0.02000 0.02000 0.02000
v 0.4938321 -0.2000026 0.8566061 0.02000 0.02000 0.02000
v 0.5100000 -0.2030970 0.8566061 0.02000 0.02000 0.02000
v 0.5261679 -0.2000026 0.8566061 0.02000 0.02000 0.02000
v 0.5380036 -0.1915485 0.8566061 0.02000 0.02000 0.02000
v 0.5347487 -0.1800000 0.8452513 0.02000 0.02000 0.02000
v 0.5314330 -0.1711612 0.8452513 0.02000 0.02000 0.02000
v 0.5223744 -0.1646907 0.8452513 0.02000 0.02000 0.02000
v 0.5100000 -0.1623223 0.8452513 0.02000 0.02000 0.02000
v 0.4976256 -0.1646907 0.8452513 0.02000 0.02000 0.02000
v 0.4885670 -0.1711612 0.8452513 0.02000 0.02000 0.02000
v 0.4852513 -0.1800000 0.8452513 0.02000 0.02000 0.02000
v 0.4885670 -0.1888388 0.8452513 0.02000 0.02000 0.02000
v 0.4976256 -0.1953093 0.8452513 0.02000 0.02000 0.02000
v 0.5100000 -0.1976777 0.8452513 0.02000 0.02000 0.02000
v 0.5223744 -0.1953093 0.8452513 0.02000 0.02000 0.02000
v 0.5314330 -0.1888388 0.8452513 0.02000 0.02000 0.02000
v 0.5233939 -0.1800000 0.8376642 0.02000 0.02000 0.02000
v 0.5215995 -0.1752165 0.8376642 0.02000 0.02000 0.02000
v 0.5166970 -0.1717147 0.8376642 0.02000 0.02000 0.02000
v 0.5100000 -0.1704329 0.8376642 0.02000 0.02000 0.02000
v 0.5033030 -0.1717147 0.8376642 0.02000 0.02000 0.02000
v 0.4984005 -0.1752165 0.8376642 0.02000 0.02000 0.02000
v 0.4966061 -0.1800000 0.8376642 0.02000 0.02000 0.02000
v 0.4984005 -0.1847835 0.8376642 0.02000 0.02000 0.02000
v 0.5033030 -0.1882853 0.8376642 0.02000 0.02000 0.02000
v 0.5100000 -0.1895671 0.8376642 0.02000 0.02000 0.02000
v 0.5166970 -0.1882853 0.8376642 0.02000 0.02000 0.02000
v 0.5215995 -0.1847835 0.8376642 0.02000 0.02000 0.02000
v 0.5100000 -0.1800000 0.8350000 0.02000 0.02000 0.02000
v 0.5100000 -0.1800000 0.8350000 0.02000 0.02000 0.02000
v 0.5100000 -0.1800000 0.8350000 0.02000 0.02000 0.02000
v 0.5100000 -0.1800000 0.8350000 0.02000 0.02000 0.02000
v 0.5100000 -0.1800000 0.8350000 0.02000 0.02000 0.02000
v 0.5100000 -0.1800000 0.8350000 0.02000 0.02000 0.02000
v 0.5100000 -0.1800000 0.8350000 0.02000 0.02000 0.02000
v 0.5100000 -0.1800000 0.8350000 0.02000 0.02000 0.02000
v 0.5100000 -0.1800000 0.8350000 0.02000 0.02000 0.02000
v 0.5100000 -0.1800000 0.8350000 0.02000 0.02000 0.02000
v 0.5100000 -0.1800000 0.8350000 0.02000 0.02000 0.02000
v 0.5100000 -0.1800000 0.8350000 0.02000 0.02000 0.02000
v 0.5100000 0.1800000 0.9050000 0.02000 0.02000 0.02000
v 0.5100000 0.1800000 0.9050000 0.02000 0.02000 0.02000
v 0.5100000 0.1800000 0.9050000 0.02000 0.02000 0.02000
v 0.5100000 0.1800000 0.9050000 0.02000 0.02000 0.02000
v 0.5100000 0.1800000 0.9050000 0.02000 0.02000 0.02000
v 0.5100000 0.1800000 0.9050000 0.02000 0.02000 0.02000
v 0.5100000 0.1800000 0.9050000 0.02000 0.02000 0.02000
v 0.5100000 0.1800000 0.9050000 0.02000 0.02000 0.02000
v 0.5100000 0.1800000 0.9050000 0.02000 0.02000 0.02000
v 0.5100000 0.1800000 0.9050000 0.02000 0.02000 0.02000
v 0.5100000 0.1800000 0.9050000 0.02000 0.02000 0.02000
v 0.5100000 0.1800000 0.9050000 0.02000 0.02000 0.02000
v 0.5233939 0.1800000 0.9023358 0.02000 0.02000 0.02000
v 0.5215995 0.1847835 0.9023358 0.02000 0.02000 0.02000
v 0.5166970 0.1882853 0.9023358 0.02000 0.02000 0.02000
v 0.5100000 0.1895671 0.9023358 0.02000 0.02000 0.02000
v 0.5033030 0.1882853 0.9023358 0.02000 0.02000 0.02000
v 0.4984005 0.1847835 0.9023358 0.02000 0.02000 0.02000
v 0.4966061 0.1800000 0.9023358 0.02000 0.02000 0.02000
v 0.4984005 0.1752165 0.9023358 0.02000 0.02000 0.02000
v 0.5033030 0.1717147 0.9023358 0.02000 0.02000 0.02000
v 0.5100000 0.1704329 0.9023358 0.02000 0.02000 0.02000
v 0.5166970 0.1717147 0.9023358 0.02000 0.02000 0.02000
v 0.5215995 0.1752165 0.9023358 0.02000 0.02000 0.02000
v 0.5347487 0.1800000 0.8947487 0.02000 0.02000 0.02000
v 0.5314330 0.1888388 0.8947487 0.02000 0.02000 0.02000
v 0.5223744 0.1953093 0.8947487 0.02000 0.02000 0.02000
v 0.5100000 0.1976777 0.8947487 0.02000 0.02000 0.02000
v 0.4976256 0.1953093 0.8947487 0.02000 0.02000 0.02000
v 0.4885670 0.1888388 0.8947487 0.02000 0.02000 0.02000
v 0.4852513 0.1800000 0.8947487 0.02000 0.02000 0.02000
v 0.4885670 0.1711612 0.8947487 0.02000 0.02000 0.02000
v 0.4976256 0.1646907 0.8947487 0.02000 0.02000 0.02000
v 0.5100000 0.1623223 0.8947487 0.02000 0.02000 0.02000
v 0.5223744 0.1646907 0.8947487 0.02000 0.02000 0.02000
v 0.5314330 0.1711612 0.8947487 0.02000 0.02000 0.02000
v 0.5423358 0.1800000 0.8833939 0.02000 0.02000 0.02000
v 0.5380036 0.1915485 0.8833939 0.02000 0.02000 0.02000
v 0.5261679 0.2000026 0.8833939 0.02000 0.02000 0.02000
v 0.5100000 0.2030970 0.8833939 0.02000 0.02000 0.02000
v 0.4938321 0.2000026 0.8833939 0.02000 0.02000 0.02000
v 0.4819964 0.1915485 0.8833939 0.02000 0.02000 0.02000
v 0.4776642 0.1800000 0.8833939 0.02000 0.02000 0.02000
v 0.4819964 0.1684515 0.8833939 0.02000 0.02000 0.02000
v 0.4938321 0.1599974 0.8833939 0.02000 0.02000 0.02000
v 0.5100000 0.1569030 0.8833939 0.02000 0.02000 0.02000
v 0.5261679 0.1599974 0.8833939 0.02000 0.02000 0.02000
v 0.5380036 0.1684515 0.8833939 0.02000 0.02000 0.02000
v 0.5450000 0.1800000 0.8700000 0.02000 0.02000 0.02000
v 0.5403109 0.1925000 0.8700000 0.02000 0.02000 0.02000
v 0.5275000 0.2016506 0.8700000 0.02000 0.02000 0.02000
v 0.5100000 0.2050000 0.8700000 0.02000 0.02000 0.02000
v 0.4925000 0.2016506 0.8700000 0.02000 0.02000 0.02000
v 0.4796891 0.1925000 0.8700000 0.02000 0.02000 0.02000
v 0.4750000 0.1800000 0.8700000 0.02000 0.02000 0.02000
v 0.4796891 0.1675000 0.8700000 0.02000 0.02000 0.02000
v 0.4925000 0.1583494 0.8700000 0.02000 0.02000 0.02000
v 0.5100000 0.1550000 0.8700000 0.02000 0.02000 0.02000
v 0.5275000 0.1583494 0.8700000 0.02000 0.02000 0.02000
v 0.5403109 0.1675000 0.8700000 0.02000 0.02000 0.02000
v 0.5423358 0.1800000 0.8566061 0.02000 0.02000 0.02000
v 0.5380036 0.1915485 0.8566061 0.02000 0.02000 0.02000
v 0.5261679 0.2000026 0.8566061 0.02000 0.02000 0.02000
v 0.5100000 0.2030970 0.8566061 0.02000 0.02000 0.02000
v 0.4938321 0.2000026 0.8566061 0.02000 0.02000 0.02000
v 0.4819964 0.1915485 0.8566061 0.02000 0.02000 0.02000
v 0.4776642 0.1800000 0.8566061 0.02000 0.02000 0.02000
v 0.4819964 0.1684515 0.8566061 0.02000 0.02000 0.02000
v 0.4938321 0.1599974 0.8566061 0.02000 0.02000 0.02000
v 0.5100000 0.1569030 0.8566061 0.02000 0.02000 0.02000
v 0.5261679 0.1599974 0.8566061 0.02000 0.02000 0.02000
v 0.5380036 0.1684515 0.8566061 0.02000 0.02000 0.02000
v 0.5347487 0.1800000 0.8452513 0.02000 0.02000 0.02000
v 0.5314330 0.1888388 0.8452513 0.02000 0.02000 0.02000
v 0.5223744 0.1953093 0.8452513 0.02000 0.02000 0.02000
v 0.5100000 0.1976777 0.8452513 0.02000 0.02000 0.02000
v 0.4976256 0.1953093 0.8452513 0.02000 0.02000 0.02000
v 0.4885670 0.1888388 0.8452513 0.02000 0.02000 0.02000
v 0.4852513 0.1800000 0.8452513 0.02000 0.02000 0.02000
v 0.4885670 0.1711612 0.8452513 0.02000 0.02000 0.02000
v 0.4976256 0.1646907 0.8452513 0.02000 0.02000 0.02000
v 0.5100000 0.1623223 0.8452513 0.02000 0.02000 0.02000
v 0.5223744 0.1646907 0.8452513 0.02000 0.02000 0.02000
v 0.5314330 0.1711612 0.8452513 0.02000 0.02000 0.02000
v 0.5233939 0.1800000 0.8376642 0.02000 0.02000 0.02000
v 0.5215995 0.1847835 0.8376642 0.02000 0.02000 0.02000
v 0.5166970 0.1882853 0.8376642 0.02000 0.02000 0.02000
v 0.5100000 0.1895671 0.8376642 0.02000 0.02000 0.02000
v 0.5033030 0.1882853 0.8376642 0.02000 0.02000 0.02000
v 0.4984005 0.1847835 0.8376642 0.02000 0.02000 0.02000
v 0.4966061 0.1800000 0.8376642 0.02000 0.02000 0.02000
v 0.4984005 0.1752165 0.8376642 0.02000 0.02000 0.02000
v 0.5033030 0.1717147 0.8376642 0.02000 0.02000 0.02000
v 0.5100000 0.1704329 0.8376642 0.02000 0.02000 0.02000
v 0.5166970 0.1717147 0.8376642 0.02000 0.02000 0.02000
v 0.5215995 0.1752165 0.8376642 0.02000 0.02000 0.02000
v 0.5100000 0.1800000 0.8350000 0.02000 0.02000 0.02000
v 0.5100000 0.1800000 0.8350000 0.02000 0.02000 0.02000
v 0.5100000 0.1800000 0.8350000 0.02000 0.02000 0.02000
v 0.5100000 0.1800000 0.8350000 0.02000 0.02000 0.02000
v 0.5100000 0.1800000 0.8350000 0.02000 0.02000 0.02000
v 0.5100000 0.1800000 0.8350000 0.02000 0.02000 0.02000
v 0.5100000 0.1800000 0.8350000 0.02000 0.02000 0.02000
v 0.5100000 0.1800000 0.8350000 0.02000 0.02000 0.02000
v 0.5100000 0.1800000 0.8350000 0.02000 0.02000 0.02000
v 0.5100000 0.1800000 0.8350000 0.02000 0.02000 0.02000
v 0.5100000 0.1800000 0.8350000 0.02000 0.02000 0.02000
v 0.5100000 0.1800000 0.8350000 0.02000 0.02000 0.02000
v -0.4800000 0.0000000 0.8600000 1.00000 0.78000 0.08000
v -0.4800000 0.0000000 0.8600000 1.00000 0.78000 0.08000
v -0.4800000 0.0000000 0.8600000 1.00000 0.78000 0.08000
v -0.4800000 0.0000000 0.8600000 1.00000 0.78000 0.08000
v -0.4800000 0.0000000 0.8600000 1.00000 0.78000 0.08000
v -0.4800000 0.0000000 0.8600000 1.00000 0.78000 0.08000
v -0.4800000 0.0000000 0.8600000 1.00000 0.78000 0.08000
v -0.4800000 0.0000000 0.8600000 1.00000 0.78000 0.08000
v -0.4800000 0.0000000 0.8600000 1.00000 0.78000 0.08000
v -0.4800000 0.0000000 0.8600000 1.00000 0.78000 0.08000
v -0.4800000 0.0000000 0.8600000 1.00000 0.78000 0.08000
v -0.4800000 0.0000000 0.8600000 1.00000 0.78000 0.08000
v -0.4800000 0.0000000 0.8600000 1.00000 0.78000 0.08000
v -0.4800000 0.0000000 0.8600000 1.00000 0.78000 0.08000
v -0.4800000 0.0000000 0.8600000 1.00000 0.78000 0.08000
v -0.4800000 0.0000000 0.8600000 1.00000 0.78000 0.08000
v -0.4800000 0.0000000 0.8600000 1.00000 0.78000 0.08000
v -0.4800000 0.0000000 0.8600000 1.00000 0.78000 0.08000
v -0.4305573 0.0000000 0.8521690 1.00000 0.78000 0.08000
v -0.4335390 0.0137397 0.8521690 1.00000 0.78000 0.08000
v -0.4421247 0.0258222 0.8521690 1.00000 0.78000 0.08000
v -0.4552786 0.0347902 0.8521690 1.00000 0.78000 0.08000
v -0.4714144 0.0395619 0.8521690 1.00000 0.78000 0.08000
v -0.4885856 0.0395619 0.8521690 1.00000 0.78000 0.08000
v -0.5047214 0.0347902 0.8521690 1.00000 0.78000 0.08000
v -0.5178753 0.0258222 0.8521690 1.00000 0.78000 0.08000
v -0.5264610 0.0137397 0.8521690 1.00000 0.78000 0.08000
v -0.5294427 0.0000000 0.8521690 1.00000 0.78000 0.08000
v -0.5264610 -0.0137397 0.8521690 1.00000 0.78000 0.08000
v -0.5178753 -0.0258222 0.8521690 1.00000 0.78000 0.08000
v -0.5047214 -0.0347902 0.8521690 1.00000 0.78000 0.08000
v -0.4885856 -0.0395619 0.8521690 1.00000 0.78000 0.08000
v -0.4714144 -0.0395619 0.8521690 1.00000 0.78000 0.08000
v -0.4552786 -0.0347902 0.8521690 1.00000 0.78000 0.08000
v -0.4421247 -0.0258222 0.8521690 1.00000 0.78000 0.08000
v -0.4335390 -0.0137397 0.8521690 1.00000 0.78000 0.08000
v -0.3859544 0.0000000 0.8294427 1.00000 0.78000 0.08000
v -0.3916260 0.0261345 0.8294427 1.00000 0.78000 0.08000
v -0.4079569 0.0491167 0.8294427 1.00000 0.78000 0.08000
v -0.4329772 0.0661748 0.8294427 1.00000 0.78000 0.08000
v -0.4636691 0.0752512 0.8294427 1.00000 0.78000 0.08000
v -0.4963309 0.0752512 0.8294427 1.00000 0.78000 0.08000
v -0.5270228 0.0661748 0.8294427 1.00000 0.78000 0.08000
v -0.5520431 0.0491167 0.8294427 1.00000 0.78000 0.08000
v -0.5683740 0.0261345 0.8294427 1.00000 0.78000 0.08000
v -0.5740456 0.0000000 0.8294427 1.00000 0.78000 0.08000
v -0.5683740 -0.0261345 0.8294427 1.00000 0.78000 0.08000
v -0.5520431 -0.0491167 0.8294427 1.00000 0.78000 0.08000
v -0.5270228 -0.0661748 0.8294427 1.00000 0.78000 0.08000
v -0.4963309 -0.0752512 0.8294427 1.00000 0.78000 0.08000
v -0.4636691 -0.0752512 0.8294427 1.00000 0.78000 0.08000
v -0.4329772 -0.0661748 0.8294427 1.00000 0.78000 0.08000
v -0.4079569 -0.0491167 0.8294427 1.00000 0.78000 0.08000
v -0.3916260 -0.0261345 0.8294427 1.00000 0.78000 0.08000
v -0.3505573 0.0000000 0.7940456 1.00000 0.78000 0.08000
v -0.3583636 0.0359710 0.7940456 1.00000 0.78000 0.08000
v -0.3808411 0.0676034 0.7940456 1.00000 0.78000 0.08000
v -0.4152786 0.0910818 0.7940456 1.00000 0.78000 0.08000
v -0.4575225 0.1035744 0.7940456 1.00000 0.78000 0.08000
v -0.5024775 0.1035744 0.7940456 1.00000 0.78000 0.08000
v -0.5447214 0.0910818 0.7940456 1.00000 0.78000 0.08000
v -0.5791589 0.0676034 0.7940456 1.00000 0.78000 0.08000
v -0.6016364 0.0359710 0.7940456 1.00000 0.78000 0.08000
v -0.6094427 0.0000000 0.7940456 1.00000 0.78000 0.08000
v -0.6016364 -0.0359710 0.7940456 1.00000 0.78000 0.08000
v -0.5791589 -0.0676034 0.7940456 1.00000 0.78000 0.08000
v -0.5447214 -0.0910818 0.7940456 1.00000 0.78000 0.08000
v -0.5024775 -0.1035744 0.7940456 1.00000 0.78000 0.08000
v -0.4575225 -0.1035744 0.7940456 1.00000 0.78000 0.08000
v -0.4152786 -0.0910818 0.7940456 1.00000 0.78000 0.08000
v -0.3808411 -0.0676034 0.7940456 1.00000 0.78000 0.08000
v -0.3583636 -0.0359710 0.7940456 1.00000 0.78000 0.08000
v -0.3278310 0.0000000 0.7494427 1.00000 0.78000 0.08000
v -0.3370079 0.0422865 0.7494427 1.00000 0.78000 0.08000
v -0.3634318 0.0794726 0.7494427 1.00000 0.78000 0.08000
v -0.4039155 0.1070731 0.7494427 1.00000 0.78000 0.08000
v -0.4535761 0.1217590 0.7494427 1.00000 0.78000 0.08000
v -0.5064239 0.1217590 0.7494427 1.00000 0.78000 0.08000
v -0.5560845 0.1070731 0.7494427 1.00000 0.78000 0.08000
v -0.5965682 0.0794726 0.7494427 1.00000 0.78000 0.08000
v -0.6229921 0.0422865 0.7494427 1.00000 0.78000 0.08000
v -0.6321690 0.0000000 0.7494427 1.00000 0.78000 0.08000
v -0.6229921 -0.0422865 0.7494427 1.00000 0.78000 0.08000
v -0.5965682 -0.0794726 0.7494427 1.00000 0.78000 0.08000
v -0.5560845 -0.1070731 0.7494427 1.00000 0.78000 0.08000
v -0.5064239 -0.1217590 0.7494427 1.00000 0.78000 0.08000
v -0.4535761 -0.1217590 0.7494427 1.00000 0.78000 0.08000
v -0.4039155 -0.1070731 0.7494427 1.00000 0.78000 0.08000
v -0.3634318 -0.0794726 0.7494427 1.00000 0.78000 0.08000
v -0.3370079 -0.0422865 0.7494427 1.00000 0.78000 0.08000
v -0.3200000 0.0000000 0.7000000 1.00000 0.78000 0.08000
v -0.3296492 0.0444626 0.7000000 1.00000 0.78000 0.08000
v -0.3574329 0.0835624 0.7000000 1.00000 0.78000 0.08000
v -0.4000000 0.1125833 0.7000000 1.00000 0.78000 0.08000
v -0.4522163 0.1280250 0.7000000 1.00000 0.78000 0.08000
v -0.5077837 0.1280250 0.7000000 1.00000 0.78000 0.08000
v -0.5600000 0.1125833 0.7000000 1.00000 0.78000 0.08000
v -0.6025671 0.0835624 0.7000000 1.00000 0.78000 0.08000
v -0.6303508 0.0444626 0.7000000 1.00000 0.78000 0.08000
v -0.6400000 0.0000000 0.7000000 1.00000 0.78000 0.08000
v -0.6303508 -0.0444626 0.7000000 1.00000 0.78000 0.08000
v -0.6025671 -0.0835624 0.7000000 1.00000 0.78000 0.08000
v -0.5600000 -0.1125833 0.7000000 1.00000 0.78000 0.08000
v -0.5077837 -0.1280250 0.7000000 1.00000 0.78000 0.08000
v -0.4522163 -0.1280250 0.7000000 1.00000 0.78000 0.08000
v -0.4000000 -0.1125833 0.7000000 1.00000 0.78000 0.08000
v -0.3574329 -0.0835624 0.7000000 1.00000 0.78000 0.08000
v -0.3296492 -0.0444626 0.7000000 1.00000 0.78000 0.08000
v -0.3278310 0.0000000 0.6505573 1.00000 0.78000 0.08000
v -0.3370079 0.0422865 0.6505573 1.00000 0.78000 0.08000
v -0.3634318 0.0794726 0.6505573 1.00000 0.78000 0.08000
v -0.4039155 0.1070731 0.6505573 1.00000 0.78000 0.08000
v -0.4535761 0.1217590 0.6505573 1.00000 0.78000 0.08000
v -0.5064239 0.1217590 0.6505573 1.00000 0.78000 0.08000
v -0.5560845 0.1070731 0.6505573 1.00000 0.78000 0.08000
v -0.5965682 0.0794726 0.6505573 1.00000 0.78000 0.08000
v -0.6229921 0.0422865 0.6505573 1.00000 0.78000 0.08000
v -0.6321690 0.0000000 0.6505573 1.00000 0.78000 0.08000
v -0.6229921 -0.0422865 0.6505573 1.00000 0.78000 0.08000
v -0.5965682 -0.0794726 0.6505573 1.00000 0.78000 0.08000
v -0.5560845 -0.1070731 0.6505573 1.00000 0.78000 0.08000
v -0.5064239 -0.1217590 0.6505573 1.00000 0.78000 0.08000
v -0.4535761 -0.1217590 0.6505573 1.00000 0.78000 0.08000
v -0.4039155 -0.1070731 0.6505573 1.00000 0.78000 0.08000
v -0.3634318 -0.0794726 0.6505573 1.00000 0.78000 0.08000
v -0.3370079 -0.0422865 0.6505573 1.00000 0.78000 0.08000
v -0.3505573 0.0000000 0.6059544 1.00000 0.78000 0.08000
v -0.3583636 0.0359710 0.6059544 1.00000 0.78000 0.08000
v -0.3808411 0.0676034 0.6059544 1.00000 0.78000 0.08000
v -0.4152786 0.0910818 0.6059544 1.00000 0.78000 0.08000
v -0.4575225 0.1035744 0.6059544 1.00000 0.78000 0.08000
v -0.5024775 0.1035744 0.6059544 1.00000 0.78000 0.08000
v -0.5447214 0.0910818 0.6059544 1.00000 0.78000 0.08000
v -0.5791589 0.0676034 0.6059544 1.00000 0.78000 0.08000
v -0.6016364 0.0359710 0.6059544 1.00000 0.78000 0.08000
v -0.6094427 0.0000000 0.6059544 1.00000 0.78000 0.08000
v -0.6016364 -0.0359710 0.6059544 1.00000 0.78000 0.08000
v -0.5791589 -0.0676034 0.6059544 1.00000 0.78000 0.08000
v -0.5447214 -0.0910818 0.6059544 1.00000 0.78000 0.08000
v -0.5024775 -0.1035744 0.6059544 1.00000 0.78000 0.08000
v -0.4575225 -0.1035744 0.6059544 1.00000 0.78000 0.08000
v -0.4152786 -0.0910818 0.6059544 1.00000 0.78000 0.08000
v -0.3808411 -0.0676034 0.6059544 1.00000 0.78000 0.08000
v -0.3583636 -0.0359710 0.6059544 1.00000 0.78000 0.08000
v -0.3859544 0.0000000 0.5705573 1.00000 0.78000 0.08000
v -0.3916260 0.0261345 0.5705573 1.00000 0.78000 0.08000
v -0.4079569 0.0491167 0.5705573 1.00000 0.78000 0.08000
v -0.4329772 0.0661748 0.5705573 1.00000 0.78000 0.08000
v -0.4636691 0.0752512 0.5705573 1.00000 0.78000 0.08000
v -0.4963309 0.0752512 0.5705573 1.00000 0.78000 0.08000
v -0.5270228 0.0661748 0.5705573 1.00000 0.78000 0.08000
v -0.5520431 0.0491167 0.5705573 1.00000 0.78000 0.08000
v -0.5683740 0.0261345 0.5705573 1.00000 0.78000 0.08000
v -0.5740456 0.0000000 0.5705573 1.00000 0.78000 0.08000
v -0.5683740 -0.0261345 0.5705573 1.00000 0.78000 0.08000
v -0.5520431 -0.0491167 0.5705573 1.00000 0.78000 0.08000
v -0.5270228 -0.0661748 0.5705573 1.00000 0.78000 0.08000
v -0.4963309 -0.0752512 0.5705573 1.00000 0.78000 0.08000
v -0.4636691 -0.0752512 0.5705573 1.00000 0.78000 0.08000
v -0.4329772 -0.0661748 0.5705573 1.00000 0.78000 0.08000
v -0.4079569 -0.0491167 0.5705573 1.00000 0.78000 0.08000
v -0.3916260 -0.0261345 0.5705573 1.00000 0.78000 0.08000
v -0.4305573 0.0000000 0.5478310 1.00000 0.78000 0.08000
v -0.4335390 0.0137397 0.5478310 1.00000 0.78000 0.08000
v -0.4421247 0.0258222 0.5478310 1.00000 0.78000 0.08000
v -0.4552786 0.0347902 0.5478310 1.00000 0.78000 0.08000
v -0.4714144 0.0395619 0.5478310 1.00000 0.78000 0.08000
v -0.4885856 0.0395619 0.5478310 1.00000 0.78000 0.08000
v -0.5047214 0.0347902 0.5478310 1.00000 0.78000 0.08000
v -0.5178753 0.0258222 0.5478310 1.00000 0.78000 0.08000
v -0.5264610 0.0137397 0.5478310 1.00000 0.78000 0.08000
v -0.5294427 0.0000000 0.5478310 1.00000 0.78000 0.08000
v -0.5264610 -0.0137397 0.5478310 1.00000 0.78000 0.08000
v -0.5178753 -0.0258222 0.5478310 1.00000 0.78000 0.08000
v -0.5047214 -0.0347902 0.5478310 1.00000 0.78000 0.08000
v -0.4885856 -0.0395619 0.5478310 1.00000 0.78000 0.08000
v -0.4714144 -0.0395619 0.5478310 1.00000 0.78000 0.08000
v -0.4552786 -0.0347902 0.5478310 1.00000 0.78000 0.08000
v -0.4421247 -0.0258222 0.5478310 1.00000 0.78000 0.08000
v -0.4335390 -0.0137397 0.5478310 1.00000 0.78000 0.08000
v -0.4800000 0.0000000 0.5400000 1.00000 0.78000 0.08000
v -0.4800000 0.0000000 0.5400000 1.00000 0.78000 0.08000
v -0.4800000 0.0000000 0.5400000 1.00000 0.78000 0.08000
v -0.4800000 0.0000000 0.5400000 1.00000 0.78000 0.08000
v -0.4800000 0.0000000 0.5400000 1.00000 0.78000 0.08000
v -0.4800000 0.0000000 0.5400000 1.00000 0.78000 0.08000
v -0.4800000 0.0000000 0.5400000 1.00000 0.78000 0.08000
v -0.4800000 0.0000000 0.5400000 1.00000 0.78000 0.08000
v -0.4800000 0.0000000 0.5400000 1.00000 0.78000 0.08000
v -0.4800000 0.0000000 0.5400000 1.00000 0.78000 0.08000
v -0.4800000 -0.0000000 0.5400000 1.00000 0.78000 0.08000
v -0.4800000 -0.0000000 0.5400000 1.00000 0.78000 0.08000
v -0.4800000 -0.0000000 0.5400000 1.00000 0.78000 0.08000
v -0.4800000 -0.0000000 0.5400000 1.00000 0.78000 0.08000
v -0.4800000 -0.0000000 0.5400000 1.00000 0.78000 0.08000
v -0.4800000 -0.0000000 0.5400000 1.00000 0.78000 0.08000
v -0.4800000 -0.0000000 0.5400000 1.00000 0.78000 0.08000
v -0.4800000 -0.0000000 0.5400000 1.00000 0.78000 0.08000
f 2 37 38
f 3 38 39
f 4 39 40
f 5 40 41
f 6 41 42
f 7 42 43
f 8 43 44
f 9 44 45
f 10 45 46
f 11 46 47
f 12 47 48
f 13 48 49
f 14 49 50
f 15 50 51
f 16 51 52
f 17 52 53
f 18 53 54
f 19 54 55
f 20 55 56
f 21 56 57
f 22 57 58
f 23 58 59
f 24 59 60
f 25 60 61
f 26 61 62
f 27 62 63
f 28 63 64
f 29 64 65
f 30 65 66
f 31 66 67
f 32 67 68
f 33 68 69
f 34 69 70
f 35 70 71
f 36 71 72
f 1 72 37
f 37 73 38
f 38 73 74
f 38 74 39
f 39 74 75
f 39 75 40
f 40 75 76
f 40 76 41
f 41 76 77
f 41 77 42
f 42 77 78
f 42 78 43
f 43 78 79
f 43 79 44
f 44 79 80
f 44 80 45
f 45 80 81
f 45 81 46
f 46 81 82
f 46 82 47
f 47 82 83
f 47 83 48
f 48 83 84
f 48 84 49
f 49 84 85
f 49 85 50
f 50 85 86
f 50 86 51
f 51 86 87
f 51 87 52
f 52 87 88
f 52 88 53
f 53 88 89
f 53 89 54
f 54 89 90
f 54 90 55
f 55 90 91
f 55 91 56
f 56 91 92
f 56 92 57
f 57 92 93
f 57 93 58
f 58 93 94
f 58 94 59
f 59 94 95
f 59 95 60
f 60 95 96
f 60 96 61
f 61 96 97
f 61 97 62
f 62 97 98
f 62 98 63
f 63 98 99
f 63 99 64
f 64 99 100
f 64 100 65
f 65 100 101
f 65 101 66
f 66 101 102
f 66 102 67
f 67 102 103
f 67 103 68
f 68 103 104
f 68 104 69
f 69 104 105
f 69 105 70
f 70 105 106
f 70 106 71
f 71 106 107
f 71 107 72
f 72 107 108
f 72 108 37
f 37 108 73
f 73 109 74
f 74 109 110
f 74 110 75
f 75 110 111
f 75 111 76
f 76 111 112
f 76 112 77
f 77 112 113
f 77 113 78
f 78 113 114
f 78 114 79
f 79 114 115
f 79 115 80
f 80 115 116
f 80 116 81
f 81 116 117
f 81 117 82
f 82 117 118
f 82 118 83
f 83 118 119
f 83 119 84
f 84 119 120
f 84 120 85
f 85 120 121
f 85 121 86
f 86 121 122
f 86 122 87
f 87 122 123
f 87 123 88
f 88 123 124
f 88 124 89
f 89 124 125
f 89 125 90
f 90 125 126
f 90 126 91
f 91 126 127
f 91 127 92
f 92 127 128
f 92 128 93
f 93 128 129
f 93 129 94
f 94 129 130
f 94 130 95
f 95 130 131
f 95 131 96
f 96 131 132
f 96 132 97
f 97 132 133
f 97 133 98
f 98 133 134
f 98 134 99
f 99 134 135
f 99 135 100
f 100 135 136
f 100 136 101
f 101 136 137
f 101 137 102
f 102 137 138
f 102 138 103
f 103 138 139
f 103 139 104
f 104 139 140
f 104 140 105
f 105 140 141
f 105 141 106
f 106 141 142
f 106 142 107
f 107 142 143
f 107 143 108
f 108 143 144
f 108 144 73
f 73 144 109
f 109 145 110
f 110 145 146
f 110 146 111
f 111 146 147
f 111 147 112
f 112 147 148
f 112 148 113
f 113 148 149
f 113 149 114
f 114 149 150
f 114 150 115
f 115 150 151
f 115 151 116
f 116 151 152
f 116 152 117
f 117 152 153
f 117 153 118
f 118 153 154
f 118 154 119
f 119 154 155
f 119 155 120
f 120 155 156
f 120 156 121
f 121 156 157
f 121 157 122
f 122 157 158
f 122 158 123
f 123 158 159
f 123 159 124
f 124 159 160
f 124 160 125
f 125 160 161
f 125 161 126
f 126 161 162
f 126 162 127
f 127 162 163
f 127 163 128
f 128 163 164
f 128 164 129
f 129 164 165
f 129 165 130
f 130 165 166
f 130 166 131
f 131 166 167
f 131 167 132
f 132 167 168
f 132 168 133
f 133 168 169
f 133 169 134
f 134 169 170
f 134 170 135
f 135 170 171
f 135 171 136
f 136 171 172
f 136 172 137
f 137 172 173
f 137 173 138
f 138 173 174
f 138 174 139
f 139 174 175
f 139 175 140
f 140 175 176
f 140 176 141
f 141 176 177
f 141 177 142
f 142 177 178
f 142 178 143
f 143 178 179
f 143 179 144
f 144 179 180
f 144 180 109
f 109 180 145
f 145 181 146
f 146 181 182
f 146 182 147
f 147 182 183
f 147 183 148
f 148 183 184
f 148 184 149
f 149 184 185
f 149 185 150
f 150 185 186
f 150 186 151
f 151 186 187
f 151 187 152
f 152 187 188
f 152 188 153
f 153 188 189
f 153 189 154
f 154 189 190
f 154 190 155
f 155 190 191
f 155 191 156
f 156 191 192
f 156 192 157
f 157 192 193
f 157 193 158
f 158 193 194
f 158 194 159
f 159 194 195
f 159 195 160
f 160 195 196
f 160 196 161
f 161 196 197
f 161 197 162
f 162 197 198
f 162 198 163
f 163 198 199
f 163 199 164
f 164 199 200
f 164 200 165
f 165 200 201
f 165 201 166
f 166 201 202
f 166 202 167
f 167 202 203
f 167 203 168
f 168 203 204
f 168 204 169
f 169 204 205
f 169 205 170
f 170 205 206
f 170 206 171
f 171 206 207
f 171 207 172
f 172 207 208
f 172 208 173
f 173 208 209
f 173 209 174
f 174 209 210
f 174 210 175
f 175 210 211
f 175 211 176
f 176 211 212
f 176 212 177
f 177 212 213
f 177 213 178
f 178 213 214
f 178 214 179
f 179 214 215
f 179 215 180
f 180 215 216
f 180 216 145
f 145 216 181
f 181 217 182
f 182 217 218
f 182 218 183
f 183 218 219
f 183 219 184
f 184 219 220
f 184 220 185
f 185 220 221
f 185 221 186
f 186 221 222
f 186 222 187
f 187 222 223
f 187 223 188
f 188 223 224
f 188 224 189
f 189 224 225
f 189 225 190
f 190 225 226
f 190 226 191
f 191 226 227
f 191 227 192
f 192 227 228
f 192 228 193
f 193 228 229
f 193 229 194
f 194 229 230
f 194 230 195
f 195 230 231
f 195 231 196
f 196 231 232
f 196 232 197
f 197 232 233
f 197 233 198
f 198 233 234
f 198 234 199
f 199 234 235
f 199 235 200
f 200 235 236
f 200 236 201
f 201 236 237
f 201 237 202
f 202 237 238
f 202 238 203
f 203 238 239
f 203 239 204
f 204 239 240
f 204 240 205
f 205 240 241
f 205 241 206
f 206 241 242
f 206 242 207
f 207 242 243
f 207 243 208
f 208 243 244
f 208 244 209
f 209 244 245
f 209 245 210
f 210 245 246
f 210 246 211
f 211 246 247
f 211 247 212
f 212 247 248
f 212 248 213
f 213 248 249
f 213 249 214
f 214 249 250
f 214 250 215
f 215 250 251
f 215 251 216
f 216 251 252
f 216 252 181
f 181 252 217
f 217 253 218
f 218 253 254
f 218 254 219
f 219 254 255
f 219 255 220
f 220 255 256
f 220 256 221
f 221 256 257
f 221 257 222
f 222 257 258
f 222 258 223
f 223 258 259
f 223 259 224
f 224 259 260
f 224 260 225
f 225 260 261
f 225 261 226
f 226 261 262
f 226 262 227
f 227 262 263
f 227 263 228
f 228 263 264
f 228 264 229
f 229 264 265
f 229 265 230
f 230 265 266
f 230 266 231
f 231 266 267
f 231 267 232
f 232 267 268
f 232 268 233
f 233 268 269
f 233 269 234
f 234 269 270
f 234 270 235
f 235 270 271
f 235 271 236
f 236 271 272
f 236 272 237
f 237 272 273
f 237 273 238
f 238 273 274
f 238 274 239
f 239 274 275
f 239 275 240
f 240 275 276
f 240 276 241
f 241 276 277
f 241 277 242
f 242 277 278
f 242 278 243
f 243 278 279
f 243 279 244
f 244 279 280
f 244 280 245
f 245 280 281
f 245 281 246
f 246 281 282
f 246 282 247
f 247 282 283
f 247 283 248
f 248 283 284
f 248 284 249
f 249 284 285
f 249 285 250
f 250 285 286
f 250 286 251
f 251 286 287
f 251 287 252
f 252 287 288
f 252 288 217
f 217 288 253
f 253 289 254
f 254 289 290
f 254 290 255
f 255 290 291
f 255 291 256
f 256 291 292
f 256 292 257
f 257 292 293
f 257 293 258
f 258 293 294
f 258 294 259
f 259 294 295
f 259 295 260
f 260 295 296
f 260 296 261
f 261 296 297
f 261 297 262
f 262 297 298
f 262 298 263
f 263 298 299
f 263 299 264
f 264 299 300
f 264 300 265
f 265 300 301
f 265 301 266
f 266 301 302
f 266 302 267
f 267 302 303
f 267 303 268
f 268 303 304
f 268 304 269
f 269 304 305
f 269 305 270
f 270 305 306
f 270 306 271
f 271 306 307
f 271 307 272
f 272 307 308
f 272 308 273
f 273 308 309
f 273 309 274
f 274 309 310
f 274 310 275
f 275 310 311
f 275 311 276
f 276 311 312
f 276 312 277
f 277 312 313
f 277 313 278
f 278 313 314
f 278 314 279
f 279 314 315
f 279 315 280
f 280 315 316
f 280 316 281
f 281 316 317
f 281 317 282
f 282 317 318
f 282 318 283
f 283 318 319
f 283 319 284
f 284 319 320
f 284 320 285
f 285 320 321
f 285 321 286
f 286 321 322
f 286 322 287
f 287 322 323
f 287 323 288
f 288 323 324
f 288 324 253
f 253 324 289
f 289 325 290
f 290 325 326
f 290 326 291
f 291 326 327
f 291 327 292
f 292 327 328
f 292 328 293
f 293 328 329
f 293 329 294
f 294 329 330
f 294 330 295
f 295 330 331
f 295 331 296
f 296 331 332
f 296 332 297
f 297 332 333
f 297 333 298
f 298 333 334
f 298 334 299
f 299 334 335
f 299 335 300
f 300 335 336
f 300 336 301
f 301 336 337
f 301 337 302
f 302 337 338
f 302 338 303
f 303 338 339
f 303 339 304
f 304 339 340
f 304 340 305
f 305 340 341
f 305 341 306
f 306 341 342
f 306 342 307
f 307 342 343
f 307 343 308
f 308 343 344
f 308 344 309
f 309 344 345
f 309 345 310
f 310 345 346
f 310 346 311
f 311 346 347
f 311 347 312
f 312 347 348
f 312 348 313
f 313 348 349
f 313 349 314
f 314 349 350
f 314 350 315
f 315 350 351
f 315 351 316
f 316 351 352
f 316 352 317
f 317 352 353
f 317 353 318
f 318 353 354
f 318 354 319
f 319 354 355
f 319 355 320
f 320 355 356
f 320 356 321
f 321 356 357
f 321 357 322
f 322 357 358
f 322 358 323
f 323 358 359
f 323 359 324
f 324 359 360
f 324 360 289
f 289 360 325
f 325 361 326
f 326 361 362
f 326 362 327
f 327 362 363
f 327 363 328
f 328 363 364
f 328 364 329
f 329 364 365
f 329 365 330
f 330 365 366
f 330 366 331
f 331 366 367
f 331 367 332
f 332 367 368
f 332 368 333
f 333 368 369
f 333 369 334
f 334 369 370
f 334 370 335
f 335 370 371
f 335 371 336
f 336 371 372
f 336 372 337
f 337 372 373
f 337 373 338
f 338 373 374
f 338 374 339
f 339 374 375
f 339 375 340
f 340 375 376
f 340 376 341
f 341 376 377
f 341 377 342
f 342 377 378
f 342 378 343
f 343 378 379
f 343 379 344
f 344 379 380
f 344 380 345
f 345 380 381
f 345 381 346
f 346 381 382
f 346 382 347
f 347 382 383
f 347 383 348
f 348 383 384
f 348 384 349
f 349 384 385
f 349 385 350
f 350 385 386
f 350 386 351
f 351 386 387
f 351 387 352
f 352 387 388
f 352 388 353
f 353 388 389
f 353 389 354
f 354 389 390
f 354 390 355
f 355 390 391
f 355 391 356
f 356 391 392
f 356 392 357
f 357 392 393
f 357 393 358
f 358 393 394
f 358 394 359
f 359 394 395
f 359 395 360
f 360 395 396
f 360 396 325
f 325 396 361
f 361 397 362
f 362 397 398
f 362 398 363
f 363 398 399
f 363 399 364
f 364 399 400
f 364 400 365
f 365 400 401
f 365 401 366
f 366 401 402
f 366 402 367
f 367 402 403
f 367 403 368
f 368 403 404
f 368 404 369
f 369 404 405
f 369 405 370
f 370 405 406
f 370 406 371
f 371 406 407
f 371 407 372
f 372 407 408
f 372 408 373
f 373 408 409
f 373 409 374
f 374 409 410
f 374 410 375
f 375 410 411
f 375 411 376
f 376 411 412
f 376 412 377
f 377 412 413
f 377 413 378
f 378 413 414
f 378 414 379
f 379 414 415
f 379 415 380
f 380 415 416
f 380 416 381
f 381 416 417
f 381 417 382
f 382 417 418
f 382 418 383
f 383 418 419
f 383 419 384
f 384 419 420
f 384 420 385
f 385 420 421
f 385 421 386
f 386 421 422
f 386 422 387
f 387 422 423
f 387 423 388
f 388 423 424
f 388 424 389
f 389 424 425
f 389 425 390
f 390 425 426
f 390 426 391
f 391 426 427
f 391 427 392
f 392 427 428
f 392 428 393
f 393 428 429
f 393 429 394
f 394 429 430
f 394 430 395
f 395 430 431
f 395 431 396
f 396 431 432
f 396 432 361
f 361 432 397
f 397 433 398
f 398 433 434
f 398 434 399
f 399 434 435
f 399 435 400
f 400 435 436
f 400 436 401
f 401 436 437
f 401 437 402
f 402 437 438
f 402 438 403
f 403 438 439
f 403 439 404
f 404 439 440
f 404 440 405
f 405 440 441
f 405 441 406
f 406 441 442
f 406 442 407
f 407 442 443
f 407 443 408
f 408 443 444
f 408 444 409
f 409 444 445
f 409 445 410
f 410 445 446
f 410 446 411
f 411 446 447
f 411 447 412
f 412 447 448
f 412 448 413
f 413 448 449
f 413 449 414
f 414 449 450
f 414 450 415
f 415 450 451
f 415 451 416
f 416 451 452
f 416 452 417
f 417 452 453
f 417 453 418
f 418 453 454
f 418 454 419
f 419 454 455
f 419 455 420
f 420 455 456
f 420 456 421
f 421 456 457
f 421 457 422
f 422 457 458
f 422 458 423
f 423 458 459
f 423 459 424
f 424 459 460
f 424 460 425
f 425 460 461
f 425 461 426
f 426 461 462
f 426 462 427
f 427 462 463
f 427 463 428
f 428 463 464
f 428 464 429
f 429 464 465
f 429 465 430
f 430 465 466
f 430 466 431
f 431 466 467
f 431 467 432
f 432 467 468
f 432 468 397
f 397 468 433
f 433 469 434
f 434 469 470
f 434 470 435
f 435 470 471
f 435 471 436
f 436 471 472
f 436 472 437
f 437 472 473
f 437 473 438
f 438 473 474
f 438 474 439
f 439 474 475
f 439 475 440
f 440 475 476
f 440 476 441
f 441 476 477
f 441 477 442
f 442 477 478
f 442 478 443
f 443 478 479
f 443 479 444
f 444 479 480
f 444 480 445
f 445 480 481
f 445 481 446
f 446 481 482
f 446 482 447
f 447 482 483
f 447 483 448
f 448 483 484
f 448 484 449
f 449 484 485
f 449 485 450
f 450 485 486
f 450 486 451
f 451 486 487
f 451 487 452
f 452 487 488
f 452 488 453
f 453 488 489
f 453 489 454
f 454 489 490
f 454 490 455
f 455 490 491
f 455 491 456
f 456 491 492
f 456 492 457
f 457 492 493
f 457 493 458
f 458 493 494
f 458 494 459
f 459 494 495
f 459 495 460
f 460 495 496
f 460 496 461
f 461 496 497
f 461 497 462
f 462 497 498
f 462 498 463
f 463 498 499
f 463 499 464
f 464 499 500
f 464 500 465
f 465 500 501
f 465 501 466
f 466 501 502
f 466 502 467
f 467 502 503
f 467 503 468
f 468 503 504
f 468 504 433
f 433 504 469
f 469 505 470
f 470 505 506
f 470 506 471
f 471 506 507
f 471 507 472
f 472 507 508
f 472 508 473
f 473 508 509
f 473 509 474
f 474 509 510
f 474 510 475
f 475 510 511
f 475 511 476
f 476 511 512
f 476 512 477
f 477 512 513
f 477 513 478
f 478 513 514
f 478 514 479
f 479 514 515
f 479 515 480
f 480 515 516
f 480 516 481
f 481 516 517
f 481 517 482
f 482 517 518
f 482 518 483
f 483 518 519
f 483 519 484
f 484 519 520
f 484 520 485
f 485 520 521
f 485 521 486
f 486 521 522
f 486 522 487
f 487 522 523
f 487 523 488
f 488 523 524
f 488 524 489
f 489 524 525
f 489 525 490
f 490 525 526
f 490 526 491
f 491 526 527
f 491 527 492
f 492 527 528
f 492 528 493
f 493 528 529
f 493 529 494
f 494 529 530
f 494 530 495
f 495 530 531
f 495 531 496
f 496 531 532
f 496 532 497
f 497 532 533
f 497 533 498
f 498 533 534
f 498 534 499
f 499 534 535
f 499 535 500
f 500 535 536
f 500 536 501
f 501 536 537
f 501 537 502
f 502 537 538
f 502 538 503
f 503 538 539
f 503 539 504
f 504 539 540
f 504 540 469
f 469 540 505
f 505 541 506
f 506 541 542
f 506 542 507
f 507 542 543
f 507 543 508
f 508 543 544
f 508 544 509
f 509 544 545
f 509 545 510
f 510 545 546
f 510 546 511
f 511 546 547
f 511 547 512
f 512 547 548
f 512 548 513
f 513 548 549
f 513 549 514
f 514 549 550
f 514 550 515
f 515 550 551
f 515 551 516
f 516 551 552
f 516 552 517
f 517 552 553
f 517 553 518
f 518 553 554
f 518 554 519
f 519 554 555
f 519 555 520
f 520 555 556
f 520 556 521
f 521 556 557
f 521 557 522
f 522 557 558
f 522 558 523
f 523 558 559
f 523 559 524
f 524 559 560
f 524 560 525
f 525 560 561
f 525 561 526
f 526 561 562
f 526 562 527
f 527 562 563
f 527 563 528
f 528 563 564
f 528 564 529
f 529 564 565
f 529 565 530
f 530 565 566
f 530 566 531
f 531 566 567
f 531 567 532
f 532 567 568
f 532 568 533
f 533 568 569
f 533 569 534
f 534 569 570
f 534 570 535
f 535 570 571
f 535 571 536
f 536 571 572
f 536 572 537
f 537 572 573
f 537 573 538
f 538 573 574
f 538 574 539
f 539 574 575
f 539 575 540
f 540 575 576
f 540 576 505
f 505 576 541
f 541 577 542
f 542 577 578
f 542 578 543
f 543 578 579
f 543 579 544
f 544 579 580
f 544 580 545
f 545 580 581
f 545 581 546
f 546 581 582
f 546 582 547
f 547 582 583
f 547 583 548
f 548 583 584
f 548 584 549
f 549 584 585
f 549 585 550
f 550 585 586
f 550 586 551
f 551 586 587
f 551 587 552
f 552 587 588
f 552 588 553
f 553 588 589
f 553 589 554
f 554 589 590
f 554 590 555
f 555 590 591
f 555 591 556
f 556 591 592
f 556 592 557
f 557 592 593
f 557 593 558
f 558 593 594
f 558 594 559
f 559 594 595
f 559 595 560
f 560 595 596
f 560 596 561
f 561 596 597
f 561 597 562
f 562 597 598
f 562 598 563
f 563 598 599
f 563 599 564
f 564 599 600
f 564 600 565
f 565 600 601
f 565 601 566
f 566 601 602
f 566 602 567
f 567 602 603
f 567 603 568
f 568 603 604
f 568 604 569
f 569 604 605
f 569 605 570
f 570 605 606
f 570 606 571
f 571 606 607
f 571 607 572
f 572 607 608
f 572 608 573
f 573 608 609
f 573 609 574
f 574 609 610
f 574 610 575
f 575 610 611
f 575 611 576
f 576 611 612
f 576 612 541
f 541 612 577
f 577 613 578
f 578 613 614
f 578 614 579
f 579 614 615
f 579 615 580
f 580 615 616
f 580 616 581
f 581 616 617
f 581 617 582
f 582 617 618
f 582 618 583
f 583 618 619
f 583 619 584
f 584 619 620
f 584 620 585
f 585 620 621
f 585 621 586
f 586 621 622
f 586 622 587
f 587 622 623
f 587 623 588
f 588 623 624
f 588 624 589
f 589 624 625
f 589 625 590
f 590 625 626
f 590 626 591
f 591 626 627
f 591 627 592
f 592 627 628
f 592 628 593
f 593 628 629
f 593 629 594
f 594 629 630
f 594 630 595
f 595 630 631
f 595 631 596
f 596 631 632
f 596 632 597
f 597 632 633
f 597 633 598
f 598 633 634
f 598 634 599
f 599 634 635
f 599 635 600
f 600 635 636
f 600 636 601
f 601 636 637
f 601 637 602
f 602 637 638
f 602 638 603
f 603 638 639
f 603 639 604
f 604 639 640
f 604 640 605
f 605 640 641
f 605 641 606
f 606 641 642
f 606 642 607
f 607 642 643
f 607 643 608
f 608 643 644
f 608 644 609
f 609 644 645
f 609 645 610
f 610 645 646
f 610 646 611
f 611 646 647
f 611 647 612
f 612 647 648
f 612 648 577
f 577 648 613
f 613 649 614
f 614 650 615
f 615 651 616
f 616 652 617
f 617 653 618
f 618 654 619
f 619 655 620
f 620 656 621
f 621 657 622
f 622 658 623
f 623 659 624
f 624 660 625
f 625 661 626
f 626 662 627
f 627 663 628
f 628 664 629
f 629 665 630
f 630 666 631
f 631 667 632
f 632 668 633
f 633 669 634
f 634 670 635
f 635 671 636
f 636 672 637
f 637 673 638
f 638 674 639
f 639 675 640
f 640 676 641
f 641 677 642
f 642 678 643
f 643 679 644
f 644 680 645
f 645 681 646
f 646 682 647
f 647 683 648
f 648 684 613
f 686 717 718
f 687 718 719
f 688 719 720
f 689 720 721
f 690 721 722
f 691 722 723
f 692 723 724
f 693 724 725
f 694 725 726
f 695 726 727
f 696 727 728
f 697 728 729
f 698 729 730
f 699 730 731
f 700 731 732
f 701 732 733
f 702 733 734
f 703 734 735
f 704 735 736
f 705 736 737
f 706 737 738
f 707 738 739
f 708 739 740
f 709 740 741
f 710 741 742
f 711 742 743
f 712 743 744
f 713 744 745
f 714 745 746
f 715 746 747
f 716 747 748
f 685 748 717
f 717 749 718
f 718 749 750
f 718 750 719
f 719 750 751
f 719 751 720
f 720 751 752
f 720 752 721
f 721 752 753
f 721 753 722
f 722 753 754
f 722 754 723
f 723 754 755
f 723 755 724
f 724 755 756
f 724 756 725
f 725 756 757
f 725 757 726
f 726 757 758
f 726 758 727
f 727 758 759
f 727 759 728
f 728 759 760
f 728 760 729
f 729 760 761
f 729 761 730
f 730 761 762
f 730 762 731
f 731 762 763
f 731 763 732
f 732 763 764
f 732 764 733
f 733 764 765
f 733 765 734
f 734 765 766
f 734 766 735
f 735 766 767
f 735 767 736
f 736 767 768
f 736 768 737
f 737 768 769
f 737 769 738
f 738 769 770
f 738 770 739
f 739 770 771
f 739 771 740
f 740 771 772
f 740 772 741
f 741 772 773
f 741 773 742
f 742 773 774
f 742 774 743
f 743 774 775
f 743 775 744
f 744 775 776
f 744 776 745
f 745 776 777
f 745 777 746
f 746 777 778
f 746 778 747
f 747 778 779
f 747 779 748
f 748 779 780
f 748 780 717
f 717 780 749
f 749 781 750
f 750 781 782
f 750 782 751
f 751 782 783
f 751 783 752
f 752 783 784
f 752 784 753
f 753 784 785
f 753 785 754
f 754 785 786
f 754 786 755
f 755 786 787
f 755 787 756
f 756 787 788
f 756 788 757
f 757 788 789
f 757 789 758
f 758 789 790
f 758 790 759
f 759 790 791
f 759 791 760
f 760 791 792
f 760 792 761
f 761 792 793
f 761 793 762
f 762 793 794
f 762 794 763
f 763 794 795
f 763 795 764
f 764 795 796
f 764 796 765
f 765 796 797
f 765 797 766
f 766 797 798
f 766 798 767
f 767 798 799
f 767 799 768
f 768 799 800
f 768 800 769
f 769 800 801
f 769 801 770
f 770 801 802
f 770 802 771
f 771 802 803
f 771 803 772
f 772 803 804
f 772 804 773
f 773 804 805
f 773 805 774
f 774 805 806
f 774 806 775
f 775 806 807
f 775 807 776
f 776 807 808
f 776 808 777
f 777 808 809
f 777 809 778
f 778 809 810
f 778 810 779
f 779 810 811
f 779 811 780
f 780 811 812
f 780 812 749
f 749 812 781
f 781 813 782
f 782 813 814
f 782 814 783
f 783 814 815
f 783 815 784
f 784 815 816
f 784 816 785
f 785 816 817
f 785 817 786
f 786 817 818
f 786 818 787
f 787 818 819
f 787 819 788
f 788 819 820
f 788 820 789
f 789 820 821
f 789 821 790
f 790 821 822
f 790 822 791
f 791 822 823
f 791 823 792
f 792 823 824
f 792 824 793
f 793 824 825
f 793 825 794
f 794 825 826
f 794 826 795
f 795 826 827
f 795 827 796
f 796 827 828
f 796 828 797
f 797 828 829
f 797 829 798
f 798 829 830
f 798 830 799
f 799 830 831
f 799 831 800
f 800 831 832
f 800 832 801
f 801 832 833
f 801 833 802
f 802 833 834
f 802 834 803
f 803 834 835
f 803 835 804
f 804 835 836
f 804 836 805
f 805 836 837
f 805 837 806
f 806 837 838
f 806 838 807
f 807 838 839
f 807 839 808
f 808 839 840
f 808 840 809
f 809 840 841
f 809 841 810
f 810 841 842
f 810 842 811
f 811 842 843
f 811 843 812
f 812 843 844
f 812 844 781
f 781 844 813
f 813 845 814
f 814 845 846
f 814 846 815
f 815 846 847
f 815 847 816
f 816 847 848
f 816 848 817
f 817 848 849
f 817 849 818
f 818 849 850
f 818 850 819
f 819 850 851
f 819 851 820
f 820 851 852
f 820 852 821
f 821 852 853
f 821 853 822
f 822 853 854
f 822 854 823
f 823 854 855
f 823 855 824
f 824 855 856
f 824 856 825
f 825 856 857
f 825 857 826
f 826 857 858
f 826 858 827
f 827 858 859
f 827 859 828
f 828 859 860
f 828 860 829
f 829 860 861
f 829 861 830
f 830 861 862
f 830 862 831
f 831 862 863
f 831 863 832
f 832 863 864
f 832 864 833
f 833 864 865
f 833 865 834
f 834 865 866
f 834 866 835
f 835 866 867
f 835 867 836
f 836 867 868
f 836 868 837
f 837 868 869
f 837 869 838
f 838 869 870
f 838 870 839
f 839 870 871
f 839 871 840
f 840 871 872
f 840 872 841
f 841 872 873
f 841 873 842
f 842 873 874
f 842 874 843
f 843 874 875
f 843 875 844
f 844 875 876
f 844 876 813
f 813 876 845
f 845 877 846
f 846 877 878
f 846 878 847
f 847 878 879
f 847 879 848
f 848 879 880
f 848 880 849
f 849 880 881
f 849 881 850
f 850 881 882
f 850 882 851
f 851 882 883
f 851 883 852
f 852 883 884
f 852 884 853
f 853 884 885
f 853 885 854
f 854 885 886
f 854 886 855
f 855 886 887
f 855 887 856
f 856 887 888
f 856 888 857
f 857 888 889
f 857 889 858
f 858 889 890
f 858 890 859
f 859 890 891
f 859 891 860
f 860 891 892
f 860 892 861
f 861 892 893
f 861 893 862
f 862 893 894
f 862 894 863
f 863 894 895
f 863 895 864
f 864 895 896
f 864 896 865
f 865 896 897
f 865 897 866
f 866 897 898
f 866 898 867
f 867 898 899
f 867 899 868
f 868 899 900
f 868 900 869
f 869 900 901
f 869 901 870
f 870 901 902
f 870 902 871
f 871 902 903
f 871 903 872
f 872 903 904
f 872 904 873
f 873 904 905
f 873 905 874
f 874 905 906
f 874 906 875
f 875 906 907
f 875 907 876
f 876 907 908
f 876 908 845
f 845 908 877
f 877 909 878
f 878 909 910
f 878 910 879
f 879 910 911
f 879 911 880
f 880 911 912
f 880 912 881
f 881 912 913
f 881 913 882
f 882 913 914
f 882 914 883
f 883 914 915
f 883 915 884
f 884 915 916
f 884 916 885
f 885 916 917
f 885 917 886
f 886 917 918
f 886 918 887
f 887 918 919
f 887 919 888
f 888 919 920
f 888 920 889
f 889 920 921
f 889 921 890
f 890 921 922
f 890 922 891
f 891 922 923
f 891 923 892
f 892 923 924
f 892 924 893
f 893 924 925
f 893 925 894
f 894 925 926
f 894 926 895
f 895 926 927
f 895 927 896
f 896 927 928
f 896 928 897
f 897 928 929
f 897 929 898
f 898 929 930
f 898 930 899
f 899 930 931
f 899 931 900
f 900 931 932
f 900 932 901
f 901 932 933
f 901 933 902
f 902 933 934
f 902 934 903
f 903 934 935
f 903 935 904
f 904 935 936
f 904 936 905
f 905 936 937
f 905 937 906
f 906 937 938
f 906 938 907
f 907 938 939
f 907 939 908
f 908 939 940
f 908 940 877
f 877 940 909
f 909 941 910
f 910 941 942
f 910 942 911
f 911 942 943
f 911 943 912
f 912 943 944
f 912 944 913
f 913 944 945
f 913 945 914
f 914 945 946
f 914 946 915
f 915 946 947
f 915 947 916
f 916 947 948
f 916 948 917
f 917 948 949
f 917 949 918
f 918 949 950
f 918 950 919
f 919 950 951
f 919 951 920
f 920 951 952
f 920 952 921
f 921 952 953
f 921 953 922
f 922 953 954
f 922 954 923
f 923 954 955
f 923 955 924
f 924 955 956
f 924 956 925
f 925 956 957
f 925 957 926
f 926 957 958
f 926 958 927
f 927 958 959
f 927 959 928
f 928 959 960
f 928 960 929
f 929 960 961
f 929 961 930
f 930 961 962
f 930 962 931
f 931 962 963
f 931 963 932
f 932 963 964
f 932 964 933
f 933 964 965
f 933 965 934
f 934 965 966
f 934 966 935
f 935 966 967
f 935 967 936
f 936 967 968
f 936 968 937
f 937 968 969
f 937 969 938
f 938 969 970
f 938 970 939
f 939 970 971
f 939 971 940
f 940 971 972
f 940 972 909
f 909 972 941
f 941 973 942
f 942 973 974
f 942 974 943
f 943 974 975
f 943 975 944
f 944 975 976
f 944 976 945
f 945 976 977
f 945 977 946
f 946 977 978
f 946 978 947
f 947 978 979
f 947 979 948
f 948 979 980
f 948 980 949
f 949 980 981
f 949 981 950
f 950 981 982
f 950 982 951
f 951 982 983
f 951 983 952
f 952 983 984
f 952 984 953
f 953 984 985
f 953 985 954
f 954 985 986
f 954 986 955
f 955 986 987
f 955 987 956
f 956 987 988
f 956 988 957
f 957 988 989
f 957 989 958
f 958 989 990
f 958 990 959
f 959 990 991
f 959 991 960
f 960 991 992
f 960 992 961
f 961 992 993
f 961 993 962
f 962 993 994
f 962 994 963
f 963 994 995
f 963 995 964
f 964 995 996
f 964 996 965
f 965 996 997
f 965 997 966
f 966 997 998
f 966 998 967
f 967 998 999
f 967 999 968
f 968 999 1000
f 968 1000 969
f 969 1000 1001
f 969 1001 970
f 970 1001 1002
f 970 1002 971
f 971 1002 1003
f 971 1003 972
f 972 1003 1004
f 972 1004 941
f 941 1004 973
f 973 1005 974
f 974 1005 1006
f 974 1006 975
f 975 1006 1007
f 975 1007 976
f 976 1007 1008
f 976 1008 977
f 977 1008 1009
f 977 1009 978
f 978 1009 1010
f 978 1010 979
f 979 1010 1011
f 979 1011 980
f 980 1011 1012
f 980 1012 981
f 981 1012 1013
f 981 1013 982
f 982 1013 1014
f 982 1014 983
f 983 1014 1015
f 983 1015 984
f 984 1015 1016
f 984 1016 985
f 985 1016 1017
f 985 1017 986
f 986 1017 1018
f 986 1018 987
f 987 1018 1019
f 987 1019 988
f 988 1019 1020
f 988 1020 989
f 989 1020 1021
f 989 1021 990
f 990 1021 1022
f 990 1022 991
f 991 1022 1023
f 991 1023 992
f 992 1023 1024
f 992 1024 993
f 993 1024 1025
f 993 1025 994
f 994 1025 1026
f 994 1026 995
f 995 1026 1027
f 995 1027 996
f 996 1027 1028
f 996 1028 997
f 997 1028 1029
f 997 1029 998
f 998 1029 1030
f 998 1030 999
f 999 1030 1031
f 999 1031 1000
f 1000 1031 1032
f 1000 1032 1001
f 1001 1032 1033
f 1001 1033 1002
f 1002 1033 1034
f 1002 1034 1003
f 1003 1034 1035
f 1003 1035 1004
f 1004 1035 1036
f 1004 1036 973
f 973 1036 1005
f 1005 1037 1006
f 1006 1037 1038
f 1006 1038 1007
f 1007 1038 1039
f 1007 1039 1008
f 1008 1039 1040
f 1008 1040 1009
f 1009 1040 1041
f 1009 1041 1010
f 1010 1041 1042
f 1010 1042 1011
f 1011 1042 1043
f 1011 1043 1012
f 1012 1043 1044
f 1012 1044 1013
f 1013 1044 1045
f 1013 1045 1014
f 1014 1045 1046
f 1014 1046 1015
f 1015 1046 1047
f 1015 1047 1016
f 1016 1047 1048
f 1016 1048 1017
f 1017 1048 1049
f 1017 1049 1018
f 1018 1049 1050
f 1018 1050 1019
f 1019 1050 1051
f 1019 1051 1020
f 1020 1051 1052
f 1020 1052 1021
f 1021 1052 1053
f 1021 1053 1022
f 1022 1053 1054
f 1022 1054 1023
f 1023 1054 1055
f 1023 1055 1024
f 1024 1055 1056
f 1024 1056 1025
f 1025 1056 1057
f 1025 1057 1026
f 1026 1057 1058
f 1026 1058 1027
f 1027 1058 1059
f 1027 1059 1028
f 1028 1059 1060
f 1028 1060 1029
f 1029 1060 1061
f 1029 1061 1030
f 1030 1061 1062
f 1030 1062 1031
f 1031 1062 1063
f 1031 1063 1032
f 1032 1063 1064
f 1032 1064 1033
f 1033 1064 1065
f 1033 1065 1034
f 1034 1065 1066
f 1034 1066 1035
f 1035 1066 1067
f 1035 1067 1036
f 1036 1067 1068
f 1036 1068 1005
f 1005 1068 1037
f 1037 1069 1038
f 1038 1069 1070
f 1038 1070 1039
f 1039 1070 1071
f 1039 1071 1040
f 1040 1071 1072
f 1040 1072 1041
f 1041 1072 1073
f 1041 1073 1042
f 1042 1073 1074
f 1042 1074 1043
f 1043 1074 1075
f 1043 1075 1044
f 1044 1075 1076
f 1044 1076 1045
f 1045 1076 1077
f 1045 1077 1046
f 1046 1077 1078
f 1046 1078 1047
f 1047 1078 1079
f 1047 1079 1048
f 1048 1079 1080
f 1048 1080 1049
f 1049 1080 1081
f 1049 1081 1050
f 1050 1081 1082
f 1050 1082 1051
f 1051 1082 1083
f 1051 1083 1052
f 1052 1083 1084
f 1052 1084 1053
f 1053 1084 1085
f 1053 1085 1054
f 1054 1085 1086
f 1054 1086 1055
f 1055 1086 1087
f 1055 1087 1056
f 1056 1087 1088
f 1056 1088 1057
f 1057 1088 1089
f 1057 1089 1058
f 1058 1089 1090
f 1058 1090 1059
f 1059 1090 1091
f 1059 1091 1060
f 1060 1091 1092
f 1060 1092 1061
f 1061 1092 1093
f 1061 1093 1062
f 1062 1093 1094
f 1062 1094 1063
f 1063 1094 1095
f 1063 1095 1064
f 1064 1095 1096
f 1064 1096 1065
f 1065 1096 1097
f 1065 1097 1066
f 1066 1097 1098
f 1066 1098 1067
f 1067 1098 1099
f 1067 1099 1068
f 1068 1099 1100
f 1068 1100 1037
f 1037 1100 1069
f 1069 1101 1070
f 1070 1101 1102
f 1070 1102 1071
f 1071 1102 1103
f 1071 1103 1072
f 1072 1103 1104
f 1072 1104 1073
f 1073 1104 1105
f 1073 1105 1074
f 1074 1105 1106
f 1074 1106 1075
f 1075 1106 1107
f 1075 1107 1076
f 1076 1107 1108
f 1076 1108 1077
f 1077 1108 1109
f 1077 1109 1078
f 1078 1109 1110
f 1078 1110 1079
f 1079 1110 1111
f 1079 1111 1080
f 1080 1111 1112
f 1080 1112 1081
f 1081 1112 1113
f 1081 1113 1082
f 1082 1113 1114
f 1082 1114 1083
f 1083 1114 1115
f 1083 1115 1084
f 1084 1115 1116
f 1084 1116 1085
f 1085 1116 1117
f 1085 1117 1086
f 1086 1117 1118
f 1086 1118 1087
f 1087 1118 1119
f 1087 1119 1088
f 1088 1119 1120
f 1088 1120 1089
f 1089 1120 1121
f 1089 1121 1090
f 1090 1121 1122
f 1090 1122 1091
f 1091 1122 1123
f 1091 1123 1092
f 1092 1123 1124
f 1092 1124 1093
f 1093 1124 1125
f 1093 1125 1094
f 1094 1125 1126
f 1094 1126 1095
f 1095 1126 1127
f 1095 1127 1096
f 1096 1127 1128
f 1096 1128 1097
f 1097 1128 1129
f 1097 1129 1098
f 1098 1129 1130
f 1098 1130 1099
f 1099 1130 1131
f 1099 1131 1100
f 1100 1131 1132
f 1100 1132 1069
f 1069 1132 1101
f 1101 1133 1102
f 1102 1133 1134
f 1102 1134 1103
f 1103 1134 1135
f 1103 1135 1104
f 1104 1135 1136
f 1104 1136 1105
f 1105 1136 1137
f 1105 1137 1106
f 1106 1137 1138
f 1106 1138 1107
f 1107 1138 1139
f 1107 1139 1108
f 1108 1139 1140
f 1108 1140 1109
f 1109 1140 1141
f 1109 1141 1110
f 1110 1141 1142
f 1110 1142 1111
f 1111 1142 1143
f 1111 1143 1112
f 1112 1143 1144
f 1112 1144 1113
f 1113 1144 1145
f 1113 1145 1114
f 1114 1145 1146
f 1114 1146 1115
f 1115 1146 1147
f 1115 1147 1116
f 1116 1147 1148
f 1116 1148 1117
f 1117 1148 1149
f 1117 1149 1118
f 1118 1149 1150
f 1118 1150 1119
f 1119 1150 1151
f 1119 1151 1120
f 1120 1151 1152
f 1120 1152 1121
f 1121 1152 1153
f 1121 1153 1122
f 1122 1153 1154
f 1122 1154 1123
f 1123 1154 1155
f 1123 1155 1124
f 1124 1155 1156
f 1124 1156 1125
f 1125 1156 1157
f 1125 1157 1126
f 1126 1157 1158
f 1126 1158 1127
f 1127 1158 1159
f 1127 1159 1128
f 1128 1159 1160
f 1128 1160 1129
f 1129 1160 1161
f 1129 1161 1130
f 1130 1161 1162
f 1130 1162 1131
f 1131 1162 1163
f 1131 1163 1132
f 1132 1163 1164
f 1132 1164 1101
f 1101 1164 1133
f 1133 1165 1134
f 1134 1165 1166
f 1134 1166 1135
f 1135 1166 1167
f 1135 1167 1136
f 1136 1167 1168
f 1136 1168 1137
f 1137 1168 1169
f 1137 1169 1138
f 1138 1169 1170
f 1138 1170 1139
f 1139 1170 1171
f 1139 1171 1140
f 1140 1171 1172
f 1140 1172 1141
f 1141 1172 1173
f 1141 1173 1142
f 1142 1173 1174
f 1142 1174 1143
f 1143 1174 1175
f 1143 1175 1144
f 1144 1175 1176
f 1144 1176 1145
f 1145 1176 1177
f 1145 1177 1146
f 1146 1177 1178
f 1146 1178 1147
f 1147 1178 1179
f 1147 1179 1148
f 1148 1179 1180
f 1148 1180 1149
f 1149 1180 1181
f 1149 1181 1150
f 1150 1181 1182
f 1150 1182 1151
f 1151 1182 1183
f 1151 1183 1152
f 1152 1183 1184
f 1152 1184 1153
f 1153 1184 1185
f 1153 1185 1154
f 1154 1185 1186
f 1154 1186 1155
f 1155 1186 1187
f 1155 1187 1156
f 1156 1187 1188
f 1156 1188 1157
f 1157 1188 1189
f 1157 1189 1158
f 1158 1189 1190
f 1158 1190 1159
f 1159 1190 1191
f 1159 1191 1160
f 1160 1191 1192
f 1160 1192 1161
f 1161 1192 1193
f 1161 1193 1162
f 1162 1193 1194
f 1162 1194 1163
f 1163 1194 1195
f 1163 1195 1164
f 1164 1195 1196
f 1164 1196 1133
f 1133 1196 1165
f 1165 1197 1166
f 1166 1198 1167
f 1167 1199 1168
f 1168 1200 1169
f 1169 1201 1170
f 1170 1202 1171
f 1171 1203 1172
f 1172 1204 1173
f 1173 1205 1174
f 1174 1206 1175
f 1175 1207 1176
f 1176 1208 1177
f 1177 1209 1178
f 1178 1210 1179
f 1179 1211 1180
f 1180 1212 1181
f 1181 1213 1182
f 1182 1214 1183
f 1183 1215 1184
f 1184 1216 1185
f 1185 1217 1186
f 1186 1218 1187
f 1187 1219 1188
f 1188 1220 1189
f 1189 1221 1190
f 1190 1222 1191
f 1191 1223 1192
f 1192 1224 1193
f 1193 1225 1194
f 1194 1226 1195
f 1195 1227 1196
f 1196 1228 1165
f 1262 1229 1230
f 1261 1230 1229
f 1262 1230 1231
f 1261 1231 1230
f 1262 1231 1232
f 1261 1232 1231
f 1262 1232 1233
f 1261 1233 1232
f 1262 1233 1234
f 1261 1234 1233
f 1262 1234 1235
f 1261 1235 1234
f 1262 1235 1236
f 1261 1236 1235
f 1262 1236 1237
f 1261 1237 1236
f 1262 1237 1238
f 1261 1238 1237
f 1262 1238 1239
f 1261 1239 1238
f 1262 1239 1240
f 1261 1240 1239
f 1262 1240 1241
f 1261 1241 1240
f 1262 1241 1242
f 1261 1242 1241
f 1262 1242 1243
f 1261 1243 1242
f 1262 1243 1244
f 1261 1244 1243
f 1262 1244 1245
f 1261 1245 1244
f 1262 1245 1246
f 1261 1246 1245
f 1262 1246 1247
f 1261 1247 1246
f 1262 1247 1248
f 1261 1248 1247
f 1262 1248 1249
f 1261 1249 1248
f 1262 1249 1250
f 1261 1250 1249
f 1262 1250 1251
f 1261 1251 1250
f 1262 1251 1252
f 1261 1252 1251
f 1262 1252 1253
f 1261 1253 1252
f 1262 1253 1254
f 1261 1254 1253
f 1262 1254 1255
f 1261 1255 1254
f 1262 1255 1256
f 1261 1256 1255
f 1262 1256 1257
f 1261 1257 1256
f 1262 1257 1258
f 1261 1258 1257
f 1262 1258 1259
f 1261 1259 1258
f 1262 1259 1260
f 1261 1260 1259
f 1262 1260 1229
f 1261 1229 1260
f 1264 1287 1288
f 1265 1288 1289
f 1266 1289 1290
f 1267 1290 1291
f 1268 1291 1292
f 1269 1292 1293
f 1270 1293 1294
f 1271 1294 1295
f 1272 1295 1296
f 1273 1296 1297
f 1274 1297 1298
f 1275 1298 1299
f 1276 1299 1300
f 1277 1300 1301
f 1278 1301 1302
f 1279 1302 1303
f 1280 1303 1304
f 1281 1304 1305
f 1282 1305 1306
f 1283 1306 1307
f 1284 1307 1308
f 1285 1308 1309
f 1286 1309 1310
f 1263 1310 1287
f 1287 1311 1288
f 1288 1311 1312
f 1288 1312 1289
f 1289 1312 1313
f 1289 1313 1290
f 1290 1313 1314
f 1290 1314 1291
f 1291 1314 1315
f 1291 1315 1292
f 1292 1315 1316
f 1292 1316 1293
f 1293 1316 1317
f 1293 1317 1294
f 1294 1317 1318
f 1294 1318 1295
f 1295 1318 1319
f 1295 1319 1296
f 1296 1319 1320
f 1296 1320 1297
f 1297 1320 1321
f 1297 1321 1298
f 1298 1321 1322
f 1298 1322 1299
f 1299 1322 1323
f 1299 1323 1300
f 1300 1323 1324
f 1300 1324 1301
f 1301 1324 1325
f 1301 1325 1302
f 1302 1325 1326
f 1302 1326 1303
f 1303 1326 1327
f 1303 1327 1304
f 1304 1327 1328
f 1304 1328 1305
f 1305 1328 1329
f 1305 1329 1306
f 1306 1329 1330
f 1306 1330 1307
f 1307 1330 1331
f 1307 1331 1308
f 1308 1331 1332
f 1308 1332 1309
f 1309 1332 1333
f 1309 1333 1310
f 1310 1333 1334
f 1310 1334 1287
f 1287 1334 1311
f 1311 1335 1312
f 1312 1335 1336
f 1312 1336 1313
f 1313 1336 1337
f 1313 1337 1314
f 1314 1337 1338
f 1314 1338 1315
f 1315 1338 1339
f 1315 1339 1316
f 1316 1339 1340
f 1316 1340 1317
f 1317 1340 1341
f 1317 1341 1318
f 1318 1341 1342
f 1318 1342 1319
f 1319 1342 1343
f 1319 1343 1320
f 1320 1343 1344
f 1320 1344 1321
f 1321 1344 1345
f 1321 1345 1322
f 1322 1345 1346
f 1322 1346 1323
f 1323 1346 1347
f 1323 1347 1324
f 1324 1347 1348
f 1324 1348 1325
f 1325 1348 1349
f 1325 1349 1326
f 1326 1349 1350
f 1326 1350 1327
f 1327 1350 1351
f 1327 1351 1328
f 1328 1351 1352
f 1328 1352 1329
f 1329 1352 1353
f 1329 1353 1330
f 1330 1353 1354
f 1330 1354 1331
f 1331 1354 1355
f 1331 1355 1332
f 1332 1355 1356
f 1332 1356 1333
f 1333 1356 1357
f 1333 1357 1334
f 1334 1357 1358
f 1334 1358 1311
f 1311 1358 1335
f 1335 1359 1336
f 1336 1359 1360
f 1336 1360 1337
f 1337 1360 1361
f 1337 1361 1338
f 1338 1361 1362
f 1338 1362 1339
f 1339 1362 1363
f 1339 1363 1340
f 1340 1363 1364
f 1340 1364 1341
f 1341 1364 1365
f 1341 1365 1342
f 1342 1365 1366
f 1342 1366 1343
f 1343 1366 1367
f 1343 1367 1344
f 1344 1367 1368
f 1344 1368 1345
f 1345 1368 1369
f 1345 1369 1346
f 1346 1369 1370
f 1346 1370 1347
f 1347 1370 1371
f 1347 1371 1348
f 1348 1371 1372
f 1348 1372 1349
f 1349 1372 1373
f 1349 1373 1350
f 1350 1373 1374
f 1350 1374 1351
f 1351 1374 1375
f 1351 1375 1352
f 1352 1375 1376
f 1352 1376 1353
f 1353 1376 1377
f 1353 1377 1354
f 1354 1377 1378
f 1354 1378 1355
f 1355 1378 1379
f 1355 1379 1356
f 1356 1379 1380
f 1356 1380 1357
f 1357 1380 1381
f 1357 1381 1358
f 1358 1381 1382
f 1358 1382 1335
f 1335 1382 1359
f 1359 1383 1360
f 1360 1383 1384
f 1360 1384 1361
f 1361 1384 1385
f 1361 1385 1362
f 1362 1385 1386
f 1362 1386 1363
f 1363 1386 1387
f 1363 1387 1364
f 1364 1387 1388
f 1364 1388 1365
f 1365 1388 1389
f 1365 1389 1366
f 1366 1389 1390
f 1366 1390 1367
f 1367 1390 1391
f 1367 1391 1368
f 1368 1391 1392
f 1368 1392 1369
f 1369 1392 1393
f 1369 1393 1370
f 1370 1393 1394
f 1370 1394 1371
f 1371 1394 1395
f 1371 1395 1372
f 1372 1395 1396
f 1372 1396 1373
f 1373 1396 1397
f 1373 1397 1374
f 1374 1397 1398
f 1374 1398 1375
f 1375 1398 1399
f 1375 1399 1376
f 1376 1399 1400
f 1376 1400 1377
f 1377 1400 1401
f 1377 1401 1378
f 1378 1401 1402
f 1378 1402 1379
f 1379 1402 1403
f 1379 1403 1380
f 1380 1403 1404
f 1380 1404 1381
f 1381 1404 1405
f 1381 1405 1382
f 1382 1405 1406
f 1382 1406 1359
f 1359 1406 1383
f 1383 1407 1384
f 1384 1407 1408
f 1384 1408 1385
f 1385 1408 1409
f 1385 1409 1386
f 1386 1409 1410
f 1386 1410 1387
f 1387 1410 1411
f 1387 1411 1388
f 1388 1411 1412
f 1388 1412 1389
f 1389 1412 1413
f 1389 1413 1390
f 1390 1413 1414
f 1390 1414 1391
f 1391 1414 1415
f 1391 1415 1392
f 1392 1415 1416
f 1392 1416 1393
f 1393 1416 1417
f 1393 1417 1394
f 1394 1417 1418
f 1394 1418 1395
f 1395 1418 1419
f 1395 1419 1396
f 1396 1419 1420
f 1396 1420 1397
f 1397 1420 1421
f 1397 1421 1398
f 1398 1421 1422
f 1398 1422 1399
f 1399 1422 1423
f 1399 1423 1400
f 1400 1423 1424
f 1400 1424 1401
f 1401 1424 1425
f 1401 1425 1402
f 1402 1425 1426
f 1402 1426 1403
f 1403 1426 1427
f 1403 1427 1404
f 1404 1427 1428
f 1404 1428 1405
f 1405 1428 1429
f 1405 1429 1406
f 1406 1429 1430
f 1406 1430 1383
f 1383 1430 1407
f 1407 1431 1408
f 1408 1431 1432
f 1408 1432 1409
f 1409 1432 1433
f 1409 1433 1410
f 1410 1433 1434
f 1410 1434 1411
f 1411 1434 1435
f 1411 1435 1412
f 1412 1435 1436
f 1412 1436 1413
f 1413 1436 1437
f 1413 1437 1414
f 1414 1437 1438
f 1414 1438 1415
f 1415 1438 1439
f 1415 1439 1416
f 1416 1439 1440
f 1416 1440 1417
f 1417 1440 1441
f 1417 1441 1418
f 1418 1441 1442
f 1418 1442 1419
f 1419 1442 1443
f 1419 1443 1420
f 1420 1443 1444
f 1420 1444 1421
f 1421 1444 1445
f 1421 1445 1422
f 1422 1445 1446
f 1422 1446 1423
f 1423 1446 1447
f 1423 1447 1424
f 1424 1447 1448
f 1424 1448 1425
f 1425 1448 1449
f 1425 1449 1426
f 1426 1449 1450
f 1426 1450 1427
f 1427 1450 1451
f 1427 1451 1428
f 1428 1451 1452
f 1428 1452 1429
f 1429 1452 1453
f 1429 1453 1430
f 1430 1453 1454
f 1430 1454 1407
f 1407 1454 1431
f 1431 1455 1432
f 1432 1455 1456
f 1432 1456 1433
f 1433 1456 1457
f 1433 1457 1434
f 1434 1457 1458
f 1434 1458 1435
f 1435 1458 1459
f 1435 1459 1436
f 1436 1459 1460
f 1436 1460 1437
f 1437 1460 1461
f 1437 1461 1438
f 1438 1461 1462
f 1438 1462 1439
f 1439 1462 1463
f 1439 1463 1440
f 1440 1463 1464
f 1440 1464 1441
f 1441 1464 1465
f 1441 1465 1442
f 1442 1465 1466
f 1442 1466 1443
f 1443 1466 1467
f 1443 1467 1444
f 1444 1467 1468
f 1444 1468 1445
f 1445 1468 1469
f 1445 1469 1446
f 1446 1469 1470
f 1446 1470 1447
f 1447 1470 1471
f 1447 1471 1448
f 1448 1471 1472
f 1448 1472 1449
f 1449 1472 1473
f 1449 1473 1450
f 1450 1473 1474
f 1450 1474 1451
f 1451 1474 1475
f 1451 1475 1452
f 1452 1475 1476
f 1452 1476 1453
f 1453 1476 1477
f 1453 1477 1454
f 1454 1477 1478
f 1454 1478 1431
f 1431 1478 1455
f 1455 1479 1456
f 1456 1479 1480
f 1456 1480 1457
f 1457 1480 1481
f 1457 1481 1458
f 1458 1481 1482
f 1458 1482 1459
f 1459 1482 1483
f 1459 1483 1460
f 1460 1483 1484
f 1460 1484 1461
f 1461 1484 1485
f 1461 1485 1462
f 1462 1485 1486
f 1462 1486 1463
f 1463 1486 1487
f 1463 1487 1464
f 1464 1487 1488
f 1464 1488 1465
f 1465 1488 1489
f 1465 1489 1466
f 1466 1489 1490
f 1466 1490 1467
f 1467 1490 1491
f 1467 1491 1468
f 1468 1491 1492
f 1468 1492 1469
f 1469 1492 1493
f 1469 1493 1470
f 1470 1493 1494
f 1470 1494 1471
f 1471 1494 1495
f 1471 1495 1472
f 1472 1495 1496
f 1472 1496 1473
f 1473 1496 1497
f 1473 1497 1474
f 1474 1497 1498
f 1474 1498 1475
f 1475 1498 1499
f 1475 1499 1476
f 1476 1499 1500
f 1476 1500 1477
f 1477 1500 1501
f 1477 1501 1478
f 1478 1501 1502
f 1478 1502 1455
f 1455 1502 1479
f 1479 1503 1480
f 1480 1503 1504
f 1480 1504 1481
f 1481 1504 1505
f 1481 1505 1482
f 1482 1505 1506
f 1482 1506 1483
f 1483 1506 1507
f 1483 1507 1484
f 1484 1507 1508
f 1484 1508 1485
f 1485 1508 1509
f 1485 1509 1486
f 1486 1509 1510
f 1486 1510 1487
f 1487 1510 1511
f 1487 1511 1488
f 1488 1511 1512
f 1488 1512 1489
f 1489 1512 1513
f 1489 1513 1490
f 1490 1513 1514
f 1490 1514 1491
f 1491 1514 1515
f 1491 1515 1492
f 1492 1515 1516
f 1492 1516 1493
f 1493 1516 1517
f 1493 1517 1494
f 1494 1517 1518
f 1494 1518 1495
f 1495 1518 1519
f 1495 1519 1496
f 1496 1519 1520
f 1496 1520 1497
f 1497 1520 1521
f 1497 1521 1498
f 1498 1521 1522
f 1498 1522 1499
f 1499 1522 1523
f 1499 1523 1500
f 1500 1523 1524
f 1500 1524 1501
f 1501 1524 1525
f 1501 1525 1502
f 1502 1525 1526
f 1502 1526 1479
f 1479 1526 1503
f 1503 1527 1504
f 1504 1527 1528
f 1504 1528 1505
f 1505 1528 1529
f 1505 1529 1506
f 1506 1529 1530
f 1506 1530 1507
f 1507 1530 1531
f 1507 1531 1508
f 1508 1531 1532
f 1508 1532 1509
f 1509 1532 1533
f 1509 1533 1510
f 1510 1533 1534
f 1510 1534 1511
f 1511 1534 1535
f 1511 1535 1512
f 1512 1535 1536
f 1512 1536 1513
f 1513 1536 1537
f 1513 1537 1514
f 1514 1537 1538
f 1514 1538 1515
f 1515 1538 1539
f 1515 1539 1516
f 1516 1539 1540
f 1516 1540 1517
f 1517 1540 1541
f 1517 1541 1518
f 1518 1541 1542
f 1518 1542 1519
f 1519 1542 1543
f 1519 1543 1520
f 1520 1543 1544
f 1520 1544 1521
f 1521 1544 1545
f 1521 1545 1522
f 1522 1545 1546
f 1522 1546 1523
f 1523 1546 1547
f 1523 1547 1524
f 1524 1547 1548
f 1524 1548 1525
f 1525 1548 1549
f 1525 1549 1526
f 1526 1549 1550
f 1526 1550 1503
f 1503 1550 1527
f 1527 1551 1528
f 1528 1552 1529
f 1529 1553 1530
f 1530 1554 1531
f 1531 1555 1532
f 1532 1556 1533
f 1533 1557 1534
f 1534 1558 1535
f 1535 1559 1536
f 1536 1560 1537
f 1537 1561 1538
f 1538 1562 1539
f 1539 1563 1540
f 1540 1564 1541
f 1541 1565 1542
f 1542 1566 1543
f 1543 1567 1544
f 1544 1568 1545
f 1545 1569 1546
f 1546 1570 1547
f 1547 1571 1548
f 1548 1572 1549
f 1549 1573 1550
f 1550 1574 1527
f 1576 1599 1600
f 1577 1600 1601
f 1578 1601 1602
f 1579 1602 1603
f 1580 1603 1604
f 1581 1604 1605
f 1582 1605 1606
f 1583 1606 1607
f 1584 1607 1608
f 1585 1608 1609
f 1586 1609 1610
f 1587 1610 1611
f 1588 1611 1612
f 1589 1612 1613
f 1590 1613 1614
f 1591 1614 1615
f 1592 1615 1616
f 1593 1616 1617
f 1594 1617 1618
f 1595 1618 1619
f 1596 1619 1620
f 1597 1620 1621
f 1598 1621 1622
f 1575 1622 1599
f 1599 1623 1600
f 1600 1623 1624
f 1600 1624 1601
f 1601 1624 1625
f 1601 1625 1602
f 1602 1625 1626
f 1602 1626 1603
f 1603 1626 1627
f 1603 1627 1604
f 1604 1627 1628
f 1604 1628 1605
f 1605 1628 1629
f 1605 1629 1606
f 1606 1629 1630
f 1606 1630 1607
f 1607 1630 1631
f 1607 1631 1608
f 1608 1631 1632
f 1608 1632 1609
f 1609 1632 1633
f 1609 1633 1610
f 1610 1633 1634
f 1610 1634 1611
f 1611 1634 1635
f 1611 1635 1612
f 1612 1635 1636
f 1612 1636 1613
f 1613 1636 1637
f 1613 1637 1614
f 1614 1637 1638
f 1614 1638 1615
f 1615 1638 1639
f 1615 1639 1616
f 1616 1639 1640
f 1616 1640 1617
f 1617 1640 1641
f 1617 1641 1618
f 1618 1641 1642
f 1618 1642 1619
f 1619 1642 1643
f 1619 1643 1620
f 1620 1643 1644
f 1620 1644 1621
f 1621 1644 1645
f 1621 1645 1622
f 1622 1645 1646
f 1622 1646 1599
f 1599 1646 1623
f 1623 1647 1624
f 1624 1647 1648
f 1624 1648 1625
f 1625 1648 1649
f 1625 1649 1626
f 1626 1649 1650
f 1626 1650 1627
f 1627 1650 1651
f 1627 1651 1628
f 1628 1651 1652
f 1628 1652 1629
f 1629 1652 1653
f 1629 1653 1630
f 1630 1653 1654
f 1630 1654 1631
f 1631 1654 1655
f 1631 1655 1632
f 1632 1655 1656
f 1632 1656 1633
f 1633 1656 1657
f 1633 1657 1634
f 1634 1657 1658
f 1634 1658 1635
f 1635 1658 1659
f 1635 1659 1636
f 1636 1659 1660
f 1636 1660 1637
f 1637 1660 1661
f 1637 1661 1638
f 1638 1661 1662
f 1638 1662 1639
f 1639 1662 1663
f 1639 1663 1640
f 1640 1663 1664
f 1640 1664 1641
f 1641 1664 1665
f 1641 1665 1642
f 1642 1665 1666
f 1642 1666 1643
f 1643 1666 1667
f 1643 1667 1644
f 1644 1667 1668
f 1644 1668 1645
f 1645 1668 1669
f 1645 1669 1646
f 1646 1669 1670
f 1646 1670 1623
f 1623 1670 1647
f 1647 1671 1648
f 1648 1671 1672
f 1648 1672 1649
f 1649 1672 1673
f 1649 1673 1650
f 1650 1673 1674
f 1650 1674 1651
f 1651 1674 1675
f 1651 1675 1652
f 1652 1675 1676
f 1652 1676 1653
f 1653 1676 1677
f 1653 1677 1654
f 1654 1677 1678
f 1654 1678 1655
f 1655 1678 1679
f 1655 1679 1656
f 1656 1679 1680
f 1656 1680 1657
f 1657 1680 1681
f 1657 1681 1658
f 1658 1681 1682
f 1658 1682 1659
f 1659 1682 1683
f 1659 1683 1660
f 1660 1683 1684
f 1660 1684 1661
f 1661 1684 1685
f 1661 1685 1662
f 1662 1685 1686
f 1662 1686 1663
f 1663 1686 1687
f 1663 1687 1664
f 1664 1687 1688
f 1664 1688 1665
f 1665 1688 1689
f 1665 1689 1666
f 1666 1689 1690
f 1666 1690 1667
f 1667 1690 1691
f 1667 1691 1668
f 1668 1691 1692
f 1668 1692 1669
f 1669 1692 1693
f 1669 1693 1670
f 1670 1693 1694
f 1670 1694 1647
f 1647 1694 1671
f 1671 1695 1672
f 1672 1695 1696
f 1672 1696 1673
f 1673 1696 1697
f 1673 1697 1674
f 1674 1697 1698
f 1674 1698 1675
f 1675 1698 1699
f 1675 1699 1676
f 1676 1699 1700
f 1676 1700 1677
f 1677 1700 1701
f 1677 1701 1678
f 1678 1701 1702
f 1678 1702 1679
f 1679 1702 1703
f 1679 1703 1680
f 1680 1703 1704
f 1680 1704 1681
f 1681 1704 1705
f 1681 1705 1682
f 1682 1705 1706
f 1682 1706 1683
f 1683 1706 1707
f 1683 1707 1684
f 1684 1707 1708
f 1684 1708 1685
f 1685 1708 1709
f 1685 1709 1686
f 1686 1709 1710
f 1686 1710 1687
f 1687 1710 1711
f 1687 1711 1688
f 1688 1711 1712
f 1688 1712 1689
f 1689 1712 1713
f 1689 1713 1690
f 1690 1713 1714
f 1690 1714 1691
f 1691 1714 1715
f 1691 1715 1692
f 1692 1715 1716
f 1692 1716 1693
f 1693 1716 1717
f 1693 1717 1694
f 1694 1717 1718
f 1694 1718 1671
f 1671 1718 1695
f 1695 1719 1696
f 1696 1719 1720
f 1696 1720 1697
f 1697 1720 1721
f 1697 1721 1698
f 1698 1721 1722
f 1698 1722 1699
f 1699 1722 1723
f 1699 1723 1700
f 1700 1723 1724
f 1700 1724 1701
f 1701 1724 1725
f 1701 1725 1702
f 1702 1725 1726
f 1702 1726 1703
f 1703 1726 1727
f 1703 1727 1704
f 1704 1727 1728
f 1704 1728 1705
f 1705 1728 1729
f 1705 1729 1706
f 1706 1729 1730
f 1706 1730 1707
f 1707 1730 1731
f 1707 1731 1708
f 1708 1731 1732
f 1708 1732 1709
f 1709 1732 1733
f 1709 1733 1710
f 1710 1733 1734
f 1710 1734 1711
f 1711 1734 1735
f 1711 1735 1712
f 1712 1735 1736
f 1712 1736 1713
f 1713 1736 1737
f 1713 1737 1714
f 1714 1737 1738
f 1714 1738 1715
f 1715 1738 1739
f 1715 1739 1716
f 1716 1739 1740
f 1716 1740 1717
f 1717 1740 1741
f 1717 1741 1718
f 1718 1741 1742
f 1718 1742 1695
f 1695 1742 1719
f 1719 1743 1720
f 1720 1743 1744
f 1720 1744 1721
f 1721 1744 1745
f 1721 1745 1722
f 1722 1745 1746
f 1722 1746 1723
f 1723 1746 1747
f 1723 1747 1724
f 1724 1747 1748
f 1724 1748 1725
f 1725 1748 1749
f 1725 1749 1726
f 1726 1749 1750
f 1726 1750 1727
f 1727 1750 1751
f 1727 1751 1728
f 1728 1751 1752
f 1728 1752 1729
f 1729 1752 1753
f 1729 1753 1730
f 1730 1753 1754
f 1730 1754 1731
f 1731 1754 1755
f 1731 1755 1732
f 1732 1755 1756
f 1732 1756 1733
f 1733 1756 1757
f 1733 1757 1734
f 1734 1757 1758
f 1734 1758 1735
f 1735 1758 1759
f 1735 1759 1736
f 1736 1759 1760
f 1736 1760 1737
f 1737 1760 1761
f 1737 1761 1738
f 1738 1761 1762
f 1738 1762 1739
f 1739 1762 1763
f 1739 1763 1740
f 1740 1763 1764
f 1740 1764 1741
f 1741 1764 1765
f 1741 1765 1742
f 1742 1765 1766
f 1742 1766 1719
f 1719 1766 1743
f 1743 1767 1744
f 1744 1767 1768
f 1744 1768 1745
f 1745 1768 1769
f 1745 1769 1746
f 1746 1769 1770
f 1746 1770 1747
f 1747 1770 1771
f 1747 1771 1748
f 1748 1771 1772
f 1748 1772 1749
f 1749 1772 1773
f 1749 1773 1750
f 1750 1773 1774
f 1750 1774 1751
f 1751 1774 1775
f 1751 1775 1752
f 1752 1775 1776
f 1752 1776 1753
f 1753 1776 1777
f 1753 1777 1754
f 1754 1777 1778
f 1754 1778 1755
f 1755 1778 1779
f 1755 1779 1756
f 1756 1779 1780
f 1756 1780 1757
f 1757 1780 1781
f 1757 1781 1758
f 1758 1781 1782
f 1758 1782 1759
f 1759 1782 1783
f 1759 1783 1760
f 1760 1783 1784
f 1760 1784 1761
f 1761 1784 1785
f 1761 1785 1762
f 1762 1785 1786
f 1762 1786 1763
f 1763 1786 1787
f 1763 1787 1764
f 1764 1787 1788
f 1764 1788 1765
f 1765 1788 1789
f 1765 1789 1766
f 1766 1789 1790
f 1766 1790 1743
f 1743 1790 1767
f 1767 1791 1768
f 1768 1791 1792
f 1768 1792 1769
f 1769 1792 1793
f 1769 1793 1770
f 1770 1793 1794
f 1770 1794 1771
f 1771 1794 1795
f 1771 1795 1772
f 1772 1795 1796
f 1772 1796 1773
f 1773 1796 1797
f 1773 1797 1774
f 1774 1797 1798
f 1774 1798 1775
f 1775 1798 1799
f 1775 1799 1776
f 1776 1799 1800
f 1776 1800 1777
f 1777 1800 1801
f 1777 1801 1778
f 1778 1801 1802
f 1778 1802 1779
f 1779 1802 1803
f 1779 1803 1780
f 1780 1803 1804
f 1780 1804 1781
f 1781 1804 1805
f 1781 1805 1782
f 1782 1805 1806
f 1782 1806 1783
f 1783 1806 1807
f 1783 1807 1784
f 1784 1807 1808
f 1784 1808 1785
f 1785 1808 1809
f 1785 1809 1786
f 1786 1809 1810
f 1786 1810 1787
f 1787 1810 1811
f 1787 1811 1788
f 1788 1811 1812
f 1788 1812 1789
f 1789 1812 1813
f 1789 1813 1790
f 1790 1813 1814
f 1790 1814 1767
f 1767 1814 1791
f 1791 1815 1792
f 1792 1815 1816
f 1792 1816 1793
f 1793 1816 1817
f 1793 1817 1794
f 1794 1817 1818
f 1794 1818 1795
f 1795 1818 1819
f 1795 1819 1796
f 1796 1819 1820
f 1796 1820 1797
f 1797 1820 1821
f 1797 1821 1798
f 1798 1821 1822
f 1798 1822 1799
f 1799 1822 1823
f 1799 1823 1800
f 1800 1823 1824
f 1800 1824 1801
f 1801 1824 1825
f 1801 1825 1802
f 1802 1825 1826
f 1802 1826 1803
f 1803 1826 1827
f 1803 1827 1804
f 1804 1827 1828
f 1804 1828 1805
f 1805 1828 1829
f 1805 1829 1806
f 1806 1829 1830
f 1806 1830 1807
f 1807 1830 1831
f 1807 1831 1808
f 1808 1831 1832
f 1808 1832 1809
f 1809 1832 1833
f 1809 1833 1810
f 1810 1833 1834
f 1810 1834 1811
f 1811 1834 1835
f 1811 1835 1812
f 1812 1835 1836
f 1812 1836 1813
f 1813 1836 1837
f 1813 1837 1814
f 1814 1837 1838
f 1814 1838 1791
f 1791 1838 1815
f 1815 1839 1816
f 1816 1839 1840
f 1816 1840 1817
f 1817 1840 1841
f 1817 1841 1818
f 1818 1841 1842
f 1818 1842 1819
f 1819 1842 1843
f 1819 1843 1820
f 1820 1843 1844
f 1820 1844 1821
f 1821 1844 1845
f 1821 1845 1822
f 1822 1845 1846
f 1822 1846 1823
f 1823 1846 1847
f 1823 1847 1824
f 1824 1847 1848
f 1824 1848 1825
f 1825 1848 1849
f 1825 1849 1826
f 1826 1849 1850
f 1826 1850 1827
f 1827 1850 1851
f 1827 1851 1828
f 1828 1851 1852
f 1828 1852 1829
f 1829 1852 1853
f 1829 1853 1830
f 1830 1853 1854
f 1830 1854 1831
f 1831 1854 1855
f 1831 1855 1832
f 1832 1855 1856
f 1832 1856 1833
f 1833 1856 1857
f 1833 1857 1834
f 1834 1857 1858
f 1834 1858 1835
f 1835 1858 1859
f 1835 1859 1836
f 1836 1859 1860
f 1836 1860 1837
f 1837 1860 1861
f 1837 1861 1838
f 1838 1861 1862
f 1838 1862 1815
f 1815 1862 1839
f 1839 1863 1840
f 1840 1864 1841
f 1841 1865 1842
f 1842 1866 1843
f 1843 1867 1844
f 1844 1868 1845
f 1845 1869 1846
f 1846 1870 1847
f 1847 1871 1848
f 1848 1872 1849
f 1849 1873 1850
f 1850 1874 1851
f 1851 1875 1852
f 1852 1876 1853
f 1853 1877 1854
f 1854 1878 1855
f 1855 1879 1856
f 1856 1880 1857
f 1857 1881 1858
f 1858 1882 1859
f 1859 1883 1860
f 1860 1884 1861
f 1861 1885 1862
f 1862 1886 1839
f 1888 1899 1900
f 1889 1900 1901
f 1890 1901 1902
f 1891 1902 1903
f 1892 1903 1904
f 1893 1904 1905
f 1894 1905 1906
f 1895 1906 1907
f 1896 1907 1908
f 1897 1908 1909
f 1898 1909 1910
f 1887 1910 1899
f 1899 1911 1900
f 1900 1911 1912
f 1900 1912 1901
f 1901 1912 1913
f 1901 1913 1902
f 1902 1913 1914
f 1902 1914 1903
f 1903 1914 1915
f 1903 1915 1904
f 1904 1915 1916
f 1904 1916 1905
f 1905 1916 1917
f 1905 1917 1906
f 1906 1917 1918
f 1906 1918 1907
f 1907 1918 1919
f 1907 1919 1908
f 1908 1919 1920
f 1908 1920 1909
f 1909 1920 1921
f 1909 1921 1910
f 1910 1921 1922
f 1910 1922 1899
f 1899 1922 1911
f 1911 1923 1912
f 1912 1923 1924
f 1912 1924 1913
f 1913 1924 1925
f 1913 1925 1914
f 1914 1925 1926
f 1914 1926 1915
f 1915 1926 1927
f 1915 1927 1916
f 1916 1927 1928
f 1916 1928 1917
f 1917 1928 1929
f 1917 1929 1918
f 1918 1929 1930
f 1918 1930 1919
f 1919 1930 1931
f 1919 1931 1920
f 1920 1931 1932
f 1920 1932 1921
f 1921 1932 1933
f 1921 1933 1922
f 1922 1933 1934
f 1922 1934 1911
f 1911 1934 1923
f 1923 1935 1924
f 1924 1935 1936
f 1924 1936 1925
f 1925 1936 1937
f 1925 1937 1926
f 1926 1937 1938
f 1926 1938 1927
f 1927 1938 1939
f 1927 1939 1928
f 1928 1939 1940
f 1928 1940 1929
f 1929 1940 1941
f 1929 1941 1930
f 1930 1941 1942
f 1930 1942 1931
f 1931 1942 1943
f 1931 1943 1932
f 1932 1943 1944
f 1932 1944 1933
f 1933 1944 1945
f 1933 1945 1934
f 1934 1945 1946
f 1934 1946 1923
f 1923 1946 1935
f 1935 1947 1936
f 1936 1947 1948
f 1936 1948 1937
f 1937 1948 1949
f 1937 1949 1938
f 1938 1949 1950
f 1938 1950 1939
f 1939 1950 1951
f 1939 1951 1940
f 1940 1951 1952
f 1940 1952 1941
f 1941 1952 1953
f 1941 1953 1942
f 1942 1953 1954
f 1942 1954 1943
f 1943 1954 1955
f 1943 1955 1944
f 1944 1955 1956
f 1944 1956 1945
f 1945 1956 1957
f 1945 1957 1946
f 1946 1957 1958
f 1946 1958 1935
f 1935 1958 1947
f 1947 1959 1948
f 1948 1959 1960
f 1948 1960 1949
f 1949 1960 1961
f 1949 1961 1950
f 1950 1961 1962
f 1950 1962 1951
f 1951 1962 1963
f 1951 1963 1952
f 1952 1963 1964
f 1952 1964 1953
f 1953 1964 1965
f 1953 1965 1954
f 1954 1965 1966
f 1954 1966 1955
f 1955 1966 1967
f 1955 1967 1956
f 1956 1967 1968
f 1956 1968 1957
f 1957 1968 1969
f 1957 1969 1958
f 1958 1969 1970
f 1958 1970 1947
f 1947 1970 1959
f 1959 1971 1960
f 1960 1971 1972
f 1960 1972 1961
f 1961 1972 1973
f 1961 1973 1962
f 1962 1973 1974
f 1962 1974 1963
f 1963 1974 1975
f 1963 1975 1964
f 1964 1975 1976
f 1964 1976 1965
f 1965 1976 1977
f 1965 1977 1966
f 1966 1977 1978
f 1966 1978 1967
f 1967 1978 1979
f 1967 1979 1968
f 1968 1979 1980
f 1968 1980 1969
f 1969 1980 1981
f 1969 1981 1970
f 1970 1981 1982
f 1970 1982 1959
f 1959 1982 1971
f 1971 1983 1972
f 1972 1984 1973
f 1973 1985 1974
f 1974 1986 1975
f 1975 1987 1976
f 1976 1988 1977
f 1977 1989 1978
f 1978 1990 1979
f 1979 1991 1980
f 1980 1992 1981
f 1981 1993 1982
f 1982 1994 1971
f 1996 2007 2008
f 1997 2008 2009
f 1998 2009 2010
f 1999 2010 2011
f 2000 2011 2012
f 2001 2012 2013
f 2002 2013 2014
f 2003 2014 2015
f 2004 2015 2016
f 2005 2016 2017
f 2006 2017 2018
f 1995 2018 2007
f 2007 2019 2008
f 2008 2019 2020
f 2008 2020 2009
f 2009 2020 2021
f 2009 2021 2010
f 2010 2021 2022
f 2010 2022 2011
f 2011 2022 2023
f 2011 2023 2012
f 2012 2023 2024
f 2012 2024 2013
f 2013 2024 2025
f 2013 2025 2014
f 2014 2025 2026
f 2014 2026 2015
f 2015 2026 2027
f 2015 2027 2016
f 2016 2027 2028
f 2016 2028 2017
f 2017 2028 2029
f 2017 2029 2018
f 2018 2029 2030
f 2018 2030 2007
f 2007 2030 2019
f 2019 2031 2020
f 2020 2031 2032
f 2020 2032 2021
f 2021 2032 2033
f 2021 2033 2022
f 2022 2033 2034
f 2022 2034 2023
f 2023 2034 2035
f 2023 2035 2024
f 2024 2035 2036
f 2024 2036 2025
f 2025 2036 2037
f 2025 2037 2026
f 2026 2037 2038
f 2026 2038 2027
f 2027 2038 2039
f 2027 2039 2028
f 2028 2039 2040
f 2028 2040 2029
f 2029 2040 2041
f 2029 2041 2030
f 2030 2041 2042
f 2030 2042 2019
f 2019 2042 2031
f 2031 2043 2032
f 2032 2043 2044
f 2032 2044 2033
f 2033 2044 2045
f 2033 2045 2034
f 2034 2045 2046
f 2034 2046 2035
f 2035 2046 2047
f 2035 2047 2036
f 2036 2047 2048
f 2036 2048 2037
f 2037 2048 2049
f 2037 2049 2038
f 2038 2049 2050
f 2038 2050 2039
f 2039 2050 2051
f 2039 2051 2040
f 2040 2051 2052
f 2040 2052 2041
f 2041 2052 2053
f 2041 2053 2042
f 2042 2053 2054
f 2042 2054 2031
f 2031 2054 2043
f 2043 2055 2044
f 2044 2055 2056
f 2044 2056 2045
f 2045 2056 2057
f 2045 2057 2046
f 2046 2057 2058
f 2046 2058 2047
f 2047 2058 2059
f 2047 2059 2048
f 2048 2059 2060
f 2048 2060 2049
f 2049 2060 2061
f 2049 2061 2050
f 2050 2061 2062
f 2050 2062 2051
f 2051 2062 2063
f 2051 2063 2052
f 2052 2063 2064
f 2052 2064 2053
f 2053 2064 2065
f 2053 2065 2054
f 2054 2065 2066
f 2054 2066 2043
f 2043 2066 2055
f 2055 2067 2056
f 2056 2067 2068
f 2056 2068 2057
f 2057 2068 2069
f 2057 2069 2058
f 2058 2069 2070
f 2058 2070 2059
f 2059 2070 2071
f 2059 2071 2060
f 2060 2071 2072
f 2060 2072 2061
f 2061 2072 2073
f 2061 2073 2062
f 2062 2073 2074
f 2062 2074 2063
f 2063 2074 2075
f 2063 2075 2064
f 2064 2075 2076
f 2064 2076 2065
f 2065 2076 2077
f 2065 2077 2066
f 2066 2077 2078
f 2066 2078 2055
f 2055 2078 2067
f 2067 2079 2068
f 2068 2079 2080
f 2068 2080 2069
f 2069 2080 2081
f 2069 2081 2070
f 2070 2081 2082
f 2070 2082 2071
f 2071 2082 2083
f 2071 2083 2072
f 2072 2083 2084
f 2072 2084 2073
f 2073 2084 2085
f 2073 2085 2074
f 2074 2085 2086
f 2074 2086 2075
f 2075 2086 2087
f 2075 2087 2076
f 2076 2087 2088
f 2076 2088 2077
f 2077 2088 2089
f 2077 2089 2078
f 2078 2089 2090
f 2078 2090 2067
f 2067 2090 2079
f 2079 2091 2080
f 2080 2092 2081
f 2081 2093 2082
f 2082 2094 2083
f 2083 2095 2084
f 2084 2096 2085
f 2085 2097 2086
f 2086 2098 2087
f 2087 2099 2088
f 2088 2100 2089
f 2089 2101 2090
f 2090 2102 2079
f 2104 2121 2122
f 2105 2122 2123
f 2106 2123 2124
f 2107 2124 2125
f 2108 2125 2126
f 2109 2126 2127
f 2110 2127 2128
f 2111 2128 2129
f 2112 2129 2130
f 2113 2130 2131
f 2114 2131 2132
f 2115 2132 2133
f 2116 2133 2134
f 2117 2134 2135
f 2118 2135 2136
f 2119 2136 2137
f 2120 2137 2138
f 2103 2138 2121
f 2121 2139 2122
f 2122 2139 2140
f 2122 2140 2123
f 2123 2140 2141
f 2123 2141 2124
f 2124 2141 2142
f 2124 2142 2125
f 2125 2142 2143
f 2125 2143 2126
f 2126 2143 2144
f 2126 2144 2127
f 2127 2144 2145
f 2127 2145 2128
f 2128 2145 2146
f 2128 2146 2129
f 2129 2146 2147
f 2129 2147 2130
f 2130 2147 2148
f 2130 2148 2131
f 2131 2148 2149
f 2131 2149 2132
f 2132 2149 2150
f 2132 2150 2133
f 2133 2150 2151
f 2133 2151 2134
f 2134 2151 2152
f 2134 2152 2135
f 2135 2152 2153
f 2135 2153 2136
f 2136 2153 2154
f 2136 2154 2137
f 2137 2154 2155
f 2137 2155 2138
f 2138 2155 2156
f 2138 2156 2121
f 2121 2156 2139
f 2139 2157 2140
f 2140 2157 2158
f 2140 2158 2141
f 2141 2158 2159
f 2141 2159 2142
f 2142 2159 2160
f 2142 2160 2143
f 2143 2160 2161
f 2143 2161 2144
f 2144 2161 2162
f 2144 2162 2145
f 2145 2162 2163
f 2145 2163 2146
f 2146 2163 2164
f 2146 2164 2147
f 2147 2164 2165
f 2147 2165 2148
f 2148 2165 2166
f 2148 2166 2149
f 2149 2166 2167
f 2149 2167 2150
f 2150 2167 2168
f 2150 2168 2151
f 2151 2168 2169
f 2151 2169 2152
f 2152 2169 2170
f 2152 2170 2153
f 2153 2170 2171
f 2153 2171 2154
f 2154 2171 2172
f 2154 2172 2155
f 2155 2172 2173
f 2155 2173 2156
f 2156 2173 2174
f 2156 2174 2139
f 2139 2174 2157
f 2157 2175 2158
f 2158 2175 2176
f 2158 2176 2159
f 2159 2176 2177
f 2159 2177 2160
f 2160 2177 2178
f 2160 2178 2161
f 2161 2178 2179
f 2161 2179 2162
f 2162 2179 2180
f 2162 2180 2163
f 2163 2180 2181
f 2163 2181 2164
f 2164 2181 2182
f 2164 2182 2165
f 2165 2182 2183
f 2165 2183 2166
f 2166 2183 2184
f 2166 2184 2167
f 2167 2184 2185
f 2167 2185 2168
f 2168 2185 2186
f 2168 2186 2169
f 2169 2186 2187
f 2169 2187 2170
f 2170 2187 2188
f 2170 2188 2171
f 2171 2188 2189
f 2171 2189 2172
f 2172 2189 2190
f 2172 2190 2173
f 2173 2190 2191
f 2173 2191 2174
f 2174 2191 2192
f 2174 2192 2157
f 2157 2192 2175
f 2175 2193 2176
f 2176 2193 2194
f 2176 2194 2177
f 2177 2194 2195
f 2177 2195 2178
f 2178 2195 2196
f 2178 2196 2179
f 2179 2196 2197
f 2179 2197 2180
f 2180 2197 2198
f 2180 2198 2181
f 2181 2198 2199
f 2181 2199 2182
f 2182 2199 2200
f 2182 2200 2183
f 2183 2200 2201
f 2183 2201 2184
f 2184 2201 2202
f 2184 2202 2185
f 2185 2202 2203
f 2185 2203 2186
f 2186 2203 2204
f 2186 2204 2187
f 2187 2204 2205
f 2187 2205 2188
f 2188 2205 2206
f 2188 2206 2189
f 2189 2206 2207
f 2189 2207 2190
f 2190 2207 2208
f 2190 2208 2191
f 2191 2208 2209
f 2191 2209 2192
f 2192 2209 2210
f 2192 2210 2175
f 2175 2210 2193
f 2193 2211 2194
f 2194 2211 2212
f 2194 2212 2195
f 2195 2212 2213
f 2195 2213 2196
f 2196 2213 2214
f 2196 2214 2197
f 2197 2214 2215
f 2197 2215 2198
f 2198 2215 2216
f 2198 2216 2199
f 2199 2216 2217
f 2199 2217 2200
f 2200 2217 2218
f 2200 2218 2201
f 2201 2218 2219
f 2201 2219 2202
f 2202 2219 2220
f 2202 2220 2203
f 2203 2220 2221
f 2203 2221 2204
f 2204 2221 2222
f 2204 2222 2205
f 2205 2222 2223
f 2205 2223 2206
f 2206 2223 2224
f 2206 2224 2207
f 2207 2224 2225
f 2207 2225 2208
f 2208 2225 2226
f 2208 2226 2209
f 2209 2226 2227
f 2209 2227 2210
f 2210 2227 2228
f 2210 2228 2193
f 2193 2228 2211
f 2211 2229 2212
f 2212 2229 2230
f 2212 2230 2213
f 2213 2230 2231
f 2213 2231 2214
f 2214 2231 2232
f 2214 2232 2215
f 2215 2232 2233
f 2215 2233 2216
f 2216 2233 2234
f 2216 2234 2217
f 2217 2234 2235
f 2217 2235 2218
f 2218 2235 2236
f 2218 2236 2219
f 2219 2236 2237
f 2219 2237 2220
f 2220 2237 2238
f 2220 2238 2221
f 2221 2238 2239
f 2221 2239 2222
f 2222 2239 2240
f 2222 2240 2223
f 2223 2240 2241
f 2223 2241 2224
f 2224 2241 2242
f 2224 2242 2225
f 2225 2242 2243
f 2225 2243 2226
f 2226 2243 2244
f 2226 2244 2227
f 2227 2244 2245
f 2227 2245 2228
f 2228 2245 2246
f 2228 2246 2211
f 2211 2246 2229
f 2229 2247 2230
f 2230 2247 2248
f 2230 2248 2231
f 2231 2248 2249
f 2231 2249 2232
f 2232 2249 2250
f 2232 2250 2233
f 2233 2250 2251
f 2233 2251 2234
f 2234 2251 2252
f 2234 2252 2235
f 2235 2252 2253
f 2235 2253 2236
f 2236 2253 2254
f 2236 2254 2237
f 2237 2254 2255
f 2237 2255 2238
f 2238 2255 2256
f 2238 2256 2239
f 2239 2256 2257
f 2239 2257 2240
f 2240 2257 2258
f 2240 2258 2241
f 2241 2258 2259
f 2241 2259 2242
f 2242 2259 2260
f 2242 2260 2243
f 2243 2260 2261
f 2243 2261 2244
f 2244 2261 2262
f 2244 2262 2245
f 2245 2262 2263
f 2245 2263 2246
f 2246 2263 2264
f 2246 2264 2229
f 2229 2264 2247
f 2247 2265 2248
f 2248 2265 2266
f 2248 2266 2249
f 2249 2266 2267
f 2249 2267 2250
f 2250 2267 2268
f 2250 2268 2251
f 2251 2268 2269
f 2251 2269 2252
f 2252 2269 2270
f 2252 2270 2253
f 2253 2270 2271
f 2253 2271 2254
f 2254 2271 2272
f 2254 2272 2255
f 2255 2272 2273
f 2255 2273 2256
f 2256 2273 2274
f 2256 2274 2257
f 2257 2274 2275
f 2257 2275 2258
f 2258 2275 2276
f 2258 2276 2259
f 2259 2276 2277
f 2259 2277 2260
f 2260 2277 2278
f 2260 2278 2261
f 2261 2278 2279
f 2261 2279 2262
f 2262 2279 2280
f 2262 2280 2263
f 2263 2280 2281
f 2263 2281 2264
f 2264 2281 2282
f 2264 2282 2247
f 2247 2282 2265
f 2265 2283 2266
f 2266 2284 2267
f 2267 2285 2268
f 2268 2286 2269
f 2269 2287 2270
f 2270 2288 2271
f 2271 2289 2272
f 2272 2290 2273
f 2273 2291 2274
f 2274 2292 2275
f 2275 2293 2276
f 2276 2294 2277
f 2277 2295 2278
f 2278 2296 2279
f 2279 2297 2280
f 2280 2298 2281
f 2281 2299 2282
f 2282 2300 2265
