# object_A_all_colmap_mapper_relaxed
start: 2026-06-22T09:30:47+00:00
project_root: /home/zhangzhiwei/homework/shenduxuexi /hw3_spatial_intelligence_project
git_commit: no-git
expected_output: data/object_A_all/sparse_relaxed
command: colmap mapper --database_path data/object_A_all/database.db --image_path data/object_A_all/input --output_path data/object_A_all/sparse_relaxed --Mapper.init_min_num_inliers 15 --Mapper.abs_pose_min_num_inliers 15 --Mapper.init_min_tri_angle 1.0 --Mapper.filter_max_reproj_error 8.0 

## nvidia-smi before
NVIDIA-SMI has failed because it couldn't communicate with the NVIDIA driver. Make sure that the latest NVIDIA driver is installed and running.


## command output

==============================================================================
Loading database
==============================================================================

Loading cameras... 1 in 0.000s
Loading matches... 7 in 0.000s
Loading images... 6 in 0.002s (connected 6)
Building correspondence graph... in 0.000s (ignored 0)

Elapsed time: 0.000 [minutes]


==============================================================================
Initializing with image pair #3 and #6
==============================================================================


==============================================================================
Global bundle adjustment
==============================================================================

iter      cost      cost_change  |gradient|   |step|    tr_ratio  tr_radius  ls_iter  iter_time  total_time
   0  2.591299e+02    0.00e+00    2.99e+04   0.00e+00   0.00e+00  1.00e+04        0    2.51e-02    2.58e-02
   1  1.579344e+02    1.01e+02    2.20e+04   2.86e+01   9.64e-01  3.00e+04        1    6.04e-02    8.62e-02
   2  1.288203e+02    2.91e+01    6.05e+04   2.06e+01   6.11e-01  3.03e+04        1    5.87e-02    1.45e-01
   3  9.757541e+01    3.12e+01    3.52e+03   1.32e+01   9.97e-01  9.10e+04        1    5.98e-02    2.05e-01
   4  1.235156e+02   -2.59e+01    0.00e+00   3.36e+01  -4.63e+00  4.55e+04        1    4.92e-02    2.54e-01
   5  9.543163e+01    2.14e+00    2.57e+04   1.71e+01   4.99e-01  4.55e+04        1    6.27e-02    3.17e-01
   6  9.402344e+01    1.41e+00    2.38e+04   1.76e+01   3.71e-01  4.47e+04        1    6.22e-02    3.79e-01
   7  9.270882e+01    1.31e+00    2.13e+04   1.77e+01   3.59e-01  4.37e+04        1    6.00e-02    4.39e-01
   8  9.140709e+01    1.30e+00    1.98e+04   1.75e+01   3.65e-01  4.29e+04        1    6.19e-02    5.01e-01
   9  9.013843e+01    1.27e+00    1.88e+04   1.73e+01   3.66e-01  4.21e+04        1    6.22e-02    5.63e-01
  10  8.887127e+01    1.27e+00    1.80e+04   1.70e+01   3.73e-01  4.14e+04        1    5.98e-02    6.23e-01
  11  8.762208e+01    1.25e+00    1.74e+04   1.68e+01   3.75e-01  4.08e+04        1    6.35e-02    6.86e-01
  12  8.637397e+01    1.25e+00    1.69e+04   1.66e+01   3.80e-01  4.02e+04        1    6.07e-02    7.47e-01
  13  8.513430e+01    1.24e+00    1.64e+04   1.64e+01   3.83e-01  3.97e+04        1    5.82e-02    8.05e-01
  14  8.389585e+01    1.24e+00    1.59e+04   1.62e+01   3.87e-01  3.93e+04        1    6.09e-02    8.66e-01
  15  8.266089e+01    1.23e+00    1.54e+04   1.60e+01   3.90e-01  3.88e+04        1    6.06e-02    9.27e-01
  16  8.142702e+01    1.23e+00    1.50e+04   1.58e+01   3.93e-01  3.85e+04        1    6.27e-02    9.90e-01
  17  8.019477e+01    1.23e+00    1.46e+04   1.56e+01   3.96e-01  3.81e+04        1    6.34e-02    1.05e+00
  18  7.896367e+01    1.23e+00    1.42e+04   1.54e+01   3.99e-01  3.78e+04        1    6.06e-02    1.11e+00
  19  7.773405e+01    1.23e+00    1.38e+04   1.52e+01   4.02e-01  3.75e+04        1    5.99e-02    1.17e+00
  20  7.650621e+01    1.23e+00    1.34e+04   1.51e+01   4.05e-01  3.73e+04        1    6.13e-02    1.23e+00
  21  7.528069e+01    1.23e+00    1.30e+04   1.49e+01   4.08e-01  3.70e+04        1    6.27e-02    1.30e+00
  22  7.405816e+01    1.22e+00    1.26e+04   1.47e+01   4.11e-01  3.68e+04        1    6.23e-02    1.36e+00
  23  7.283945e+01    1.22e+00    1.23e+04   1.45e+01   4.14e-01  3.67e+04        1    6.35e-02    1.42e+00
  24  7.162551e+01    1.21e+00    1.19e+04   1.44e+01   4.18e-01  3.65e+04        1    6.32e-02    1.49e+00
  25  7.041740e+01    1.21e+00    1.16e+04   1.42e+01   4.21e-01  3.63e+04        1    6.19e-02    1.55e+00
  26  6.921629e+01    1.20e+00    1.12e+04   1.40e+01   4.25e-01  3.62e+04        1    6.18e-02    1.61e+00
  27  6.802344e+01    1.19e+00    1.08e+04   1.38e+01   4.29e-01  3.61e+04        1    6.40e-02    1.67e+00
  28  6.684022e+01    1.18e+00    1.05e+04   1.36e+01   4.33e-01  3.60e+04        1    6.21e-02    1.74e+00
  29  6.566808e+01    1.17e+00    1.01e+04   1.34e+01   4.37e-01  3.60e+04        1    6.20e-02    1.80e+00
  30  6.450854e+01    1.16e+00    9.76e+03   1.32e+01   4.42e-01  3.59e+04        1    6.78e-02    1.87e+00
  31  6.336322e+01    1.15e+00    9.40e+03   1.30e+01   4.47e-01  3.59e+04        1    5.50e-02    1.92e+00
  32  6.223378e+01    1.13e+00    9.04e+03   1.28e+01   4.52e-01  3.58e+04        1    6.15e-02    1.98e+00
  33  6.112197e+01    1.11e+00    8.68e+03   1.26e+01   4.58e-01  3.58e+04        1    6.18e-02    2.04e+00
  34  6.002960e+01    1.09e+00    8.32e+03   1.23e+01   4.64e-01  3.58e+04        1    6.31e-02    2.11e+00
  35  5.895854e+01    1.07e+00    7.96e+03   1.21e+01   4.71e-01  3.58e+04        1    6.21e-02    2.17e+00
  36  5.791068e+01    1.05e+00    7.60e+03   1.19e+01   4.78e-01  3.58e+04        1    6.19e-02    2.23e+00
  37  5.688800e+01    1.02e+00    7.24e+03   1.16e+01   4.86e-01  3.58e+04        1    6.50e-02    2.30e+00
  38  5.589248e+01    9.96e-01    6.88e+03   1.13e+01   4.95e-01  3.58e+04        1    5.20e-02    2.35e+00
  39  5.492611e+01    9.66e-01    6.53e+03   1.11e+01   5.04e-01  3.58e+04        1    6.27e-02    2.41e+00
  40  5.399089e+01    9.35e-01    6.17e+03   1.08e+01   5.14e-01  3.58e+04        1    6.15e-02    2.47e+00
  41  5.308870e+01    9.02e-01    5.82e+03   1.05e+01   5.25e-01  3.58e+04        1    6.10e-02    2.53e+00
  42  5.222132e+01    8.67e-01    5.48e+03   1.02e+01   5.36e-01  3.58e+04        1    6.14e-02    2.60e+00
  43  5.139027e+01    8.31e-01    5.15e+03   9.94e+00   5.47e-01  3.58e+04        1    6.16e-02    2.66e+00
  44  5.059673e+01    7.94e-01    4.83e+03   9.65e+00   5.58e-01  3.59e+04        1    6.14e-02    2.72e+00
  45  4.984147e+01    7.55e-01    4.52e+03   9.37e+00   5.69e-01  3.60e+04        1    6.23e-02    2.78e+00
  46  4.912470e+01    7.17e-01    4.24e+03   9.09e+00   5.80e-01  3.61e+04        1    6.10e-02    2.84e+00
  47  4.844614e+01    6.79e-01    3.97e+03   8.81e+00   5.90e-01  3.63e+04        1    6.13e-02    2.90e+00
  48  4.780502e+01    6.41e-01    3.72e+03   8.55e+00   6.00e-01  3.66e+04        1    5.98e-02    2.96e+00
  49  4.720019e+01    6.05e-01    3.49e+03   8.30e+00   6.09e-01  3.70e+04        1    6.49e-02    3.03e+00
  50  4.663028e+01    5.70e-01    3.27e+03   8.07e+00   6.17e-01  3.75e+04        1    6.32e-02    3.09e+00
  51  4.609382e+01    5.36e-01    3.08e+03   7.84e+00   6.24e-01  3.81e+04        1    6.51e-02    3.16e+00
  52  4.558935e+01    5.04e-01    2.90e+03   7.63e+00   6.30e-01  3.88e+04        1    6.11e-02    3.22e+00
  53  4.511552e+01    4.74e-01    2.73e+03   7.42e+00   6.36e-01  3.96e+04        1    6.23e-02    3.28e+00
  54  4.467112e+01    4.44e-01    2.58e+03   7.23e+00   6.41e-01  4.05e+04        1    6.17e-02    3.34e+00
  55  4.425505e+01    4.16e-01    2.43e+03   7.03e+00   6.46e-01  4.15e+04        1    6.33e-02    3.40e+00
  56  4.386640e+01    3.89e-01    2.29e+03   6.85e+00   6.51e-01  4.27e+04        1    6.27e-02    3.47e+00
  57  4.350434e+01    3.62e-01    2.16e+03   6.66e+00   6.55e-01  4.40e+04        1    6.54e-02    3.53e+00
  58  4.316812e+01    3.36e-01    2.04e+03   6.48e+00   6.59e-01  4.55e+04        1    6.07e-02    3.59e+00
  59  4.285706e+01    3.11e-01    1.92e+03   6.29e+00   6.63e-01  4.71e+04        1    6.11e-02    3.66e+00
  60  4.257048e+01    2.87e-01    1.80e+03   6.11e+00   6.68e-01  4.89e+04        1    6.14e-02    3.72e+00
  61  4.230773e+01    2.63e-01    1.68e+03   5.92e+00   6.72e-01  5.10e+04        1    6.17e-02    3.78e+00
  62  4.206811e+01    2.40e-01    1.57e+03   5.74e+00   6.76e-01  5.33e+04        1    6.28e-02    3.84e+00
  63  4.185089e+01    2.17e-01    1.46e+03   5.55e+00   6.80e-01  5.60e+04        1    6.16e-02    3.90e+00
  64  4.165530e+01    1.96e-01    1.36e+03   5.35e+00   6.85e-01  5.89e+04        1    6.82e-02    3.97e+00
  65  4.148051e+01    1.75e-01    1.26e+03   5.15e+00   6.90e-01  6.23e+04        1    5.46e-02    4.03e+00
  66  4.132562e+01    1.55e-01    1.15e+03   4.95e+00   6.95e-01  6.63e+04        1    5.75e-02    4.08e+00
  67  4.118965e+01    1.36e-01    1.06e+03   4.75e+00   7.00e-01  7.08e+04        1    6.15e-02    4.14e+00
  68  4.107159e+01    1.18e-01    9.61e+02   4.53e+00   7.06e-01  7.61e+04        1    5.89e-02    4.20e+00
  69  4.097032e+01    1.01e-01    8.81e+02   4.32e+00   7.12e-01  8.24e+04        1    6.13e-02    4.27e+00
  70  4.088470e+01    8.56e-02    8.03e+02   4.09e+00   7.19e-01  9.00e+04        1    5.76e-02    4.32e+00
  71  4.081349e+01    7.12e-02    7.24e+02   3.86e+00   7.27e-01  9.92e+04        1    6.18e-02    4.38e+00
  72  4.075542e+01    5.81e-02    6.45e+02   3.62e+00   7.35e-01  1.11e+05        1    6.13e-02    4.45e+00
  73  4.070918e+01    4.62e-02    5.65e+02   3.37e+00   7.45e-01  1.25e+05        1    6.30e-02    4.51e+00
  74  4.067340e+01    3.58e-02    4.86e+02   3.10e+00   7.55e-01  1.45e+05        1    6.04e-02    4.57e+00
  75  4.064670e+01    2.67e-02    4.08e+02   2.83e+00   7.68e-01  1.71e+05        1    6.17e-02    4.63e+00
  76  4.062768e+01    1.90e-02    3.32e+02   2.54e+00   7.83e-01  2.09e+05        1    6.14e-02    4.69e+00
  77  4.061496e+01    1.27e-02    2.58e+02   2.23e+00   8.01e-01  2.67e+05        1    6.14e-02    4.75e+00
  78  4.060715e+01    7.81e-03    1.88e+02   1.90e+00   8.24e-01  3.68e+05        1    6.16e-02    4.82e+00
  79  4.060294e+01    4.20e-03    1.24e+02   1.54e+00   8.54e-01  5.71e+05        1    6.63e-02    4.88e+00
  80  4.060111e+01    1.84e-03    6.89e+01   1.14e+00   8.94e-01  1.12e+06        1    6.14e-02    4.94e+00
  81  4.060056e+01    5.47e-04    2.70e+01   7.14e-01   9.46e-01  3.36e+06        1    6.11e-02    5.00e+00
  82  4.060049e+01    7.47e-05    4.42e+00   2.89e-01   1.00e+00  1.01e+07        1    6.17e-02    5.07e+00
  83  4.060049e+01    2.10e-06    6.50e-01   4.54e-02   1.04e+00  3.02e+07        1    6.50e-02    5.13e+00
  84  4.060049e+01    1.94e-08    7.82e-03   4.55e-03   1.11e+00  9.07e+07        1    6.12e-02    5.19e+00


Bundle adjustment report
------------------------
    Residuals : 384
   Parameters : 295
   Iterations : 85
         Time : 5.19274 [s]
 Initial cost : 0.821473 [px]
   Final cost : 0.325162 [px]
  Termination : Convergence

  => Filtered observations: 0
  => Filtered images: 0

==============================================================================
Registering image #2 (3)
==============================================================================

  => Image sees 17 / 83 points

Pose refinement report
----------------------
    Residuals : 34
   Parameters : 8
   Iterations : 17
         Time : 0.000946021 [s]
 Initial cost : 0.74726 [px]
   Final cost : 0.51982 [px]
  Termination : Convergence

  => Continued observations: 17
  => Added observations: 15

Bundle adjustment report
------------------------
    Residuals : 448
   Parameters : 322
   Iterations : 13
         Time : 0.740901 [s]
 Initial cost : 3.37621 [px]
   Final cost : 0.306754 [px]
  Termination : Convergence

  => Merged observations: 0
  => Completed observations: 1
  => Filtered observations: 0
  => Changed observations: 0.004464

Bundle adjustment report
------------------------
    Residuals : 450
   Parameters : 322
   Iterations : 2
         Time : 0.0757711 [s]
 Initial cost : 0.357322 [px]
   Final cost : 0.350917 [px]
  Termination : Convergence

  => Merged observations: 0
  => Completed observations: 0
  => Filtered observations: 0
  => Changed observations: 0.000000

==============================================================================
Retriangulation
==============================================================================

  => Merged observations: 0
  => Completed observations: 0
  => Retriangulated observations: 0

==============================================================================
Global bundle adjustment
==============================================================================

iter      cost      cost_change  |gradient|   |step|    tr_ratio  tr_radius  ls_iter  iter_time  total_time
   0  5.541436e+01    0.00e+00    1.97e+00   0.00e+00   0.00e+00  1.00e+04        0    1.13e-02    1.17e-02
   1  5.539381e+01    2.06e-02    2.27e+01   1.12e+00   1.01e+00  3.00e+04        1    6.34e-02    7.51e-02
   2  5.538190e+01    1.19e-02    6.35e+01   1.33e+00   9.90e-01  9.00e+04        1    6.27e-02    1.38e-01
   3  5.536629e+01    1.56e-02    2.07e+02   2.14e+00   8.99e-01  1.83e+05        1    6.26e-02    2.00e-01
   4  5.535211e+01    1.42e-02    3.81e+02   2.88e+00   6.95e-01  1.94e+05        1    6.48e-02    2.65e-01
   5  5.533802e+01    1.41e-02    2.03e+02   2.11e+00   8.90e-01  3.69e+05        1    6.75e-02    3.33e-01
   6  5.533199e+01    6.03e-03    2.13e+02   2.17e+00   7.54e-01  4.25e+05        1    5.56e-02    3.88e-01
   7  5.532826e+01    3.74e-03    7.30e+01   1.27e+00   9.46e-01  1.27e+06        1    6.12e-02    4.50e-01
   8  5.532745e+01    8.03e-04    4.34e+01   9.83e-01   9.17e-01  3.02e+06        1    6.13e-02    5.11e-01
   9  5.532732e+01    1.36e-04    4.21e+00   3.07e-01   1.01e+00  9.07e+06        1    6.24e-02    5.73e-01
  10  5.532731e+01    2.34e-06    6.36e-01   5.15e-02   1.05e+00  2.72e+07        1    5.58e-02    6.29e-01
  11  5.532731e+01    2.49e-08    7.70e-03   5.23e-03   1.11e+00  8.17e+07        1    6.80e-02    6.97e-01


Bundle adjustment report
------------------------
    Residuals : 450
   Parameters : 322
   Iterations : 12
         Time : 0.697306 [s]
 Initial cost : 0.350917 [px]
   Final cost : 0.350642 [px]
  Termination : Convergence

  => Merged observations: 0
  => Completed observations: 0
  => Filtered observations: 0
  => Changed observations: 0.000000
  => Filtered images: 0

==============================================================================
Initializing with image pair #3 and #2
==============================================================================


==============================================================================
Global bundle adjustment
==============================================================================

iter      cost      cost_change  |gradient|   |step|    tr_ratio  tr_radius  ls_iter  iter_time  total_time
   0  1.383291e+04    0.00e+00    1.61e+04   0.00e+00   0.00e+00  1.00e+04        0    6.67e-03    6.97e-03
   1  4.969085e+04   -3.59e+04    0.00e+00   3.71e+02  -9.00e+00  5.00e+03        1    4.83e-02    5.53e-02
   2  3.795358e+04   -2.41e+04    0.00e+00   2.83e+02  -6.18e+00  1.25e+03        1    4.79e-02    1.03e-01
   3  1.475827e+04   -9.25e+02    0.00e+00   1.41e+02  -2.58e-01  1.56e+02        1    4.56e-02    1.49e-01
   4  1.160706e+04    2.23e+03    7.45e+03   3.53e+01   9.62e-01  4.69e+02        1    6.08e-02    2.10e-01
   5  1.048490e+04    1.12e+03    1.22e+04   6.49e+01   9.16e-01  1.11e+03        1    6.08e-02    2.70e-01
   6  1.039471e+04    9.02e+01    3.51e+04   1.21e+02   1.22e-01  7.73e+02        1    6.18e-02    3.32e-01
   7  9.511150e+03    8.84e+02    2.33e+04   8.21e+01   8.97e-01  1.54e+03        1    6.07e-02    3.93e-01
   8  1.008517e+04   -5.74e+02    0.00e+00   1.53e+02  -9.28e-01  7.71e+02        1    5.16e-02    4.45e-01
   9  9.212415e+03    2.99e+02    2.40e+04   7.91e+01   7.86e-01  9.50e+02        1    6.07e-02    5.05e-01
  10  8.965086e+03    2.47e+02    3.83e+04   9.14e+01   6.34e-01  9.68e+02        1    6.13e-02    5.67e-01
  11  8.645181e+03    3.20e+02    3.95e+04   8.58e+01   7.44e-01  1.10e+03        1    6.03e-02    6.27e-01
  12  8.376111e+03    2.69e+02    4.98e+04   8.92e+01   6.64e-01  1.14e+03        1    6.18e-02    6.89e-01
  13  8.077614e+03    2.98e+02    5.17e+04   8.41e+01   7.17e-01  1.24e+03        1    6.27e-02    7.52e-01
  14  7.810892e+03    2.67e+02    6.00e+04   8.36e+01   6.68e-01  1.29e+03        1    6.17e-02    8.13e-01
  15  7.530559e+03    2.80e+02    6.32e+04   7.90e+01   6.89e-01  1.36e+03        1    6.42e-02    8.77e-01
  16  7.266213e+03    2.64e+02    6.97e+04   7.62e+01   6.60e-01  1.41e+03        1    6.01e-02    9.38e-01
  17  6.996815e+03    2.69e+02    7.36e+04   7.18e+01   6.63e-01  1.46e+03        1    6.09e-02    9.98e-01
  18  6.734338e+03    2.62e+02    7.82e+04   6.79e+01   6.48e-01  1.49e+03        1    6.20e-02    1.06e+00
  19  6.472377e+03    2.62e+02    8.13e+04   6.35e+01   6.46e-01  1.53e+03        1    6.22e-02    1.12e+00
  20  6.215310e+03    2.57e+02    8.38e+04   5.93e+01   6.41e-01  1.57e+03        1    6.22e-02    1.19e+00
  21  5.962902e+03    2.52e+02    8.52e+04   5.50e+01   6.40e-01  1.60e+03        1    6.20e-02    1.25e+00
  22  5.717418e+03    2.45e+02    8.57e+04   5.09e+01   6.40e-01  1.64e+03        1    6.07e-02    1.31e+00
  23  5.480096e+03    2.37e+02    8.52e+04   4.69e+01   6.42e-01  1.68e+03        1    6.15e-02    1.37e+00
  24  5.252368e+03    2.28e+02    8.41e+04   4.32e+01   6.45e-01  1.72e+03        1    6.21e-02    1.43e+00
  25  5.035162e+03    2.17e+02    8.24e+04   3.98e+01   6.48e-01  1.77e+03        1    6.09e-02    1.49e+00
  26  4.829131e+03    2.06e+02    8.02e+04   3.66e+01   6.51e-01  1.82e+03        1    6.06e-02    1.55e+00
  27  4.634591e+03    1.95e+02    7.79e+04   3.36e+01   6.55e-01  1.87e+03        1    6.45e-02    1.62e+00
  28  4.451650e+03    1.83e+02    7.53e+04   3.09e+01   6.58e-01  1.93e+03        1    6.10e-02    1.68e+00
  29  4.280261e+03    1.71e+02    7.27e+04   2.85e+01   6.60e-01  2.00e+03        1    5.83e-02    1.74e+00
  30  4.120303e+03    1.60e+02    7.00e+04   2.62e+01   6.62e-01  2.07e+03        1    6.08e-02    1.80e+00
  31  3.971609e+03    1.49e+02    6.72e+04   2.42e+01   6.64e-01  2.14e+03        1    5.91e-02    1.86e+00
  32  3.833996e+03    1.38e+02    6.45e+04   2.23e+01   6.65e-01  2.22e+03        1    5.94e-02    1.92e+00
  33  3.707256e+03    1.27e+02    6.18e+04   2.05e+01   6.65e-01  2.30e+03        1    5.66e-02    1.97e+00
  34  3.591149e+03    1.16e+02    5.91e+04   1.89e+01   6.65e-01  2.39e+03        1    6.04e-02    2.03e+00
  35  3.485382e+03    1.06e+02    5.64e+04   1.75e+01   6.64e-01  2.48e+03        1    6.17e-02    2.10e+00
  36  3.389592e+03    9.58e+01    5.38e+04   1.61e+01   6.63e-01  2.57e+03        1    6.09e-02    2.16e+00
  37  3.303328e+03    8.63e+01    5.12e+04   1.48e+01   6.62e-01  2.66e+03        1    5.90e-02    2.22e+00
  38  3.226052e+03    7.73e+01    4.86e+04   1.36e+01   6.60e-01  2.75e+03        1    5.82e-02    2.27e+00
  39  3.157140e+03    6.89e+01    4.61e+04   1.26e+01   6.58e-01  2.84e+03        1    5.57e-02    2.33e+00
  40  3.095898e+03    6.12e+01    4.37e+04   1.16e+01   6.55e-01  2.92e+03        1    5.82e-02    2.39e+00
  41  3.041588e+03    5.43e+01    4.13e+04   1.07e+01   6.53e-01  3.01e+03        1    5.37e-02    2.44e+00
  42  2.993454e+03    4.81e+01    3.91e+04   9.85e+00   6.50e-01  3.09e+03        1    6.01e-02    2.50e+00
  43  2.950752e+03    4.27e+01    3.69e+04   9.10e+00   6.48e-01  3.18e+03        1    5.59e-02    2.56e+00
  44  2.912774e+03    3.80e+01    3.49e+04   8.42e+00   6.46e-01  3.26e+03        1    5.62e-02    2.61e+00
  45  2.878864e+03    3.39e+01    3.30e+04   7.81e+00   6.45e-01  3.34e+03        1    5.76e-02    2.67e+00
  46  2.848433e+03    3.04e+01    3.13e+04   7.26e+00   6.43e-01  3.42e+03        1    6.05e-02    2.73e+00
  47  2.820966e+03    2.75e+01    2.96e+04   6.77e+00   6.43e-01  3.50e+03        1    5.98e-02    2.79e+00
  48  2.796015e+03    2.50e+01    2.82e+04   6.33e+00   6.42e-01  3.58e+03        1    5.87e-02    2.85e+00
  49  2.773203e+03    2.28e+01    2.68e+04   5.93e+00   6.42e-01  3.67e+03        1    5.56e-02    2.91e+00
  50  2.752213e+03    2.10e+01    2.56e+04   5.58e+00   6.42e-01  3.75e+03        1    6.01e-02    2.97e+00
  51  2.732781e+03    1.94e+01    2.46e+04   5.27e+00   6.42e-01  3.84e+03        1    5.71e-02    3.02e+00
  52  2.714691e+03    1.81e+01    2.36e+04   4.98e+00   6.42e-01  3.93e+03        1    6.04e-02    3.08e+00
  53  2.697765e+03    1.69e+01    2.28e+04   4.73e+00   6.42e-01  4.03e+03        1    5.68e-02    3.14e+00
  54  2.681857e+03    1.59e+01    2.20e+04   4.50e+00   6.42e-01  4.12e+03        1    6.12e-02    3.20e+00
  55  2.666848e+03    1.50e+01    2.13e+04   4.29e+00   6.42e-01  4.22e+03        1    5.81e-02    3.26e+00
  56  2.652640e+03    1.42e+01    2.07e+04   4.10e+00   6.42e-01  4.32e+03        1    6.08e-02    3.32e+00
  57  2.639153e+03    1.35e+01    2.01e+04   3.92e+00   6.42e-01  4.42e+03        1    5.91e-02    3.38e+00
  58  2.626322e+03    1.28e+01    1.96e+04   3.76e+00   6.42e-01  4.52e+03        1    5.80e-02    3.44e+00
  59  2.614089e+03    1.22e+01    1.91e+04   3.61e+00   6.41e-01  4.63e+03        1    5.22e-02    3.49e+00
  60  2.602410e+03    1.17e+01    1.87e+04   3.47e+00   6.41e-01  4.73e+03        1    3.98e-02    3.53e+00
  61  2.591242e+03    1.12e+01    1.83e+04   3.34e+00   6.40e-01  4.84e+03        1    3.98e-02    3.57e+00
  62  2.580554e+03    1.07e+01    1.79e+04   3.22e+00   6.39e-01  4.95e+03        1    5.93e-02    3.63e+00
  63  2.570313e+03    1.02e+01    1.75e+04   3.11e+00   6.39e-01  5.05e+03        1    5.91e-02    3.69e+00
  64  2.560493e+03    9.82e+00    1.72e+04   3.00e+00   6.38e-01  5.16e+03        1    6.59e-02    3.75e+00
  65  2.551070e+03    9.42e+00    1.68e+04   2.90e+00   6.37e-01  5.27e+03        1    6.01e-02    3.81e+00
  66  2.542023e+03    9.05e+00    1.65e+04   2.80e+00   6.37e-01  5.38e+03        1    6.19e-02    3.88e+00
  67  2.533330e+03    8.69e+00    1.62e+04   2.71e+00   6.36e-01  5.49e+03        1    6.12e-02    3.94e+00
  68  2.524974e+03    8.36e+00    1.59e+04   2.63e+00   6.35e-01  5.60e+03        1    6.04e-02    4.00e+00
  69  2.516936e+03    8.04e+00    1.56e+04   2.55e+00   6.34e-01  5.71e+03        1    6.04e-02    4.06e+00
  70  2.509202e+03    7.73e+00    1.54e+04   2.47e+00   6.34e-01  5.82e+03        1    6.26e-02    4.12e+00
  71  2.501756e+03    7.45e+00    1.51e+04   2.40e+00   6.33e-01  5.94e+03        1    6.23e-02    4.18e+00
  72  2.494584e+03    7.17e+00    1.48e+04   2.33e+00   6.32e-01  6.05e+03        1    5.95e-02    4.24e+00
  73  2.487672e+03    6.91e+00    1.46e+04   2.26e+00   6.32e-01  6.16e+03        1    6.24e-02    4.30e+00
  74  2.481008e+03    6.66e+00    1.44e+04   2.20e+00   6.31e-01  6.27e+03        1    5.67e-02    4.36e+00
  75  2.474579e+03    6.43e+00    1.41e+04   2.14e+00   6.31e-01  6.39e+03        1    5.98e-02    4.42e+00
  76  2.468375e+03    6.20e+00    1.39e+04   2.08e+00   6.30e-01  6.50e+03        1    6.08e-02    4.48e+00
  77  2.462384e+03    5.99e+00    1.37e+04   2.03e+00   6.29e-01  6.62e+03        1    6.05e-02    4.54e+00
  78  2.456598e+03    5.79e+00    1.35e+04   1.97e+00   6.29e-01  6.73e+03        1    6.12e-02    4.60e+00
  79  2.451005e+03    5.59e+00    1.32e+04   1.93e+00   6.28e-01  6.85e+03        1    6.56e-02    4.67e+00
  80  2.445597e+03    5.41e+00    1.30e+04   1.88e+00   6.28e-01  6.96e+03        1    5.70e-02    4.73e+00
  81  2.440366e+03    5.23e+00    1.28e+04   1.84e+00   6.27e-01  7.08e+03        1    6.19e-02    4.79e+00
  82  2.435303e+03    5.06e+00    1.26e+04   1.79e+00   6.27e-01  7.20e+03        1    6.55e-02    4.85e+00
  83  2.430400e+03    4.90e+00    1.25e+04   1.76e+00   6.26e-01  7.32e+03        1    5.53e-02    4.91e+00
  84  2.425650e+03    4.75e+00    1.23e+04   1.72e+00   6.26e-01  7.43e+03        1    6.09e-02    4.97e+00
  85  2.421047e+03    4.60e+00    1.21e+04   1.68e+00   6.25e-01  7.55e+03        1    6.20e-02    5.03e+00
  86  2.416584e+03    4.46e+00    1.19e+04   1.65e+00   6.25e-01  7.67e+03        1    6.56e-02    5.10e+00
  87  2.412254e+03    4.33e+00    1.18e+04   1.62e+00   6.25e-01  7.79e+03        1    6.35e-02    5.16e+00
  88  2.408051e+03    4.20e+00    1.16e+04   1.59e+00   6.24e-01  7.91e+03        1    6.14e-02    5.22e+00
  89  2.403971e+03    4.08e+00    1.14e+04   1.57e+00   6.24e-01  8.04e+03        1    6.10e-02    5.28e+00
  90  2.400007e+03    3.96e+00    1.13e+04   1.54e+00   6.23e-01  8.16e+03        1    6.04e-02    5.34e+00
  91  2.396154e+03    3.85e+00    1.11e+04   1.52e+00   6.23e-01  8.28e+03        1    6.11e-02    5.41e+00
  92  2.392408e+03    3.75e+00    1.10e+04   1.50e+00   6.22e-01  8.40e+03        1    6.31e-02    5.47e+00
  93  2.388765e+03    3.64e+00    1.09e+04   1.48e+00   6.22e-01  8.53e+03        1    6.14e-02    5.53e+00
  94  2.385219e+03    3.55e+00    1.07e+04   1.47e+00   6.22e-01  8.65e+03        1    6.13e-02    5.59e+00
  95  2.381767e+03    3.45e+00    1.06e+04   1.45e+00   6.21e-01  8.78e+03        1    6.21e-02    5.65e+00
  96  2.378405e+03    3.36e+00    1.05e+04   1.44e+00   6.21e-01  8.90e+03        1    6.24e-02    5.72e+00
  97  2.375129e+03    3.28e+00    1.03e+04   1.42e+00   6.20e-01  9.03e+03        1    6.13e-02    5.78e+00
  98  2.371935e+03    3.19e+00    1.02e+04   1.41e+00   6.20e-01  9.16e+03        1    5.99e-02    5.84e+00
  99  2.368821e+03    3.11e+00    1.01e+04   1.40e+00   6.20e-01  9.28e+03        1    6.08e-02    5.90e+00
 100  2.365783e+03    3.04e+00    9.97e+03   1.40e+00   6.19e-01  9.41e+03        1    6.20e-02    5.96e+00


Bundle adjustment report
------------------------
    Residuals : 252
   Parameters : 196
   Iterations : 101
         Time : 5.96016 [s]
 Initial cost : 7.40895 [px]
   Final cost : 3.06399 [px]
  Termination : No convergence

  => Filtered observations: 16
  => Filtered images: 0

==============================================================================
Initializing with image pair #5 and #4
==============================================================================


==============================================================================
Global bundle adjustment
==============================================================================

iter      cost      cost_change  |gradient|   |step|    tr_ratio  tr_radius  ls_iter  iter_time  total_time
   0  9.850931e+03    0.00e+00    2.46e+05   0.00e+00   0.00e+00  1.00e+04        0    6.57e-03    7.05e-03
   1  2.453611e+04   -1.47e+04    0.00e+00   1.74e+02  -1.58e+00  5.00e+03        1    4.85e-02    5.56e-02
   2  2.172168e+04   -1.19e+04    0.00e+00   1.85e+02  -1.33e+00  1.25e+03        1    4.51e-02    1.01e-01
   3  6.912502e+03    2.94e+03    1.68e+06   1.12e+02   4.02e-01  1.24e+03        1    6.02e-02    1.61e-01
   4  1.612086e+03    5.30e+03    2.05e+05   7.96e+01   9.83e-01  3.72e+03        1    6.16e-02    2.23e-01
   5  8.051258e+02    8.07e+02    6.86e+04   4.06e+01   9.01e-01  7.71e+03        1    6.31e-02    2.86e-01
   6  1.570512e+03   -7.65e+02    0.00e+00   8.89e+01  -1.70e+00  3.85e+03        1    5.12e-02    3.37e-01
   7  5.648653e+02    2.40e+02    4.19e+04   3.90e+01   6.92e-01  4.09e+03        1    6.39e-02    4.01e-01
   8  4.073151e+02    1.58e+02    4.54e+04   6.25e+01   6.32e-01  4.16e+03        1    6.18e-02    4.63e-01
   9  2.704738e+02    1.37e+02    3.18e+04   5.76e+01   7.66e-01  4.90e+03        1    6.25e-02    5.25e-01
  10  1.956574e+02    7.48e+01    2.16e+04   5.02e+01   7.76e-01  5.89e+03        1    6.34e-02    5.89e-01
  11  1.528628e+02    4.28e+01    1.12e+04   3.85e+01   8.58e-01  9.28e+03        1    6.18e-02    6.50e-01
  12  1.357980e+02    1.71e+01    6.71e+03   3.00e+01   8.64e-01  1.51e+04        1    6.16e-02    7.12e-01
  13  1.303331e+02    5.46e+00    2.98e+03   1.78e+01   9.44e-01  4.53e+04        1    6.26e-02    7.75e-01
  14  1.296725e+02    6.61e-01    2.67e+03   1.12e+01   9.22e-01  1.14e+05        1    6.22e-02    8.37e-01
  15  1.296108e+02    6.17e-02    1.96e+03   1.15e+01   4.44e-01  1.14e+05        1    6.28e-02    9.00e-01
  16  1.295205e+02    9.03e-02    1.23e+03   1.03e+01   5.70e-01  1.14e+05        1    6.17e-02    9.61e-01
  17  1.294382e+02    8.23e-02    1.18e+03   1.02e+01   5.56e-01  1.14e+05        1    6.17e-02    1.02e+00
  18  1.293573e+02    8.08e-02    1.15e+03   1.00e+01   5.62e-01  1.15e+05        1    6.57e-02    1.09e+00
  19  1.292783e+02    7.90e-02    1.13e+03   9.86e+00   5.67e-01  1.15e+05        1    6.12e-02    1.15e+00
  20  1.292012e+02    7.72e-02    1.11e+03   9.71e+00   5.71e-01  1.15e+05        1    6.24e-02    1.21e+00
  21  1.291258e+02    7.54e-02    1.09e+03   9.57e+00   5.76e-01  1.16e+05        1    6.06e-02    1.27e+00
  22  1.290523e+02    7.35e-02    1.07e+03   9.43e+00   5.80e-01  1.16e+05        1    6.26e-02    1.34e+00
  23  1.289805e+02    7.17e-02    1.05e+03   9.29e+00   5.84e-01  1.17e+05        1    5.98e-02    1.40e+00
  24  1.289107e+02    6.99e-02    1.04e+03   9.16e+00   5.88e-01  1.17e+05        1    6.17e-02    1.46e+00
  25  1.288426e+02    6.81e-02    1.02e+03   9.02e+00   5.92e-01  1.18e+05        1    6.13e-02    1.52e+00
  26  1.287763e+02    6.63e-02    9.98e+02   8.89e+00   5.95e-01  1.19e+05        1    6.07e-02    1.58e+00
  27  1.287119e+02    6.45e-02    9.79e+02   8.77e+00   5.98e-01  1.20e+05        1    6.24e-02    1.64e+00
  28  1.286492e+02    6.27e-02    9.61e+02   8.64e+00   6.01e-01  1.21e+05        1    6.24e-02    1.70e+00
  29  1.285884e+02    6.09e-02    9.43e+02   8.52e+00   6.04e-01  1.22e+05        1    6.31e-02    1.77e+00
  30  1.285293e+02    5.91e-02    9.25e+02   8.40e+00   6.07e-01  1.23e+05        1    6.34e-02    1.83e+00
  31  1.284720e+02    5.73e-02    9.08e+02   8.28e+00   6.10e-01  1.24e+05        1    6.31e-02    1.89e+00
  32  1.284165e+02    5.55e-02    8.90e+02   8.16e+00   6.12e-01  1.26e+05        1    5.92e-02    1.95e+00
  33  1.283628e+02    5.37e-02    8.72e+02   8.04e+00   6.15e-01  1.27e+05        1    6.27e-02    2.02e+00
  34  1.283108e+02    5.19e-02    8.54e+02   7.92e+00   6.17e-01  1.29e+05        1    6.13e-02    2.08e+00
  35  1.282606e+02    5.02e-02    8.36e+02   7.80e+00   6.19e-01  1.31e+05        1    6.17e-02    2.14e+00
  36  1.282123e+02    4.84e-02    8.17e+02   7.68e+00   6.22e-01  1.33e+05        1    6.15e-02    2.20e+00
  37  1.281657e+02    4.66e-02    7.99e+02   7.56e+00   6.24e-01  1.35e+05        1    6.64e-02    2.27e+00
  38  1.281208e+02    4.48e-02    7.80e+02   7.44e+00   6.26e-01  1.37e+05        1    6.30e-02    2.33e+00
  39  1.280778e+02    4.30e-02    7.61e+02   7.32e+00   6.28e-01  1.39e+05        1    5.56e-02    2.39e+00
  40  1.280366e+02    4.12e-02    7.42e+02   7.20e+00   6.30e-01  1.42e+05        1    6.22e-02    2.45e+00
  41  1.279971e+02    3.95e-02    7.23e+02   7.08e+00   6.33e-01  1.44e+05        1    6.82e-02    2.52e+00
  42  1.279594e+02    3.77e-02    7.03e+02   6.96e+00   6.35e-01  1.47e+05        1    5.55e-02    2.57e+00
  43  1.279235e+02    3.59e-02    6.83e+02   6.83e+00   6.37e-01  1.50e+05        1    6.17e-02    2.63e+00
  44  1.278893e+02    3.42e-02    6.63e+02   6.71e+00   6.40e-01  1.54e+05        1    6.00e-02    2.69e+00
  45  1.278569e+02    3.24e-02    6.42e+02   6.58e+00   6.42e-01  1.57e+05        1    6.24e-02    2.76e+00
  46  1.278262e+02    3.07e-02    6.21e+02   6.45e+00   6.44e-01  1.61e+05        1    6.19e-02    2.82e+00
  47  1.277973e+02    2.90e-02    6.00e+02   6.32e+00   6.47e-01  1.66e+05        1    6.66e-02    2.88e+00
  48  1.277700e+02    2.73e-02    5.79e+02   6.18e+00   6.50e-01  1.70e+05        1    6.11e-02    2.94e+00
  49  1.277444e+02    2.56e-02    5.57e+02   6.05e+00   6.52e-01  1.75e+05        1    6.29e-02    3.01e+00
  50  1.277205e+02    2.39e-02    5.36e+02   5.91e+00   6.55e-01  1.80e+05        1    6.22e-02    3.07e+00
  51  1.276982e+02    2.23e-02    5.14e+02   5.77e+00   6.58e-01  1.86e+05        1    6.27e-02    3.13e+00
  52  1.276774e+02    2.07e-02    4.92e+02   5.63e+00   6.61e-01  1.93e+05        1    5.75e-02    3.19e+00
  53  1.276582e+02    1.92e-02    4.70e+02   5.48e+00   6.64e-01  2.00e+05        1    6.32e-02    3.25e+00
  54  1.276406e+02    1.77e-02    4.47e+02   5.34e+00   6.67e-01  2.07e+05        1    6.44e-02    3.32e+00
  55  1.276243e+02    1.62e-02    4.25e+02   5.19e+00   6.70e-01  2.16e+05        1    6.34e-02    3.38e+00
  56  1.276095e+02    1.48e-02    4.02e+02   5.04e+00   6.73e-01  2.25e+05        1    6.28e-02    3.44e+00
  57  1.275961e+02    1.34e-02    3.80e+02   4.88e+00   6.77e-01  2.36e+05        1    6.22e-02    3.51e+00
  58  1.275840e+02    1.21e-02    3.57e+02   4.72e+00   6.81e-01  2.47e+05        1    6.20e-02    3.57e+00
  59  1.275732e+02    1.08e-02    3.35e+02   4.56e+00   6.85e-01  2.60e+05        1    6.37e-02    3.63e+00
  60  1.275635e+02    9.65e-03    3.12e+02   4.39e+00   6.89e-01  2.75e+05        1    6.19e-02    3.69e+00
  61  1.275550e+02    8.51e-03    2.90e+02   4.22e+00   6.94e-01  2.92e+05        1    6.33e-02    3.76e+00
  62  1.275476e+02    7.44e-03    2.67e+02   4.05e+00   6.99e-01  3.12e+05        1    6.33e-02    3.82e+00
  63  1.275411e+02    6.43e-03    2.45e+02   3.87e+00   7.04e-01  3.35e+05        1    6.20e-02    3.88e+00
  64  1.275356e+02    5.50e-03    2.23e+02   3.68e+00   7.09e-01  3.61e+05        1    6.30e-02    3.95e+00
  65  1.275310e+02    4.63e-03    2.01e+02   3.49e+00   7.15e-01  3.92e+05        1    6.23e-02    4.01e+00
  66  1.275272e+02    3.84e-03    1.80e+02   3.29e+00   7.22e-01  4.30e+05        1    6.20e-02    4.07e+00
  67  1.275240e+02    3.13e-03    1.59e+02   3.09e+00   7.30e-01  4.76e+05        1    6.03e-02    4.13e+00
  68  1.275215e+02    2.49e-03    1.38e+02   2.87e+00   7.38e-01  5.34e+05        1    6.27e-02    4.19e+00
  69  1.275196e+02    1.93e-03    1.18e+02   2.65e+00   7.47e-01  6.07e+05        1    6.16e-02    4.25e+00
  70  1.275182e+02    1.44e-03    9.83e+01   2.42e+00   7.58e-01  7.03e+05        1    5.83e-02    4.31e+00
  71  1.275172e+02    1.03e-03    7.96e+01   2.17e+00   7.70e-01  8.35e+05        1    6.18e-02    4.37e+00
  72  1.275165e+02    6.96e-04    6.19e+01   1.91e+00   7.84e-01  1.02e+06        1    6.08e-02    4.44e+00
  73  1.275160e+02    4.34e-04    4.54e+01   1.64e+00   8.02e-01  1.31e+06        1    6.17e-02    4.50e+00
  74  1.275158e+02    2.41e-04    3.05e+01   1.34e+00   8.22e-01  1.79e+06        1    6.17e-02    4.56e+00
  75  1.275157e+02    1.12e-04    1.78e+01   1.02e+00   8.46e-01  2.67e+06        1    6.26e-02    4.62e+00
  76  1.275156e+02    3.81e-05    7.94e+00   6.77e-01   8.72e-01  4.54e+06        1    6.19e-02    4.68e+00
  77  1.275156e+02    7.35e-06    2.08e+00   3.42e-01   8.93e-01  8.82e+06        1    6.37e-02    4.75e+00
  78  1.275156e+02    4.63e-07    4.66e-01   9.15e-02   9.23e-01  2.23e+07        1    6.29e-02    4.81e+00
  79  1.275156e+02    5.29e-09    4.86e-03   3.80e-03   1.04e+00  6.68e+07        1    5.90e-02    4.87e+00


Bundle adjustment report
------------------------
    Residuals : 476
   Parameters : 364
   Iterations : 80
         Time : 4.86928 [s]
 Initial cost : 4.5492 [px]
   Final cost : 0.517581 [px]
  Termination : Convergence

  => Filtered observations: 0
  => Filtered images: 0

==============================================================================
Initializing with image pair #5 and #3
==============================================================================


==============================================================================
Global bundle adjustment
==============================================================================

iter      cost      cost_change  |gradient|   |step|    tr_ratio  tr_radius  ls_iter  iter_time  total_time
   0  7.276036e+03    0.00e+00    2.36e+03   0.00e+00   0.00e+00  1.00e+04        0    6.50e-03    6.63e-03
   1  2.348619e+05   -2.28e+05    0.00e+00   8.23e+01  -3.71e+01  5.00e+03        1    4.84e-02    5.50e-02
   2  5.781807e+08   -5.78e+08    0.00e+00   6.86e+01  -1.00e+05  1.25e+03        1    5.33e-02    1.08e-01
   3  2.796157e+03    4.48e+03    1.87e+04   5.88e+01   8.40e-01  1.83e+03        1    5.56e-02    1.64e-01
   4  2.462394e+03    3.34e+02    2.30e+04   5.82e+01   3.05e-01  1.72e+03        1    5.73e-02    2.21e-01
   5  6.697928e+04   -6.45e+04    0.00e+00   8.50e+01  -3.99e+01  8.62e+02        1    4.96e-02    2.71e-01
   6  1.493840e+04   -1.25e+04    0.00e+00   5.70e+01  -8.56e+00  2.15e+02        1    5.02e-02    3.21e-01
   7  1.538186e+03    9.24e+02    1.70e+04   2.20e+01   8.50e-01  3.28e+02        1    6.13e-02    3.82e-01
   8  2.745366e+03   -1.21e+03    0.00e+00   2.02e+01  -1.62e+00  1.64e+02        1    4.86e-02    4.31e-01
   9  1.169649e+03    3.69e+02    2.45e+04   1.37e+01   6.13e-01  1.66e+02        1    6.16e-02    4.93e-01
  10  5.879983e+02    5.82e+02    9.99e+03   2.47e+00   9.45e-01  4.98e+02        1    6.15e-02    5.54e-01
  11  4.299261e+02    1.58e+02    9.00e+02   5.73e+00   9.24e-01  1.28e+03        1    6.20e-02    6.16e-01
  12  4.109223e+02    1.90e+01    2.57e+03   1.16e+01   1.68e-01  9.90e+02        1    6.11e-02    6.77e-01
  13  3.074523e+02    1.03e+02    7.17e+02   6.37e+00   8.09e-01  1.30e+03        1    6.13e-02    7.39e-01
  14  2.735711e+02    3.39e+01    7.47e+02   8.82e+00   5.89e-01  1.30e+03        1    6.09e-02    8.00e-01
  15  2.352601e+02    3.83e+01    4.38e+02   9.00e+00   8.44e-01  1.93e+03        1    5.92e-02    8.59e-01
  16  2.130739e+02    2.22e+01    4.79e+02   1.35e+01   7.08e-01  2.08e+03        1    6.16e-02    9.20e-01
  17  1.918133e+02    2.13e+01    2.37e+02   1.48e+01   8.57e-01  3.27e+03        1    6.19e-02    9.82e-01
  18  1.765748e+02    1.52e+01    2.36e+02   2.27e+01   7.51e-01  3.73e+03        1    6.16e-02    1.04e+00
  19  1.636037e+02    1.30e+01    3.37e+02   2.55e+01   8.30e-01  5.24e+03        1    6.11e-02    1.11e+00
  20  1.531902e+02    1.04e+01    5.92e+02   3.48e+01   7.82e-01  6.39e+03        1    6.24e-02    1.17e+00
  21  1.442136e+02    8.98e+00    8.24e+02   4.12e+01   7.83e-01  7.82e+03        1    6.13e-02    1.23e+00
  22  1.364445e+02    7.77e+00    1.09e+03   4.90e+01   7.53e-01  8.98e+03        1    6.18e-02    1.29e+00
  23  1.295041e+02    6.94e+00    1.27e+03   5.51e+01   7.38e-01  1.01e+04        1    6.03e-02    1.35e+00
  24  1.232912e+02    6.21e+00    1.39e+03   6.07e+01   7.24e-01  1.11e+04        1    6.07e-02    1.41e+00
  25  1.177167e+02    5.57e+00    1.47e+03   6.59e+01   7.14e-01  1.20e+04        1    6.11e-02    1.47e+00
  26  1.127165e+02    5.00e+00    1.51e+03   7.10e+01   7.06e-01  1.29e+04        1    6.24e-02    1.54e+00
  27  1.082286e+02    4.49e+00    1.53e+03   7.61e+01   7.00e-01  1.38e+04        1    6.05e-02    1.60e+00
  28  1.041958e+02    4.03e+00    1.53e+03   8.14e+01   6.94e-01  1.47e+04        1    6.17e-02    1.66e+00
  29  1.005654e+02    3.63e+00    1.52e+03   8.68e+01   6.90e-01  1.55e+04        1    6.15e-02    1.72e+00
  30  9.729006e+01    3.28e+00    1.51e+03   9.23e+01   6.85e-01  1.63e+04        1    6.08e-02    1.78e+00
  31  9.432778e+01    2.96e+00    1.50e+03   9.80e+01   6.81e-01  1.72e+04        1    5.94e-02    1.84e+00
  32  9.164166e+01    2.69e+00    1.48e+03   1.04e+02   6.77e-01  1.80e+04        1    6.09e-02    1.90e+00
  33  8.919950e+01    2.44e+00    1.46e+03   1.10e+02   6.74e-01  1.87e+04        1    5.92e-02    1.96e+00
  34  8.697332e+01    2.23e+00    1.44e+03   1.16e+02   6.70e-01  1.95e+04        1    6.54e-02    2.02e+00
  35  8.493880e+01    2.03e+00    1.43e+03   1.23e+02   6.67e-01  2.03e+04        1    5.83e-02    2.08e+00
  36  8.307479e+01    1.86e+00    1.41e+03   1.29e+02   6.64e-01  2.10e+04        1    6.12e-02    2.14e+00
  37  8.136287e+01    1.71e+00    1.39e+03   1.36e+02   6.60e-01  2.17e+04        1    6.19e-02    2.21e+00
  38  7.978695e+01    1.58e+00    1.37e+03   1.43e+02   6.57e-01  2.24e+04        1    6.07e-02    2.27e+00
  39  7.833294e+01    1.45e+00    1.36e+03   1.50e+02   6.54e-01  2.31e+04        1    6.18e-02    2.33e+00
  40  7.698850e+01    1.34e+00    1.34e+03   1.57e+02   6.51e-01  2.38e+04        1    6.19e-02    2.39e+00
  41  7.574274e+01    1.25e+00    1.33e+03   1.64e+02   6.48e-01  2.44e+04        1    6.04e-02    2.45e+00
  42  7.458606e+01    1.16e+00    1.31e+03   1.71e+02   6.45e-01  2.50e+04        1    6.14e-02    2.51e+00
  43  7.350996e+01    1.08e+00    1.30e+03   1.78e+02   6.42e-01  2.56e+04        1    5.87e-02    2.57e+00
  44  7.250688e+01    1.00e+00    1.29e+03   1.85e+02   6.39e-01  2.61e+04        1    6.10e-02    2.63e+00
  45  7.157010e+01    9.37e-01    1.28e+03   1.92e+02   6.36e-01  2.67e+04        1    6.19e-02    2.69e+00
  46  7.069365e+01    8.76e-01    1.27e+03   2.00e+02   6.33e-01  2.72e+04        1    6.09e-02    2.75e+00
  47  6.987214e+01    8.22e-01    1.26e+03   2.07e+02   6.30e-01  2.76e+04        1    6.14e-02    2.82e+00
  48  6.910077e+01    7.71e-01    1.25e+03   2.14e+02   6.27e-01  2.81e+04        1    6.15e-02    2.88e+00
  49  6.837521e+01    7.26e-01    1.24e+03   2.21e+02   6.24e-01  2.85e+04        1    5.98e-02    2.94e+00
  50  6.769159e+01    6.84e-01    1.23e+03   2.28e+02   6.21e-01  2.89e+04        1    6.14e-02    3.00e+00
  51  6.704637e+01    6.45e-01    1.23e+03   2.35e+02   6.18e-01  2.93e+04        1    5.96e-02    3.06e+00
  52  6.643638e+01    6.10e-01    1.22e+03   2.41e+02   6.15e-01  2.97e+04        1    6.11e-02    3.12e+00
  53  6.585874e+01    5.78e-01    1.22e+03   2.48e+02   6.12e-01  3.00e+04        1    6.22e-02    3.18e+00
  54  6.531083e+01    5.48e-01    1.21e+03   2.55e+02   6.09e-01  3.03e+04        1    5.98e-02    3.24e+00
  55  6.479027e+01    5.21e-01    1.21e+03   2.61e+02   6.07e-01  3.06e+04        1    6.14e-02    3.30e+00
  56  6.429488e+01    4.95e-01    1.21e+03   2.68e+02   6.04e-01  3.09e+04        1    6.14e-02    3.36e+00
  57  6.382268e+01    4.72e-01    1.20e+03   2.74e+02   6.01e-01  3.12e+04        1    6.05e-02    3.43e+00
  58  6.337186e+01    4.51e-01    1.20e+03   2.80e+02   5.98e-01  3.14e+04        1    6.15e-02    3.49e+00
  59  6.294073e+01    4.31e-01    1.20e+03   2.86e+02   5.96e-01  3.16e+04        1    6.32e-02    3.55e+00
  60  6.252778e+01    4.13e-01    1.20e+03   2.92e+02   5.93e-01  3.18e+04        1    5.68e-02    3.61e+00
  61  6.213159e+01    3.96e-01    1.21e+03   2.98e+02   5.90e-01  3.20e+04        1    6.06e-02    3.67e+00
  62  6.175086e+01    3.81e-01    1.21e+03   3.04e+02   5.88e-01  3.22e+04        1    6.25e-02    3.73e+00
  63  6.138437e+01    3.66e-01    1.21e+03   3.10e+02   5.85e-01  3.24e+04        1    6.00e-02    3.79e+00
  64  6.103100e+01    3.53e-01    1.21e+03   3.15e+02   5.82e-01  3.25e+04        1    6.04e-02    3.85e+00
  65  6.068973e+01    3.41e-01    1.22e+03   3.20e+02   5.80e-01  3.26e+04        1    6.38e-02    3.92e+00
  66  6.035866e+01    3.31e-01    1.22e+03   3.17e+02   5.79e-01  3.28e+04        1    6.35e-02    3.98e+00
  67  6.003770e+01    3.21e-01    1.23e+03   3.02e+02   5.80e-01  3.29e+04        1    6.66e-02    4.05e+00
  68  5.972775e+01    3.10e-01    1.24e+03   2.88e+02   5.79e-01  3.30e+04        1    5.66e-02    4.10e+00
  69  5.942751e+01    3.00e-01    1.25e+03   2.75e+02   5.77e-01  3.32e+04        1    5.85e-02    4.16e+00
  70  5.913596e+01    2.92e-01    1.26e+03   2.62e+02   5.75e-01  3.33e+04        1    6.00e-02    4.22e+00
  71  5.885220e+01    2.84e-01    1.27e+03   2.50e+02   5.74e-01  3.34e+04        1    6.24e-02    4.28e+00
  72  5.857540e+01    2.77e-01    1.28e+03   2.38e+02   5.72e-01  3.35e+04        1    5.61e-02    4.34e+00
  73  5.830484e+01    2.71e-01    1.29e+03   2.23e+02   5.70e-01  3.36e+04        1    6.11e-02    4.40e+00
  74  5.803990e+01    2.65e-01    1.31e+03   2.10e+02   5.68e-01  3.37e+04        1    6.13e-02    4.46e+00
  75  5.777986e+01    2.60e-01    1.33e+03   1.98e+02   5.66e-01  3.37e+04        1    6.16e-02    4.52e+00
  76  5.752404e+01    2.56e-01    1.34e+03   1.87e+02   5.63e-01  3.38e+04        1    6.58e-02    4.59e+00
  77  5.727182e+01    2.52e-01    1.36e+03   1.77e+02   5.61e-01  3.39e+04        1    5.40e-02    4.64e+00
  78  5.702260e+01    2.49e-01    1.38e+03   1.68e+02   5.59e-01  3.39e+04        1    6.47e-02    4.71e+00
  79  5.677579e+01    2.47e-01    1.41e+03   1.59e+02   5.57e-01  3.40e+04        1    5.93e-02    4.77e+00
  80  5.653083e+01    2.45e-01    1.43e+03   1.51e+02   5.55e-01  3.40e+04        1    6.08e-02    4.83e+00
  81  5.628714e+01    2.44e-01    1.46e+03   1.43e+02   5.53e-01  3.41e+04        1    6.00e-02    4.89e+00
  82  5.604417e+01    2.43e-01    1.48e+03   1.36e+02   5.51e-01  3.41e+04        1    5.94e-02    4.95e+00
  83  5.580135e+01    2.43e-01    1.51e+03   1.29e+02   5.48e-01  3.41e+04        1    5.98e-02    5.01e+00
  84  5.555809e+01    2.43e-01    1.55e+03   1.22e+02   5.46e-01  3.41e+04        1    6.40e-02    5.07e+00
  85  5.531379e+01    2.44e-01    1.58e+03   1.16e+02   5.44e-01  3.42e+04        1    6.68e-02    5.14e+00
  86  5.506783e+01    2.46e-01    1.62e+03   1.11e+02   5.42e-01  3.42e+04        1    5.16e-02    5.19e+00
  87  5.481956e+01    2.48e-01    1.66e+03   1.06e+02   5.40e-01  3.42e+04        1    6.41e-02    5.25e+00
  88  5.456828e+01    2.51e-01    1.70e+03   1.01e+02   5.37e-01  3.42e+04        1    6.06e-02    5.32e+00
  89  5.431326e+01    2.55e-01    1.75e+03   9.66e+01   5.35e-01  3.42e+04        1    6.13e-02    5.38e+00
  90  5.405371e+01    2.60e-01    1.80e+03   9.28e+01   5.32e-01  3.42e+04        1    6.11e-02    5.44e+00
  91  5.378876e+01    2.65e-01    1.85e+03   8.96e+01   5.29e-01  3.42e+04        1    6.17e-02    5.50e+00
  92  5.351747e+01    2.71e-01    1.91e+03   8.69e+01   5.27e-01  3.43e+04        1    5.90e-02    5.56e+00
  93  5.323881e+01    2.79e-01    1.97e+03   8.50e+01   5.23e-01  3.43e+04        1    6.93e-02    5.63e+00
  94  5.295161e+01    2.87e-01    2.03e+03   8.39e+01   5.20e-01  3.43e+04        1    5.54e-02    5.68e+00
  95  5.265459e+01    2.97e-01    2.11e+03   8.37e+01   5.16e-01  3.43e+04        1    6.08e-02    5.74e+00
  96  5.234628e+01    3.08e-01    2.18e+03   8.44e+01   5.12e-01  3.43e+04        1    6.40e-02    5.81e+00
  97  5.202503e+01    3.21e-01    2.27e+03   8.61e+01   5.08e-01  3.43e+04        1    6.05e-02    5.87e+00
  98  5.168891e+01    3.36e-01    2.36e+03   8.89e+01   5.03e-01  3.43e+04        1    6.14e-02    5.93e+00
  99  5.133574e+01    3.53e-01    2.46e+03   9.28e+01   4.97e-01  3.43e+04        1    6.00e-02    5.99e+00
 100  5.096295e+01    3.73e-01    2.56e+03   9.79e+01   4.90e-01  3.43e+04        1    6.79e-02    6.06e+00


Bundle adjustment report
------------------------
    Residuals : 64
   Parameters : 55
   Iterations : 101
         Time : 6.05858 [s]
 Initial cost : 10.6625 [px]
   Final cost : 0.892354 [px]
  Termination : No convergence

  => Filtered observations: 1
  => Filtered images: 0

==============================================================================
Initializing with image pair #6 and #2
==============================================================================


==============================================================================
Global bundle adjustment
==============================================================================

iter      cost      cost_change  |gradient|   |step|    tr_ratio  tr_radius  ls_iter  iter_time  total_time
   0  1.771965e+05    0.00e+00    3.04e+05   0.00e+00   0.00e+00  1.00e+04        0    8.35e-03    8.53e-03
   1  9.777271e+05   -8.01e+05    0.00e+00   6.14e+02  -4.73e+00  5.00e+03        1    4.68e-02    5.53e-02
   2  2.417335e+05   -6.45e+04    0.00e+00   3.07e+02  -3.92e-01  1.25e+03        1    4.84e-02    1.04e-01
   3  2.002448e+06   -1.83e+06    0.00e+00   2.00e+02  -1.17e+01  1.56e+02        1    4.55e-02    1.49e-01
   4  7.180376e+05   -5.41e+05    0.00e+00   2.07e+02  -3.71e+00  9.77e+00        1    5.46e-02    2.04e-01
   5  1.051977e+05    7.20e+04    1.84e+05   4.67e+01   9.38e-01  2.93e+01        1    5.48e-02    2.59e-01
   6  7.858604e+04    2.66e+04    2.39e+05   6.07e+01   5.07e-01  2.93e+01        1    6.13e-02    3.20e-01
   7  4.773701e+04    3.08e+04    2.33e+04   1.09e+00   9.99e-01  8.79e+01        1    6.19e-02    3.82e-01
   8  4.223366e+04    5.50e+03    1.30e+05   1.17e+02   6.52e-01  9.05e+01        1    6.01e-02    4.42e-01
   9  4.160981e+04    6.24e+02    4.05e+05   1.27e+02   5.30e-02  5.28e+01        1    6.14e-02    5.03e-01
  10  3.029466e+04    1.13e+04    4.93e+05   6.84e+01   6.27e-01  5.36e+01        1    6.09e-02    5.64e-01
  11  2.334043e+04    6.95e+03    5.38e+05   7.51e+01   4.72e-01  5.36e+01        1    6.29e-02    6.27e-01
  12  1.067086e+04    1.27e+04    1.90e+05   7.06e+01   8.88e-01  1.01e+02        1    6.05e-02    6.88e-01
  13  4.992994e+03    5.68e+03    1.54e+05   7.80e+01   9.03e-01  2.11e+02        1    6.22e-02    7.50e-01
  14  3.421075e+03    1.57e+03    1.14e+05   5.16e+01   5.91e-01  2.12e+02        1    5.90e-02    8.09e-01
  15  2.093778e+03    1.33e+03    1.39e+04   1.04e+01   9.86e-01  6.37e+02        1    6.17e-02    8.71e-01
  16  2.036026e+03    5.78e+01    2.96e+03   2.81e+00   9.92e-01  1.91e+03        1    6.13e-02    9.32e-01
  17  2.015101e+03    2.09e+01    5.09e+03   3.13e+01   9.17e-01  4.56e+03        1    6.09e-02    9.93e-01
  18  2.016092e+03   -9.91e-01    0.00e+00   8.55e+01  -2.36e-02  2.28e+03        1    4.88e-02    1.04e+00
  19  1.995386e+03    1.97e+01    6.80e+03   4.16e+01   8.66e-01  3.76e+03        1    6.26e-02    1.10e+00
  20  1.981103e+03    1.43e+01    1.85e+04   7.06e+01   4.40e-01  3.75e+03        1    5.89e-02    1.16e+00
  21  1.952826e+03    2.83e+01    1.61e+04   6.86e+01   6.73e-01  3.92e+03        1    6.15e-02    1.23e+00
  22  1.930147e+03    2.27e+01    1.55e+04   6.88e+01   6.47e-01  4.02e+03        1    6.13e-02    1.29e+00
  23  1.909432e+03    2.07e+01    1.43e+04   6.79e+01   6.66e-01  4.17e+03        1    6.10e-02    1.35e+00
  24  1.891398e+03    1.80e+01    1.36e+04   6.77e+01   6.62e-01  4.32e+03        1    6.03e-02    1.41e+00
  25  1.875120e+03    1.63e+01    1.29e+04   6.74e+01   6.67e-01  4.48e+03        1    6.08e-02    1.47e+00
  26  1.860497e+03    1.46e+01    1.23e+04   6.74e+01   6.66e-01  4.65e+03        1    6.07e-02    1.53e+00
  27  1.847195e+03    1.33e+01    1.18e+04   6.74e+01   6.67e-01  4.83e+03        1    6.05e-02    1.59e+00
  28  1.835067e+03    1.21e+01    1.13e+04   6.76e+01   6.66e-01  5.02e+03        1    6.04e-02    1.65e+00
  29  1.823946e+03    1.11e+01    1.09e+04   6.78e+01   6.66e-01  5.21e+03        1    6.32e-02    1.71e+00
  30  1.813719e+03    1.02e+01    1.05e+04   6.80e+01   6.66e-01  5.41e+03        1    5.99e-02    1.77e+00
  31  1.804282e+03    9.44e+00    1.02e+04   6.83e+01   6.65e-01  5.61e+03        1    6.07e-02    1.83e+00
  32  1.795554e+03    8.73e+00    9.83e+03   6.86e+01   6.64e-01  5.81e+03        1    6.27e-02    1.90e+00
  33  1.787462e+03    8.09e+00    9.51e+03   6.90e+01   6.63e-01  6.03e+03        1    5.83e-02    1.96e+00
  34  1.779944e+03    7.52e+00    9.21e+03   6.94e+01   6.63e-01  6.24e+03        1    6.00e-02    2.02e+00
  35  1.772948e+03    7.00e+00    8.92e+03   6.97e+01   6.62e-01  6.46e+03        1    6.18e-02    2.08e+00
  36  1.766425e+03    6.52e+00    8.65e+03   7.01e+01   6.61e-01  6.68e+03        1    6.02e-02    2.14e+00
  37  1.760334e+03    6.09e+00    8.39e+03   7.05e+01   6.60e-01  6.91e+03        1    6.21e-02    2.20e+00
  38  1.754639e+03    5.70e+00    8.14e+03   7.10e+01   6.59e-01  7.14e+03        1    5.99e-02    2.26e+00
  39  1.749306e+03    5.33e+00    7.90e+03   7.14e+01   6.59e-01  7.38e+03        1    6.15e-02    2.32e+00
  40  1.744305e+03    5.00e+00    7.68e+03   7.18e+01   6.58e-01  7.62e+03        1    6.23e-02    2.38e+00
  41  1.739610e+03    4.69e+00    7.46e+03   7.23e+01   6.57e-01  7.86e+03        1    6.00e-02    2.44e+00
  42  1.735198e+03    4.41e+00    7.26e+03   7.27e+01   6.56e-01  8.11e+03        1    5.57e-02    2.50e+00
  43  1.731047e+03    4.15e+00    7.06e+03   7.32e+01   6.56e-01  8.36e+03        1    4.51e-02    2.54e+00
  44  1.727136e+03    3.91e+00    6.87e+03   7.36e+01   6.55e-01  8.62e+03        1    5.58e-02    2.60e+00
  45  1.723449e+03    3.69e+00    6.68e+03   7.41e+01   6.54e-01  8.88e+03        1    5.69e-02    2.66e+00
  46  1.719969e+03    3.48e+00    6.51e+03   7.45e+01   6.54e-01  9.15e+03        1    5.60e-02    2.71e+00
  47  1.716681e+03    3.29e+00    6.34e+03   7.50e+01   6.53e-01  9.42e+03        1    4.81e-02    2.76e+00
  48  1.713573e+03    3.11e+00    6.18e+03   7.55e+01   6.52e-01  9.69e+03        1    5.82e-02    2.82e+00
  49  1.710631e+03    2.94e+00    6.03e+03   7.59e+01   6.52e-01  9.97e+03        1    5.64e-02    2.88e+00
  50  1.707844e+03    2.79e+00    5.88e+03   7.64e+01   6.51e-01  1.02e+04        1    5.35e-02    2.93e+00
  51  1.705203e+03    2.64e+00    5.73e+03   7.69e+01   6.50e-01  1.05e+04        1    5.17e-02    2.98e+00
  52  1.702697e+03    2.51e+00    5.59e+03   7.73e+01   6.50e-01  1.08e+04        1    5.82e-02    3.04e+00
  53  1.700318e+03    2.38e+00    5.46e+03   7.78e+01   6.49e-01  1.11e+04        1    6.01e-02    3.10e+00
  54  1.698058e+03    2.26e+00    5.33e+03   7.83e+01   6.49e-01  1.14e+04        1    4.97e-02    3.15e+00
  55  1.695909e+03    2.15e+00    5.21e+03   7.88e+01   6.48e-01  1.17e+04        1    1.63e-02    3.17e+00
  56  1.693865e+03    2.04e+00    5.09e+03   7.93e+01   6.47e-01  1.20e+04        1    3.28e-04    3.17e+00
  57  1.691919e+03    1.95e+00    4.97e+03   7.97e+01   6.47e-01  1.23e+04        1    6.21e-03    3.17e+00
  58  1.690065e+03    1.85e+00    4.86e+03   8.02e+01   6.46e-01  1.27e+04        1    3.04e-04    3.17e+00
  59  1.688297e+03    1.77e+00    4.75e+03   8.07e+01   6.46e-01  1.30e+04        1    3.22e-04    3.17e+00
  60  1.686612e+03    1.69e+00    4.65e+03   8.12e+01   6.45e-01  1.33e+04        1    3.02e-04    3.17e+00
  61  1.685004e+03    1.61e+00    4.55e+03   8.17e+01   6.45e-01  1.36e+04        1    5.95e-03    3.18e+00
  62  1.683468e+03    1.54e+00    4.45e+03   8.21e+01   6.44e-01  1.40e+04        1    2.96e-04    3.18e+00
  63  1.682000e+03    1.47e+00    4.36e+03   8.26e+01   6.43e-01  1.43e+04        1    3.46e-04    3.18e+00
  64  1.680598e+03    1.40e+00    4.27e+03   8.31e+01   6.43e-01  1.47e+04        1    2.91e-04    3.18e+00
  65  1.679256e+03    1.34e+00    4.18e+03   8.36e+01   6.42e-01  1.50e+04        1    3.07e-04    3.18e+00
  66  1.677973e+03    1.28e+00    4.09e+03   8.40e+01   6.42e-01  1.53e+04        1    3.14e-04    3.18e+00
  67  1.676744e+03    1.23e+00    4.01e+03   8.45e+01   6.41e-01  1.57e+04        1    2.87e-04    3.18e+00
  68  1.675567e+03    1.18e+00    3.93e+03   8.50e+01   6.41e-01  1.61e+04        1    3.62e-04    3.18e+00
  69  1.674439e+03    1.13e+00    3.85e+03   8.55e+01   6.40e-01  1.64e+04        1    3.30e-04    3.18e+00
  70  1.673358e+03    1.08e+00    3.78e+03   8.59e+01   6.40e-01  1.68e+04        1    3.02e-04    3.18e+00
  71  1.672321e+03    1.04e+00    3.70e+03   8.64e+01   6.39e-01  1.72e+04        1    4.75e-03    3.19e+00
  72  1.671326e+03    9.95e-01    3.63e+03   8.69e+01   6.39e-01  1.75e+04        1    1.09e-03    3.19e+00
  73  1.670371e+03    9.55e-01    3.56e+03   8.74e+01   6.39e-01  1.79e+04        1    3.55e-02    3.22e+00
  74  1.669453e+03    9.17e-01    3.50e+03   8.78e+01   6.38e-01  1.83e+04        1    3.75e-02    3.26e+00
  75  1.668572e+03    8.81e-01    3.43e+03   8.83e+01   6.38e-01  1.87e+04        1    3.57e-04    3.26e+00
  76  1.667725e+03    8.47e-01    3.37e+03   8.88e+01   6.37e-01  1.91e+04        1    3.90e-04    3.26e+00
  77  1.666911e+03    8.14e-01    3.31e+03   8.92e+01   6.37e-01  1.95e+04        1    9.59e-04    3.26e+00
  78  1.666127e+03    7.83e-01    3.25e+03   8.97e+01   6.36e-01  1.99e+04        1    3.96e-04    3.26e+00
  79  1.665374e+03    7.54e-01    3.19e+03   9.02e+01   6.36e-01  2.03e+04        1    3.01e-03    3.27e+00
  80  1.664648e+03    7.25e-01    3.13e+03   9.06e+01   6.35e-01  2.07e+04        1    3.47e-04    3.27e+00
  81  1.663950e+03    6.99e-01    3.07e+03   9.11e+01   6.35e-01  2.11e+04        1    3.27e-04    3.27e+00
  82  1.663277e+03    6.73e-01    3.02e+03   9.16e+01   6.35e-01  2.16e+04        1    3.42e-04    3.27e+00
  83  1.662628e+03    6.48e-01    2.97e+03   9.20e+01   6.34e-01  2.20e+04        1    1.22e-03    3.27e+00
  84  1.662003e+03    6.25e-01    2.92e+03   9.25e+01   6.34e-01  2.24e+04        1    3.60e-04    3.27e+00
  85  1.661401e+03    6.03e-01    2.87e+03   9.30e+01   6.33e-01  2.28e+04        1    3.35e-04    3.27e+00
  86  1.660820e+03    5.81e-01    2.82e+03   9.34e+01   6.33e-01  2.33e+04        1    5.60e-03    3.27e+00
  87  1.660259e+03    5.61e-01    2.77e+03   9.39e+01   6.33e-01  2.37e+04        1    3.44e-04    3.27e+00
  88  1.659718e+03    5.41e-01    2.73e+03   9.43e+01   6.32e-01  2.42e+04        1    3.73e-04    3.28e+00
  89  1.659195e+03    5.22e-01    2.68e+03   9.48e+01   6.32e-01  2.46e+04        1    3.65e-04    3.28e+00
  90  1.658691e+03    5.05e-01    2.64e+03   9.52e+01   6.31e-01  2.51e+04        1    3.23e-04    3.28e+00
  91  1.658203e+03    4.87e-01    2.59e+03   9.57e+01   6.31e-01  2.55e+04        1    1.01e-03    3.28e+00
  92  1.657732e+03    4.71e-01    2.55e+03   9.61e+01   6.31e-01  2.60e+04        1    3.52e-04    3.28e+00
  93  1.657277e+03    4.55e-01    2.51e+03   9.66e+01   6.30e-01  2.65e+04        1    3.60e-04    3.28e+00
  94  1.656837e+03    4.40e-01    2.47e+03   9.70e+01   6.30e-01  2.69e+04        1    3.42e-04    3.28e+00
  95  1.656412e+03    4.26e-01    2.43e+03   9.75e+01   6.30e-01  2.74e+04        1    3.36e-04    3.28e+00
  96  1.656000e+03    4.12e-01    2.39e+03   9.79e+01   6.29e-01  2.79e+04        1    3.48e-02    3.31e+00
  97  1.655602e+03    3.98e-01    2.36e+03   9.84e+01   6.29e-01  2.84e+04        1    1.75e-02    3.33e+00
  98  1.655216e+03    3.86e-01    2.32e+03   9.88e+01   6.29e-01  2.89e+04        1    3.51e-04    3.33e+00
  99  1.654843e+03    3.73e-01    2.29e+03   9.93e+01   6.28e-01  2.94e+04        1    3.48e-04    3.33e+00
 100  1.654481e+03    3.61e-01    2.25e+03   9.97e+01   6.28e-01  2.99e+04        1    3.58e-02    3.37e+00


Bundle adjustment report
------------------------
    Residuals : 80
   Parameters : 67
   Iterations : 101
         Time : 3.36718 [s]
 Initial cost : 47.0633 [px]
   Final cost : 4.54764 [px]
  Termination : No convergence

  => Filtered observations: 18
  => Filtered images: 0
  => No good initial image pair found.
  => Relaxing the initialization constraints.

==============================================================================
Initializing with image pair #3 and #6
==============================================================================


==============================================================================
Global bundle adjustment
==============================================================================

iter      cost      cost_change  |gradient|   |step|    tr_ratio  tr_radius  ls_iter  iter_time  total_time
   0  1.960666e+02    0.00e+00    1.11e+04   0.00e+00   0.00e+00  1.00e+04        0    7.48e-03    7.86e-03
   1  1.489680e+02    4.71e+01    4.41e+04   9.84e+00   7.22e-01  1.10e+04        1    5.80e-02    6.59e-02
   2  1.165662e+02    3.24e+01    1.05e+03   2.81e+00   1.00e+00  3.29e+04        1    5.66e-02    1.22e-01
   3  1.023143e+02    1.43e+01    1.38e+04   6.80e+00   9.33e-01  9.39e+04        1    5.54e-02    1.78e-01
   4  1.264644e+02   -2.42e+01    0.00e+00   3.14e+01  -3.31e+00  4.70e+04        1    4.19e-02    2.20e-01
   5  9.871199e+01    3.60e+00    2.75e+04   1.51e+01   6.08e-01  4.75e+04        1    5.31e-02    2.73e-01
   6  9.704402e+01    1.67e+00    2.51e+04   1.77e+01   4.06e-01  4.71e+04        1    1.36e-03    2.74e-01
   7  9.583698e+01    1.21e+00    2.29e+04   1.83e+01   3.23e-01  4.51e+04        1    2.95e-02    3.04e-01
   8  9.437858e+01    1.46e+00    2.04e+04   1.78e+01   3.92e-01  4.47e+04        1    3.22e-02    3.36e-01
   9  9.321503e+01    1.16e+00    1.97e+04   1.78e+01   3.37e-01  4.32e+04        1    3.57e-02    3.72e-01
  10  9.185477e+01    1.36e+00    1.84e+04   1.73e+01   3.92e-01  4.28e+04        1    3.87e-02    4.11e-01
  11  9.068453e+01    1.17e+00    1.81e+04   1.72e+01   3.56e-01  4.18e+04        1    5.38e-02    4.64e-01
  12  8.940269e+01    1.28e+00    1.72e+04   1.69e+01   3.88e-01  4.13e+04        1    5.54e-02    5.20e-01
  13  8.821125e+01    1.19e+00    1.69e+04   1.67e+01   3.72e-01  4.06e+04        1    4.45e-02    5.64e-01
  14  8.697129e+01    1.24e+00    1.63e+04   1.65e+01   3.87e-01  4.02e+04        1    5.80e-02    6.22e-01
  15  8.576395e+01    1.21e+00    1.59e+04   1.63e+01   3.83e-01  3.96e+04        1    4.96e-02    6.72e-01
  16  8.453998e+01    1.22e+00    1.54e+04   1.61e+01   3.90e-01  3.92e+04        1    1.13e-03    6.73e-01
  17  8.332460e+01    1.22e+00    1.50e+04   1.60e+01   3.91e-01  3.88e+04        1    8.49e-04    6.74e-01
  18  8.210431e+01    1.22e+00    1.46e+04   1.58e+01   3.95e-01  3.85e+04        1    3.41e-02    7.08e-01
  19  8.088529e+01    1.22e+00    1.43e+04   1.56e+01   3.97e-01  3.81e+04        1    5.38e-02    7.62e-01
  20  7.966488e+01    1.22e+00    1.39e+04   1.55e+01   4.00e-01  3.78e+04        1    3.64e-02    7.98e-01
  21  7.844457e+01    1.22e+00    1.35e+04   1.53e+01   4.02e-01  3.75e+04        1    9.29e-04    7.99e-01
  22  7.722438e+01    1.22e+00    1.32e+04   1.51e+01   4.05e-01  3.73e+04        1    8.64e-04    8.00e-01
  23  7.600509e+01    1.22e+00    1.28e+04   1.50e+01   4.08e-01  3.71e+04        1    3.97e-02    8.40e-01
  24  7.478742e+01    1.22e+00    1.25e+04   1.48e+01   4.11e-01  3.69e+04        1    5.60e-02    8.96e-01
  25  7.357223e+01    1.22e+00    1.21e+04   1.46e+01   4.14e-01  3.67e+04        1    6.26e-02    9.59e-01
  26  7.236052e+01    1.21e+00    1.18e+04   1.44e+01   4.17e-01  3.65e+04        1    5.36e-02    1.01e+00
  27  7.115336e+01    1.21e+00    1.14e+04   1.43e+01   4.20e-01  3.64e+04        1    6.01e-02    1.07e+00
  28  6.995195e+01    1.20e+00    1.11e+04   1.41e+01   4.24e-01  3.62e+04        1    4.17e-02    1.11e+00
  29  6.875754e+01    1.19e+00    1.07e+04   1.39e+01   4.27e-01  3.61e+04        1    5.81e-02    1.17e+00
  30  6.757152e+01    1.19e+00    1.04e+04   1.37e+01   4.31e-01  3.60e+04        1    6.35e-02    1.24e+00
  31  6.639531e+01    1.18e+00    1.00e+04   1.35e+01   4.35e-01  3.59e+04        1    5.44e-02    1.29e+00
  32  6.523044e+01    1.16e+00    9.68e+03   1.33e+01   4.40e-01  3.59e+04        1    4.99e-02    1.34e+00
  33  6.407850e+01    1.15e+00    9.34e+03   1.31e+01   4.44e-01  3.58e+04        1    5.60e-02    1.40e+00
  34  6.294115e+01    1.14e+00    8.99e+03   1.29e+01   4.50e-01  3.58e+04        1    5.25e-02    1.45e+00
  35  6.182012e+01    1.12e+00    8.65e+03   1.27e+01   4.55e-01  3.58e+04        1    4.38e-02    1.49e+00
  36  6.071720e+01    1.10e+00    8.30e+03   1.25e+01   4.61e-01  3.57e+04        1    5.38e-02    1.55e+00
  37  5.963423e+01    1.08e+00    7.95e+03   1.22e+01   4.67e-01  3.57e+04        1    5.60e-02    1.60e+00
  38  5.857311e+01    1.06e+00    7.60e+03   1.20e+01   4.74e-01  3.57e+04        1    5.40e-02    1.66e+00
  39  5.753580e+01    1.04e+00    7.25e+03   1.18e+01   4.82e-01  3.57e+04        1    5.41e-02    1.71e+00
  40  5.652426e+01    1.01e+00    6.90e+03   1.15e+01   4.90e-01  3.57e+04        1    4.90e-02    1.76e+00
  41  5.554051e+01    9.84e-01    6.56e+03   1.12e+01   4.99e-01  3.57e+04        1    5.69e-02    1.82e+00
  42  5.458654e+01    9.54e-01    6.21e+03   1.10e+01   5.09e-01  3.57e+04        1    5.88e-02    1.87e+00
  43  5.366432e+01    9.22e-01    5.87e+03   1.07e+01   5.19e-01  3.57e+04        1    4.51e-02    1.92e+00
  44  5.277571e+01    8.89e-01    5.53e+03   1.04e+01   5.29e-01  3.57e+04        1    5.84e-02    1.98e+00
  45  5.192238e+01    8.53e-01    5.21e+03   1.01e+01   5.40e-01  3.58e+04        1    1.73e-02    2.00e+00
  46  5.110574e+01    8.17e-01    4.89e+03   9.83e+00   5.52e-01  3.58e+04        1    4.59e-03    2.00e+00
  47  5.032682e+01    7.79e-01    4.58e+03   9.54e+00   5.63e-01  3.59e+04        1    4.21e-02    2.04e+00
  48  4.958617e+01    7.41e-01    4.29e+03   9.26e+00   5.74e-01  3.60e+04        1    6.17e-02    2.10e+00
  49  4.888382e+01    7.02e-01    4.02e+03   8.98e+00   5.84e-01  3.62e+04        1    5.81e-02    2.16e+00
  50  4.821929e+01    6.65e-01    3.77e+03   8.72e+00   5.94e-01  3.64e+04        1    6.13e-02    2.22e+00
  51  4.759166e+01    6.28e-01    3.53e+03   8.46e+00   6.03e-01  3.67e+04        1    5.91e-02    2.28e+00
  52  4.699970e+01    5.92e-01    3.32e+03   8.22e+00   6.12e-01  3.71e+04        1    5.73e-02    2.34e+00
  53  4.644199e+01    5.58e-01    3.12e+03   7.98e+00   6.19e-01  3.77e+04        1    6.27e-02    2.40e+00
  54  4.591710e+01    5.25e-01    2.93e+03   7.76e+00   6.26e-01  3.83e+04        1    6.09e-02    2.46e+00
  55  4.542360e+01    4.94e-01    2.76e+03   7.55e+00   6.32e-01  3.90e+04        1    5.64e-02    2.52e+00
  56  4.496020e+01    4.63e-01    2.61e+03   7.35e+00   6.38e-01  3.98e+04        1    5.60e-02    2.58e+00
  57  4.452577e+01    4.34e-01    2.46e+03   7.16e+00   6.43e-01  4.08e+04        1    9.19e-04    2.58e+00
  58  4.411929e+01    4.06e-01    2.32e+03   6.97e+00   6.48e-01  4.19e+04        1    8.90e-04    2.58e+00
  59  4.373989e+01    3.79e-01    2.19e+03   6.78e+00   6.52e-01  4.31e+04        1    1.57e-03    2.58e+00
  60  4.338678e+01    3.53e-01    2.06e+03   6.60e+00   6.57e-01  4.45e+04        1    4.84e-03    2.58e+00
  61  4.305926e+01    3.28e-01    1.94e+03   6.41e+00   6.61e-01  4.60e+04        1    4.64e-03    2.59e+00
  62  4.275664e+01    3.03e-01    1.82e+03   6.23e+00   6.65e-01  4.77e+04        1    4.28e-02    2.63e+00
  63  4.247828e+01    2.78e-01    1.71e+03   6.05e+00   6.69e-01  4.96e+04        1    2.54e-02    2.66e+00
  64  4.222350e+01    2.55e-01    1.60e+03   5.86e+00   6.73e-01  5.18e+04        1    3.22e-02    2.69e+00
  65  4.199161e+01    2.32e-01    1.49e+03   5.67e+00   6.77e-01  5.42e+04        1    3.67e-02    2.73e+00
  66  4.178186e+01    2.10e-01    1.39e+03   5.48e+00   6.82e-01  5.69e+04        1    1.40e-02    2.74e+00
  67  4.159346e+01    1.88e-01    1.29e+03   5.29e+00   6.87e-01  6.00e+04        1    8.91e-04    2.74e+00
  68  4.142555e+01    1.68e-01    1.19e+03   5.09e+00   6.91e-01  6.36e+04        1    8.48e-04    2.74e+00
  69  4.127722e+01    1.48e-01    1.09e+03   4.88e+00   6.97e-01  6.77e+04        1    3.63e-02    2.78e+00
  70  4.114747e+01    1.30e-01    1.01e+03   4.67e+00   7.02e-01  7.25e+04        1    2.35e-03    2.78e+00
  71  4.103526e+01    1.12e-01    9.31e+02   4.46e+00   7.08e-01  7.81e+04        1    8.64e-04    2.78e+00
  72  4.093945e+01    9.58e-02    8.54e+02   4.24e+00   7.14e-01  8.48e+04        1    8.28e-04    2.78e+00
  73  4.085888e+01    8.06e-02    7.76e+02   4.01e+00   7.22e-01  9.29e+04        1    1.44e-03    2.78e+00
  74  4.079229e+01    6.66e-02    6.97e+02   3.78e+00   7.29e-01  1.03e+05        1    4.68e-03    2.79e+00
  75  4.073840e+01    5.39e-02    6.18e+02   3.53e+00   7.38e-01  1.15e+05        1    5.25e-03    2.79e+00
  76  4.069588e+01    4.25e-02    5.38e+02   3.28e+00   7.48e-01  1.31e+05        1    4.12e-02    2.83e+00
  77  4.066335e+01    3.25e-02    4.59e+02   3.01e+00   7.59e-01  1.53e+05        1    6.17e-02    2.90e+00
  78  4.063942e+01    2.39e-02    3.82e+02   2.73e+00   7.73e-01  1.82e+05        1    5.54e-02    2.95e+00
  79  4.062271e+01    1.67e-02    3.06e+02   2.44e+00   7.89e-01  2.26e+05        1    6.40e-02    3.02e+00
  80  4.061181e+01    1.09e-02    2.34e+02   2.12e+00   8.09e-01  2.95e+05        1    4.60e-02    3.06e+00
  81  4.060538e+01    6.43e-03    1.66e+02   1.78e+00   8.34e-01  4.20e+05        1    4.17e-02    3.10e+00
  82  4.060211e+01    3.27e-03    1.04e+02   1.41e+00   8.67e-01  6.93e+05        1    1.11e-03    3.10e+00
  83  4.060083e+01    1.29e-03    5.28e+01   1.00e+00   9.11e-01  1.56e+06        1    1.88e-03    3.11e+00
  84  4.060051e+01    3.13e-04    1.69e+01   5.64e-01   9.66e-01  4.67e+06        1    5.47e-03    3.11e+00
  85  4.060049e+01    2.76e-05    1.57e+00   1.72e-01   1.02e+00  1.40e+07        1    1.98e-02    3.13e+00
  86  4.060049e+01    4.28e-07    1.69e-01   2.16e-02   1.07e+00  4.20e+07        1    3.58e-02    3.17e+00
  87  4.060049e+01    4.77e-09    1.95e-03   2.23e-03   1.11e+00  1.26e+08        1    5.20e-02    3.22e+00


Bundle adjustment report
------------------------
    Residuals : 384
   Parameters : 295
   Iterations : 88
         Time : 3.21998 [s]
 Initial cost : 0.714556 [px]
   Final cost : 0.325162 [px]
  Termination : Convergence

  => Filtered observations: 0
  => Filtered images: 0

==============================================================================
Registering image #2 (3)
==============================================================================

  => Image sees 17 / 83 points

Pose refinement report
----------------------
    Residuals : 34
   Parameters : 8
   Iterations : 27
         Time : 0.00147832 [s]
 Initial cost : 0.779272 [px]
   Final cost : 0.519849 [px]
  Termination : Convergence

  => Continued observations: 17
  => Added observations: 15

Bundle adjustment report
------------------------
    Residuals : 448
   Parameters : 322
   Iterations : 13
         Time : 0.397829 [s]
 Initial cost : 3.3186 [px]
   Final cost : 0.306754 [px]
  Termination : Convergence

  => Merged observations: 0
  => Completed observations: 1
  => Filtered observations: 0
  => Changed observations: 0.004464

Bundle adjustment report
------------------------
    Residuals : 450
   Parameters : 322
   Iterations : 2
         Time : 0.0705971 [s]
 Initial cost : 0.357315 [px]
   Final cost : 0.350917 [px]
  Termination : Convergence

  => Merged observations: 0
  => Completed observations: 0
  => Filtered observations: 0
  => Changed observations: 0.000000

==============================================================================
Retriangulation
==============================================================================

  => Merged observations: 0
  => Completed observations: 0
  => Retriangulated observations: 0

==============================================================================
Global bundle adjustment
==============================================================================

iter      cost      cost_change  |gradient|   |step|    tr_ratio  tr_radius  ls_iter  iter_time  total_time
   0  5.541436e+01    0.00e+00    1.96e+00   0.00e+00   0.00e+00  1.00e+04        0    6.19e-03    6.65e-03
   1  5.539381e+01    2.06e-02    2.27e+01   1.12e+00   1.01e+00  3.00e+04        1    5.44e-02    6.11e-02
   2  5.538189e+01    1.19e-02    6.35e+01   1.33e+00   9.90e-01  9.00e+04        1    5.43e-02    1.15e-01
   3  5.536629e+01    1.56e-02    2.07e+02   2.14e+00   8.99e-01  1.83e+05        1    5.56e-02    1.71e-01
   4  5.535211e+01    1.42e-02    3.81e+02   2.88e+00   6.95e-01  1.94e+05        1    5.19e-02    2.23e-01
   5  5.533802e+01    1.41e-02    2.03e+02   2.11e+00   8.90e-01  3.69e+05        1    4.89e-02    2.72e-01
   6  5.533199e+01    6.03e-03    2.13e+02   2.17e+00   7.54e-01  4.25e+05        1    5.31e-02    3.25e-01
   7  5.532826e+01    3.74e-03    7.30e+01   1.27e+00   9.46e-01  1.27e+06        1    3.12e-02    3.56e-01
   8  5.532745e+01    8.03e-04    4.34e+01   9.83e-01   9.17e-01  3.03e+06        1    1.03e-03    3.57e-01
   9  5.532732e+01    1.36e-04    4.21e+00   3.07e-01   1.01e+00  9.08e+06        1    1.46e-03    3.59e-01
  10  5.532731e+01    2.34e-06    6.36e-01   5.15e-02   1.05e+00  2.72e+07        1    2.21e-02    3.81e-01
  11  5.532731e+01    2.49e-08    7.70e-03   5.22e-03   1.11e+00  8.17e+07        1    1.95e-03    3.83e-01


Bundle adjustment report
------------------------
    Residuals : 450
   Parameters : 322
   Iterations : 12
         Time : 0.383042 [s]
 Initial cost : 0.350917 [px]
   Final cost : 0.350642 [px]
  Termination : Convergence

  => Merged observations: 0
  => Completed observations: 0
  => Filtered observations: 0
  => Changed observations: 0.000000
  => Filtered images: 0

==============================================================================
Initializing with image pair #3 and #2
==============================================================================


==============================================================================
Global bundle adjustment
==============================================================================

iter      cost      cost_change  |gradient|   |step|    tr_ratio  tr_radius  ls_iter  iter_time  total_time
   0  1.387380e+04    0.00e+00    1.58e+04   0.00e+00   0.00e+00  1.00e+04        0    1.12e-03    1.42e-03
   1  4.990204e+04   -3.60e+04    0.00e+00   3.68e+02  -9.00e+00  5.00e+03        1    3.99e-02    4.14e-02
   2  3.818343e+04   -2.43e+04    0.00e+00   2.81e+02  -6.20e+00  1.25e+03        1    4.40e-02    8.54e-02
   3  1.486870e+04   -9.95e+02    0.00e+00   1.41e+02  -2.76e-01  1.56e+02        1    3.99e-02    1.25e-01
   4  1.163321e+04    2.24e+03    7.58e+03   3.55e+01   9.61e-01  4.69e+02        1    5.21e-02    1.77e-01
   5  1.050797e+04    1.13e+03    1.26e+04   6.49e+01   9.14e-01  1.08e+03        1    3.69e-02    2.14e-01
   6  1.037799e+04    1.30e+02    3.42e+04   1.18e+02   1.77e-01  8.50e+02        1    1.65e-02    2.31e-01
   7  9.562892e+03    8.15e+02    2.83e+04   9.01e+01   8.41e-01  1.24e+03        1    6.09e-04    2.32e-01
   8  9.506420e+03    5.65e+01    6.49e+04   1.24e+02   9.70e-02  8.17e+02        1    3.39e-02    2.65e-01
   9  8.782018e+03    7.24e+02    2.78e+04   7.45e+01   9.23e-01  2.08e+03        1    5.34e-02    3.19e-01
  10  1.020098e+04   -1.42e+03    0.00e+00   1.73e+02  -2.28e+00  1.04e+03        1    4.25e-02    3.61e-01
  11  8.559780e+03    2.22e+02    4.61e+04   8.95e+01   6.20e-01  1.05e+03        1    4.79e-02    4.09e-01
  12  8.252503e+03    3.07e+02    4.57e+04   8.27e+01   7.47e-01  1.20e+03        1    4.35e-02    4.53e-01
  13  7.998845e+03    2.54e+02    5.79e+04   8.60e+01   6.48e-01  1.23e+03        1    3.24e-02    4.85e-01
  14  7.707350e+03    2.91e+02    5.90e+04   8.01e+01   7.07e-01  1.33e+03        1    5.22e-02    5.37e-01
  15  7.446893e+03    2.60e+02    6.74e+04   7.88e+01   6.54e-01  1.37e+03        1    2.91e-03    5.40e-01
  16  7.171318e+03    2.76e+02    7.04e+04   7.40e+01   6.74e-01  1.43e+03        1    7.31e-04    5.41e-01
  17  6.909122e+03    2.62e+02    7.59e+04   7.05e+01   6.49e-01  1.46e+03        1    3.88e-03    5.45e-01
  18  6.643612e+03    2.66e+02    7.92e+04   6.61e+01   6.51e-01  1.51e+03        1    1.27e-03    5.46e-01
  19  6.384310e+03    2.59e+02    8.24e+04   6.19e+01   6.42e-01  1.54e+03        1    3.52e-02    5.81e-01
  20  6.127964e+03    2.56e+02    8.43e+04   5.76e+01   6.41e-01  1.58e+03        1    4.61e-02    6.28e-01
  21  5.877994e+03    2.50e+02    8.54e+04   5.34e+01   6.40e-01  1.61e+03        1    4.99e-02    6.77e-01
  22  5.635105e+03    2.43e+02    8.55e+04   4.94e+01   6.41e-01  1.65e+03        1    4.83e-02    7.26e-01
  23  5.401092e+03    2.34e+02    8.48e+04   4.55e+01   6.43e-01  1.69e+03        1    1.24e-02    7.38e-01
  24  5.176985e+03    2.24e+02    8.34e+04   4.19e+01   6.46e-01  1.73e+03        1    3.55e-03    7.42e-01
  25  4.963677e+03    2.13e+02    8.15e+04   3.86e+01   6.49e-01  1.78e+03        1    2.81e-03    7.44e-01
  26  4.761644e+03    2.02e+02    7.93e+04   3.55e+01   6.53e-01  1.83e+03        1    5.31e-03    7.50e-01
  27  4.571127e+03    1.91e+02    7.69e+04   3.26e+01   6.56e-01  1.89e+03        1    3.97e-02    7.90e-01
  28  4.392163e+03    1.79e+02    7.43e+04   3.00e+01   6.59e-01  1.95e+03        1    5.91e-02    8.49e-01
  29  4.224677e+03    1.67e+02    7.16e+04   2.77e+01   6.61e-01  2.02e+03        1    4.70e-02    8.96e-01
  30  4.068531e+03    1.56e+02    6.89e+04   2.55e+01   6.63e-01  2.09e+03        1    8.29e-03    9.04e-01
  31  3.923558e+03    1.45e+02    6.62e+04   2.35e+01   6.64e-01  2.17e+03        1    4.40e-03    9.08e-01
  32  3.789569e+03    1.34e+02    6.35e+04   2.17e+01   6.65e-01  2.25e+03        1    5.19e-03    9.14e-01
  33  3.666354e+03    1.23e+02    6.08e+04   2.00e+01   6.65e-01  2.33e+03        1    1.30e-03    9.15e-01
  34  3.553660e+03    1.13e+02    5.81e+04   1.84e+01   6.65e-01  2.42e+03        1    3.29e-03    9.18e-01
  35  3.451177e+03    1.02e+02    5.55e+04   1.70e+01   6.64e-01  2.51e+03        1    5.84e-04    9.19e-01
  36  3.358519e+03    9.27e+01    5.29e+04   1.56e+01   6.63e-01  2.60e+03        1    1.22e-03    9.20e-01
  37  3.275209e+03    8.33e+01    5.03e+04   1.44e+01   6.61e-01  2.69e+03        1    5.96e-04    9.21e-01
  38  3.200682e+03    7.45e+01    4.77e+04   1.33e+01   6.59e-01  2.78e+03        1    4.82e-03    9.25e-01
  39  3.134293e+03    6.64e+01    4.53e+04   1.22e+01   6.57e-01  2.87e+03        1    5.56e-04    9.26e-01
  40  3.075333e+03    5.90e+01    4.29e+04   1.13e+01   6.55e-01  2.95e+03        1    3.34e-02    9.59e-01
  41  3.023058e+03    5.23e+01    4.05e+04   1.04e+01   6.52e-01  3.04e+03        1    3.29e-02    9.92e-01
  42  2.976714e+03    4.63e+01    3.83e+04   9.58e+00   6.50e-01  3.12e+03        1    1.63e-02    1.01e+00
  43  2.935568e+03    4.11e+01    3.62e+04   8.86e+00   6.48e-01  3.20e+03        1    1.16e-02    1.02e+00
  44  2.898928e+03    3.66e+01    3.42e+04   8.20e+00   6.46e-01  3.29e+03        1    6.17e-04    1.02e+00
  45  2.866160e+03    3.28e+01    3.24e+04   7.62e+00   6.44e-01  3.37e+03        1    2.35e-03    1.02e+00
  46  2.836700e+03    2.95e+01    3.07e+04   7.09e+00   6.43e-01  3.45e+03        1    2.44e-03    1.03e+00
  47  2.810053e+03    2.66e+01    2.91e+04   6.61e+00   6.43e-01  3.53e+03        1    5.33e-03    1.03e+00
  48  2.785796e+03    2.43e+01    2.77e+04   6.19e+00   6.42e-01  3.61e+03        1    3.24e-02    1.06e+00
  49  2.763572e+03    2.22e+01    2.64e+04   5.81e+00   6.42e-01  3.70e+03        1    3.60e-02    1.10e+00
  50  2.743081e+03    2.05e+01    2.53e+04   5.47e+00   6.42e-01  3.78e+03        1    5.40e-02    1.15e+00
  51  2.724076e+03    1.90e+01    2.42e+04   5.17e+00   6.42e-01  3.87e+03        1    4.80e-02    1.20e+00
  52  2.706353e+03    1.77e+01    2.33e+04   4.89e+00   6.42e-01  3.97e+03        1    6.02e-04    1.20e+00
  53  2.689744e+03    1.66e+01    2.25e+04   4.65e+00   6.42e-01  4.06e+03        1    6.16e-04    1.20e+00
  54  2.674114e+03    1.56e+01    2.17e+04   4.42e+00   6.43e-01  4.16e+03        1    1.20e-03    1.20e+00
  55  2.659350e+03    1.48e+01    2.11e+04   4.22e+00   6.42e-01  4.25e+03        1    1.77e-03    1.21e+00
  56  2.645361e+03    1.40e+01    2.05e+04   4.03e+00   6.42e-01  4.35e+03        1    2.20e-03    1.21e+00
  57  2.632072e+03    1.33e+01    1.99e+04   3.86e+00   6.42e-01  4.46e+03        1    6.28e-04    1.21e+00
  58  2.619419e+03    1.27e+01    1.94e+04   3.71e+00   6.42e-01  4.56e+03        1    1.22e-03    1.21e+00
  59  2.607350e+03    1.21e+01    1.90e+04   3.56e+00   6.41e-01  4.66e+03        1    5.56e-04    1.21e+00
  60  2.595821e+03    1.15e+01    1.85e+04   3.43e+00   6.40e-01  4.77e+03        1    6.70e-04    1.21e+00
  61  2.584794e+03    1.10e+01    1.81e+04   3.30e+00   6.40e-01  4.88e+03        1    1.82e-02    1.23e+00
  62  2.574236e+03    1.06e+01    1.78e+04   3.18e+00   6.39e-01  4.98e+03        1    7.36e-04    1.23e+00
  63  2.564118e+03    1.01e+01    1.74e+04   3.07e+00   6.38e-01  5.09e+03        1    1.12e-03    1.23e+00
  64  2.554414e+03    9.70e+00    1.71e+04   2.97e+00   6.38e-01  5.20e+03        1    1.19e-03    1.23e+00
  65  2.545101e+03    9.31e+00    1.67e+04   2.87e+00   6.37e-01  5.31e+03        1    5.90e-04    1.23e+00
  66  2.536157e+03    8.94e+00    1.64e+04   2.77e+00   6.36e-01  5.42e+03        1    5.80e-04    1.23e+00
  67  2.527564e+03    8.59e+00    1.61e+04   2.68e+00   6.36e-01  5.53e+03        1    5.67e-04    1.23e+00
  68  2.519302e+03    8.26e+00    1.58e+04   2.60e+00   6.35e-01  5.64e+03        1    5.45e-04    1.23e+00
  69  2.511355e+03    7.95e+00    1.55e+04   2.52e+00   6.34e-01  5.75e+03        1    6.16e-04    1.24e+00
  70  2.503708e+03    7.65e+00    1.53e+04   2.44e+00   6.33e-01  5.86e+03        1    5.99e-04    1.24e+00
  71  2.496346e+03    7.36e+00    1.50e+04   2.37e+00   6.33e-01  5.98e+03        1    4.40e-02    1.28e+00
  72  2.489255e+03    7.09e+00    1.48e+04   2.30e+00   6.32e-01  6.09e+03        1    5.58e-02    1.34e+00
  73  2.482421e+03    6.83e+00    1.45e+04   2.24e+00   6.32e-01  6.20e+03        1    6.07e-02    1.40e+00
  74  2.475832e+03    6.59e+00    1.43e+04   2.18e+00   6.31e-01  6.31e+03        1    5.98e-02    1.46e+00
  75  2.469477e+03    6.36e+00    1.40e+04   2.12e+00   6.30e-01  6.43e+03        1    6.29e-02    1.52e+00
  76  2.463344e+03    6.13e+00    1.38e+04   2.06e+00   6.30e-01  6.54e+03        1    6.31e-02    1.58e+00
  77  2.457423e+03    5.92e+00    1.36e+04   2.01e+00   6.29e-01  6.66e+03        1    5.92e-02    1.64e+00
  78  2.451704e+03    5.72e+00    1.34e+04   1.96e+00   6.29e-01  6.77e+03        1    6.16e-02    1.70e+00
  79  2.446178e+03    5.53e+00    1.32e+04   1.91e+00   6.28e-01  6.89e+03        1    6.36e-02    1.77e+00
  80  2.440835e+03    5.34e+00    1.30e+04   1.86e+00   6.28e-01  7.01e+03        1    6.24e-02    1.83e+00
  81  2.435668e+03    5.17e+00    1.28e+04   1.82e+00   6.27e-01  7.12e+03        1    6.69e-02    1.90e+00
  82  2.430668e+03    5.00e+00    1.26e+04   1.78e+00   6.27e-01  7.24e+03        1    5.42e-02    1.95e+00
  83  2.425827e+03    4.84e+00    1.24e+04   1.74e+00   6.26e-01  7.36e+03        1    6.17e-02    2.01e+00
  84  2.421139e+03    4.69e+00    1.22e+04   1.71e+00   6.26e-01  7.48e+03        1    6.11e-02    2.07e+00
  85  2.416596e+03    4.54e+00    1.20e+04   1.67e+00   6.25e-01  7.60e+03        1    6.26e-02    2.14e+00
  86  2.412192e+03    4.40e+00    1.19e+04   1.64e+00   6.25e-01  7.72e+03        1    6.18e-02    2.20e+00
  87  2.407921e+03    4.27e+00    1.17e+04   1.61e+00   6.24e-01  7.84e+03        1    5.61e-02    2.25e+00
  88  2.403777e+03    4.14e+00    1.15e+04   1.58e+00   6.24e-01  7.96e+03        1    6.05e-02    2.31e+00
  89  2.399754e+03    4.02e+00    1.14e+04   1.56e+00   6.23e-01  8.08e+03        1    5.91e-02    2.37e+00
  90  2.395848e+03    3.91e+00    1.12e+04   1.53e+00   6.23e-01  8.20e+03        1    6.13e-02    2.43e+00
  91  2.392053e+03    3.80e+00    1.11e+04   1.51e+00   6.23e-01  8.32e+03        1    6.29e-02    2.50e+00
  92  2.388364e+03    3.69e+00    1.09e+04   1.49e+00   6.22e-01  8.45e+03        1    6.29e-02    2.56e+00
  93  2.384778e+03    3.59e+00    1.08e+04   1.47e+00   6.22e-01  8.57e+03        1    6.07e-02    2.62e+00
  94  2.381289e+03    3.49e+00    1.06e+04   1.45e+00   6.21e-01  8.69e+03        1    6.35e-02    2.68e+00
  95  2.377893e+03    3.40e+00    1.05e+04   1.44e+00   6.21e-01  8.82e+03        1    6.31e-02    2.75e+00
  96  2.374587e+03    3.31e+00    1.04e+04   1.43e+00   6.21e-01  8.94e+03        1    6.00e-02    2.81e+00
  97  2.371367e+03    3.22e+00    1.02e+04   1.41e+00   6.20e-01  9.07e+03        1    6.14e-02    2.87e+00
  98  2.368230e+03    3.14e+00    1.01e+04   1.40e+00   6.20e-01  9.20e+03        1    6.08e-02    2.93e+00
  99  2.365171e+03    3.06e+00    1.00e+04   1.39e+00   6.19e-01  9.32e+03        1    6.11e-02    2.99e+00
 100  2.362188e+03    2.98e+00    9.89e+03   1.39e+00   6.19e-01  9.45e+03        1    6.13e-02    3.05e+00


Bundle adjustment report
------------------------
    Residuals : 252
   Parameters : 196
   Iterations : 101
         Time : 3.05271 [s]
 Initial cost : 7.41989 [px]
   Final cost : 3.06166 [px]
  Termination : No convergence

  => Filtered observations: 16
  => Filtered images: 0

==============================================================================
Initializing with image pair #5 and #4
==============================================================================


==============================================================================
Global bundle adjustment
==============================================================================

iter      cost      cost_change  |gradient|   |step|    tr_ratio  tr_radius  ls_iter  iter_time  total_time
   0  6.342297e+03    0.00e+00    1.81e+05   0.00e+00   0.00e+00  1.00e+04        0    6.54e-03    6.97e-03
   1  8.317094e+03   -1.97e+03    0.00e+00   1.41e+02  -3.33e-01  5.00e+03        1    4.83e-02    5.53e-02
   2  7.299301e+03   -9.57e+02    0.00e+00   1.55e+02  -1.69e-01  1.25e+03        1    4.66e-02    1.02e-01
   3  3.223368e+03    3.12e+03    9.49e+05   1.02e+02   6.82e-01  1.31e+03        1    6.13e-02    1.63e-01
   4  1.069620e+03    2.15e+03    1.36e+05   6.57e+01   9.82e-01  3.94e+03        1    6.07e-02    2.24e-01
   5  5.564459e+02    5.13e+02    3.79e+04   1.77e+01   8.94e-01  7.74e+03        1    6.22e-02    2.86e-01
   6  8.179746e+02   -2.62e+02    0.00e+00   8.34e+01  -8.79e-01  3.87e+03        1    4.99e-02    3.36e-01
   7  3.839646e+02    1.72e+02    2.68e+04   4.15e+01   7.53e-01  4.44e+03        1    6.18e-02    3.98e-01
   8  2.799808e+02    1.04e+02    3.04e+04   5.61e+01   6.79e-01  4.66e+03        1    6.22e-02    4.60e-01
   9  1.945579e+02    8.54e+01    1.84e+04   4.73e+01   8.30e-01  6.53e+03        1    6.00e-02    5.20e-01
  10  1.561103e+02    3.84e+01    1.36e+04   4.20e+01   7.87e-01  8.06e+03        1    6.16e-02    5.82e-01
  11  1.356801e+02    2.04e+01    5.43e+03   2.76e+01   9.17e-01  1.93e+04        1    6.14e-02    6.43e-01
  12  1.306845e+02    5.00e+00    4.49e+03   2.11e+01   8.85e-01  3.54e+04        1    6.23e-02    7.05e-01
  13  1.297640e+02    9.21e-01    1.82e+03   9.44e+00   9.72e-01  1.06e+05        1    6.25e-02    7.68e-01
  14  1.297169e+02    4.71e-02    1.94e+03   1.11e+01   4.23e-01  1.06e+05        1    5.97e-02    8.28e-01
  15  1.296289e+02    8.79e-02    1.09e+03   9.84e+00   6.19e-01  1.07e+05        1    6.23e-02    8.90e-01
  16  1.295521e+02    7.69e-02    1.06e+03   9.78e+00   5.84e-01  1.08e+05        1    6.16e-02    9.52e-01
  17  1.294745e+02    7.76e-02    1.05e+03   9.68e+00   5.92e-01  1.08e+05        1    6.24e-02    1.01e+00
  18  1.293983e+02    7.62e-02    1.05e+03   9.59e+00   5.92e-01  1.09e+05        1    6.20e-02    1.08e+00
  19  1.293232e+02    7.51e-02    1.04e+03   9.50e+00   5.94e-01  1.10e+05        1    6.22e-02    1.14e+00
  20  1.292493e+02    7.39e-02    1.03e+03   9.41e+00   5.95e-01  1.11e+05        1    6.56e-02    1.20e+00
  21  1.291767e+02    7.26e-02    1.02e+03   9.32e+00   5.96e-01  1.11e+05        1    6.13e-02    1.27e+00
  22  1.291054e+02    7.13e-02    1.01e+03   9.22e+00   5.98e-01  1.12e+05        1    6.37e-02    1.33e+00
  23  1.290353e+02    7.00e-02    1.00e+03   9.13e+00   5.99e-01  1.13e+05        1    6.52e-02    1.39e+00
  24  1.289667e+02    6.87e-02    9.92e+02   9.03e+00   6.01e-01  1.14e+05        1    6.15e-02    1.46e+00
  25  1.288994e+02    6.73e-02    9.81e+02   8.93e+00   6.02e-01  1.15e+05        1    6.17e-02    1.52e+00
  26  1.288335e+02    6.58e-02    9.69e+02   8.83e+00   6.04e-01  1.16e+05        1    6.22e-02    1.58e+00
  27  1.287692e+02    6.44e-02    9.57e+02   8.73e+00   6.05e-01  1.17e+05        1    6.17e-02    1.64e+00
  28  1.287063e+02    6.29e-02    9.45e+02   8.63e+00   6.07e-01  1.18e+05        1    6.27e-02    1.70e+00
  29  1.286449e+02    6.14e-02    9.32e+02   8.53e+00   6.09e-01  1.19e+05        1    6.73e-02    1.77e+00
  30  1.285851e+02    5.98e-02    9.18e+02   8.43e+00   6.10e-01  1.21e+05        1    5.82e-02    1.83e+00
  31  1.285269e+02    5.82e-02    9.04e+02   8.32e+00   6.12e-01  1.22e+05        1    6.16e-02    1.89e+00
  32  1.284703e+02    5.66e-02    8.89e+02   8.21e+00   6.14e-01  1.24e+05        1    6.06e-02    1.95e+00
  33  1.284154e+02    5.50e-02    8.74e+02   8.11e+00   6.15e-01  1.25e+05        1    6.00e-02    2.01e+00
  34  1.283621e+02    5.33e-02    8.58e+02   8.00e+00   6.17e-01  1.27e+05        1    6.29e-02    2.07e+00
  35  1.283105e+02    5.16e-02    8.42e+02   7.89e+00   6.19e-01  1.29e+05        1    6.00e-02    2.14e+00
  36  1.282606e+02    4.99e-02    8.26e+02   7.78e+00   6.21e-01  1.30e+05        1    6.08e-02    2.20e+00
  37  1.282124e+02    4.82e-02    8.09e+02   7.66e+00   6.23e-01  1.32e+05        1    6.24e-02    2.26e+00
  38  1.281659e+02    4.65e-02    7.91e+02   7.55e+00   6.25e-01  1.34e+05        1    6.13e-02    2.32e+00
  39  1.281212e+02    4.47e-02    7.74e+02   7.43e+00   6.27e-01  1.37e+05        1    6.06e-02    2.38e+00
  40  1.280783e+02    4.30e-02    7.55e+02   7.32e+00   6.29e-01  1.39e+05        1    6.24e-02    2.44e+00
  41  1.280371e+02    4.12e-02    7.37e+02   7.20e+00   6.31e-01  1.42e+05        1    6.16e-02    2.50e+00
  42  1.279976e+02    3.94e-02    7.18e+02   7.08e+00   6.33e-01  1.44e+05        1    5.92e-02    2.56e+00
  43  1.279599e+02    3.77e-02    6.98e+02   6.95e+00   6.35e-01  1.47e+05        1    6.25e-02    2.63e+00
  44  1.279240e+02    3.59e-02    6.79e+02   6.83e+00   6.37e-01  1.50e+05        1    6.24e-02    2.69e+00
  45  1.278899e+02    3.42e-02    6.59e+02   6.70e+00   6.40e-01  1.54e+05        1    6.23e-02    2.75e+00
  46  1.278574e+02    3.24e-02    6.38e+02   6.58e+00   6.42e-01  1.57e+05        1    6.13e-02    2.81e+00
  47  1.278267e+02    3.07e-02    6.18e+02   6.45e+00   6.44e-01  1.61e+05        1    5.53e-02    2.87e+00
  48  1.277978e+02    2.90e-02    5.97e+02   6.32e+00   6.47e-01  1.65e+05        1    6.23e-02    2.93e+00
  49  1.277705e+02    2.73e-02    5.76e+02   6.18e+00   6.50e-01  1.70e+05        1    6.27e-02    2.99e+00
  50  1.277449e+02    2.56e-02    5.55e+02   6.05e+00   6.52e-01  1.75e+05        1    6.05e-02    3.05e+00
  51  1.277209e+02    2.40e-02    5.33e+02   5.91e+00   6.55e-01  1.80e+05        1    6.21e-02    3.12e+00
  52  1.276985e+02    2.23e-02    5.11e+02   5.77e+00   6.58e-01  1.86e+05        1    6.41e-02    3.18e+00
  53  1.276778e+02    2.08e-02    4.89e+02   5.63e+00   6.61e-01  1.92e+05        1    6.18e-02    3.24e+00
  54  1.276586e+02    1.92e-02    4.67e+02   5.49e+00   6.64e-01  1.99e+05        1    6.10e-02    3.30e+00
  55  1.276409e+02    1.77e-02    4.45e+02   5.34e+00   6.67e-01  2.07e+05        1    6.44e-02    3.37e+00
  56  1.276246e+02    1.62e-02    4.23e+02   5.19e+00   6.70e-01  2.16e+05        1    6.38e-02    3.43e+00
  57  1.276098e+02    1.48e-02    4.00e+02   5.04e+00   6.73e-01  2.25e+05        1    6.13e-02    3.49e+00
  58  1.275964e+02    1.34e-02    3.78e+02   4.88e+00   6.77e-01  2.35e+05        1    6.34e-02    3.56e+00
  59  1.275842e+02    1.21e-02    3.55e+02   4.72e+00   6.81e-01  2.47e+05        1    6.29e-02    3.62e+00
  60  1.275733e+02    1.09e-02    3.33e+02   4.56e+00   6.85e-01  2.60e+05        1    6.13e-02    3.68e+00
  61  1.275637e+02    9.67e-03    3.11e+02   4.39e+00   6.89e-01  2.75e+05        1    6.43e-02    3.74e+00
  62  1.275551e+02    8.53e-03    2.88e+02   4.22e+00   6.94e-01  2.92e+05        1    5.99e-02    3.80e+00
  63  1.275477e+02    7.46e-03    2.66e+02   4.05e+00   6.98e-01  3.12e+05        1    6.14e-02    3.87e+00
  64  1.275412e+02    6.45e-03    2.44e+02   3.87e+00   7.04e-01  3.34e+05        1    6.24e-02    3.93e+00
  65  1.275357e+02    5.51e-03    2.22e+02   3.68e+00   7.09e-01  3.60e+05        1    6.18e-02    3.99e+00
  66  1.275311e+02    4.65e-03    2.00e+02   3.49e+00   7.15e-01  3.92e+05        1    6.37e-02    4.05e+00
  67  1.275272e+02    3.86e-03    1.79e+02   3.30e+00   7.22e-01  4.29e+05        1    6.20e-02    4.12e+00
  68  1.275241e+02    3.14e-03    1.58e+02   3.09e+00   7.29e-01  4.75e+05        1    6.06e-02    4.18e+00
  69  1.275216e+02    2.50e-03    1.37e+02   2.88e+00   7.38e-01  5.33e+05        1    6.29e-02    4.24e+00
  70  1.275197e+02    1.93e-03    1.17e+02   2.66e+00   7.47e-01  6.05e+05        1    6.45e-02    4.30e+00
  71  1.275182e+02    1.45e-03    9.81e+01   2.42e+00   7.58e-01  7.01e+05        1    6.39e-02    4.37e+00
  72  1.275172e+02    1.04e-03    7.95e+01   2.18e+00   7.70e-01  8.32e+05        1    6.05e-02    4.43e+00
  73  1.275165e+02    7.01e-04    6.19e+01   1.92e+00   7.84e-01  1.02e+06        1    6.27e-02    4.49e+00
  74  1.275160e+02    4.38e-04    4.55e+01   1.64e+00   8.01e-01  1.30e+06        1    6.25e-02    4.55e+00
  75  1.275158e+02    2.44e-04    3.06e+01   1.34e+00   8.22e-01  1.78e+06        1    6.19e-02    4.61e+00
  76  1.275157e+02    1.13e-04    1.79e+01   1.02e+00   8.45e-01  2.65e+06        1    6.12e-02    4.68e+00
  77  1.275156e+02    3.90e-05    8.04e+00   6.84e-01   8.71e-01  4.49e+06        1    6.37e-02    4.74e+00
  78  1.275156e+02    7.63e-06    2.13e+00   3.48e-01   8.93e-01  8.71e+06        1    6.18e-02    4.80e+00
  79  1.275156e+02    4.93e-07    4.99e-01   9.46e-02   9.21e-01  2.17e+07        1    6.44e-02    4.87e+00
  80  1.275156e+02    5.78e-09    5.38e-03   4.21e-03   1.04e+00  6.52e+07        1    6.23e-02    4.93e+00


Bundle adjustment report
------------------------
    Residuals : 476
   Parameters : 364
   Iterations : 81
         Time : 4.92822 [s]
 Initial cost : 3.65023 [px]
   Final cost : 0.517581 [px]
  Termination : Convergence

  => Filtered observations: 0
  => Filtered images: 0

==============================================================================
Initializing with image pair #5 and #3
==============================================================================


==============================================================================
Global bundle adjustment
==============================================================================

iter      cost      cost_change  |gradient|   |step|    tr_ratio  tr_radius  ls_iter  iter_time  total_time
   0  2.416680e+04    0.00e+00    6.35e+05   0.00e+00   0.00e+00  1.00e+04        0    6.30e-03    6.46e-03
   1  2.861914e+05   -2.62e+05    0.00e+00   2.07e+02  -1.21e+01  5.00e+03        1    4.82e-02    5.47e-02
   2  2.089646e+05   -1.85e+05    0.00e+00   1.96e+02  -8.57e+00  1.25e+03        1    4.83e-02    1.03e-01
   3  9.886336e+04   -7.47e+04    0.00e+00   1.28e+02  -3.49e+00  1.56e+02        1    4.65e-02    1.50e-01
   4  2.609255e+04   -1.93e+03    0.00e+00   5.69e+01  -9.50e-02  9.77e+00        1    5.45e-02    2.04e-01
   5  1.237031e+04    1.18e+04    1.39e+05   1.04e+01   9.30e-01  2.69e+01        1    5.48e-02    2.59e-01
   6  8.636130e+03    3.73e+03    4.87e+05   1.63e+01   8.07e-01  3.51e+01        1    5.89e-02    3.18e-01
   7  8.075173e+03    5.61e+02    7.70e+05   1.44e+01   1.47e-01  2.59e+01        1    6.13e-02    3.79e-01
   8  4.490914e+03    3.58e+03    2.70e+05   1.69e+00   8.76e-01  4.52e+01        1    6.03e-02    4.40e-01
   9  3.737580e+03    7.53e+02    7.78e+04   3.71e+00   9.38e-01  1.36e+02        1    5.83e-02    4.98e-01
  10  3.560740e+03    1.77e+02    5.22e+04   1.15e+01   8.43e-01  2.01e+02        1    6.22e-02    5.60e-01
  11  3.448177e+03    1.13e+02    8.56e+03   1.48e+01   9.57e-01  6.02e+02        1    5.85e-02    6.19e-01
  12  3.324566e+03    1.24e+02    7.11e+03   3.68e+01   7.96e-01  7.59e+02        1    5.94e-02    6.78e-01
  13  3.212580e+03    1.12e+02    1.89e+04   3.54e+01   8.72e-01  1.29e+03        1    6.35e-02    7.41e-01
  14  3.143131e+03    6.94e+01    3.44e+04   4.54e+01   6.26e-01  1.31e+03        1    6.41e-02    8.06e-01
  15  3.072406e+03    7.07e+01    2.88e+04   3.50e+01   7.50e-01  1.50e+03        1    5.62e-02    8.62e-01
  16  3.029638e+03    4.28e+01    2.80e+04   3.17e+01   6.65e-01  1.56e+03        1    6.43e-02    9.26e-01
  17  2.992982e+03    3.67e+01    2.36e+04   2.71e+01   7.06e-01  1.68e+03        1    6.06e-02    9.87e-01
  18  2.964985e+03    2.80e+01    2.16e+04   2.50e+01   6.84e-01  1.76e+03        1    6.05e-02    1.05e+00
  19  2.939874e+03    2.51e+01    1.94e+04   2.35e+01   7.03e-01  1.89e+03        1    6.15e-02    1.11e+00
  20  2.916956e+03    2.29e+01    1.82e+04   2.33e+01   7.03e-01  2.03e+03        1    6.05e-02    1.17e+00
  21  2.894051e+03    2.29e+01    1.72e+04   2.41e+01   7.15e-01  2.20e+03        1    6.00e-02    1.23e+00
  22  2.870203e+03    2.38e+01    1.69e+04   2.60e+01   7.18e-01  2.40e+03        1    6.13e-02    1.29e+00
  23  2.843918e+03    2.63e+01    1.70e+04   2.90e+01   7.24e-01  2.64e+03        1    6.48e-02    1.36e+00
  24  2.814046e+03    2.99e+01    1.76e+04   3.35e+01   7.25e-01  2.90e+03        1    6.09e-02    1.42e+00
  25  2.779027e+03    3.50e+01    1.87e+04   3.94e+01   7.26e-01  3.20e+03        1    6.11e-02    1.48e+00
  26  2.737388e+03    4.16e+01    2.06e+04   4.73e+01   7.26e-01  3.52e+03        1    6.25e-02    1.54e+00
  27  2.687232e+03    5.02e+01    2.35e+04   5.75e+01   7.28e-01  3.89e+03        1    6.09e-02    1.60e+00
  28  2.626584e+03    6.06e+01    2.77e+04   7.08e+01   7.32e-01  4.33e+03        1    6.14e-02    1.66e+00
  29  2.552865e+03    7.37e+01    3.32e+04   8.85e+01   7.42e-01  4.88e+03        1    6.22e-02    1.72e+00
  30  2.462995e+03    8.99e+01    4.00e+04   1.13e+02   7.55e-01  5.63e+03        1    6.29e-02    1.79e+00
  31  2.352635e+03    1.10e+02    4.80e+04   1.50e+02   7.72e-01  6.71e+03        1    6.22e-02    1.85e+00
  32  2.216633e+03    1.36e+02    5.69e+04   2.08e+02   7.84e-01  8.22e+03        1    5.97e-02    1.91e+00
  33  2.052248e+03    1.64e+02    6.60e+04   2.95e+02   7.70e-01  9.76e+03        1    6.21e-02    1.97e+00
  34  1.878661e+03    1.74e+02    7.35e+04   3.98e+02   6.70e-01  1.02e+04        1    6.12e-02    2.03e+00
  35  1.817260e+03    6.14e+01    9.62e+04   4.38e+02   2.00e-01  8.35e+03        1    6.25e-02    2.10e+00
  36  2.091360e+03   -2.74e+02    0.00e+00   3.13e+02  -6.16e-01  4.18e+03        1    4.89e-02    2.14e+00
  37  1.495549e+03    3.22e+02    4.86e+04   1.86e+02   8.31e-01  5.89e+03        1    6.08e-02    2.21e+00
  38  2.369254e+03   -8.74e+02    0.00e+00   1.85e+02  -3.89e+00  2.94e+03        1    5.00e-02    2.26e+00
  39  1.420286e+03    7.53e+01    5.60e+04   1.18e+02   4.44e-01  2.94e+03        1    6.04e-02    2.32e+00
  40  1.289536e+03    1.31e+02    4.40e+04   5.48e+01   7.05e-01  3.16e+03        1    6.10e-02    2.38e+00
  41  1.149918e+03    1.40e+02    2.31e+04   2.13e+01   1.01e+00  9.47e+03        1    6.13e-02    2.44e+00
  42  1.077440e+03    7.25e+01    1.85e+05   2.27e+02   4.88e-01  9.47e+03        1    6.11e-02    2.50e+00
  43  9.785822e+02    9.89e+01    1.79e+05   2.93e+02   5.60e-01  9.49e+03        1    6.48e-02    2.56e+00
  44  9.851177e+02   -6.54e+00    0.00e+00   3.21e+02  -4.33e-02  4.74e+03        1    4.83e-02    2.61e+00
  45  8.624180e+02    1.16e+02    5.78e+04   1.53e+02   9.28e-01  1.27e+04        1    6.13e-02    2.67e+00
  46  1.346642e+03   -4.84e+02    0.00e+00   4.55e+02  -5.91e+00  6.37e+03        1    4.95e-02    2.72e+00
  47  8.462408e+02    1.62e+01    1.00e+05   2.24e+02   3.07e-01  6.03e+03        1    6.46e-02    2.79e+00
  48  8.078099e+02    3.84e+01    8.94e+04   2.13e+02   5.50e-01  6.03e+03        1    6.24e-02    2.85e+00
  49  7.822541e+02    2.56e+01    9.08e+04   2.12e+02   4.12e-01  6.00e+03        1    5.82e-02    2.91e+00
  50  7.547407e+02    2.75e+01    9.03e+04   2.07e+02   4.16e-01  5.97e+03        1    6.08e-02    2.97e+00
  51  7.270125e+02    2.77e+01    9.15e+04   2.00e+02   4.01e-01  5.93e+03        1    6.05e-02    3.03e+00
  52  6.991386e+02    2.79e+01    9.46e+04   1.92e+02   3.77e-01  5.84e+03        1    6.18e-02    3.09e+00
  53  6.761764e+02    2.30e+01    1.01e+05   1.82e+02   2.81e-01  5.39e+03        1    6.11e-02    3.15e+00
  54  6.572357e+02    1.89e+01    1.04e+05   1.61e+02   1.98e-01  4.42e+03        1    6.10e-02    3.21e+00
  55  6.277821e+02    2.95e+01    9.36e+04   1.27e+02   2.63e-01  3.99e+03        1    6.16e-02    3.28e+00
  56  6.459014e+02   -1.81e+01    0.00e+00   1.11e+02  -1.52e-01  2.00e+03        1    4.70e-02    3.32e+00
  57  5.353192e+02    9.25e+01    2.87e+04   5.68e+01   9.04e-01  4.21e+03        1    6.15e-02    3.38e+00
  58  7.521164e+02   -2.17e+02    0.00e+00   1.16e+02  -4.32e+00  2.10e+03        1    5.04e-02    3.43e+00
  59  5.227270e+02    1.26e+01    3.84e+04   5.95e+01   4.04e-01  2.09e+03        1    6.20e-02    3.50e+00
  60  5.146603e+02    8.07e+00    4.99e+04   5.82e+01   1.92e-01  1.69e+03        1    6.17e-02    3.56e+00
  61  4.893125e+02    2.53e+01    4.57e+04   4.70e+01   4.54e-01  1.69e+03        1    6.13e-02    3.62e+00
  62  4.901359e+02   -8.23e-01    0.00e+00   4.67e+01  -1.50e-02  8.47e+02        1    4.70e-02    3.67e+00
  63  4.495963e+02    3.97e+01    1.57e+04   2.41e+01   9.13e-01  1.94e+03        1    6.19e-02    3.73e+00
  64  5.426553e+02   -9.31e+01    0.00e+00   5.31e+01  -2.86e+00  9.70e+02        1    4.92e-02    3.78e+00
  65  4.392554e+02    1.03e+01    2.38e+04   2.74e+01   5.47e-01  9.71e+02        1    6.25e-02    3.84e+00
  66  4.269229e+02    1.23e+01    2.84e+04   2.75e+01   4.98e-01  9.71e+02        1    6.17e-02    3.90e+00
  67  4.139869e+02    1.29e+01    3.27e+04   2.75e+01   4.37e-01  9.69e+02        1    6.16e-02    3.96e+00
  68  3.989838e+02    1.50e+01    3.48e+04   2.75e+01   4.40e-01  9.67e+02        1    6.64e-02    4.03e+00
  69  3.806845e+02    1.83e+01    3.34e+04   2.71e+01   5.07e-01  9.67e+02        1    5.97e-02    4.09e+00
  70  3.605661e+02    2.01e+01    2.89e+04   2.63e+01   6.04e-01  9.76e+02        1    6.02e-02    4.15e+00
  71  3.421398e+02    1.84e+01    2.32e+04   2.53e+01   6.85e-01  1.03e+03        1    6.08e-02    4.21e+00
  72  3.273042e+02    1.48e+01    1.93e+04   2.50e+01   7.20e-01  1.12e+03        1    6.21e-02    4.27e+00
  73  3.149828e+02    1.23e+01    1.66e+04   2.51e+01   7.48e-01  1.28e+03        1    5.72e-02    4.33e+00
  74  3.046001e+02    1.04e+01    1.47e+04   2.56e+01   7.64e-01  1.50e+03        1    6.14e-02    4.39e+00
  75  2.958164e+02    8.78e+00    1.30e+04   2.61e+01   7.81e-01  1.82e+03        1    6.78e-02    4.46e+00
  76  2.887144e+02    7.10e+00    1.14e+04   2.62e+01   7.94e-01  2.29e+03        1    5.59e-02    4.52e+00
  77  2.833872e+02    5.33e+00    9.30e+03   2.53e+01   8.14e-01  3.04e+03        1    6.31e-02    4.58e+00
  78  2.799040e+02    3.48e+00    7.09e+03   2.33e+01   8.37e-01  4.37e+03        1    6.47e-02    4.64e+00
  79  2.780082e+02    1.90e+00    4.81e+03   1.96e+01   8.81e-01  7.82e+03        1    5.61e-02    4.70e+00
  80  2.772183e+02    7.90e-01    3.20e+03   1.56e+01   9.19e-01  1.91e+04        1    6.03e-02    4.76e+00
  81  2.770114e+02    2.07e-01    2.17e+03   1.47e+01   6.73e-01  1.99e+04        1    6.08e-02    4.82e+00
  82  2.768641e+02    1.47e-01    2.28e+02   1.50e+01   6.24e-01  2.02e+04        1    5.93e-02    4.88e+00
  83  2.847086e+02   -7.84e+00    0.00e+00   4.98e+00  -1.25e+01  1.01e+04        1    4.81e-02    4.93e+00
  84  2.773938e+02   -5.30e-01    0.00e+00   2.61e+00  -1.63e+00  2.52e+03        1    4.88e-02    4.98e+00
  85  2.768034e+02    6.08e-02    2.96e+02   6.77e-01   6.79e-01  2.64e+03        1    6.10e-02    5.04e+00
  86  2.767827e+02    2.07e-02    5.84e+01   7.16e-01   9.18e-01  6.35e+03        1    5.96e-02    5.10e+00
  87  2.767514e+02    3.13e-02    1.22e+02   2.56e+00   9.38e-01  1.90e+04        1    6.02e-02    5.16e+00
  88  2.766688e+02    8.26e-02    2.17e+02   9.91e+00   9.24e-01  4.89e+04        1    6.16e-02    5.22e+00
  89  2.779813e+02   -1.31e+00    0.00e+00   1.76e+01  -5.06e+00  2.44e+04        1    4.90e-02    5.27e+00
  90  2.766858e+02   -1.70e-02    0.00e+00   8.60e+00  -1.28e-01  6.11e+03        1    4.93e-02    5.32e+00
  91  2.766366e+02    3.22e-02    1.49e+02   2.10e+00   8.76e-01  1.06e+04        1    6.40e-02    5.38e+00
  92  2.765896e+02    4.70e-02    5.88e+01   5.86e+00   9.07e-01  2.32e+04        1    5.96e-02    5.44e+00
  93  2.766076e+02   -1.80e-02    0.00e+00   7.92e+00  -1.46e-01  1.16e+04        1    4.39e-02    5.49e+00
  94  2.765483e+02    4.13e-02    5.28e+02   3.89e+00   6.60e-01  1.20e+04        1    6.23e-02    5.55e+00
  95  2.765111e+02    3.73e-02    9.00e+01   8.69e+00   3.79e-01  1.18e+04        1    6.03e-02    5.61e+00
  96  2.767910e+02   -2.80e-01    0.00e+00   6.35e-01  -1.36e+00  5.91e+03        1    4.76e-02    5.66e+00
  97  2.764849e+02    2.61e-02    7.70e+02   4.20e-01   2.41e-01  5.19e+03        1    5.98e-02    5.72e+00
  98  2.764363e+02    4.86e-02    4.48e+01   3.92e+00   7.19e-01  5.67e+03        1    6.18e-02    5.78e+00
  99  2.764104e+02    2.59e-02    1.42e+02   1.83e+00   8.34e-01  8.07e+03        1    6.14e-02    5.84e+00
 100  2.763752e+02    3.52e-02    3.36e+01   4.35e+00   9.21e-01  2.01e+04        1    6.11e-02    5.90e+00


Bundle adjustment report
------------------------
    Residuals : 72
   Parameters : 61
   Iterations : 101
         Time : 5.89999 [s]
 Initial cost : 18.3208 [px]
   Final cost : 1.95922 [px]
  Termination : No convergence

  => Filtered observations: 2
  => Filtered images: 0

==============================================================================
Initializing with image pair #6 and #2
==============================================================================


==============================================================================
Global bundle adjustment
==============================================================================

iter      cost      cost_change  |gradient|   |step|    tr_ratio  tr_radius  ls_iter  iter_time  total_time
   0  2.231905e+03    0.00e+00    1.60e+04   0.00e+00   0.00e+00  1.00e+04        0    6.33e-03    6.50e-03
   1  6.586809e+04   -6.36e+04    0.00e+00   4.50e+02  -3.52e+01  5.00e+03        1    4.85e-02    5.51e-02
   2  4.348791e+04   -4.13e+04    0.00e+00   4.12e+02  -2.34e+01  1.25e+03        1    4.83e-02    1.03e-01
   3  8.314480e+03   -6.08e+03    0.00e+00   2.56e+02  -4.21e+00  1.56e+02        1    4.85e-02    1.52e-01
   4  1.619811e+03    6.12e+02    3.96e+03   5.45e+01   9.69e-01  4.69e+02        1    6.05e-02    2.12e-01
   5  1.470639e+03    1.49e+02    2.67e+04   1.31e+02   2.53e-01  4.18e+02        1    6.11e-02    2.74e-01
   6  7.672099e+02    7.03e+02    1.19e+04   9.69e+01   8.97e-01  8.36e+02        1    6.10e-02    3.35e-01
   7  5.535172e+02    2.14e+02    2.01e+04   1.25e+02   5.37e-01  8.37e+02        1    6.40e-02    3.99e-01
   8  2.515670e+02    3.02e+02    6.90e+03   7.78e+01   9.40e-01  2.51e+03        1    6.10e-02    4.60e-01
   9  1.709443e+02    8.06e+01    8.61e+03   8.23e+01   7.79e-01  3.04e+03        1    6.17e-02    5.21e-01
  10  1.277085e+02    4.32e+01    9.93e+02   3.05e+01   1.00e+00  9.12e+03        1    6.22e-02    5.84e-01
  11  1.161183e+02    1.16e+01    7.27e+03   1.50e+01   9.58e-01  2.73e+04        1    6.12e-02    6.45e-01
  12  1.154369e+02    6.81e-01    2.46e+04   1.30e+01   1.34e-01  1.96e+04        1    6.14e-02    7.06e-01
  13  1.105777e+02    4.86e+00    5.75e+03   8.44e+00   9.42e-01  5.89e+04        1    5.44e-02    7.61e-01
  14  1.248574e+02   -1.43e+01    0.00e+00   2.86e+01  -7.62e+00  2.95e+04        1    4.91e-02    8.10e-01
  15  1.104716e+02    1.06e-01    6.39e+03   1.39e+01   9.62e-02  1.93e+04        1    6.22e-02    8.72e-01
  16  1.091696e+02    1.30e+00    1.93e+03   9.38e+00   8.67e-01  3.19e+04        1    6.47e-02    9.37e-01
  17  1.097261e+02   -5.57e-01    0.00e+00   1.57e+01  -5.35e-01  1.60e+04        1    4.84e-02    9.85e-01
  18  1.086495e+02    5.20e-01    1.08e+03   7.87e+00   8.37e-01  2.30e+04        1    6.10e-02    1.05e+00
  19  1.083895e+02    2.60e-01    2.00e+03   1.14e+01   3.66e-01  2.26e+04        1    6.14e-02    1.11e+00
  20  1.077664e+02    6.23e-01    1.77e+03   1.11e+01   5.92e-01  2.27e+04        1    6.12e-02    1.17e+00
  21  1.071745e+02    5.92e-01    1.69e+03   1.11e+01   5.70e-01  2.28e+04        1    6.28e-02    1.23e+00
  22  1.065684e+02    6.06e-01    1.63e+03   1.10e+01   5.71e-01  2.29e+04        1    6.14e-02    1.29e+00
  23  1.059560e+02    6.12e-01    1.57e+03   1.09e+01   5.70e-01  2.29e+04        1    6.08e-02    1.35e+00
  24  1.053376e+02    6.18e-01    1.52e+03   1.08e+01   5.69e-01  2.30e+04        1    6.25e-02    1.42e+00
  25  1.047139e+02    6.24e-01    1.47e+03   1.07e+01   5.68e-01  2.30e+04        1    6.15e-02    1.48e+00
  26  1.040853e+02    6.29e-01    1.42e+03   1.06e+01   5.68e-01  2.31e+04        1    6.44e-02    1.54e+00
  27  1.034522e+02    6.33e-01    1.38e+03   1.06e+01   5.67e-01  2.32e+04        1    6.09e-02    1.60e+00
  28  1.028149e+02    6.37e-01    1.33e+03   1.05e+01   5.67e-01  2.32e+04        1    6.26e-02    1.67e+00
  29  1.021737e+02    6.41e-01    1.28e+03   1.04e+01   5.67e-01  2.33e+04        1    6.26e-02    1.73e+00
  30  1.015290e+02    6.45e-01    1.24e+03   1.02e+01   5.67e-01  2.33e+04        1    6.18e-02    1.79e+00
  31  1.008810e+02    6.48e-01    1.19e+03   1.01e+01   5.68e-01  2.34e+04        1    6.12e-02    1.85e+00
  32  1.002301e+02    6.51e-01    1.15e+03   1.00e+01   5.68e-01  2.34e+04        1    5.89e-02    1.91e+00
  33  9.957663e+01    6.53e-01    1.10e+03   9.93e+00   5.68e-01  2.35e+04        1    6.35e-02    1.97e+00
  34  9.892087e+01    6.56e-01    1.06e+03   9.82e+00   5.69e-01  2.36e+04        1    6.23e-02    2.04e+00
  35  9.826316e+01    6.58e-01    1.01e+03   9.71e+00   5.70e-01  2.36e+04        1    6.02e-02    2.10e+00
  36  9.760383e+01    6.59e-01    9.71e+02   9.60e+00   5.71e-01  2.37e+04        1    6.09e-02    2.16e+00
  37  9.694322e+01    6.61e-01    9.30e+02   9.49e+00   5.71e-01  2.38e+04        1    6.16e-02    2.22e+00
  38  9.628165e+01    6.62e-01    8.89e+02   9.37e+00   5.72e-01  2.38e+04        1    6.01e-02    2.28e+00
  39  9.561946e+01    6.62e-01    8.50e+02   9.26e+00   5.74e-01  2.39e+04        1    6.09e-02    2.34e+00
  40  9.495696e+01    6.62e-01    8.11e+02   9.14e+00   5.75e-01  2.40e+04        1    6.05e-02    2.40e+00
  41  9.429447e+01    6.62e-01    7.74e+02   9.03e+00   5.76e-01  2.41e+04        1    5.95e-02    2.46e+00
  42  9.363233e+01    6.62e-01    7.37e+02   8.91e+00   5.77e-01  2.42e+04        1    6.22e-02    2.52e+00
  43  9.297082e+01    6.62e-01    7.02e+02   8.80e+00   5.79e-01  2.43e+04        1    6.13e-02    2.58e+00
  44  9.231026e+01    6.61e-01    6.68e+02   8.68e+00   5.80e-01  2.44e+04        1    6.31e-02    2.65e+00
  45  9.165094e+01    6.59e-01    6.35e+02   8.57e+00   5.81e-01  2.45e+04        1    5.89e-02    2.71e+00
  46  9.099314e+01    6.58e-01    6.29e+02   8.46e+00   5.83e-01  2.46e+04        1    6.16e-02    2.77e+00
  47  9.033715e+01    6.56e-01    6.37e+02   8.34e+00   5.84e-01  2.47e+04        1    6.14e-02    2.83e+00
  48  8.968323e+01    6.54e-01    6.46e+02   8.23e+00   5.86e-01  2.48e+04        1    6.05e-02    2.89e+00
  49  8.903163e+01    6.52e-01    6.54e+02   8.12e+00   5.87e-01  2.50e+04        1    6.11e-02    2.95e+00
  50  8.838261e+01    6.49e-01    6.62e+02   8.01e+00   5.89e-01  2.51e+04        1    6.15e-02    3.01e+00
  51  8.773640e+01    6.46e-01    6.70e+02   7.90e+00   5.90e-01  2.52e+04        1    6.18e-02    3.08e+00
  52  8.709323e+01    6.43e-01    6.78e+02   7.79e+00   5.92e-01  2.54e+04        1    5.96e-02    3.13e+00
  53  8.645331e+01    6.40e-01    6.86e+02   7.68e+00   5.93e-01  2.56e+04        1    6.44e-02    3.20e+00
  54  8.581685e+01    6.36e-01    6.94e+02   7.57e+00   5.94e-01  2.57e+04        1    6.10e-02    3.26e+00
  55  8.518406e+01    6.33e-01    7.01e+02   7.47e+00   5.96e-01  2.59e+04        1    5.83e-02    3.32e+00
  56  8.455511e+01    6.29e-01    7.09e+02   7.36e+00   5.97e-01  2.61e+04        1    6.14e-02    3.38e+00
  57  8.393019e+01    6.25e-01    7.16e+02   7.26e+00   5.99e-01  2.63e+04        1    6.88e-02    3.45e+00
  58  8.330947e+01    6.21e-01    7.23e+02   7.16e+00   6.00e-01  2.65e+04        1    5.12e-02    3.50e+00
  59  8.269312e+01    6.16e-01    7.30e+02   7.06e+00   6.01e-01  2.67e+04        1    6.26e-02    3.56e+00
  60  8.208129e+01    6.12e-01    7.37e+02   6.96e+00   6.03e-01  2.70e+04        1    6.15e-02    3.62e+00
  61  8.147414e+01    6.07e-01    7.44e+02   6.86e+00   6.04e-01  2.72e+04        1    6.11e-02    3.69e+00
  62  8.087180e+01    6.02e-01    7.51e+02   6.76e+00   6.05e-01  2.75e+04        1    6.15e-02    3.75e+00
  63  8.027442e+01    5.97e-01    7.58e+02   6.67e+00   6.06e-01  2.77e+04        1    6.13e-02    3.81e+00
  64  7.968212e+01    5.92e-01    7.64e+02   6.57e+00   6.07e-01  2.80e+04        1    5.98e-02    3.87e+00
  65  7.909504e+01    5.87e-01    7.71e+02   6.48e+00   6.08e-01  2.83e+04        1    6.17e-02    3.93e+00
  66  7.851330e+01    5.82e-01    7.77e+02   6.38e+00   6.09e-01  2.86e+04        1    5.92e-02    3.99e+00
  67  7.793701e+01    5.76e-01    7.83e+02   6.29e+00   6.11e-01  2.89e+04        1    6.91e-02    4.06e+00
  68  7.736627e+01    5.71e-01    7.90e+02   6.20e+00   6.12e-01  2.92e+04        1    5.55e-02    4.11e+00
  69  7.680121e+01    5.65e-01    7.95e+02   6.11e+00   6.13e-01  2.96e+04        1    6.21e-02    4.18e+00
  70  7.624191e+01    5.59e-01    8.01e+02   6.03e+00   6.14e-01  2.99e+04        1    6.14e-02    4.24e+00
  71  7.568847e+01    5.53e-01    8.07e+02   5.94e+00   6.14e-01  3.03e+04        1    6.18e-02    4.30e+00
  72  7.514099e+01    5.47e-01    8.12e+02   5.85e+00   6.15e-01  3.07e+04        1    6.25e-02    4.36e+00
  73  7.459955e+01    5.41e-01    8.17e+02   5.77e+00   6.16e-01  3.11e+04        1    5.92e-02    4.42e+00
  74  7.406423e+01    5.35e-01    8.22e+02   5.68e+00   6.17e-01  3.15e+04        1    6.24e-02    4.48e+00
  75  7.353510e+01    5.29e-01    8.27e+02   5.60e+00   6.18e-01  3.19e+04        1    6.27e-02    4.55e+00
  76  7.301226e+01    5.23e-01    8.32e+02   5.52e+00   6.19e-01  3.23e+04        1    5.96e-02    4.61e+00
  77  7.249575e+01    5.17e-01    8.36e+02   5.44e+00   6.20e-01  3.28e+04        1    5.56e-02    4.66e+00
  78  7.198565e+01    5.10e-01    8.40e+02   5.36e+00   6.20e-01  3.32e+04        1    6.95e-02    4.73e+00
  79  7.148201e+01    5.04e-01    8.44e+02   5.28e+00   6.21e-01  3.37e+04        1    5.43e-02    4.78e+00
  80  7.098490e+01    4.97e-01    8.48e+02   5.20e+00   6.22e-01  3.42e+04        1    6.14e-02    4.85e+00
  81  7.049436e+01    4.91e-01    8.52e+02   5.12e+00   6.23e-01  3.47e+04        1    6.13e-02    4.91e+00
  82  7.001045e+01    4.84e-01    8.55e+02   5.05e+00   6.23e-01  3.52e+04        1    5.90e-02    4.97e+00
  83  6.953320e+01    4.77e-01    8.58e+02   4.97e+00   6.24e-01  3.58e+04        1    6.00e-02    5.03e+00
  84  6.906266e+01    4.71e-01    8.60e+02   4.90e+00   6.25e-01  3.63e+04        1    6.13e-02    5.09e+00
  85  6.859887e+01    4.64e-01    8.63e+02   4.82e+00   6.25e-01  3.69e+04        1    5.95e-02    5.15e+00
  86  6.814187e+01    4.57e-01    8.65e+02   4.75e+00   6.26e-01  3.75e+04        1    6.31e-02    5.21e+00
  87  6.769168e+01    4.50e-01    8.66e+02   4.68e+00   6.26e-01  3.81e+04        1    6.28e-02    5.27e+00
  88  6.724834e+01    4.43e-01    8.67e+02   4.60e+00   6.27e-01  3.88e+04        1    5.93e-02    5.33e+00
  89  6.681187e+01    4.36e-01    8.68e+02   4.53e+00   6.27e-01  3.94e+04        1    6.32e-02    5.40e+00
  90  6.638231e+01    4.30e-01    8.69e+02   4.46e+00   6.28e-01  4.01e+04        1    6.19e-02    5.46e+00
  91  6.595968e+01    4.23e-01    8.69e+02   4.39e+00   6.29e-01  4.08e+04        1    5.95e-02    5.52e+00
  92  6.554400e+01    4.16e-01    8.69e+02   4.32e+00   6.29e-01  4.15e+04        1    6.13e-02    5.58e+00
  93  6.513530e+01    4.09e-01    8.68e+02   4.25e+00   6.30e-01  4.22e+04        1    6.06e-02    5.64e+00
  94  6.473361e+01    4.02e-01    8.66e+02   4.18e+00   6.30e-01  4.30e+04        1    5.58e-02    5.69e+00
  95  6.433895e+01    3.95e-01    8.64e+02   4.11e+00   6.31e-01  4.38e+04        1    6.14e-02    5.76e+00
  96  6.395136e+01    3.88e-01    8.62e+02   4.05e+00   6.31e-01  4.46e+04        1    6.21e-02    5.82e+00
  97  6.357086e+01    3.80e-01    8.59e+02   3.98e+00   6.31e-01  4.54e+04        1    6.16e-02    5.88e+00
  98  6.319749e+01    3.73e-01    8.55e+02   3.91e+00   6.32e-01  4.62e+04        1    6.45e-02    5.94e+00
  99  6.283130e+01    3.66e-01    8.50e+02   3.84e+00   6.32e-01  4.71e+04        1    5.62e-02    6.00e+00
 100  6.247232e+01    3.59e-01    8.44e+02   3.77e+00   6.33e-01  4.80e+04        1    6.16e-02    6.06e+00


Bundle adjustment report
------------------------
    Residuals : 80
   Parameters : 67
   Iterations : 101
         Time : 6.06255 [s]
 Initial cost : 5.28193 [px]
   Final cost : 0.883688 [px]
  Termination : No convergence

  => Filtered observations: 0
  => Filtered images: 0
  => No good initial image pair found.
  => Relaxing the initialization constraints.

==============================================================================
Initializing with image pair #3 and #6
==============================================================================


==============================================================================
Global bundle adjustment
==============================================================================

iter      cost      cost_change  |gradient|   |step|    tr_ratio  tr_radius  ls_iter  iter_time  total_time
   0  1.884483e+02    0.00e+00    5.86e+03   0.00e+00   0.00e+00  1.00e+04        0    6.59e-03    6.97e-03
   1  1.997180e+02   -1.13e+01    0.00e+00   3.73e+00  -1.31e-01  5.00e+03        1    4.73e-02    5.43e-02
   2  1.655263e+02    2.29e+01    7.36e+04   7.44e+00   2.76e-01  4.59e+03        1    6.19e-02    1.16e-01
   3  1.056063e+02    5.99e+01    4.73e+03   2.04e+00   9.97e-01  1.38e+04        1    5.74e-02    1.74e-01
   4  1.017073e+02    3.90e+00    9.05e+03   3.59e+00   9.36e-01  4.10e+04        1    6.39e-02    2.38e-01
   5  9.987989e+01    1.83e+00    2.43e+04   7.59e+00   4.80e-01  4.10e+04        1    6.20e-02    3.00e-01
   6  9.770003e+01    2.18e+00    1.80e+04   1.37e+01   6.38e-01  4.19e+04        1    6.33e-02    3.63e-01
   7  9.675977e+01    9.40e-01    1.72e+04   1.57e+01   4.00e-01  4.15e+04        1    6.26e-02    4.25e-01
   8  9.575458e+01    1.01e+00    1.64e+04   1.61e+01   4.07e-01  4.13e+04        1    6.23e-02    4.88e-01
   9  9.474140e+01    1.01e+00    1.60e+04   1.63e+01   4.01e-01  4.09e+04        1    6.27e-02    5.51e-01
  10  9.370310e+01    1.04e+00    1.57e+04   1.63e+01   4.02e-01  4.06e+04        1    6.40e-02    6.15e-01
  11  9.264978e+01    1.05e+00    1.55e+04   1.62e+01   4.01e-01  4.03e+04        1    5.99e-02    6.74e-01
  12  9.158017e+01    1.07e+00    1.53e+04   1.62e+01   4.01e-01  4.00e+04        1    6.38e-02    7.38e-01
  13  9.049625e+01    1.08e+00    1.51e+04   1.61e+01   4.01e-01  3.97e+04        1    6.33e-02    8.02e-01
  14  8.939851e+01    1.10e+00    1.49e+04   1.60e+01   4.01e-01  3.94e+04        1    6.23e-02    8.64e-01
  15  8.828794e+01    1.11e+00    1.47e+04   1.60e+01   4.02e-01  3.91e+04        1    6.19e-02    9.26e-01
  16  8.716530e+01    1.12e+00    1.44e+04   1.59e+01   4.02e-01  3.88e+04        1    6.33e-02    9.89e-01
  17  8.603146e+01    1.13e+00    1.42e+04   1.58e+01   4.03e-01  3.85e+04        1    6.21e-02    1.05e+00
  18  8.488726e+01    1.14e+00    1.39e+04   1.57e+01   4.04e-01  3.83e+04        1    6.13e-02    1.11e+00
  19  8.373361e+01    1.15e+00    1.37e+04   1.56e+01   4.05e-01  3.80e+04        1    6.18e-02    1.17e+00
  20  8.257141e+01    1.16e+00    1.34e+04   1.55e+01   4.06e-01  3.78e+04        1    6.16e-02    1.24e+00
  21  8.140160e+01    1.17e+00    1.32e+04   1.54e+01   4.07e-01  3.75e+04        1    6.17e-02    1.30e+00
  22  8.022519e+01    1.18e+00    1.29e+04   1.52e+01   4.09e-01  3.73e+04        1    6.30e-02    1.36e+00
  23  7.904319e+01    1.18e+00    1.26e+04   1.51e+01   4.11e-01  3.71e+04        1    5.58e-02    1.42e+00
  24  7.785667e+01    1.19e+00    1.23e+04   1.50e+01   4.12e-01  3.69e+04        1    6.20e-02    1.48e+00
  25  7.666676e+01    1.19e+00    1.20e+04   1.48e+01   4.14e-01  3.67e+04        1    6.18e-02    1.54e+00
  26  7.547461e+01    1.19e+00    1.18e+04   1.47e+01   4.16e-01  3.65e+04        1    6.10e-02    1.60e+00
  27  7.428145e+01    1.19e+00    1.15e+04   1.46e+01   4.19e-01  3.64e+04        1    6.18e-02    1.66e+00
  28  7.308856e+01    1.19e+00    1.12e+04   1.44e+01   4.21e-01  3.62e+04        1    6.23e-02    1.73e+00
  29  7.189726e+01    1.19e+00    1.09e+04   1.42e+01   4.24e-01  3.61e+04        1    6.25e-02    1.79e+00
  30  7.070894e+01    1.19e+00    1.06e+04   1.41e+01   4.27e-01  3.60e+04        1    6.08e-02    1.85e+00
  31  6.952503e+01    1.18e+00    1.03e+04   1.39e+01   4.30e-01  3.59e+04        1    6.16e-02    1.91e+00
  32  6.834705e+01    1.18e+00    9.94e+03   1.37e+01   4.33e-01  3.58e+04        1    6.27e-02    1.97e+00
  33  6.717654e+01    1.17e+00    9.63e+03   1.36e+01   4.37e-01  3.57e+04        1    6.17e-02    2.03e+00
  34  6.601513e+01    1.16e+00    9.32e+03   1.34e+01   4.41e-01  3.57e+04        1    6.19e-02    2.10e+00
  35  6.486448e+01    1.15e+00    9.01e+03   1.32e+01   4.45e-01  3.56e+04        1    6.01e-02    2.16e+00
  36  6.372632e+01    1.14e+00    8.69e+03   1.30e+01   4.50e-01  3.56e+04        1    6.20e-02    2.22e+00
  37  6.260242e+01    1.12e+00    8.37e+03   1.28e+01   4.55e-01  3.56e+04        1    6.27e-02    2.28e+00
  38  6.149462e+01    1.11e+00    8.05e+03   1.26e+01   4.60e-01  3.56e+04        1    6.03e-02    2.34e+00
  39  6.040480e+01    1.09e+00    7.72e+03   1.23e+01   4.66e-01  3.55e+04        1    6.33e-02    2.41e+00
  40  5.933488e+01    1.07e+00    7.40e+03   1.21e+01   4.73e-01  3.55e+04        1    6.15e-02    2.47e+00
  41  5.828682e+01    1.05e+00    7.07e+03   1.19e+01   4.80e-01  3.55e+04        1    6.26e-02    2.53e+00
  42  5.726264e+01    1.02e+00    6.75e+03   1.16e+01   4.88e-01  3.55e+04        1    6.17e-02    2.59e+00
  43  5.626435e+01    9.98e-01    6.42e+03   1.14e+01   4.96e-01  3.55e+04        1    6.15e-02    2.65e+00
  44  5.529400e+01    9.70e-01    6.10e+03   1.11e+01   5.05e-01  3.55e+04        1    7.05e-02    2.72e+00
  45  5.435359e+01    9.40e-01    5.78e+03   1.08e+01   5.15e-01  3.55e+04        1    6.25e-02    2.79e+00
  46  5.344505e+01    9.09e-01    5.46e+03   1.06e+01   5.25e-01  3.55e+04        1    5.51e-02    2.84e+00
  47  5.257019e+01    8.75e-01    5.14e+03   1.03e+01   5.35e-01  3.56e+04        1    6.16e-02    2.90e+00
  48  5.173060e+01    8.40e-01    4.84e+03   1.00e+01   5.46e-01  3.56e+04        1    6.58e-02    2.97e+00
  49  5.092752e+01    8.03e-01    4.54e+03   9.72e+00   5.57e-01  3.56e+04        1    6.46e-02    3.03e+00
  50  5.016181e+01    7.66e-01    4.26e+03   9.44e+00   5.68e-01  3.57e+04        1    6.10e-02    3.09e+00
  51  4.943382e+01    7.28e-01    4.00e+03   9.16e+00   5.79e-01  3.59e+04        1    6.54e-02    3.16e+00
  52  4.874341e+01    6.90e-01    3.75e+03   8.89e+00   5.89e-01  3.61e+04        1    6.09e-02    3.22e+00
  53  4.808997e+01    6.53e-01    3.52e+03   8.63e+00   5.98e-01  3.63e+04        1    6.01e-02    3.28e+00
  54  4.747249e+01    6.17e-01    3.30e+03   8.39e+00   6.07e-01  3.67e+04        1    6.07e-02    3.34e+00
  55  4.688975e+01    5.83e-01    3.10e+03   8.15e+00   6.15e-01  3.71e+04        1    6.22e-02    3.40e+00
  56  4.634036e+01    5.49e-01    2.92e+03   7.93e+00   6.22e-01  3.77e+04        1    6.15e-02    3.46e+00
  57  4.582298e+01    5.17e-01    2.75e+03   7.71e+00   6.28e-01  3.83e+04        1    6.22e-02    3.53e+00
  58  4.533630e+01    4.87e-01    2.60e+03   7.51e+00   6.34e-01  3.91e+04        1    6.23e-02    3.59e+00
  59  4.487914e+01    4.57e-01    2.45e+03   7.31e+00   6.40e-01  4.00e+04        1    6.21e-02    3.65e+00
  60  4.445046e+01    4.29e-01    2.31e+03   7.12e+00   6.44e-01  4.10e+04        1    6.17e-02    3.71e+00
  61  4.404935e+01    4.01e-01    2.18e+03   6.93e+00   6.49e-01  4.21e+04        1    6.16e-02    3.77e+00
  62  4.367502e+01    3.74e-01    2.06e+03   6.75e+00   6.53e-01  4.33e+04        1    6.18e-02    3.84e+00
  63  4.332673e+01    3.48e-01    1.94e+03   6.56e+00   6.57e-01  4.47e+04        1    6.08e-02    3.90e+00
  64  4.300382e+01    3.23e-01    1.83e+03   6.38e+00   6.62e-01  4.63e+04        1    6.39e-02    3.96e+00
  65  4.270564e+01    2.98e-01    1.72e+03   6.20e+00   6.66e-01  4.80e+04        1    6.54e-02    4.03e+00
  66  4.243156e+01    2.74e-01    1.61e+03   6.01e+00   6.70e-01  5.00e+04        1    6.08e-02    4.09e+00
  67  4.218091e+01    2.51e-01    1.51e+03   5.83e+00   6.74e-01  5.22e+04        1    6.04e-02    4.15e+00
  68  4.195301e+01    2.28e-01    1.40e+03   5.64e+00   6.78e-01  5.46e+04        1    6.15e-02    4.21e+00
  69  4.174710e+01    2.06e-01    1.30e+03   5.45e+00   6.83e-01  5.75e+04        1    5.99e-02    4.27e+00
  70  4.156238e+01    1.85e-01    1.21e+03   5.25e+00   6.87e-01  6.06e+04        1    6.14e-02    4.33e+00
  71  4.139800e+01    1.64e-01    1.14e+03   5.05e+00   6.92e-01  6.43e+04        1    6.22e-02    4.39e+00
  72  4.125302e+01    1.45e-01    1.07e+03   4.85e+00   6.98e-01  6.85e+04        1    6.12e-02    4.45e+00
  73  4.112645e+01    1.27e-01    9.94e+02   4.64e+00   7.03e-01  7.34e+04        1    6.21e-02    4.52e+00
  74  4.101721e+01    1.09e-01    9.18e+02   4.42e+00   7.09e-01  7.92e+04        1    6.24e-02    4.58e+00
  75  4.092418e+01    9.30e-02    8.41e+02   4.20e+00   7.16e-01  8.62e+04        1    6.17e-02    4.64e+00
  76  4.084616e+01    7.80e-02    7.62e+02   3.97e+00   7.23e-01  9.45e+04        1    6.16e-02    4.70e+00
  77  4.078191e+01    6.43e-02    6.83e+02   3.74e+00   7.31e-01  1.05e+05        1    6.27e-02    4.76e+00
  78  4.073012e+01    5.18e-02    6.04e+02   3.49e+00   7.40e-01  1.18e+05        1    6.07e-02    4.83e+00
  79  4.068946e+01    4.07e-02    5.24e+02   3.23e+00   7.50e-01  1.35e+05        1    6.24e-02    4.89e+00
  80  4.065855e+01    3.09e-02    4.46e+02   2.96e+00   7.62e-01  1.57e+05        1    6.10e-02    4.95e+00
  81  4.063599e+01    2.26e-02    3.68e+02   2.68e+00   7.75e-01  1.89e+05        1    6.11e-02    5.01e+00
  82  4.062040e+01    1.56e-02    2.93e+02   2.38e+00   7.92e-01  2.36e+05        1    6.26e-02    5.07e+00
  83  4.061039e+01    1.00e-02    2.21e+02   2.06e+00   8.13e-01  3.12e+05        1    6.04e-02    5.13e+00
  84  4.060461e+01    5.78e-03    1.54e+02   1.72e+00   8.39e-01  4.53e+05        1    6.20e-02    5.19e+00
  85  4.060177e+01    2.83e-03    9.43e+01   1.34e+00   8.73e-01  7.76e+05        1    6.16e-02    5.26e+00
  86  4.060073e+01    1.05e-03    4.52e+01   9.24e-01   9.20e-01  1.90e+06        1    6.23e-02    5.32e+00
  87  4.060050e+01    2.25e-04    1.26e+01   4.89e-01   9.76e-01  5.71e+06        1    6.20e-02    5.38e+00
  88  4.060049e+01    1.51e-05    8.25e-01   1.25e-01   1.02e+00  1.71e+07        1    6.30e-02    5.44e+00
  89  4.060049e+01    1.79e-07    7.27e-02   1.41e-02   1.08e+00  5.14e+07        1    6.19e-02    5.51e+00


Bundle adjustment report
------------------------
    Residuals : 384
   Parameters : 295
   Iterations : 90
         Time : 5.50566 [s]
 Initial cost : 0.700536 [px]
   Final cost : 0.325162 [px]
  Termination : Convergence

  => Filtered observations: 0
  => Filtered images: 0

==============================================================================
Registering image #2 (3)
==============================================================================

  => Image sees 17 / 83 points

Pose refinement report
----------------------
    Residuals : 34
   Parameters : 8
   Iterations : 17
         Time : 0.00133457 [s]
 Initial cost : 0.739565 [px]
   Final cost : 0.51982 [px]
  Termination : Convergence

  => Continued observations: 17
  => Added observations: 15

Bundle adjustment report
------------------------
    Residuals : 448
   Parameters : 322
   Iterations : 13
         Time : 0.751064 [s]
 Initial cost : 3.37594 [px]
   Final cost : 0.306754 [px]
  Termination : Convergence

  => Merged observations: 0
  => Completed observations: 1
  => Filtered observations: 0
  => Changed observations: 0.004464

Bundle adjustment report
------------------------
    Residuals : 450
   Parameters : 322
   Iterations : 2
         Time : 0.0742356 [s]
 Initial cost : 0.357322 [px]
   Final cost : 0.350917 [px]
  Termination : Convergence

  => Merged observations: 0
  => Completed observations: 0
  => Filtered observations: 0
  => Changed observations: 0.000000

==============================================================================
Retriangulation
==============================================================================

  => Merged observations: 0
  => Completed observations: 0
  => Retriangulated observations: 0

==============================================================================
Global bundle adjustment
==============================================================================

iter      cost      cost_change  |gradient|   |step|    tr_ratio  tr_radius  ls_iter  iter_time  total_time
   0  5.541436e+01    0.00e+00    1.97e+00   0.00e+00   0.00e+00  1.00e+04        0    1.11e-02    1.16e-02
   1  5.539381e+01    2.06e-02    2.27e+01   1.12e+00   1.01e+00  3.00e+04        1    6.12e-02    7.28e-02
   2  5.538190e+01    1.19e-02    6.35e+01   1.33e+00   9.90e-01  9.00e+04        1    6.18e-02    1.35e-01
   3  5.536629e+01    1.56e-02    2.07e+02   2.14e+00   8.99e-01  1.83e+05        1    6.16e-02    1.96e-01
   4  5.535211e+01    1.42e-02    3.81e+02   2.88e+00   6.95e-01  1.94e+05        1    6.33e-02    2.60e-01
   5  5.533802e+01    1.41e-02    2.03e+02   2.11e+00   8.90e-01  3.69e+05        1    6.12e-02    3.21e-01
   6  5.533199e+01    6.03e-03    2.13e+02   2.17e+00   7.54e-01  4.25e+05        1    6.14e-02    3.82e-01
   7  5.532826e+01    3.74e-03    7.30e+01   1.27e+00   9.46e-01  1.27e+06        1    6.51e-02    4.47e-01
   8  5.532745e+01    8.03e-04    4.34e+01   9.83e-01   9.17e-01  3.02e+06        1    6.20e-02    5.09e-01
   9  5.532732e+01    1.36e-04    4.21e+00   3.07e-01   1.01e+00  9.07e+06        1    6.21e-02    5.71e-01
  10  5.532731e+01    2.34e-06    6.36e-01   5.15e-02   1.05e+00  2.72e+07        1    6.24e-02    6.34e-01
  11  5.532731e+01    2.49e-08    7.70e-03   5.23e-03   1.11e+00  8.17e+07        1    6.17e-02    6.96e-01


Bundle adjustment report
------------------------
    Residuals : 450
   Parameters : 322
   Iterations : 12
         Time : 0.695664 [s]
 Initial cost : 0.350917 [px]
   Final cost : 0.350642 [px]
  Termination : Convergence

  => Merged observations: 0
  => Completed observations: 0
  => Filtered observations: 0
  => Changed observations: 0.000000
  => Filtered images: 0

==============================================================================
Initializing with image pair #3 and #2
==============================================================================


==============================================================================
Global bundle adjustment
==============================================================================

iter      cost      cost_change  |gradient|   |step|    tr_ratio  tr_radius  ls_iter  iter_time  total_time
   0  1.387380e+04    0.00e+00    1.58e+04   0.00e+00   0.00e+00  1.00e+04        0    6.43e-03    6.68e-03
   1  4.990204e+04   -3.60e+04    0.00e+00   3.68e+02  -9.00e+00  5.00e+03        1    4.28e-02    4.95e-02
   2  3.818343e+04   -2.43e+04    0.00e+00   2.81e+02  -6.20e+00  1.25e+03        1    4.86e-02    9.81e-02
   3  1.486870e+04   -9.95e+02    0.00e+00   1.41e+02  -2.76e-01  1.56e+02        1    4.74e-02    1.46e-01
   4  1.163321e+04    2.24e+03    7.58e+03   3.55e+01   9.61e-01  4.69e+02        1    6.17e-02    2.07e-01
   5  1.050797e+04    1.13e+03    1.26e+04   6.49e+01   9.14e-01  1.08e+03        1    6.43e-02    2.72e-01
   6  1.037799e+04    1.30e+02    3.42e+04   1.18e+02   1.77e-01  8.50e+02        1    6.11e-02    3.33e-01
   7  9.562892e+03    8.15e+02    2.83e+04   9.01e+01   8.41e-01  1.24e+03        1    6.11e-02    3.94e-01
   8  9.506420e+03    5.65e+01    6.49e+04   1.24e+02   9.70e-02  8.17e+02        1    6.15e-02    4.56e-01
   9  8.782018e+03    7.24e+02    2.78e+04   7.45e+01   9.23e-01  2.08e+03        1    6.11e-02    5.17e-01
  10  1.020098e+04   -1.42e+03    0.00e+00   1.73e+02  -2.28e+00  1.04e+03        1    5.55e-02    5.72e-01
  11  8.559780e+03    2.22e+02    4.61e+04   8.95e+01   6.20e-01  1.05e+03        1    5.82e-02    6.30e-01
  12  8.252503e+03    3.07e+02    4.57e+04   8.27e+01   7.47e-01  1.20e+03        1    5.81e-02    6.89e-01
  13  7.998845e+03    2.54e+02    5.79e+04   8.60e+01   6.48e-01  1.23e+03        1    6.10e-02    7.50e-01
  14  7.707350e+03    2.91e+02    5.90e+04   8.01e+01   7.07e-01  1.33e+03        1    6.19e-02    8.12e-01
  15  7.446893e+03    2.60e+02    6.74e+04   7.88e+01   6.54e-01  1.37e+03        1    6.82e-02    8.80e-01
  16  7.171318e+03    2.76e+02    7.04e+04   7.40e+01   6.74e-01  1.43e+03        1    5.54e-02    9.35e-01
  17  6.909122e+03    2.62e+02    7.59e+04   7.05e+01   6.49e-01  1.46e+03        1    6.43e-02    1.00e+00
  18  6.643612e+03    2.66e+02    7.92e+04   6.61e+01   6.51e-01  1.51e+03        1    6.09e-02    1.06e+00
  19  6.384310e+03    2.59e+02    8.24e+04   6.19e+01   6.42e-01  1.54e+03        1    6.11e-02    1.12e+00
  20  6.127964e+03    2.56e+02    8.43e+04   5.76e+01   6.41e-01  1.58e+03        1    6.15e-02    1.18e+00
  21  5.877994e+03    2.50e+02    8.54e+04   5.34e+01   6.40e-01  1.61e+03        1    6.04e-02    1.24e+00
  22  5.635105e+03    2.43e+02    8.55e+04   4.94e+01   6.41e-01  1.65e+03        1    6.16e-02    1.31e+00
  23  5.401092e+03    2.34e+02    8.48e+04   4.55e+01   6.43e-01  1.69e+03        1    6.19e-02    1.37e+00
  24  5.176985e+03    2.24e+02    8.34e+04   4.19e+01   6.46e-01  1.73e+03        1    6.27e-02    1.43e+00
  25  4.963677e+03    2.13e+02    8.15e+04   3.86e+01   6.49e-01  1.78e+03        1    6.18e-02    1.49e+00
  26  4.761644e+03    2.02e+02    7.93e+04   3.55e+01   6.53e-01  1.83e+03        1    6.58e-02    1.56e+00
  27  4.571127e+03    1.91e+02    7.69e+04   3.26e+01   6.56e-01  1.89e+03        1    6.11e-02    1.62e+00
  28  4.392163e+03    1.79e+02    7.43e+04   3.00e+01   6.59e-01  1.95e+03        1    6.11e-02    1.68e+00
  29  4.224677e+03    1.67e+02    7.16e+04   2.77e+01   6.61e-01  2.02e+03        1    6.17e-02    1.74e+00
  30  4.068531e+03    1.56e+02    6.89e+04   2.55e+01   6.63e-01  2.09e+03        1    6.76e-02    1.81e+00
  31  3.923558e+03    1.45e+02    6.62e+04   2.35e+01   6.64e-01  2.17e+03        1    5.60e-02    1.87e+00
  32  3.789569e+03    1.34e+02    6.35e+04   2.17e+01   6.65e-01  2.25e+03        1    6.39e-02    1.93e+00
  33  3.666354e+03    1.23e+02    6.08e+04   2.00e+01   6.65e-01  2.33e+03        1    5.90e-02    1.99e+00
  34  3.553660e+03    1.13e+02    5.81e+04   1.84e+01   6.65e-01  2.42e+03        1    6.03e-02    2.05e+00
  35  3.451177e+03    1.02e+02    5.55e+04   1.70e+01   6.64e-01  2.51e+03        1    6.14e-02    2.11e+00
  36  3.358519e+03    9.27e+01    5.29e+04   1.56e+01   6.63e-01  2.60e+03        1    6.16e-02    2.17e+00
  37  3.275209e+03    8.33e+01    5.03e+04   1.44e+01   6.61e-01  2.69e+03        1    6.16e-02    2.23e+00
  38  3.200682e+03    7.45e+01    4.77e+04   1.33e+01   6.59e-01  2.78e+03        1    6.16e-02    2.29e+00
  39  3.134293e+03    6.64e+01    4.53e+04   1.22e+01   6.57e-01  2.87e+03        1    6.17e-02    2.36e+00
  40  3.075333e+03    5.90e+01    4.29e+04   1.13e+01   6.55e-01  2.95e+03        1    6.37e-02    2.42e+00
  41  3.023058e+03    5.23e+01    4.05e+04   1.04e+01   6.52e-01  3.04e+03        1    6.22e-02    2.48e+00
  42  2.976714e+03    4.63e+01    3.83e+04   9.58e+00   6.50e-01  3.12e+03        1    6.20e-02    2.54e+00
  43  2.935568e+03    4.11e+01    3.62e+04   8.86e+00   6.48e-01  3.20e+03        1    6.30e-02    2.61e+00
  44  2.898928e+03    3.66e+01    3.42e+04   8.20e+00   6.46e-01  3.29e+03        1    6.14e-02    2.67e+00
  45  2.866160e+03    3.28e+01    3.24e+04   7.62e+00   6.44e-01  3.37e+03        1    5.91e-02    2.73e+00
  46  2.836700e+03    2.95e+01    3.07e+04   7.09e+00   6.43e-01  3.45e+03        1    6.07e-02    2.79e+00
  47  2.810053e+03    2.66e+01    2.91e+04   6.61e+00   6.43e-01  3.53e+03        1    6.02e-02    2.85e+00
  48  2.785796e+03    2.43e+01    2.77e+04   6.19e+00   6.42e-01  3.61e+03        1    6.18e-02    2.91e+00
  49  2.763572e+03    2.22e+01    2.64e+04   5.81e+00   6.42e-01  3.70e+03        1    6.08e-02    2.97e+00
  50  2.743081e+03    2.05e+01    2.53e+04   5.47e+00   6.42e-01  3.78e+03        1    5.95e-02    3.03e+00
  51  2.724076e+03    1.90e+01    2.42e+04   5.17e+00   6.42e-01  3.87e+03        1    6.40e-02    3.10e+00
  52  2.706353e+03    1.77e+01    2.33e+04   4.89e+00   6.42e-01  3.97e+03        1    6.17e-02    3.16e+00
  53  2.689744e+03    1.66e+01    2.25e+04   4.65e+00   6.42e-01  4.06e+03        1    6.18e-02    3.22e+00
  54  2.674114e+03    1.56e+01    2.17e+04   4.42e+00   6.43e-01  4.16e+03        1    6.11e-02    3.28e+00
  55  2.659350e+03    1.48e+01    2.11e+04   4.22e+00   6.42e-01  4.25e+03        1    5.64e-02    3.34e+00
  56  2.645361e+03    1.40e+01    2.05e+04   4.03e+00   6.42e-01  4.35e+03        1    6.27e-02    3.40e+00
  57  2.632072e+03    1.33e+01    1.99e+04   3.86e+00   6.42e-01  4.46e+03        1    5.96e-02    3.46e+00
  58  2.619419e+03    1.27e+01    1.94e+04   3.71e+00   6.42e-01  4.56e+03        1    6.17e-02    3.52e+00
  59  2.607350e+03    1.21e+01    1.90e+04   3.56e+00   6.41e-01  4.66e+03        1    6.47e-02    3.59e+00
  60  2.595821e+03    1.15e+01    1.85e+04   3.43e+00   6.40e-01  4.77e+03        1    5.60e-02    3.64e+00
  61  2.584794e+03    1.10e+01    1.81e+04   3.30e+00   6.40e-01  4.88e+03        1    6.40e-02    3.71e+00
  62  2.574236e+03    1.06e+01    1.78e+04   3.18e+00   6.39e-01  4.98e+03        1    6.31e-02    3.77e+00
  63  2.564118e+03    1.01e+01    1.74e+04   3.07e+00   6.38e-01  5.09e+03        1    6.20e-02    3.83e+00
  64  2.554414e+03    9.70e+00    1.71e+04   2.97e+00   6.38e-01  5.20e+03        1    6.15e-02    3.89e+00
  65  2.545101e+03    9.31e+00    1.67e+04   2.87e+00   6.37e-01  5.31e+03        1    6.15e-02    3.95e+00
  66  2.536157e+03    8.94e+00    1.64e+04   2.77e+00   6.36e-01  5.42e+03        1    6.05e-02    4.01e+00
  67  2.527564e+03    8.59e+00    1.61e+04   2.68e+00   6.36e-01  5.53e+03        1    6.73e-02    4.08e+00
  68  2.519302e+03    8.26e+00    1.58e+04   2.60e+00   6.35e-01  5.64e+03        1    5.82e-02    4.14e+00
  69  2.511355e+03    7.95e+00    1.55e+04   2.52e+00   6.34e-01  5.75e+03        1    6.24e-02    4.20e+00
  70  2.503708e+03    7.65e+00    1.53e+04   2.44e+00   6.33e-01  5.86e+03        1    6.31e-02    4.27e+00
  71  2.496346e+03    7.36e+00    1.50e+04   2.37e+00   6.33e-01  5.98e+03        1    6.03e-02    4.33e+00
  72  2.489255e+03    7.09e+00    1.48e+04   2.30e+00   6.32e-01  6.09e+03        1    6.24e-02    4.39e+00
  73  2.482421e+03    6.83e+00    1.45e+04   2.24e+00   6.32e-01  6.20e+03        1    6.56e-02    4.45e+00
  74  2.475832e+03    6.59e+00    1.43e+04   2.18e+00   6.31e-01  6.31e+03        1    6.25e-02    4.52e+00
  75  2.469477e+03    6.36e+00    1.40e+04   2.12e+00   6.30e-01  6.43e+03        1    6.13e-02    4.58e+00
  76  2.463344e+03    6.13e+00    1.38e+04   2.06e+00   6.30e-01  6.54e+03        1    6.42e-02    4.64e+00
  77  2.457423e+03    5.92e+00    1.36e+04   2.01e+00   6.29e-01  6.66e+03        1    6.07e-02    4.70e+00
  78  2.451704e+03    5.72e+00    1.34e+04   1.96e+00   6.29e-01  6.77e+03        1    6.20e-02    4.76e+00
  79  2.446178e+03    5.53e+00    1.32e+04   1.91e+00   6.28e-01  6.89e+03        1    6.38e-02    4.83e+00
  80  2.440835e+03    5.34e+00    1.30e+04   1.86e+00   6.28e-01  7.01e+03        1    6.19e-02    4.89e+00
  81  2.435668e+03    5.17e+00    1.28e+04   1.82e+00   6.27e-01  7.12e+03        1    6.21e-02    4.95e+00
  82  2.430668e+03    5.00e+00    1.26e+04   1.78e+00   6.27e-01  7.24e+03        1    6.39e-02    5.02e+00
  83  2.425827e+03    4.84e+00    1.24e+04   1.74e+00   6.26e-01  7.36e+03        1    5.95e-02    5.08e+00
  84  2.421139e+03    4.69e+00    1.22e+04   1.71e+00   6.26e-01  7.48e+03        1    5.59e-02    5.13e+00
  85  2.416596e+03    4.54e+00    1.20e+04   1.67e+00   6.25e-01  7.60e+03        1    6.35e-02    5.20e+00
  86  2.412192e+03    4.40e+00    1.19e+04   1.64e+00   6.25e-01  7.72e+03        1    6.17e-02    5.26e+00
  87  2.407921e+03    4.27e+00    1.17e+04   1.61e+00   6.24e-01  7.84e+03        1    5.66e-02    5.31e+00
  88  2.403777e+03    4.14e+00    1.15e+04   1.58e+00   6.24e-01  7.96e+03        1    6.30e-02    5.38e+00
  89  2.399754e+03    4.02e+00    1.14e+04   1.56e+00   6.23e-01  8.08e+03        1    6.18e-02    5.44e+00
  90  2.395848e+03    3.91e+00    1.12e+04   1.53e+00   6.23e-01  8.20e+03        1    6.14e-02    5.50e+00
  91  2.392053e+03    3.80e+00    1.11e+04   1.51e+00   6.23e-01  8.32e+03        1    6.36e-02    5.56e+00
  92  2.388364e+03    3.69e+00    1.09e+04   1.49e+00   6.22e-01  8.45e+03        1    6.25e-02    5.63e+00
  93  2.384778e+03    3.59e+00    1.08e+04   1.47e+00   6.22e-01  8.57e+03        1    6.01e-02    5.69e+00
  94  2.381289e+03    3.49e+00    1.06e+04   1.45e+00   6.21e-01  8.69e+03        1    6.24e-02    5.75e+00
  95  2.377893e+03    3.40e+00    1.05e+04   1.44e+00   6.21e-01  8.82e+03        1    6.13e-02    5.81e+00
  96  2.374587e+03    3.31e+00    1.04e+04   1.43e+00   6.21e-01  8.94e+03        1    6.24e-02    5.87e+00
  97  2.371367e+03    3.22e+00    1.02e+04   1.41e+00   6.20e-01  9.07e+03        1    6.41e-02    5.94e+00
  98  2.368230e+03    3.14e+00    1.01e+04   1.40e+00   6.20e-01  9.20e+03        1    5.93e-02    6.00e+00
  99  2.365171e+03    3.06e+00    1.00e+04   1.39e+00   6.19e-01  9.32e+03        1    6.05e-02    6.06e+00
 100  2.362188e+03    2.98e+00    9.89e+03   1.39e+00   6.19e-01  9.45e+03        1    5.98e-02    6.12e+00


Bundle adjustment report
------------------------
    Residuals : 252
   Parameters : 196
   Iterations : 101
         Time : 6.11607 [s]
 Initial cost : 7.41989 [px]
   Final cost : 3.06166 [px]
  Termination : No convergence

  => Filtered observations: 16
  => Filtered images: 0

==============================================================================
Initializing with image pair #5 and #4
==============================================================================


==============================================================================
Global bundle adjustment
==============================================================================

iter      cost      cost_change  |gradient|   |step|    tr_ratio  tr_radius  ls_iter  iter_time  total_time
   0  6.198646e+03    0.00e+00    1.79e+05   0.00e+00   0.00e+00  1.00e+04        0    8.71e-03    9.17e-03
   1  7.740535e+03   -1.54e+03    0.00e+00   1.37e+02  -2.66e-01  5.00e+03        1    4.86e-02    5.78e-02
   2  6.794870e+03   -5.96e+02    0.00e+00   1.52e+02  -1.08e-01  1.25e+03        1    4.69e-02    1.05e-01
   3  3.092422e+03    3.11e+03    9.14e+05   1.00e+02   6.96e-01  1.33e+03        1    6.10e-02    1.66e-01
   4  1.047981e+03    2.04e+03    1.33e+05   6.48e+01   9.82e-01  3.99e+03        1    6.26e-02    2.28e-01
   5  5.497115e+02    4.98e+02    3.61e+04   1.53e+01   8.88e-01  7.48e+03        1    5.96e-02    2.88e-01
   6  7.517233e+02   -2.02e+02    0.00e+00   8.15e+01  -6.94e-01  3.74e+03        1    4.86e-02    3.36e-01
   7  3.744921e+02    1.75e+02    2.48e+04   4.06e+01   7.81e-01  4.55e+03        1    6.05e-02    3.97e-01
   8  2.815885e+02    9.29e+01    3.18e+04   5.71e+01   6.35e-01  4.64e+03        1    6.20e-02    4.59e-01
   9  1.921269e+02    8.95e+01    1.76e+04   4.66e+01   8.45e-01  6.91e+03        1    6.40e-02    5.23e-01
  10  1.558385e+02    3.63e+01    1.42e+04   4.29e+01   7.61e-01  8.05e+03        1    6.21e-02    5.85e-01
  11  1.350036e+02    2.08e+01    4.93e+03   2.64e+01   9.31e-01  2.25e+04        1    6.59e-02    6.51e-01
  12  1.305994e+02    4.40e+00    4.95e+03   2.14e+01   8.65e-01  3.68e+04        1    5.96e-02    7.11e-01
  13  1.297266e+02    8.73e-01    1.57e+03   8.59e+00   9.80e-01  1.10e+05        1    6.19e-02    7.73e-01
  14  1.296941e+02    3.25e-02    1.89e+03   1.13e+01   3.13e-01  1.05e+05        1    6.45e-02    8.37e-01
  15  1.295978e+02    9.64e-02    1.06e+03   9.69e+00   6.52e-01  1.08e+05        1    5.60e-02    8.93e-01
  16  1.295241e+02    7.37e-02    1.07e+03   9.79e+00   5.72e-01  1.08e+05        1    6.19e-02    9.55e-01
  17  1.294464e+02    7.77e-02    1.06e+03   9.66e+00   5.92e-01  1.09e+05        1    6.18e-02    1.02e+00
  18  1.293704e+02    7.59e-02    1.05e+03   9.57e+00   5.91e-01  1.09e+05        1    6.28e-02    1.08e+00
  19  1.292956e+02    7.48e-02    1.04e+03   9.48e+00   5.93e-01  1.10e+05        1    6.24e-02    1.14e+00
  20  1.292221e+02    7.36e-02    1.03e+03   9.39e+00   5.95e-01  1.11e+05        1    6.25e-02    1.20e+00
  21  1.291498e+02    7.23e-02    1.02e+03   9.29e+00   5.96e-01  1.12e+05        1    6.22e-02    1.27e+00
  22  1.290788e+02    7.10e-02    1.01e+03   9.19e+00   5.98e-01  1.13e+05        1    6.22e-02    1.33e+00
  23  1.290092e+02    6.96e-02    1.00e+03   9.10e+00   5.99e-01  1.13e+05        1    6.18e-02    1.39e+00
  24  1.289410e+02    6.82e-02    9.91e+02   9.00e+00   6.01e-01  1.14e+05        1    6.26e-02    1.45e+00
  25  1.288742e+02    6.68e-02    9.80e+02   8.90e+00   6.02e-01  1.15e+05        1    6.15e-02    1.52e+00
  26  1.288089e+02    6.53e-02    9.68e+02   8.80e+00   6.04e-01  1.16e+05        1    6.39e-02    1.58e+00
  27  1.287450e+02    6.39e-02    9.55e+02   8.70e+00   6.06e-01  1.18e+05        1    6.37e-02    1.64e+00
  28  1.286827e+02    6.23e-02    9.42e+02   8.60e+00   6.07e-01  1.19e+05        1    5.60e-02    1.70e+00
  29  1.286219e+02    6.08e-02    9.29e+02   8.49e+00   6.09e-01  1.20e+05        1    6.42e-02    1.76e+00
  30  1.285627e+02    5.92e-02    9.15e+02   8.39e+00   6.11e-01  1.21e+05        1    6.18e-02    1.82e+00
  31  1.285050e+02    5.76e-02    9.00e+02   8.28e+00   6.13e-01  1.23e+05        1    6.59e-02    1.89e+00
  32  1.284491e+02    5.60e-02    8.85e+02   8.17e+00   6.14e-01  1.24e+05        1    5.81e-02    1.95e+00
  33  1.283947e+02    5.43e-02    8.70e+02   8.07e+00   6.16e-01  1.26e+05        1    6.25e-02    2.01e+00
  34  1.283421e+02    5.27e-02    8.54e+02   7.96e+00   6.18e-01  1.27e+05        1    6.23e-02    2.07e+00
  35  1.282911e+02    5.10e-02    8.38e+02   7.85e+00   6.20e-01  1.29e+05        1    7.17e-02    2.15e+00
  36  1.282419e+02    4.93e-02    8.21e+02   7.73e+00   6.22e-01  1.31e+05        1    5.44e-02    2.20e+00
  37  1.281943e+02    4.75e-02    8.04e+02   7.62e+00   6.24e-01  1.33e+05        1    5.88e-02    2.26e+00
  38  1.281485e+02    4.58e-02    7.86e+02   7.50e+00   6.26e-01  1.35e+05        1    6.20e-02    2.32e+00
  39  1.281045e+02    4.40e-02    7.68e+02   7.39e+00   6.28e-01  1.38e+05        1    6.20e-02    2.38e+00
  40  1.280622e+02    4.23e-02    7.50e+02   7.27e+00   6.30e-01  1.40e+05        1    6.03e-02    2.44e+00
  41  1.280217e+02    4.05e-02    7.31e+02   7.15e+00   6.32e-01  1.43e+05        1    6.19e-02    2.50e+00
  42  1.279829e+02    3.88e-02    7.12e+02   7.03e+00   6.34e-01  1.45e+05        1    6.15e-02    2.57e+00
  43  1.279459e+02    3.70e-02    6.92e+02   6.91e+00   6.36e-01  1.48e+05        1    6.31e-02    2.63e+00
  44  1.279107e+02    3.52e-02    6.72e+02   6.78e+00   6.38e-01  1.52e+05        1    6.14e-02    2.69e+00
  45  1.278772e+02    3.35e-02    6.52e+02   6.66e+00   6.41e-01  1.55e+05        1    5.79e-02    2.75e+00
  46  1.278454e+02    3.18e-02    6.32e+02   6.53e+00   6.43e-01  1.59e+05        1    5.99e-02    2.81e+00
  47  1.278154e+02    3.00e-02    6.11e+02   6.40e+00   6.45e-01  1.63e+05        1    6.21e-02    2.87e+00
  48  1.277871e+02    2.83e-02    5.90e+02   6.27e+00   6.48e-01  1.67e+05        1    6.21e-02    2.93e+00
  49  1.277604e+02    2.66e-02    5.69e+02   6.13e+00   6.51e-01  1.72e+05        1    6.17e-02    2.99e+00
  50  1.277354e+02    2.50e-02    5.47e+02   6.00e+00   6.53e-01  1.77e+05        1    5.97e-02    3.05e+00
  51  1.277121e+02    2.33e-02    5.26e+02   5.86e+00   6.56e-01  1.82e+05        1    6.23e-02    3.12e+00
  52  1.276904e+02    2.17e-02    5.04e+02   5.72e+00   6.59e-01  1.88e+05        1    6.57e-02    3.18e+00
  53  1.276702e+02    2.02e-02    4.82e+02   5.58e+00   6.62e-01  1.95e+05        1    6.18e-02    3.24e+00
  54  1.276516e+02    1.86e-02    4.59e+02   5.43e+00   6.65e-01  2.02e+05        1    6.19e-02    3.31e+00
  55  1.276344e+02    1.71e-02    4.37e+02   5.28e+00   6.68e-01  2.10e+05        1    6.01e-02    3.37e+00
  56  1.276188e+02    1.57e-02    4.15e+02   5.13e+00   6.71e-01  2.19e+05        1    6.45e-02    3.43e+00
  57  1.276045e+02    1.43e-02    3.92e+02   4.98e+00   6.75e-01  2.29e+05        1    6.19e-02    3.49e+00
  58  1.275915e+02    1.29e-02    3.70e+02   4.82e+00   6.78e-01  2.40e+05        1    6.55e-02    3.56e+00
  59  1.275799e+02    1.16e-02    3.47e+02   4.66e+00   6.82e-01  2.52e+05        1    6.12e-02    3.62e+00
  60  1.275695e+02    1.04e-02    3.25e+02   4.50e+00   6.86e-01  2.66e+05        1    6.30e-02    3.68e+00
  61  1.275603e+02    9.22e-03    3.02e+02   4.33e+00   6.91e-01  2.81e+05        1    6.47e-02    3.75e+00
  62  1.275522e+02    8.11e-03    2.80e+02   4.16e+00   6.95e-01  2.99e+05        1    5.84e-02    3.81e+00
  63  1.275451e+02    7.06e-03    2.58e+02   3.98e+00   7.00e-01  3.20e+05        1    6.09e-02    3.87e+00
  64  1.275390e+02    6.08e-03    2.36e+02   3.80e+00   7.06e-01  3.44e+05        1    6.66e-02    3.93e+00
  65  1.275338e+02    5.17e-03    2.14e+02   3.61e+00   7.12e-01  3.72e+05        1    6.19e-02    4.00e+00
  66  1.275295e+02    4.33e-03    1.92e+02   3.42e+00   7.18e-01  4.05e+05        1    6.30e-02    4.06e+00
  67  1.275259e+02    3.57e-03    1.71e+02   3.22e+00   7.25e-01  4.46e+05        1    5.85e-02    4.12e+00
  68  1.275231e+02    2.88e-03    1.50e+02   3.01e+00   7.32e-01  4.96e+05        1    6.06e-02    4.18e+00
  69  1.275208e+02    2.27e-03    1.30e+02   2.79e+00   7.41e-01  5.58e+05        1    5.78e-02    4.24e+00
  70  1.275190e+02    1.74e-03    1.10e+02   2.57e+00   7.51e-01  6.39e+05        1    6.20e-02    4.30e+00
  71  1.275178e+02    1.28e-03    9.10e+01   2.33e+00   7.62e-01  7.47e+05        1    6.40e-02    4.36e+00
  72  1.275169e+02    8.99e-04    7.27e+01   2.08e+00   7.75e-01  8.96e+05        1    6.17e-02    4.42e+00
  73  1.275163e+02    5.91e-04    5.55e+01   1.81e+00   7.90e-01  1.11e+06        1    6.17e-02    4.48e+00
  74  1.275159e+02    3.55e-04    3.96e+01   1.53e+00   8.09e-01  1.46e+06        1    6.05e-02    4.55e+00
  75  1.275157e+02    1.86e-04    2.55e+01   1.22e+00   8.30e-01  2.05e+06        1    6.10e-02    4.61e+00
  76  1.275156e+02    7.88e-05    1.37e+01   8.95e-01   8.55e-01  3.19e+06        1    6.26e-02    4.67e+00
  77  1.275156e+02    2.28e-05    5.27e+00   5.51e-01   8.80e-01  5.71e+06        1    6.32e-02    4.73e+00
  78  1.275156e+02    3.16e-06    9.94e-01   2.34e-01   9.00e-01  1.17e+07        1    6.27e-02    4.79e+00
  79  1.275156e+02    1.08e-07    1.20e-01   4.09e-02   9.58e-01  3.50e+07        1    6.03e-02    4.86e+00
  80  1.275156e+02    8.16e-10    5.14e-04   5.08e-05   1.01e+00  1.05e+08        1    5.76e-02    4.91e+00


Bundle adjustment report
------------------------
    Residuals : 476
   Parameters : 364
   Iterations : 81
         Time : 4.91298 [s]
 Initial cost : 3.60865 [px]
   Final cost : 0.517581 [px]
  Termination : Convergence

  => Filtered observations: 0
  => Filtered images: 0

==============================================================================
Initializing with image pair #5 and #3
==============================================================================


==============================================================================
Global bundle adjustment
==============================================================================

iter      cost      cost_change  |gradient|   |step|    tr_ratio  tr_radius  ls_iter  iter_time  total_time
   0  7.276036e+03    0.00e+00    2.36e+03   0.00e+00   0.00e+00  1.00e+04        0    6.53e-03    6.71e-03
   1  2.348619e+05   -2.28e+05    0.00e+00   8.23e+01  -3.71e+01  5.00e+03        1    4.81e-02    5.48e-02
   2  5.781807e+08   -5.78e+08    0.00e+00   6.86e+01  -1.00e+05  1.25e+03        1    4.82e-02    1.03e-01
   3  2.796157e+03    4.48e+03    1.87e+04   5.88e+01   8.40e-01  1.83e+03        1    6.15e-02    1.65e-01
   4  2.462394e+03    3.34e+02    2.30e+04   5.82e+01   3.05e-01  1.72e+03        1    5.84e-02    2.23e-01
   5  6.697928e+04   -6.45e+04    0.00e+00   8.50e+01  -3.99e+01  8.62e+02        1    4.85e-02    2.72e-01
   6  1.493840e+04   -1.25e+04    0.00e+00   5.70e+01  -8.56e+00  2.15e+02        1    4.88e-02    3.20e-01
   7  1.538186e+03    9.24e+02    1.70e+04   2.20e+01   8.50e-01  3.28e+02        1    6.24e-02    3.83e-01
   8  2.745366e+03   -1.21e+03    0.00e+00   2.02e+01  -1.62e+00  1.64e+02        1    4.92e-02    4.32e-01
   9  1.169649e+03    3.69e+02    2.45e+04   1.37e+01   6.13e-01  1.66e+02        1    6.17e-02    4.94e-01
  10  5.879983e+02    5.82e+02    9.99e+03   2.47e+00   9.45e-01  4.98e+02        1    6.13e-02    5.55e-01
  11  4.299261e+02    1.58e+02    9.00e+02   5.73e+00   9.24e-01  1.28e+03        1    6.14e-02    6.17e-01
  12  4.109223e+02    1.90e+01    2.57e+03   1.16e+01   1.68e-01  9.90e+02        1    6.00e-02    6.77e-01
  13  3.074523e+02    1.03e+02    7.17e+02   6.37e+00   8.09e-01  1.30e+03        1    5.80e-02    7.35e-01
  14  2.735711e+02    3.39e+01    7.47e+02   8.82e+00   5.89e-01  1.30e+03        1    6.41e-02    7.99e-01
  15  2.352601e+02    3.83e+01    4.38e+02   9.00e+00   8.44e-01  1.93e+03        1    6.26e-02    8.61e-01
  16  2.130739e+02    2.22e+01    4.79e+02   1.35e+01   7.08e-01  2.08e+03        1    6.29e-02    9.24e-01
  17  1.918133e+02    2.13e+01    2.37e+02   1.48e+01   8.57e-01  3.27e+03        1    6.27e-02    9.87e-01
  18  1.765748e+02    1.52e+01    2.36e+02   2.27e+01   7.51e-01  3.73e+03        1    6.31e-02    1.05e+00
  19  1.636037e+02    1.30e+01    3.37e+02   2.55e+01   8.30e-01  5.24e+03        1    6.32e-02    1.11e+00
  20  1.531902e+02    1.04e+01    5.92e+02   3.48e+01   7.82e-01  6.39e+03        1    6.15e-02    1.17e+00
  21  1.442136e+02    8.98e+00    8.24e+02   4.12e+01   7.83e-01  7.82e+03        1    6.19e-02    1.24e+00
  22  1.364445e+02    7.77e+00    1.09e+03   4.90e+01   7.53e-01  8.98e+03        1    6.25e-02    1.30e+00
  23  1.295041e+02    6.94e+00    1.27e+03   5.51e+01   7.38e-01  1.01e+04        1    6.53e-02    1.36e+00
  24  1.232912e+02    6.21e+00    1.39e+03   6.07e+01   7.24e-01  1.11e+04        1    5.65e-02    1.42e+00
  25  1.177167e+02    5.57e+00    1.47e+03   6.59e+01   7.14e-01  1.20e+04        1    6.16e-02    1.48e+00
  26  1.127165e+02    5.00e+00    1.51e+03   7.10e+01   7.06e-01  1.29e+04        1    6.11e-02    1.54e+00
  27  1.082286e+02    4.49e+00    1.53e+03   7.61e+01   7.00e-01  1.38e+04        1    6.09e-02    1.60e+00
  28  1.041958e+02    4.03e+00    1.53e+03   8.14e+01   6.94e-01  1.47e+04        1    6.11e-02    1.67e+00
  29  1.005654e+02    3.63e+00    1.52e+03   8.68e+01   6.90e-01  1.55e+04        1    6.13e-02    1.73e+00
  30  9.729006e+01    3.28e+00    1.51e+03   9.23e+01   6.85e-01  1.63e+04        1    6.12e-02    1.79e+00
  31  9.432778e+01    2.96e+00    1.50e+03   9.80e+01   6.81e-01  1.72e+04        1    6.06e-02    1.85e+00
  32  9.164166e+01    2.69e+00    1.48e+03   1.04e+02   6.77e-01  1.80e+04        1    6.15e-02    1.91e+00
  33  8.919950e+01    2.44e+00    1.46e+03   1.10e+02   6.74e-01  1.87e+04        1    6.17e-02    1.97e+00
  34  8.697332e+01    2.23e+00    1.44e+03   1.16e+02   6.70e-01  1.95e+04        1    6.10e-02    2.03e+00
  35  8.493880e+01    2.03e+00    1.43e+03   1.23e+02   6.67e-01  2.03e+04        1    6.20e-02    2.10e+00
  36  8.307479e+01    1.86e+00    1.41e+03   1.29e+02   6.64e-01  2.10e+04        1    6.75e-02    2.16e+00
  37  8.136287e+01    1.71e+00    1.39e+03   1.36e+02   6.60e-01  2.17e+04        1    5.45e-02    2.22e+00
  38  7.978695e+01    1.58e+00    1.37e+03   1.43e+02   6.57e-01  2.24e+04        1    6.05e-02    2.28e+00
  39  7.833294e+01    1.45e+00    1.36e+03   1.50e+02   6.54e-01  2.31e+04        1    6.12e-02    2.34e+00
  40  7.698850e+01    1.34e+00    1.34e+03   1.57e+02   6.51e-01  2.38e+04        1    6.18e-02    2.40e+00
  41  7.574274e+01    1.25e+00    1.33e+03   1.64e+02   6.48e-01  2.44e+04        1    6.14e-02    2.46e+00
  42  7.458606e+01    1.16e+00    1.31e+03   1.71e+02   6.45e-01  2.50e+04        1    6.19e-02    2.52e+00
  43  7.350996e+01    1.08e+00    1.30e+03   1.78e+02   6.42e-01  2.56e+04        1    6.23e-02    2.59e+00
  44  7.250688e+01    1.00e+00    1.29e+03   1.85e+02   6.39e-01  2.61e+04        1    5.99e-02    2.65e+00
  45  7.157010e+01    9.37e-01    1.28e+03   1.92e+02   6.36e-01  2.67e+04        1    6.40e-02    2.71e+00
  46  7.069365e+01    8.76e-01    1.27e+03   2.00e+02   6.33e-01  2.72e+04        1    6.13e-02    2.77e+00
  47  6.987214e+01    8.22e-01    1.26e+03   2.07e+02   6.30e-01  2.76e+04        1    5.95e-02    2.83e+00
  48  6.910077e+01    7.71e-01    1.25e+03   2.14e+02   6.27e-01  2.81e+04        1    6.52e-02    2.90e+00
  49  6.837521e+01    7.26e-01    1.24e+03   2.21e+02   6.24e-01  2.85e+04        1    6.11e-02    2.96e+00
  50  6.769159e+01    6.84e-01    1.23e+03   2.28e+02   6.21e-01  2.89e+04        1    6.17e-02    3.02e+00
  51  6.704637e+01    6.45e-01    1.23e+03   2.35e+02   6.18e-01  2.93e+04        1    6.13e-02    3.08e+00
  52  6.643638e+01    6.10e-01    1.22e+03   2.41e+02   6.15e-01  2.97e+04        1    6.12e-02    3.14e+00
  53  6.585874e+01    5.78e-01    1.22e+03   2.48e+02   6.12e-01  3.00e+04        1    6.11e-02    3.20e+00
  54  6.531083e+01    5.48e-01    1.21e+03   2.55e+02   6.09e-01  3.03e+04        1    6.10e-02    3.26e+00
  55  6.479027e+01    5.21e-01    1.21e+03   2.61e+02   6.07e-01  3.06e+04        1    5.93e-02    3.32e+00
  56  6.429488e+01    4.95e-01    1.21e+03   2.68e+02   6.04e-01  3.09e+04        1    5.94e-02    3.38e+00
  57  6.382268e+01    4.72e-01    1.20e+03   2.74e+02   6.01e-01  3.12e+04        1    6.08e-02    3.44e+00
  58  6.337186e+01    4.51e-01    1.20e+03   2.80e+02   5.98e-01  3.14e+04        1    6.17e-02    3.51e+00
  59  6.294073e+01    4.31e-01    1.20e+03   2.86e+02   5.96e-01  3.16e+04        1    6.44e-02    3.57e+00
  60  6.252778e+01    4.13e-01    1.20e+03   2.92e+02   5.93e-01  3.18e+04        1    6.12e-02    3.63e+00
  61  6.213159e+01    3.96e-01    1.21e+03   2.98e+02   5.90e-01  3.20e+04        1    6.17e-02    3.69e+00
  62  6.175086e+01    3.81e-01    1.21e+03   3.04e+02   5.88e-01  3.22e+04        1    6.40e-02    3.76e+00
  63  6.138437e+01    3.66e-01    1.21e+03   3.10e+02   5.85e-01  3.24e+04        1    6.06e-02    3.82e+00
  64  6.103100e+01    3.53e-01    1.21e+03   3.15e+02   5.82e-01  3.25e+04        1    5.86e-02    3.88e+00
  65  6.068973e+01    3.41e-01    1.22e+03   3.20e+02   5.80e-01  3.26e+04        1    5.94e-02    3.94e+00
  66  6.035866e+01    3.31e-01    1.22e+03   3.17e+02   5.79e-01  3.28e+04        1    6.11e-02    4.00e+00
  67  6.003770e+01    3.21e-01    1.23e+03   3.02e+02   5.80e-01  3.29e+04        1    5.90e-02    4.06e+00
  68  5.972775e+01    3.10e-01    1.24e+03   2.88e+02   5.79e-01  3.30e+04        1    6.10e-02    4.12e+00
  69  5.942751e+01    3.00e-01    1.25e+03   2.75e+02   5.77e-01  3.32e+04        1    6.29e-02    4.18e+00
  70  5.913596e+01    2.92e-01    1.26e+03   2.62e+02   5.75e-01  3.33e+04        1    6.10e-02    4.24e+00
  71  5.885220e+01    2.84e-01    1.27e+03   2.50e+02   5.74e-01  3.34e+04        1    6.12e-02    4.30e+00
  72  5.857540e+01    2.77e-01    1.28e+03   2.38e+02   5.72e-01  3.35e+04        1    5.97e-02    4.36e+00
  73  5.830484e+01    2.71e-01    1.29e+03   2.23e+02   5.70e-01  3.36e+04        1    6.10e-02    4.42e+00
  74  5.803990e+01    2.65e-01    1.31e+03   2.10e+02   5.68e-01  3.37e+04        1    6.18e-02    4.48e+00
  75  5.777986e+01    2.60e-01    1.33e+03   1.98e+02   5.66e-01  3.37e+04        1    6.23e-02    4.55e+00
  76  5.752404e+01    2.56e-01    1.34e+03   1.87e+02   5.63e-01  3.38e+04        1    6.52e-02    4.61e+00
  77  5.727182e+01    2.52e-01    1.36e+03   1.77e+02   5.61e-01  3.39e+04        1    6.19e-02    4.67e+00
  78  5.702260e+01    2.49e-01    1.38e+03   1.68e+02   5.59e-01  3.39e+04        1    5.72e-02    4.73e+00
  79  5.677579e+01    2.47e-01    1.41e+03   1.59e+02   5.57e-01  3.40e+04        1    6.95e-02    4.80e+00
  80  5.653083e+01    2.45e-01    1.43e+03   1.51e+02   5.55e-01  3.40e+04        1    5.60e-02    4.86e+00
  81  5.628714e+01    2.44e-01    1.46e+03   1.43e+02   5.53e-01  3.41e+04        1    6.07e-02    4.92e+00
  82  5.604417e+01    2.43e-01    1.48e+03   1.36e+02   5.51e-01  3.41e+04        1    6.10e-02    4.98e+00
  83  5.580135e+01    2.43e-01    1.51e+03   1.29e+02   5.48e-01  3.41e+04        1    6.14e-02    5.04e+00
  84  5.555809e+01    2.43e-01    1.55e+03   1.22e+02   5.46e-01  3.41e+04        1    6.76e-02    5.11e+00
  85  5.531379e+01    2.44e-01    1.58e+03   1.16e+02   5.44e-01  3.42e+04        1    5.55e-02    5.16e+00
  86  5.506783e+01    2.46e-01    1.62e+03   1.11e+02   5.42e-01  3.42e+04        1    6.17e-02    5.22e+00
  87  5.481956e+01    2.48e-01    1.66e+03   1.06e+02   5.40e-01  3.42e+04        1    5.82e-02    5.28e+00
  88  5.456828e+01    2.51e-01    1.70e+03   1.01e+02   5.37e-01  3.42e+04        1    5.78e-02    5.34e+00
  89  5.431326e+01    2.55e-01    1.75e+03   9.66e+01   5.35e-01  3.42e+04        1    6.43e-02    5.41e+00
  90  5.405371e+01    2.60e-01    1.80e+03   9.28e+01   5.32e-01  3.42e+04        1    6.15e-02    5.47e+00
  91  5.378876e+01    2.65e-01    1.85e+03   8.96e+01   5.29e-01  3.42e+04        1    7.05e-02    5.54e+00
  92  5.351747e+01    2.71e-01    1.91e+03   8.69e+01   5.27e-01  3.43e+04        1    5.33e-02    5.59e+00
  93  5.323881e+01    2.79e-01    1.97e+03   8.50e+01   5.23e-01  3.43e+04        1    6.12e-02    5.65e+00
  94  5.295161e+01    2.87e-01    2.03e+03   8.39e+01   5.20e-01  3.43e+04        1    5.99e-02    5.71e+00
  95  5.265459e+01    2.97e-01    2.11e+03   8.37e+01   5.16e-01  3.43e+04        1    5.94e-02    5.77e+00
  96  5.234628e+01    3.08e-01    2.18e+03   8.44e+01   5.12e-01  3.43e+04        1    6.15e-02    5.83e+00
  97  5.202503e+01    3.21e-01    2.27e+03   8.61e+01   5.08e-01  3.43e+04        1    5.83e-02    5.89e+00
  98  5.168891e+01    3.36e-01    2.36e+03   8.89e+01   5.03e-01  3.43e+04        1    6.14e-02    5.95e+00
  99  5.133574e+01    3.53e-01    2.46e+03   9.28e+01   4.97e-01  3.43e+04        1    6.33e-02    6.02e+00
 100  5.096295e+01    3.73e-01    2.56e+03   9.79e+01   4.90e-01  3.43e+04        1    6.18e-02    6.08e+00


Bundle adjustment report
------------------------
    Residuals : 64
   Parameters : 55
   Iterations : 101
         Time : 6.07779 [s]
 Initial cost : 10.6625 [px]
   Final cost : 0.892354 [px]
  Termination : No convergence

  => Filtered observations: 1
  => Filtered images: 0

==============================================================================
Initializing with image pair #6 and #2
==============================================================================


==============================================================================
Global bundle adjustment
==============================================================================

iter      cost      cost_change  |gradient|   |step|    tr_ratio  tr_radius  ls_iter  iter_time  total_time
   0  2.231905e+03    0.00e+00    1.60e+04   0.00e+00   0.00e+00  1.00e+04        0    6.24e-03    6.40e-03
   1  6.586809e+04   -6.36e+04    0.00e+00   4.50e+02  -3.52e+01  5.00e+03        1    4.83e-02    5.47e-02
   2  4.348791e+04   -4.13e+04    0.00e+00   4.12e+02  -2.34e+01  1.25e+03        1    4.85e-02    1.03e-01
   3  8.314480e+03   -6.08e+03    0.00e+00   2.56e+02  -4.21e+00  1.56e+02        1    4.86e-02    1.52e-01
   4  1.619811e+03    6.12e+02    3.96e+03   5.45e+01   9.69e-01  4.69e+02        1    6.12e-02    2.13e-01
   5  1.470639e+03    1.49e+02    2.67e+04   1.31e+02   2.53e-01  4.18e+02        1    6.14e-02    2.74e-01
   6  7.672099e+02    7.03e+02    1.19e+04   9.69e+01   8.97e-01  8.36e+02        1    6.14e-02    3.36e-01
   7  5.535172e+02    2.14e+02    2.01e+04   1.25e+02   5.37e-01  8.37e+02        1    6.22e-02    3.98e-01
   8  2.515670e+02    3.02e+02    6.90e+03   7.78e+01   9.40e-01  2.51e+03        1    6.10e-02    4.59e-01
   9  1.709443e+02    8.06e+01    8.61e+03   8.23e+01   7.79e-01  3.04e+03        1    6.29e-02    5.22e-01
  10  1.277085e+02    4.32e+01    9.93e+02   3.05e+01   1.00e+00  9.12e+03        1    6.18e-02    5.84e-01
  11  1.161183e+02    1.16e+01    7.27e+03   1.50e+01   9.58e-01  2.73e+04        1    6.13e-02    6.45e-01
  12  1.154369e+02    6.81e-01    2.46e+04   1.30e+01   1.34e-01  1.96e+04        1    6.37e-02    7.09e-01
  13  1.105777e+02    4.86e+00    5.75e+03   8.44e+00   9.42e-01  5.89e+04        1    6.19e-02    7.71e-01
  14  1.248574e+02   -1.43e+01    0.00e+00   2.86e+01  -7.62e+00  2.95e+04        1    4.86e-02    8.19e-01
  15  1.104716e+02    1.06e-01    6.39e+03   1.39e+01   9.62e-02  1.93e+04        1    6.16e-02    8.81e-01
  16  1.091696e+02    1.30e+00    1.93e+03   9.38e+00   8.67e-01  3.19e+04        1    5.97e-02    9.41e-01
  17  1.097261e+02   -5.57e-01    0.00e+00   1.57e+01  -5.35e-01  1.60e+04        1    5.06e-02    9.91e-01
  18  1.086495e+02    5.20e-01    1.08e+03   7.87e+00   8.37e-01  2.30e+04        1    6.12e-02    1.05e+00
  19  1.083895e+02    2.60e-01    2.00e+03   1.14e+01   3.66e-01  2.26e+04        1    6.14e-02    1.11e+00
  20  1.077664e+02    6.23e-01    1.77e+03   1.11e+01   5.92e-01  2.27e+04        1    6.15e-02    1.18e+00
  21  1.071745e+02    5.92e-01    1.69e+03   1.11e+01   5.70e-01  2.28e+04        1    5.92e-02    1.23e+00
  22  1.065684e+02    6.06e-01    1.63e+03   1.10e+01   5.71e-01  2.29e+04        1    6.14e-02    1.30e+00
  23  1.059560e+02    6.12e-01    1.57e+03   1.09e+01   5.70e-01  2.29e+04        1    6.15e-02    1.36e+00
  24  1.053376e+02    6.18e-01    1.52e+03   1.08e+01   5.69e-01  2.30e+04        1    6.16e-02    1.42e+00
  25  1.047139e+02    6.24e-01    1.47e+03   1.07e+01   5.68e-01  2.30e+04        1    6.05e-02    1.48e+00
  26  1.040853e+02    6.29e-01    1.42e+03   1.06e+01   5.68e-01  2.31e+04        1    6.22e-02    1.54e+00
  27  1.034522e+02    6.33e-01    1.38e+03   1.06e+01   5.67e-01  2.32e+04        1    6.14e-02    1.60e+00
  28  1.028149e+02    6.37e-01    1.33e+03   1.05e+01   5.67e-01  2.32e+04        1    6.17e-02    1.67e+00
  29  1.021737e+02    6.41e-01    1.28e+03   1.04e+01   5.67e-01  2.33e+04        1    6.12e-02    1.73e+00
  30  1.015290e+02    6.45e-01    1.24e+03   1.02e+01   5.67e-01  2.33e+04        1    6.10e-02    1.79e+00
  31  1.008810e+02    6.48e-01    1.19e+03   1.01e+01   5.68e-01  2.34e+04        1    5.99e-02    1.85e+00
  32  1.002301e+02    6.51e-01    1.15e+03   1.00e+01   5.68e-01  2.34e+04        1    5.86e-02    1.91e+00
  33  9.957663e+01    6.53e-01    1.10e+03   9.93e+00   5.68e-01  2.35e+04        1    5.85e-02    1.96e+00
  34  9.892087e+01    6.56e-01    1.06e+03   9.82e+00   5.69e-01  2.36e+04        1    6.06e-02    2.03e+00
  35  9.826316e+01    6.58e-01    1.01e+03   9.71e+00   5.70e-01  2.36e+04        1    5.97e-02    2.08e+00
  36  9.760383e+01    6.59e-01    9.71e+02   9.60e+00   5.71e-01  2.37e+04        1    6.09e-02    2.15e+00
  37  9.694322e+01    6.61e-01    9.30e+02   9.49e+00   5.71e-01  2.38e+04        1    6.15e-02    2.21e+00
  38  9.628165e+01    6.62e-01    8.89e+02   9.37e+00   5.72e-01  2.38e+04        1    6.10e-02    2.27e+00
  39  9.561946e+01    6.62e-01    8.50e+02   9.26e+00   5.74e-01  2.39e+04        1    6.55e-02    2.33e+00
  40  9.495696e+01    6.62e-01    8.11e+02   9.14e+00   5.75e-01  2.40e+04        1    6.09e-02    2.39e+00
  41  9.429447e+01    6.62e-01    7.74e+02   9.03e+00   5.76e-01  2.41e+04        1    6.14e-02    2.46e+00
  42  9.363233e+01    6.62e-01    7.37e+02   8.91e+00   5.77e-01  2.42e+04        1    6.14e-02    2.52e+00
  43  9.297082e+01    6.62e-01    7.02e+02   8.80e+00   5.79e-01  2.43e+04        1    6.15e-02    2.58e+00
  44  9.231026e+01    6.61e-01    6.68e+02   8.68e+00   5.80e-01  2.44e+04        1    6.16e-02    2.64e+00
  45  9.165094e+01    6.59e-01    6.35e+02   8.57e+00   5.81e-01  2.45e+04        1    5.98e-02    2.70e+00
  46  9.099314e+01    6.58e-01    6.29e+02   8.46e+00   5.83e-01  2.46e+04        1    6.10e-02    2.76e+00
  47  9.033715e+01    6.56e-01    6.37e+02   8.34e+00   5.84e-01  2.47e+04        1    6.15e-02    2.82e+00
  48  8.968323e+01    6.54e-01    6.46e+02   8.23e+00   5.86e-01  2.48e+04        1    6.54e-02    2.89e+00
  49  8.903163e+01    6.52e-01    6.54e+02   8.12e+00   5.87e-01  2.50e+04        1    6.12e-02    2.95e+00
  50  8.838261e+01    6.49e-01    6.62e+02   8.01e+00   5.89e-01  2.51e+04        1    6.06e-02    3.01e+00
  51  8.773640e+01    6.46e-01    6.70e+02   7.90e+00   5.90e-01  2.52e+04        1    6.02e-02    3.07e+00
  52  8.709323e+01    6.43e-01    6.78e+02   7.79e+00   5.92e-01  2.54e+04        1    6.11e-02    3.13e+00
  53  8.645331e+01    6.40e-01    6.86e+02   7.68e+00   5.93e-01  2.56e+04        1    6.19e-02    3.19e+00
  54  8.581685e+01    6.36e-01    6.94e+02   7.57e+00   5.94e-01  2.57e+04        1    6.07e-02    3.25e+00
  55  8.518406e+01    6.33e-01    7.01e+02   7.47e+00   5.96e-01  2.59e+04        1    6.18e-02    3.32e+00
  56  8.455511e+01    6.29e-01    7.09e+02   7.36e+00   5.97e-01  2.61e+04        1    6.13e-02    3.38e+00
  57  8.393019e+01    6.25e-01    7.16e+02   7.26e+00   5.99e-01  2.63e+04        1    6.34e-02    3.44e+00
  58  8.330947e+01    6.21e-01    7.23e+02   7.16e+00   6.00e-01  2.65e+04        1    6.15e-02    3.50e+00
  59  8.269312e+01    6.16e-01    7.30e+02   7.06e+00   6.01e-01  2.67e+04        1    5.99e-02    3.56e+00
  60  8.208129e+01    6.12e-01    7.37e+02   6.96e+00   6.03e-01  2.70e+04        1    6.15e-02    3.62e+00
  61  8.147414e+01    6.07e-01    7.44e+02   6.86e+00   6.04e-01  2.72e+04        1    6.15e-02    3.69e+00
  62  8.087180e+01    6.02e-01    7.51e+02   6.76e+00   6.05e-01  2.75e+04        1    5.93e-02    3.74e+00
  63  8.027442e+01    5.97e-01    7.58e+02   6.67e+00   6.06e-01  2.77e+04        1    6.55e-02    3.81e+00
  64  7.968212e+01    5.92e-01    7.64e+02   6.57e+00   6.07e-01  2.80e+04        1    6.32e-02    3.87e+00
  65  7.909504e+01    5.87e-01    7.71e+02   6.48e+00   6.08e-01  2.83e+04        1    5.59e-02    3.93e+00
  66  7.851330e+01    5.82e-01    7.77e+02   6.38e+00   6.09e-01  2.86e+04        1    5.96e-02    3.99e+00
  67  7.793701e+01    5.76e-01    7.83e+02   6.29e+00   6.11e-01  2.89e+04        1    6.02e-02    4.05e+00
  68  7.736627e+01    5.71e-01    7.90e+02   6.20e+00   6.12e-01  2.92e+04        1    6.17e-02    4.11e+00
  69  7.680121e+01    5.65e-01    7.95e+02   6.11e+00   6.13e-01  2.96e+04        1    6.13e-02    4.17e+00
  70  7.624191e+01    5.59e-01    8.01e+02   6.03e+00   6.14e-01  2.99e+04        1    6.22e-02    4.23e+00
  71  7.568847e+01    5.53e-01    8.07e+02   5.94e+00   6.14e-01  3.03e+04        1    6.05e-02    4.29e+00
  72  7.514099e+01    5.47e-01    8.12e+02   5.85e+00   6.15e-01  3.07e+04        1    6.19e-02    4.36e+00
  73  7.459955e+01    5.41e-01    8.17e+02   5.77e+00   6.16e-01  3.11e+04        1    6.29e-02    4.42e+00
  74  7.406423e+01    5.35e-01    8.22e+02   5.68e+00   6.17e-01  3.15e+04        1    6.17e-02    4.48e+00
  75  7.353510e+01    5.29e-01    8.27e+02   5.60e+00   6.18e-01  3.19e+04        1    6.23e-02    4.54e+00
  76  7.301226e+01    5.23e-01    8.32e+02   5.52e+00   6.19e-01  3.23e+04        1    6.42e-02    4.61e+00
  77  7.249575e+01    5.17e-01    8.36e+02   5.44e+00   6.20e-01  3.28e+04        1    6.04e-02    4.67e+00
  78  7.198565e+01    5.10e-01    8.40e+02   5.36e+00   6.20e-01  3.32e+04        1    5.98e-02    4.73e+00
  79  7.148201e+01    5.04e-01    8.44e+02   5.28e+00   6.21e-01  3.37e+04        1    6.34e-02    4.79e+00
  80  7.098490e+01    4.97e-01    8.48e+02   5.20e+00   6.22e-01  3.42e+04        1    6.21e-02    4.85e+00
  81  7.049436e+01    4.91e-01    8.52e+02   5.12e+00   6.23e-01  3.47e+04        1    6.32e-02    4.92e+00
  82  7.001045e+01    4.84e-01    8.55e+02   5.05e+00   6.23e-01  3.52e+04        1    5.98e-02    4.98e+00
  83  6.953320e+01    4.77e-01    8.58e+02   4.97e+00   6.24e-01  3.58e+04        1    6.13e-02    5.04e+00
  84  6.906266e+01    4.71e-01    8.60e+02   4.90e+00   6.25e-01  3.63e+04        1    6.01e-02    5.10e+00
  85  6.859887e+01    4.64e-01    8.63e+02   4.82e+00   6.25e-01  3.69e+04        1    6.03e-02    5.16e+00
  86  6.814187e+01    4.57e-01    8.65e+02   4.75e+00   6.26e-01  3.75e+04        1    6.21e-02    5.22e+00
  87  6.769168e+01    4.50e-01    8.66e+02   4.68e+00   6.26e-01  3.81e+04        1    6.06e-02    5.28e+00
  88  6.724834e+01    4.43e-01    8.67e+02   4.60e+00   6.27e-01  3.88e+04        1    6.08e-02    5.34e+00
  89  6.681187e+01    4.36e-01    8.68e+02   4.53e+00   6.27e-01  3.94e+04        1    6.25e-02    5.40e+00
  90  6.638231e+01    4.30e-01    8.69e+02   4.46e+00   6.28e-01  4.01e+04        1    6.21e-02    5.47e+00
  91  6.595968e+01    4.23e-01    8.69e+02   4.39e+00   6.29e-01  4.08e+04        1    6.27e-02    5.53e+00
  92  6.554400e+01    4.16e-01    8.69e+02   4.32e+00   6.29e-01  4.15e+04        1    6.17e-02    5.59e+00
  93  6.513530e+01    4.09e-01    8.68e+02   4.25e+00   6.30e-01  4.22e+04        1    5.94e-02    5.65e+00
  94  6.473361e+01    4.02e-01    8.66e+02   4.18e+00   6.30e-01  4.30e+04        1    6.24e-02    5.71e+00
  95  6.433895e+01    3.95e-01    8.64e+02   4.11e+00   6.31e-01  4.38e+04        1    6.19e-02    5.77e+00
  96  6.395136e+01    3.88e-01    8.62e+02   4.05e+00   6.31e-01  4.46e+04        1    6.15e-02    5.84e+00
  97  6.357086e+01    3.80e-01    8.59e+02   3.98e+00   6.31e-01  4.54e+04        1    6.10e-02    5.90e+00
  98  6.319749e+01    3.73e-01    8.55e+02   3.91e+00   6.32e-01  4.62e+04        1    6.21e-02    5.96e+00
  99  6.283130e+01    3.66e-01    8.50e+02   3.84e+00   6.32e-01  4.71e+04        1    6.10e-02    6.02e+00
 100  6.247232e+01    3.59e-01    8.44e+02   3.77e+00   6.33e-01  4.80e+04        1    6.13e-02    6.08e+00


Bundle adjustment report
------------------------
    Residuals : 80
   Parameters : 67
   Iterations : 101
         Time : 6.08206 [s]
 Initial cost : 5.28193 [px]
   Final cost : 0.883688 [px]
  Termination : No convergence

  => Filtered observations: 0
  => Filtered images: 0
  => No good initial image pair found.
  => Relaxing the initialization constraints.

==============================================================================
Initializing with image pair #3 and #6
==============================================================================


==============================================================================
Global bundle adjustment
==============================================================================

iter      cost      cost_change  |gradient|   |step|    tr_ratio  tr_radius  ls_iter  iter_time  total_time
   0  4.962420e+02    0.00e+00    1.71e+04   0.00e+00   0.00e+00  1.00e+04        0    9.32e-03    9.74e-03
   1  3.091813e+02    1.87e+02    6.30e+04   3.11e+01   5.11e-01  1.00e+04        1    6.04e-02    7.02e-02
   2  1.147478e+02    1.94e+02    1.86e+04   9.12e+00   9.91e-01  3.00e+04        1    6.11e-02    1.31e-01
   3  1.017541e+02    1.30e+01    1.93e+04   1.42e+01   7.61e-01  3.50e+04        1    6.11e-02    1.92e-01
   4  9.525687e+01    6.50e+00    2.60e+03   1.60e+01   8.19e-01  4.72e+04        1    6.27e-02    2.55e-01
   5  9.506690e+01    1.90e-01    1.43e+04   2.01e+01   5.81e-02  2.79e+04        1    6.19e-02    3.17e-01
   6  9.155174e+01    3.52e+00    5.92e+03   1.14e+01   9.05e-01  5.96e+04        1    6.36e-02    3.81e-01
   7  9.700513e+01   -5.45e+00    0.00e+00   2.42e+01  -2.75e+00  2.98e+04        1    4.77e-02    4.29e-01
   8  9.084628e+01    7.05e-01    7.20e+03   1.22e+01   5.92e-01  3.00e+04        1    6.49e-02    4.93e-01
   9  9.004424e+01    8.02e-01    7.50e+03   1.22e+01   6.11e-01  3.03e+04        1    6.14e-02    5.55e-01
  10  8.923643e+01    8.08e-01    7.77e+03   1.23e+01   5.95e-01  3.05e+04        1    6.26e-02    6.18e-01
  11  8.840578e+01    8.31e-01    7.92e+03   1.24e+01   5.88e-01  3.07e+04        1    6.04e-02    6.78e-01
  12  8.755745e+01    8.48e-01    8.02e+03   1.25e+01   5.80e-01  3.08e+04        1    6.71e-02    7.45e-01
  13  8.669230e+01    8.65e-01    8.09e+03   1.26e+01   5.74e-01  3.09e+04        1    5.21e-02    7.97e-01
  14  8.581163e+01    8.81e-01    8.14e+03   1.26e+01   5.68e-01  3.10e+04        1    5.94e-02    8.57e-01
  15  8.491649e+01    8.95e-01    8.16e+03   1.27e+01   5.62e-01  3.10e+04        1    6.26e-02    9.19e-01
  16  8.400782e+01    9.09e-01    8.17e+03   1.27e+01   5.57e-01  3.11e+04        1    6.20e-02    9.81e-01
  17  8.308645e+01    9.21e-01    8.17e+03   1.27e+01   5.53e-01  3.11e+04        1    6.23e-02    1.04e+00
  18  8.215319e+01    9.33e-01    8.15e+03   1.27e+01   5.49e-01  3.12e+04        1    6.24e-02    1.11e+00
  19  8.120878e+01    9.44e-01    8.12e+03   1.27e+01   5.45e-01  3.12e+04        1    6.29e-02    1.17e+00
  20  8.025397e+01    9.55e-01    8.08e+03   1.27e+01   5.42e-01  3.12e+04        1    6.18e-02    1.23e+00
  21  7.928951e+01    9.64e-01    8.03e+03   1.27e+01   5.39e-01  3.12e+04        1    6.24e-02    1.29e+00
  22  7.831615e+01    9.73e-01    7.97e+03   1.27e+01   5.36e-01  3.12e+04        1    6.17e-02    1.35e+00
  23  7.733468e+01    9.81e-01    7.91e+03   1.27e+01   5.34e-01  3.12e+04        1    6.20e-02    1.42e+00
  24  7.634592e+01    9.89e-01    7.83e+03   1.26e+01   5.32e-01  3.12e+04        1    6.18e-02    1.48e+00
  25  7.535073e+01    9.95e-01    7.74e+03   1.26e+01   5.30e-01  3.13e+04        1    6.03e-02    1.54e+00
  26  7.435003e+01    1.00e+00    7.64e+03   1.25e+01   5.29e-01  3.13e+04        1    6.14e-02    1.60e+00
  27  7.334477e+01    1.01e+00    7.54e+03   1.25e+01   5.28e-01  3.13e+04        1    6.12e-02    1.66e+00
  28  7.233599e+01    1.01e+00    7.42e+03   1.24e+01   5.27e-01  3.13e+04        1    6.12e-02    1.72e+00
  29  7.132476e+01    1.01e+00    7.30e+03   1.23e+01   5.27e-01  3.13e+04        1    6.80e-02    1.79e+00
  30  7.031223e+01    1.01e+00    7.17e+03   1.23e+01   5.27e-01  3.13e+04        1    5.97e-02    1.85e+00
  31  6.929962e+01    1.01e+00    7.03e+03   1.22e+01   5.27e-01  3.13e+04        1    6.08e-02    1.91e+00
  32  6.828818e+01    1.01e+00    6.89e+03   1.21e+01   5.28e-01  3.13e+04        1    5.99e-02    1.97e+00
  33  6.727925e+01    1.01e+00    6.73e+03   1.20e+01   5.30e-01  3.13e+04        1    7.30e-02    2.04e+00
  34  6.627423e+01    1.01e+00    6.57e+03   1.18e+01   5.31e-01  3.13e+04        1    5.44e-02    2.10e+00
  35  6.527454e+01    1.00e+00    6.41e+03   1.17e+01   5.34e-01  3.13e+04        1    5.79e-02    2.16e+00
  36  6.428167e+01    9.93e-01    6.24e+03   1.16e+01   5.36e-01  3.13e+04        1    6.17e-02    2.22e+00
  37  6.329714e+01    9.85e-01    6.06e+03   1.15e+01   5.39e-01  3.13e+04        1    6.11e-02    2.28e+00
  38  6.232248e+01    9.75e-01    5.88e+03   1.13e+01   5.42e-01  3.14e+04        1    6.11e-02    2.34e+00
  39  6.135923e+01    9.63e-01    5.70e+03   1.12e+01   5.46e-01  3.14e+04        1    6.26e-02    2.40e+00
  40  6.040895e+01    9.50e-01    5.51e+03   1.10e+01   5.50e-01  3.14e+04        1    6.09e-02    2.46e+00
  41  5.947313e+01    9.36e-01    5.33e+03   1.08e+01   5.54e-01  3.15e+04        1    6.41e-02    2.53e+00
  42  5.855324e+01    9.20e-01    5.14e+03   1.07e+01   5.59e-01  3.15e+04        1    6.06e-02    2.59e+00
  43  5.765068e+01    9.03e-01    4.95e+03   1.05e+01   5.63e-01  3.16e+04        1    6.12e-02    2.65e+00
  44  5.676677e+01    8.84e-01    4.76e+03   1.03e+01   5.68e-01  3.16e+04        1    6.25e-02    2.71e+00
  45  5.590271e+01    8.64e-01    4.58e+03   1.02e+01   5.73e-01  3.17e+04        1    6.24e-02    2.78e+00
  46  5.505959e+01    8.43e-01    4.40e+03   9.98e+00   5.78e-01  3.19e+04        1    6.54e-02    2.84e+00
  47  5.423837e+01    8.21e-01    4.22e+03   9.80e+00   5.83e-01  3.20e+04        1    5.82e-02    2.90e+00
  48  5.343987e+01    7.99e-01    4.05e+03   9.62e+00   5.88e-01  3.22e+04        1    6.19e-02    2.96e+00
  49  5.266477e+01    7.75e-01    3.88e+03   9.44e+00   5.93e-01  3.24e+04        1    6.22e-02    3.02e+00
  50  5.191365e+01    7.51e-01    3.72e+03   9.26e+00   5.98e-01  3.26e+04        1    6.43e-02    3.09e+00
  51  5.118695e+01    7.27e-01    3.56e+03   9.09e+00   6.02e-01  3.29e+04        1    6.13e-02    3.15e+00
  52  5.048502e+01    7.02e-01    3.41e+03   8.91e+00   6.07e-01  3.33e+04        1    6.21e-02    3.21e+00
  53  4.980814e+01    6.77e-01    3.26e+03   8.74e+00   6.11e-01  3.36e+04        1    6.26e-02    3.27e+00
  54  4.915650e+01    6.52e-01    3.12e+03   8.57e+00   6.15e-01  3.40e+04        1    5.73e-02    3.33e+00
  55  4.853026e+01    6.26e-01    2.99e+03   8.40e+00   6.20e-01  3.45e+04        1    5.91e-02    3.39e+00
  56  4.792954e+01    6.01e-01    2.85e+03   8.23e+00   6.23e-01  3.50e+04        1    6.22e-02    3.45e+00
  57  4.735440e+01    5.75e-01    2.73e+03   8.06e+00   6.27e-01  3.56e+04        1    6.08e-02    3.51e+00
  58  4.680491e+01    5.49e-01    2.60e+03   7.89e+00   6.31e-01  3.63e+04        1    6.18e-02    3.57e+00
  59  4.628109e+01    5.24e-01    2.48e+03   7.73e+00   6.34e-01  3.70e+04        1    6.24e-02    3.64e+00
  60  4.578292e+01    4.98e-01    2.37e+03   7.56e+00   6.38e-01  3.78e+04        1    6.26e-02    3.70e+00
  61  4.531040e+01    4.73e-01    2.25e+03   7.40e+00   6.41e-01  3.87e+04        1    6.08e-02    3.76e+00
  62  4.486344e+01    4.47e-01    2.14e+03   7.23e+00   6.45e-01  3.96e+04        1    6.14e-02    3.82e+00
  63  4.444195e+01    4.21e-01    2.03e+03   7.06e+00   6.48e-01  4.07e+04        1    6.20e-02    3.88e+00
  64  4.404577e+01    3.96e-01    1.93e+03   6.89e+00   6.52e-01  4.19e+04        1    6.22e-02    3.95e+00
  65  4.367471e+01    3.71e-01    1.83e+03   6.72e+00   6.55e-01  4.32e+04        1    6.18e-02    4.01e+00
  66  4.332851e+01    3.46e-01    1.73e+03   6.55e+00   6.59e-01  4.46e+04        1    6.19e-02    4.07e+00
  67  4.300685e+01    3.22e-01    1.63e+03   6.37e+00   6.63e-01  4.62e+04        1    6.21e-02    4.13e+00
  68  4.270935e+01    2.98e-01    1.53e+03   6.19e+00   6.66e-01  4.79e+04        1    6.11e-02    4.19e+00
  69  4.243555e+01    2.74e-01    1.47e+03   6.01e+00   6.70e-01  4.99e+04        1    6.42e-02    4.26e+00
  70  4.218492e+01    2.51e-01    1.41e+03   5.83e+00   6.74e-01  5.21e+04        1    6.31e-02    4.32e+00
  71  4.195688e+01    2.28e-01    1.34e+03   5.64e+00   6.78e-01  5.46e+04        1    6.16e-02    4.38e+00
  72  4.175072e+01    2.06e-01    1.28e+03   5.45e+00   6.83e-01  5.74e+04        1    6.47e-02    4.45e+00
  73  4.156571e+01    1.85e-01    1.21e+03   5.25e+00   6.87e-01  6.06e+04        1    6.16e-02    4.51e+00
  74  4.140100e+01    1.65e-01    1.14e+03   5.06e+00   6.92e-01  6.42e+04        1    6.34e-02    4.57e+00
  75  4.125568e+01    1.45e-01    1.07e+03   4.85e+00   6.97e-01  6.84e+04        1    6.06e-02    4.63e+00
  76  4.112877e+01    1.27e-01    9.95e+02   4.64e+00   7.03e-01  7.33e+04        1    6.42e-02    4.70e+00
  77  4.101921e+01    1.10e-01    9.19e+02   4.43e+00   7.09e-01  7.91e+04        1    6.12e-02    4.76e+00
  78  4.092587e+01    9.33e-02    8.42e+02   4.21e+00   7.16e-01  8.60e+04        1    6.18e-02    4.82e+00
  79  4.084757e+01    7.83e-02    7.64e+02   3.98e+00   7.23e-01  9.43e+04        1    6.45e-02    4.88e+00
  80  4.078306e+01    6.45e-02    6.85e+02   3.74e+00   7.31e-01  1.05e+05        1    6.05e-02    4.95e+00
  81  4.073104e+01    5.20e-02    6.05e+02   3.50e+00   7.40e-01  1.18e+05        1    6.34e-02    5.01e+00
  82  4.069017e+01    4.09e-02    5.26e+02   3.24e+00   7.50e-01  1.34e+05        1    6.00e-02    5.07e+00
  83  4.065908e+01    3.11e-02    4.47e+02   2.97e+00   7.61e-01  1.57e+05        1    6.19e-02    5.13e+00
  84  4.063637e+01    2.27e-02    3.70e+02   2.69e+00   7.75e-01  1.88e+05        1    6.10e-02    5.19e+00
  85  4.062066e+01    1.57e-02    2.95e+02   2.39e+00   7.92e-01  2.34e+05        1    6.15e-02    5.25e+00
  86  4.061054e+01    1.01e-02    2.23e+02   2.07e+00   8.12e-01  3.10e+05        1    6.22e-02    5.32e+00
  87  4.060469e+01    5.86e-03    1.56e+02   1.72e+00   8.38e-01  4.49e+05        1    6.09e-02    5.38e+00
  88  4.060181e+01    2.88e-03    9.54e+01   1.35e+00   8.73e-01  7.66e+05        1    6.22e-02    5.44e+00
  89  4.060074e+01    1.07e-03    4.60e+01   9.33e-01   9.19e-01  1.86e+06        1    6.09e-02    5.50e+00
  90  4.060050e+01    2.34e-04    1.31e+01   4.97e-01   9.75e-01  5.57e+06        1    6.22e-02    5.56e+00
  91  4.060049e+01    1.63e-05    8.90e-01   1.30e-01   1.02e+00  1.67e+07        1    6.23e-02    5.62e+00
  92  4.060049e+01    1.98e-07    8.02e-02   1.48e-02   1.08e+00  5.01e+07        1    6.29e-02    5.69e+00


Bundle adjustment report
------------------------
    Residuals : 384
   Parameters : 295
   Iterations : 93
         Time : 5.68749 [s]
 Initial cost : 1.13679 [px]
   Final cost : 0.325162 [px]
  Termination : Convergence

  => Filtered observations: 0
  => Filtered images: 0

==============================================================================
Registering image #2 (3)
==============================================================================

  => Image sees 17 / 83 points

Pose refinement report
----------------------
    Residuals : 34
   Parameters : 8
   Iterations : 17
         Time : 0.00206372 [s]
 Initial cost : 0.739565 [px]
   Final cost : 0.51982 [px]
  Termination : Convergence

  => Continued observations: 17
  => Added observations: 15

Bundle adjustment report
------------------------
    Residuals : 448
   Parameters : 322
   Iterations : 13
         Time : 0.746621 [s]
 Initial cost : 3.37594 [px]
   Final cost : 0.306754 [px]
  Termination : Convergence

  => Merged observations: 0
  => Completed observations: 1
  => Filtered observations: 0
  => Changed observations: 0.004464

Bundle adjustment report
------------------------
    Residuals : 450
   Parameters : 322
   Iterations : 2
         Time : 0.0768579 [s]
 Initial cost : 0.357322 [px]
   Final cost : 0.350917 [px]
  Termination : Convergence

  => Merged observations: 0
  => Completed observations: 0
  => Filtered observations: 0
  => Changed observations: 0.000000

==============================================================================
Retriangulation
==============================================================================

  => Merged observations: 0
  => Completed observations: 0
  => Retriangulated observations: 0

==============================================================================
Global bundle adjustment
==============================================================================

iter      cost      cost_change  |gradient|   |step|    tr_ratio  tr_radius  ls_iter  iter_time  total_time
   0  5.541436e+01    0.00e+00    1.97e+00   0.00e+00   0.00e+00  1.00e+04        0    1.08e-02    1.13e-02
   1  5.539381e+01    2.06e-02    2.27e+01   1.12e+00   1.01e+00  3.00e+04        1    6.05e-02    7.18e-02
   2  5.538190e+01    1.19e-02    6.35e+01   1.33e+00   9.90e-01  9.00e+04        1    6.16e-02    1.33e-01
   3  5.536629e+01    1.56e-02    2.07e+02   2.14e+00   8.99e-01  1.83e+05        1    6.17e-02    1.95e-01
   4  5.535211e+01    1.42e-02    3.81e+02   2.88e+00   6.95e-01  1.94e+05        1    6.29e-02    2.58e-01
   5  5.533802e+01    1.41e-02    2.03e+02   2.11e+00   8.90e-01  3.69e+05        1    6.12e-02    3.19e-01
   6  5.533199e+01    6.03e-03    2.13e+02   2.17e+00   7.54e-01  4.25e+05        1    6.19e-02    3.81e-01
   7  5.532826e+01    3.74e-03    7.30e+01   1.27e+00   9.46e-01  1.27e+06        1    6.12e-02    4.42e-01
   8  5.532745e+01    8.03e-04    4.34e+01   9.83e-01   9.17e-01  3.02e+06        1    6.08e-02    5.03e-01
   9  5.532732e+01    1.36e-04    4.21e+00   3.07e-01   1.01e+00  9.07e+06        1    6.19e-02    5.65e-01
  10  5.532731e+01    2.34e-06    6.36e-01   5.15e-02   1.05e+00  2.72e+07        1    5.93e-02    6.24e-01
  11  5.532731e+01    2.49e-08    7.70e-03   5.23e-03   1.11e+00  8.17e+07        1    6.17e-02    6.86e-01


Bundle adjustment report
------------------------
    Residuals : 450
   Parameters : 322
   Iterations : 12
         Time : 0.686524 [s]
 Initial cost : 0.350917 [px]
   Final cost : 0.350642 [px]
  Termination : Convergence

  => Merged observations: 0
  => Completed observations: 0
  => Filtered observations: 0
  => Changed observations: 0.000000
  => Filtered images: 0

==============================================================================
Initializing with image pair #3 and #2
==============================================================================


==============================================================================
Global bundle adjustment
==============================================================================

iter      cost      cost_change  |gradient|   |step|    tr_ratio  tr_radius  ls_iter  iter_time  total_time
   0  1.387380e+04    0.00e+00    1.58e+04   0.00e+00   0.00e+00  1.00e+04        0    8.63e-03    9.09e-03
   1  4.990204e+04   -3.60e+04    0.00e+00   3.68e+02  -9.00e+00  5.00e+03        1    4.57e-02    5.49e-02
   2  3.818343e+04   -2.43e+04    0.00e+00   2.81e+02  -6.20e+00  1.25e+03        1    4.81e-02    1.03e-01
   3  1.486870e+04   -9.95e+02    0.00e+00   1.41e+02  -2.76e-01  1.56e+02        1    4.85e-02    1.52e-01
   4  1.163321e+04    2.24e+03    7.58e+03   3.55e+01   9.61e-01  4.69e+02        1    6.02e-02    2.12e-01
   5  1.050797e+04    1.13e+03    1.26e+04   6.49e+01   9.14e-01  1.08e+03        1    6.12e-02    2.73e-01
   6  1.037799e+04    1.30e+02    3.42e+04   1.18e+02   1.77e-01  8.50e+02        1    6.11e-02    3.34e-01
   7  9.562892e+03    8.15e+02    2.83e+04   9.01e+01   8.41e-01  1.24e+03        1    6.10e-02    3.95e-01
   8  9.506420e+03    5.65e+01    6.49e+04   1.24e+02   9.70e-02  8.17e+02        1    6.27e-02    4.58e-01
   9  8.782018e+03    7.24e+02    2.78e+04   7.45e+01   9.23e-01  2.08e+03        1    6.27e-02    5.21e-01
  10  1.020098e+04   -1.42e+03    0.00e+00   1.73e+02  -2.28e+00  1.04e+03        1    5.05e-02    5.72e-01
  11  8.559780e+03    2.22e+02    4.61e+04   8.95e+01   6.20e-01  1.05e+03        1    6.46e-02    6.36e-01
  12  8.252503e+03    3.07e+02    4.57e+04   8.27e+01   7.47e-01  1.20e+03        1    6.11e-02    6.97e-01
  13  7.998845e+03    2.54e+02    5.79e+04   8.60e+01   6.48e-01  1.23e+03        1    6.25e-02    7.60e-01
  14  7.707350e+03    2.91e+02    5.90e+04   8.01e+01   7.07e-01  1.33e+03        1    5.95e-02    8.19e-01
  15  7.446893e+03    2.60e+02    6.74e+04   7.88e+01   6.54e-01  1.37e+03        1    6.30e-02    8.83e-01
  16  7.171318e+03    2.76e+02    7.04e+04   7.40e+01   6.74e-01  1.43e+03        1    6.04e-02    9.43e-01
  17  6.909122e+03    2.62e+02    7.59e+04   7.05e+01   6.49e-01  1.46e+03        1    5.98e-02    1.00e+00
  18  6.643612e+03    2.66e+02    7.92e+04   6.61e+01   6.51e-01  1.51e+03        1    6.33e-02    1.07e+00
  19  6.384310e+03    2.59e+02    8.24e+04   6.19e+01   6.42e-01  1.54e+03        1    5.92e-02    1.13e+00
  20  6.127964e+03    2.56e+02    8.43e+04   5.76e+01   6.41e-01  1.58e+03        1    6.35e-02    1.19e+00
  21  5.877994e+03    2.50e+02    8.54e+04   5.34e+01   6.40e-01  1.61e+03        1    6.11e-02    1.25e+00
  22  5.635105e+03    2.43e+02    8.55e+04   4.94e+01   6.41e-01  1.65e+03        1    6.31e-02    1.31e+00
  23  5.401092e+03    2.34e+02    8.48e+04   4.55e+01   6.43e-01  1.69e+03        1    6.15e-02    1.37e+00
  24  5.176985e+03    2.24e+02    8.34e+04   4.19e+01   6.46e-01  1.73e+03        1    6.08e-02    1.44e+00
  25  4.963677e+03    2.13e+02    8.15e+04   3.86e+01   6.49e-01  1.78e+03        1    6.14e-02    1.50e+00
  26  4.761644e+03    2.02e+02    7.93e+04   3.55e+01   6.53e-01  1.83e+03        1    6.16e-02    1.56e+00
  27  4.571127e+03    1.91e+02    7.69e+04   3.26e+01   6.56e-01  1.89e+03        1    6.07e-02    1.62e+00
  28  4.392163e+03    1.79e+02    7.43e+04   3.00e+01   6.59e-01  1.95e+03        1    6.20e-02    1.68e+00
  29  4.224677e+03    1.67e+02    7.16e+04   2.77e+01   6.61e-01  2.02e+03        1    6.14e-02    1.74e+00
  30  4.068531e+03    1.56e+02    6.89e+04   2.55e+01   6.63e-01  2.09e+03        1    6.14e-02    1.80e+00
  31  3.923558e+03    1.45e+02    6.62e+04   2.35e+01   6.64e-01  2.17e+03        1    6.11e-02    1.87e+00
  32  3.789569e+03    1.34e+02    6.35e+04   2.17e+01   6.65e-01  2.25e+03        1    5.86e-02    1.92e+00
  33  3.666354e+03    1.23e+02    6.08e+04   2.00e+01   6.65e-01  2.33e+03        1    6.25e-02    1.99e+00
  34  3.553660e+03    1.13e+02    5.81e+04   1.84e+01   6.65e-01  2.42e+03        1    6.51e-02    2.05e+00
  35  3.451177e+03    1.02e+02    5.55e+04   1.70e+01   6.64e-01  2.51e+03        1    5.95e-02    2.11e+00
  36  3.358519e+03    9.27e+01    5.29e+04   1.56e+01   6.63e-01  2.60e+03        1    5.65e-02    2.17e+00
  37  3.275209e+03    8.33e+01    5.03e+04   1.44e+01   6.61e-01  2.69e+03        1    6.13e-02    2.23e+00
  38  3.200682e+03    7.45e+01    4.77e+04   1.33e+01   6.59e-01  2.78e+03        1    6.04e-02    2.29e+00
  39  3.134293e+03    6.64e+01    4.53e+04   1.22e+01   6.57e-01  2.87e+03        1    6.30e-02    2.35e+00
  40  3.075333e+03    5.90e+01    4.29e+04   1.13e+01   6.55e-01  2.95e+03        1    6.09e-02    2.41e+00
  41  3.023058e+03    5.23e+01    4.05e+04   1.04e+01   6.52e-01  3.04e+03        1    6.13e-02    2.47e+00
  42  2.976714e+03    4.63e+01    3.83e+04   9.58e+00   6.50e-01  3.12e+03        1    6.16e-02    2.54e+00
  43  2.935568e+03    4.11e+01    3.62e+04   8.86e+00   6.48e-01  3.20e+03        1    6.24e-02    2.60e+00
  44  2.898928e+03    3.66e+01    3.42e+04   8.20e+00   6.46e-01  3.29e+03        1    7.06e-02    2.67e+00
  45  2.866160e+03    3.28e+01    3.24e+04   7.62e+00   6.44e-01  3.37e+03        1    5.50e-02    2.72e+00
  46  2.836700e+03    2.95e+01    3.07e+04   7.09e+00   6.43e-01  3.45e+03        1    5.86e-02    2.78e+00
  47  2.810053e+03    2.66e+01    2.91e+04   6.61e+00   6.43e-01  3.53e+03        1    6.31e-02    2.85e+00
  48  2.785796e+03    2.43e+01    2.77e+04   6.19e+00   6.42e-01  3.61e+03        1    6.20e-02    2.91e+00
  49  2.763572e+03    2.22e+01    2.64e+04   5.81e+00   6.42e-01  3.70e+03        1    6.09e-02    2.97e+00
  50  2.743081e+03    2.05e+01    2.53e+04   5.47e+00   6.42e-01  3.78e+03        1    6.21e-02    3.03e+00
  51  2.724076e+03    1.90e+01    2.42e+04   5.17e+00   6.42e-01  3.87e+03        1    6.18e-02    3.09e+00
  52  2.706353e+03    1.77e+01    2.33e+04   4.89e+00   6.42e-01  3.97e+03        1    6.18e-02    3.15e+00
  53  2.689744e+03    1.66e+01    2.25e+04   4.65e+00   6.42e-01  4.06e+03        1    6.20e-02    3.22e+00
  54  2.674114e+03    1.56e+01    2.17e+04   4.42e+00   6.43e-01  4.16e+03        1    5.99e-02    3.28e+00
  55  2.659350e+03    1.48e+01    2.11e+04   4.22e+00   6.42e-01  4.25e+03        1    6.47e-02    3.34e+00
  56  2.645361e+03    1.40e+01    2.05e+04   4.03e+00   6.42e-01  4.35e+03        1    6.19e-02    3.40e+00
  57  2.632072e+03    1.33e+01    1.99e+04   3.86e+00   6.42e-01  4.46e+03        1    6.13e-02    3.46e+00
  58  2.619419e+03    1.27e+01    1.94e+04   3.71e+00   6.42e-01  4.56e+03        1    6.18e-02    3.53e+00
  59  2.607350e+03    1.21e+01    1.90e+04   3.56e+00   6.41e-01  4.66e+03        1    6.32e-02    3.59e+00
  60  2.595821e+03    1.15e+01    1.85e+04   3.43e+00   6.40e-01  4.77e+03        1    6.36e-02    3.65e+00
  61  2.584794e+03    1.10e+01    1.81e+04   3.30e+00   6.40e-01  4.88e+03        1    6.13e-02    3.71e+00
  62  2.574236e+03    1.06e+01    1.78e+04   3.18e+00   6.39e-01  4.98e+03        1    6.80e-02    3.78e+00
  63  2.564118e+03    1.01e+01    1.74e+04   3.07e+00   6.38e-01  5.09e+03        1    6.37e-02    3.85e+00
  64  2.554414e+03    9.70e+00    1.71e+04   2.97e+00   6.38e-01  5.20e+03        1    5.59e-02    3.90e+00
  65  2.545101e+03    9.31e+00    1.67e+04   2.87e+00   6.37e-01  5.31e+03        1    6.20e-02    3.96e+00
  66  2.536157e+03    8.94e+00    1.64e+04   2.77e+00   6.36e-01  5.42e+03        1    6.07e-02    4.02e+00
  67  2.527564e+03    8.59e+00    1.61e+04   2.68e+00   6.36e-01  5.53e+03        1    6.28e-02    4.09e+00
  68  2.519302e+03    8.26e+00    1.58e+04   2.60e+00   6.35e-01  5.64e+03        1    6.19e-02    4.15e+00
  69  2.511355e+03    7.95e+00    1.55e+04   2.52e+00   6.34e-01  5.75e+03        1    6.14e-02    4.21e+00
  70  2.503708e+03    7.65e+00    1.53e+04   2.44e+00   6.33e-01  5.86e+03        1    6.16e-02    4.27e+00
  71  2.496346e+03    7.36e+00    1.50e+04   2.37e+00   6.33e-01  5.98e+03        1    6.17e-02    4.33e+00
  72  2.489255e+03    7.09e+00    1.48e+04   2.30e+00   6.32e-01  6.09e+03        1    6.19e-02    4.40e+00
  73  2.482421e+03    6.83e+00    1.45e+04   2.24e+00   6.32e-01  6.20e+03        1    6.30e-02    4.46e+00
  74  2.475832e+03    6.59e+00    1.43e+04   2.18e+00   6.31e-01  6.31e+03        1    6.09e-02    4.52e+00
  75  2.469477e+03    6.36e+00    1.40e+04   2.12e+00   6.30e-01  6.43e+03        1    5.87e-02    4.58e+00
  76  2.463344e+03    6.13e+00    1.38e+04   2.06e+00   6.30e-01  6.54e+03        1    6.20e-02    4.64e+00
  77  2.457423e+03    5.92e+00    1.36e+04   2.01e+00   6.29e-01  6.66e+03        1    6.22e-02    4.70e+00
  78  2.451704e+03    5.72e+00    1.34e+04   1.96e+00   6.29e-01  6.77e+03        1    6.25e-02    4.77e+00
  79  2.446178e+03    5.53e+00    1.32e+04   1.91e+00   6.28e-01  6.89e+03        1    6.23e-02    4.83e+00
  80  2.440835e+03    5.34e+00    1.30e+04   1.86e+00   6.28e-01  7.01e+03        1    6.29e-02    4.89e+00
  81  2.435668e+03    5.17e+00    1.28e+04   1.82e+00   6.27e-01  7.12e+03        1    6.03e-02    4.95e+00
  82  2.430668e+03    5.00e+00    1.26e+04   1.78e+00   6.27e-01  7.24e+03        1    6.28e-02    5.01e+00
  83  2.425827e+03    4.84e+00    1.24e+04   1.74e+00   6.26e-01  7.36e+03        1    5.94e-02    5.07e+00
  84  2.421139e+03    4.69e+00    1.22e+04   1.71e+00   6.26e-01  7.48e+03        1    6.14e-02    5.13e+00
  85  2.416596e+03    4.54e+00    1.20e+04   1.67e+00   6.25e-01  7.60e+03        1    6.64e-02    5.20e+00
  86  2.412192e+03    4.40e+00    1.19e+04   1.64e+00   6.25e-01  7.72e+03        1    5.76e-02    5.26e+00
  87  2.407921e+03    4.27e+00    1.17e+04   1.61e+00   6.24e-01  7.84e+03        1    6.05e-02    5.32e+00
  88  2.403777e+03    4.14e+00    1.15e+04   1.58e+00   6.24e-01  7.96e+03        1    5.95e-02    5.38e+00
  89  2.399754e+03    4.02e+00    1.14e+04   1.56e+00   6.23e-01  8.08e+03        1    6.08e-02    5.44e+00
  90  2.395848e+03    3.91e+00    1.12e+04   1.53e+00   6.23e-01  8.20e+03        1    6.31e-02    5.50e+00
  91  2.392053e+03    3.80e+00    1.11e+04   1.51e+00   6.23e-01  8.32e+03        1    6.20e-02    5.57e+00
  92  2.388364e+03    3.69e+00    1.09e+04   1.49e+00   6.22e-01  8.45e+03        1    6.20e-02    5.63e+00
  93  2.384778e+03    3.59e+00    1.08e+04   1.47e+00   6.22e-01  8.57e+03        1    6.53e-02    5.69e+00
  94  2.381289e+03    3.49e+00    1.06e+04   1.45e+00   6.21e-01  8.69e+03        1    6.11e-02    5.75e+00
  95  2.377893e+03    3.40e+00    1.05e+04   1.44e+00   6.21e-01  8.82e+03        1    6.23e-02    5.82e+00
  96  2.374587e+03    3.31e+00    1.04e+04   1.43e+00   6.21e-01  8.94e+03        1    6.63e-02    5.88e+00
  97  2.371367e+03    3.22e+00    1.02e+04   1.41e+00   6.20e-01  9.07e+03        1    5.65e-02    5.94e+00
  98  2.368230e+03    3.14e+00    1.01e+04   1.40e+00   6.20e-01  9.20e+03        1    6.20e-02    6.00e+00
  99  2.365171e+03    3.06e+00    1.00e+04   1.39e+00   6.19e-01  9.32e+03        1    6.22e-02    6.06e+00
 100  2.362188e+03    2.98e+00    9.89e+03   1.39e+00   6.19e-01  9.45e+03        1    6.47e-02    6.13e+00


Bundle adjustment report
------------------------
    Residuals : 252
   Parameters : 196
   Iterations : 101
         Time : 6.12776 [s]
 Initial cost : 7.41989 [px]
   Final cost : 3.06166 [px]
  Termination : No convergence

  => Filtered observations: 16
  => Filtered images: 0

==============================================================================
Initializing with image pair #5 and #4
==============================================================================


==============================================================================
Global bundle adjustment
==============================================================================

iter      cost      cost_change  |gradient|   |step|    tr_ratio  tr_radius  ls_iter  iter_time  total_time
   0  9.741249e+03    0.00e+00    2.44e+05   0.00e+00   0.00e+00  1.00e+04        0    1.26e-02    1.32e-02
   1  2.363049e+04   -1.39e+04    0.00e+00   1.72e+02  -1.51e+00  5.00e+03        1    4.14e-02    5.47e-02
   2  2.093342e+04   -1.12e+04    0.00e+00   1.83e+02  -1.27e+00  1.25e+03        1    4.92e-02    1.04e-01
   3  6.741475e+03    3.00e+03    1.65e+06   1.12e+02   4.15e-01  1.24e+03        1    6.53e-02    1.69e-01
   4  1.593581e+03    5.15e+03    2.02e+05   7.90e+01   9.83e-01  3.73e+03        1    5.63e-02    2.26e-01
   5  7.967202e+02    7.97e+02    6.66e+04   3.95e+01   9.02e-01  7.74e+03        1    6.19e-02    2.88e-01
   6  1.568212e+03   -7.71e+02    0.00e+00   8.95e+01  -1.73e+00  3.87e+03        1    5.10e-02    3.39e-01
   7  5.611476e+02    2.36e+02    4.20e+04   3.96e+01   6.86e-01  4.08e+03        1    6.43e-02    4.03e-01
   8  4.019573e+02    1.59e+02    4.46e+04   6.23e+01   6.41e-01  4.17e+03        1    6.36e-02    4.67e-01
   9  2.677985e+02    1.34e+02    3.14e+04   5.73e+01   7.65e-01  4.91e+03        1    6.29e-02    5.30e-01
  10  1.939455e+02    7.39e+01    2.12e+04   4.98e+01   7.79e-01  5.94e+03        1    6.30e-02    5.93e-01
  11  1.521788e+02    4.18e+01    1.11e+04   3.83e+01   8.57e-01  9.35e+03        1    6.60e-02    6.59e-01
  12  1.355027e+02    1.67e+01    6.54e+03   2.96e+01   8.67e-01  1.55e+04        1    6.05e-02    7.19e-01
  13  1.302818e+02    5.22e+00    2.96e+03   1.76e+01   9.44e-01  4.65e+04        1    6.16e-02    7.81e-01
  14  1.296601e+02    6.22e-01    2.64e+03   1.11e+01   9.22e-01  1.17e+05        1    6.16e-02    8.43e-01
  15  1.296059e+02    5.42e-02    1.98e+03   1.16e+01   3.95e-01  1.16e+05        1    6.17e-02    9.05e-01
  16  1.295124e+02    9.35e-02    1.26e+03   1.05e+01   5.66e-01  1.16e+05        1    6.31e-02    9.68e-01
  17  1.294290e+02    8.34e-02    1.21e+03   1.03e+01   5.48e-01  1.16e+05        1    6.54e-02    1.03e+00
  18  1.293471e+02    8.19e-02    1.18e+03   1.01e+01   5.54e-01  1.16e+05        1    6.18e-02    1.10e+00
  19  1.292671e+02    8.00e-02    1.16e+03   9.95e+00   5.60e-01  1.16e+05        1    6.20e-02    1.16e+00
  20  1.291891e+02    7.80e-02    1.14e+03   9.80e+00   5.65e-01  1.16e+05        1    6.34e-02    1.22e+00
  21  1.291130e+02    7.61e-02    1.11e+03   9.64e+00   5.70e-01  1.17e+05        1    6.30e-02    1.28e+00
  22  1.290388e+02    7.42e-02    1.09e+03   9.49e+00   5.75e-01  1.17e+05        1    6.24e-02    1.35e+00
  23  1.289666e+02    7.22e-02    1.07e+03   9.34e+00   5.80e-01  1.18e+05        1    6.34e-02    1.41e+00
  24  1.288963e+02    7.03e-02    1.05e+03   9.20e+00   5.84e-01  1.18e+05        1    6.13e-02    1.47e+00
  25  1.288280e+02    6.83e-02    1.03e+03   9.05e+00   5.88e-01  1.19e+05        1    6.20e-02    1.53e+00
  26  1.287615e+02    6.64e-02    1.01e+03   8.92e+00   5.92e-01  1.20e+05        1    5.81e-02    1.59e+00
  27  1.286970e+02    6.45e-02    9.86e+02   8.78e+00   5.96e-01  1.20e+05        1    6.05e-02    1.65e+00
  28  1.286344e+02    6.26e-02    9.66e+02   8.65e+00   6.00e-01  1.21e+05        1    6.43e-02    1.72e+00
  29  1.285736e+02    6.08e-02    9.46e+02   8.52e+00   6.03e-01  1.23e+05        1    6.24e-02    1.78e+00
  30  1.285147e+02    5.89e-02    9.27e+02   8.39e+00   6.06e-01  1.24e+05        1    6.80e-02    1.85e+00
  31  1.284576e+02    5.71e-02    9.08e+02   8.27e+00   6.09e-01  1.25e+05        1    5.53e-02    1.90e+00
  32  1.284024e+02    5.52e-02    8.89e+02   8.14e+00   6.12e-01  1.26e+05        1    6.17e-02    1.96e+00
  33  1.283489e+02    5.34e-02    8.71e+02   8.02e+00   6.14e-01  1.28e+05        1    6.25e-02    2.03e+00
  34  1.282973e+02    5.16e-02    8.52e+02   7.90e+00   6.17e-01  1.30e+05        1    6.43e-02    2.09e+00
  35  1.282475e+02    4.98e-02    8.33e+02   7.78e+00   6.19e-01  1.31e+05        1    6.28e-02    2.15e+00
  36  1.281996e+02    4.80e-02    8.15e+02   7.66e+00   6.22e-01  1.33e+05        1    6.34e-02    2.22e+00
  37  1.281534e+02    4.62e-02    7.96e+02   7.54e+00   6.24e-01  1.35e+05        1    6.37e-02    2.28e+00
  38  1.281090e+02    4.44e-02    7.77e+02   7.42e+00   6.26e-01  1.38e+05        1    6.08e-02    2.34e+00
  39  1.280664e+02    4.26e-02    7.57e+02   7.29e+00   6.29e-01  1.40e+05        1    6.18e-02    2.40e+00
  40  1.280256e+02    4.08e-02    7.38e+02   7.17e+00   6.31e-01  1.43e+05        1    6.26e-02    2.47e+00
  41  1.279866e+02    3.90e-02    7.18e+02   7.05e+00   6.33e-01  1.45e+05        1    6.38e-02    2.53e+00
  42  1.279494e+02    3.72e-02    6.98e+02   6.92e+00   6.36e-01  1.48e+05        1    6.19e-02    2.59e+00
  43  1.279140e+02    3.55e-02    6.78e+02   6.80e+00   6.38e-01  1.51e+05        1    6.21e-02    2.65e+00
  44  1.278803e+02    3.37e-02    6.58e+02   6.67e+00   6.40e-01  1.55e+05        1    6.29e-02    2.72e+00
  45  1.278483e+02    3.19e-02    6.37e+02   6.54e+00   6.43e-01  1.58e+05        1    6.24e-02    2.78e+00
  46  1.278181e+02    3.02e-02    6.16e+02   6.41e+00   6.45e-01  1.62e+05        1    6.37e-02    2.84e+00
  47  1.277896e+02    2.85e-02    5.95e+02   6.28e+00   6.48e-01  1.67e+05        1    6.35e-02    2.91e+00
  48  1.277628e+02    2.68e-02    5.73e+02   6.15e+00   6.50e-01  1.71e+05        1    6.24e-02    2.97e+00
  49  1.277377e+02    2.51e-02    5.52e+02   6.01e+00   6.53e-01  1.76e+05        1    6.19e-02    3.03e+00
  50  1.277142e+02    2.35e-02    5.30e+02   5.87e+00   6.56e-01  1.82e+05        1    6.27e-02    3.09e+00
  51  1.276923e+02    2.19e-02    5.08e+02   5.73e+00   6.58e-01  1.88e+05        1    6.37e-02    3.16e+00
  52  1.276720e+02    2.03e-02    4.86e+02   5.59e+00   6.61e-01  1.94e+05        1    6.92e-02    3.23e+00
  53  1.276532e+02    1.88e-02    4.64e+02   5.44e+00   6.64e-01  2.02e+05        1    5.45e-02    3.28e+00
  54  1.276360e+02    1.73e-02    4.41e+02   5.30e+00   6.68e-01  2.09e+05        1    6.28e-02    3.34e+00
  55  1.276201e+02    1.58e-02    4.19e+02   5.15e+00   6.71e-01  2.18e+05        1    6.25e-02    3.41e+00
  56  1.276057e+02    1.44e-02    3.96e+02   4.99e+00   6.74e-01  2.28e+05        1    6.65e-02    3.47e+00
  57  1.275927e+02    1.31e-02    3.74e+02   4.84e+00   6.78e-01  2.39e+05        1    6.19e-02    3.53e+00
  58  1.275809e+02    1.18e-02    3.51e+02   4.68e+00   6.82e-01  2.51e+05        1    5.88e-02    3.59e+00
  59  1.275704e+02    1.05e-02    3.29e+02   4.51e+00   6.86e-01  2.64e+05        1    6.17e-02    3.66e+00
  60  1.275611e+02    9.33e-03    3.06e+02   4.35e+00   6.90e-01  2.80e+05        1    6.31e-02    3.72e+00
  61  1.275529e+02    8.21e-03    2.84e+02   4.17e+00   6.95e-01  2.97e+05        1    6.11e-02    3.78e+00
  62  1.275457e+02    7.16e-03    2.61e+02   4.00e+00   7.00e-01  3.18e+05        1    6.20e-02    3.84e+00
  63  1.275395e+02    6.17e-03    2.39e+02   3.82e+00   7.05e-01  3.41e+05        1    6.17e-02    3.90e+00
  64  1.275343e+02    5.25e-03    2.17e+02   3.63e+00   7.11e-01  3.69e+05        1    5.98e-02    3.96e+00
  65  1.275299e+02    4.41e-03    1.95e+02   3.44e+00   7.17e-01  4.02e+05        1    6.32e-02    4.03e+00
  66  1.275262e+02    3.64e-03    1.74e+02   3.24e+00   7.24e-01  4.42e+05        1    6.27e-02    4.09e+00
  67  1.275233e+02    2.94e-03    1.53e+02   3.03e+00   7.32e-01  4.91e+05        1    6.24e-02    4.15e+00
  68  1.275210e+02    2.33e-03    1.32e+02   2.81e+00   7.40e-01  5.52e+05        1    6.58e-02    4.22e+00
  69  1.275192e+02    1.78e-03    1.12e+02   2.59e+00   7.50e-01  6.31e+05        1    6.74e-02    4.28e+00
  70  1.275179e+02    1.32e-03    9.32e+01   2.35e+00   7.61e-01  7.35e+05        1    6.09e-02    4.35e+00
  71  1.275169e+02    9.31e-04    7.47e+01   2.10e+00   7.74e-01  8.80e+05        1    5.56e-02    4.40e+00
  72  1.275163e+02    6.17e-04    5.73e+01   1.84e+00   7.89e-01  1.09e+06        1    6.20e-02    4.46e+00
  73  1.275159e+02    3.74e-04    4.12e+01   1.56e+00   8.07e-01  1.42e+06        1    6.29e-02    4.53e+00
  74  1.275157e+02    1.99e-04    2.68e+01   1.25e+00   8.28e-01  1.98e+06        1    6.21e-02    4.59e+00
  75  1.275157e+02    8.64e-05    1.47e+01   9.26e-01   8.53e-01  3.05e+06        1    6.43e-02    4.65e+00
  76  1.275156e+02    2.61e-05    5.91e+00   5.83e-01   8.78e-01  5.38e+06        1    6.15e-02    4.71e+00
  77  1.275156e+02    3.97e-06    1.22e+00   2.60e-01   8.98e-01  1.08e+07        1    6.22e-02    4.78e+00
  78  1.275156e+02    1.60e-07    1.77e-01   5.14e-02   9.47e-01  3.25e+07        1    6.34e-02    4.84e+00
  79  1.275156e+02    1.33e-09    8.96e-04   3.56e-04   1.02e+00  9.76e+07        1    6.44e-02    4.90e+00


Bundle adjustment report
------------------------
    Residuals : 476
   Parameters : 364
   Iterations : 80
         Time : 4.9049 [s]
 Initial cost : 4.5238 [px]
   Final cost : 0.517581 [px]
  Termination : Convergence

  => Filtered observations: 0
  => Filtered images: 0

==============================================================================
Initializing with image pair #5 and #3
==============================================================================


==============================================================================
Global bundle adjustment
==============================================================================

iter      cost      cost_change  |gradient|   |step|    tr_ratio  tr_radius  ls_iter  iter_time  total_time
   0  7.663902e+03    0.00e+00    1.85e+03   0.00e+00   0.00e+00  1.00e+04        0    6.28e-03    6.41e-03
   1  3.189756e+05   -3.11e+05    0.00e+00   8.20e+01  -4.83e+01  5.00e+03        1    4.80e-02    5.45e-02
   2  9.763731e+04   -9.00e+04    0.00e+00   6.60e+01  -1.45e+01  1.25e+03        1    4.85e-02    1.03e-01
   3  2.497526e+03    5.17e+03    1.69e+04   5.96e+01   8.82e-01  2.26e+03        1    6.09e-02    1.64e-01
   4  3.506231e+03   -1.01e+03    0.00e+00   6.62e+01  -1.05e+00  1.13e+03        1    4.89e-02    2.13e-01
   5  1.830776e+03    6.67e+02    7.43e+03   3.17e+01   7.99e-01  1.44e+03        1    6.22e-02    2.75e-01
   6  1.842633e+04   -1.66e+04    0.00e+00   8.23e+01  -2.49e+01  7.18e+02        1    4.80e-02    3.23e-01
   7  3.831489e+03   -2.00e+03    0.00e+00   4.97e+01  -3.71e+00  1.79e+02        1    4.89e-02    3.72e-01
   8  1.521203e+03    3.10e+02    5.59e+03   1.55e+01   9.73e-01  5.38e+02        1    6.05e-02    4.33e-01
   9  4.064757e+03   -2.54e+03    0.00e+00   3.95e+01  -5.19e+00  2.69e+02        1    4.96e-02    4.82e-01
  10  1.469240e+03    5.20e+01    2.52e+04   2.36e+01   1.48e-01  2.00e+02        1    6.42e-02    5.47e-01
  11  8.674464e+02    6.02e+02    2.35e+04   1.09e+01   7.38e-01  2.24e+02        1    6.09e-02    6.08e-01
  12  4.149914e+02    4.52e+02    2.71e+03   1.40e+00   1.02e+00  6.71e+02        1    6.14e-02    6.69e-01
  13  3.418175e+02    7.32e+01    8.83e+02   6.83e+00   9.28e-01  1.80e+03        1    6.16e-02    7.31e-01
  14  3.346394e+02    7.18e+00    4.10e+03   1.47e+01   7.19e-02  1.11e+03        1    5.74e-02    7.88e-01
  15  2.303690e+02    1.04e+02    3.00e+02   8.56e+00   8.73e-01  1.89e+03        1    5.97e-02    8.48e-01
  16  2.094551e+02    2.09e+01    3.76e+02   1.45e+01   4.57e-01  1.89e+03        1    6.05e-02    9.08e-01
  17  1.785620e+02    3.09e+01    1.34e+02   1.43e+01   8.42e-01  2.78e+03        1    5.99e-02    9.68e-01
  18  1.644746e+02    1.41e+01    1.25e+02   2.05e+01   7.08e-01  3.00e+03        1    6.31e-02    1.03e+00
  19  1.529488e+02    1.15e+01    1.35e+02   2.16e+01   8.32e-01  4.24e+03        1    5.92e-02    1.09e+00
  20  1.441978e+02    8.75e+00    2.50e+02   2.97e+01   7.88e-01  5.24e+03        1    6.31e-02    1.15e+00
  21  1.366378e+02    7.56e+00    3.83e+02   3.56e+01   8.12e-01  6.92e+03        1    6.11e-02    1.22e+00
  22  1.299389e+02    6.70e+00    6.23e+02   4.58e+01   7.85e-01  8.50e+03        1    6.17e-02    1.28e+00
  23  1.239182e+02    6.02e+00    8.70e+02   5.50e+01   7.62e-01  9.92e+03        1    6.20e-02    1.34e+00
  24  1.184893e+02    5.43e+00    1.07e+03   6.32e+01   7.38e-01  1.11e+04        1    6.37e-02    1.40e+00
  25  1.135539e+02    4.94e+00    1.21e+03   7.00e+01   7.24e-01  1.22e+04        1    6.12e-02    1.46e+00
  26  1.090806e+02    4.47e+00    1.29e+03   7.64e+01   7.12e-01  1.32e+04        1    6.13e-02    1.53e+00
  27  1.050289e+02    4.05e+00    1.35e+03   8.25e+01   7.03e-01  1.42e+04        1    6.10e-02    1.59e+00
  28  1.013619e+02    3.67e+00    1.37e+03   8.85e+01   6.96e-01  1.51e+04        1    6.14e-02    1.65e+00
  29  9.804136e+01    3.32e+00    1.39e+03   9.45e+01   6.90e-01  1.60e+04        1    6.20e-02    1.71e+00
  30  9.503125e+01    3.01e+00    1.39e+03   1.01e+02   6.85e-01  1.68e+04        1    6.11e-02    1.77e+00
  31  9.229793e+01    2.73e+00    1.38e+03   1.07e+02   6.80e-01  1.77e+04        1    6.03e-02    1.83e+00
  32  8.981099e+01    2.49e+00    1.37e+03   1.13e+02   6.76e-01  1.85e+04        1    5.97e-02    1.89e+00
  33  8.754321e+01    2.27e+00    1.36e+03   1.20e+02   6.73e-01  1.93e+04        1    6.10e-02    1.95e+00
  34  8.547051e+01    2.07e+00    1.35e+03   1.26e+02   6.69e-01  2.00e+04        1    6.11e-02    2.01e+00
  35  8.357170e+01    1.90e+00    1.33e+03   1.33e+02   6.65e-01  2.08e+04        1    6.08e-02    2.07e+00
  36  8.182817e+01    1.74e+00    1.32e+03   1.40e+02   6.62e-01  2.15e+04        1    6.50e-02    2.14e+00
  37  8.022356e+01    1.60e+00    1.31e+03   1.47e+02   6.59e-01  2.22e+04        1    6.01e-02    2.20e+00
  38  7.874353e+01    1.48e+00    1.29e+03   1.54e+02   6.56e-01  2.29e+04        1    5.97e-02    2.26e+00
  39  7.737546e+01    1.37e+00    1.28e+03   1.62e+02   6.53e-01  2.36e+04        1    6.14e-02    2.32e+00
  40  7.610824e+01    1.27e+00    1.27e+03   1.69e+02   6.49e-01  2.42e+04        1    6.14e-02    2.38e+00
  41  7.493203e+01    1.18e+00    1.25e+03   1.76e+02   6.46e-01  2.49e+04        1    6.20e-02    2.44e+00
  42  7.383816e+01    1.09e+00    1.24e+03   1.84e+02   6.43e-01  2.55e+04        1    6.47e-02    2.51e+00
  43  7.281889e+01    1.02e+00    1.23e+03   1.91e+02   6.40e-01  2.60e+04        1    6.02e-02    2.57e+00
  44  7.186737e+01    9.52e-01    1.22e+03   1.99e+02   6.37e-01  2.66e+04        1    6.19e-02    2.63e+00
  45  7.097747e+01    8.90e-01    1.21e+03   2.06e+02   6.34e-01  2.71e+04        1    6.19e-02    2.69e+00
  46  7.014371e+01    8.34e-01    1.20e+03   2.14e+02   6.32e-01  2.76e+04        1    6.03e-02    2.75e+00
  47  6.936119e+01    7.83e-01    1.19e+03   2.21e+02   6.29e-01  2.81e+04        1    5.97e-02    2.81e+00
  48  6.862549e+01    7.36e-01    1.18e+03   2.29e+02   6.26e-01  2.86e+04        1    6.12e-02    2.87e+00
  49  6.793265e+01    6.93e-01    1.18e+03   2.36e+02   6.23e-01  2.90e+04        1    6.01e-02    2.93e+00
  50  6.727908e+01    6.54e-01    1.17e+03   2.43e+02   6.20e-01  2.94e+04        1    6.15e-02    3.00e+00
  51  6.666155e+01    6.18e-01    1.16e+03   2.50e+02   6.17e-01  2.98e+04        1    5.90e-02    3.05e+00
  52  6.607711e+01    5.84e-01    1.16e+03   2.58e+02   6.14e-01  3.01e+04        1    6.37e-02    3.12e+00
  53  6.552310e+01    5.54e-01    1.15e+03   2.65e+02   6.12e-01  3.05e+04        1    6.21e-02    3.18e+00
  54  6.499710e+01    5.26e-01    1.15e+03   2.72e+02   6.09e-01  3.08e+04        1    6.13e-02    3.24e+00
  55  6.449689e+01    5.00e-01    1.15e+03   2.78e+02   6.06e-01  3.11e+04        1    6.17e-02    3.30e+00
  56  6.402047e+01    4.76e-01    1.15e+03   2.85e+02   6.04e-01  3.14e+04        1    6.02e-02    3.36e+00
  57  6.356597e+01    4.54e-01    1.14e+03   2.92e+02   6.01e-01  3.16e+04        1    6.12e-02    3.42e+00
  58  6.313170e+01    4.34e-01    1.14e+03   2.98e+02   5.98e-01  3.19e+04        1    5.98e-02    3.48e+00
  59  6.271612e+01    4.16e-01    1.14e+03   3.05e+02   5.96e-01  3.21e+04        1    6.11e-02    3.55e+00
  60  6.231778e+01    3.98e-01    1.14e+03   3.11e+02   5.93e-01  3.23e+04        1    6.14e-02    3.61e+00
  61  6.193536e+01    3.82e-01    1.15e+03   3.17e+02   5.90e-01  3.25e+04        1    6.54e-02    3.67e+00
  62  6.156764e+01    3.68e-01    1.15e+03   3.23e+02   5.88e-01  3.27e+04        1    6.02e-02    3.73e+00
  63  6.121349e+01    3.54e-01    1.15e+03   3.29e+02   5.85e-01  3.28e+04        1    6.09e-02    3.79e+00
  64  6.087186e+01    3.42e-01    1.15e+03   3.35e+02   5.82e-01  3.30e+04        1    6.49e-02    3.86e+00
  65  6.054177e+01    3.30e-01    1.16e+03   3.40e+02   5.80e-01  3.31e+04        1    6.09e-02    3.92e+00
  66  6.022229e+01    3.19e-01    1.17e+03   3.46e+02   5.77e-01  3.32e+04        1    6.10e-02    3.98e+00
  67  5.991258e+01    3.10e-01    1.17e+03   3.51e+02   5.75e-01  3.34e+04        1    6.13e-02    4.04e+00
  68  5.961115e+01    3.01e-01    1.18e+03   3.48e+02   5.74e-01  3.35e+04        1    5.80e-02    4.10e+00
  69  5.931750e+01    2.94e-01    1.19e+03   3.32e+02   5.75e-01  3.36e+04        1    6.13e-02    4.16e+00
  70  5.903282e+01    2.85e-01    1.19e+03   3.17e+02   5.74e-01  3.37e+04        1    5.93e-02    4.22e+00
  71  5.875601e+01    2.77e-01    1.20e+03   3.02e+02   5.72e-01  3.38e+04        1    6.35e-02    4.28e+00
  72  5.848621e+01    2.70e-01    1.22e+03   2.88e+02   5.71e-01  3.39e+04        1    6.36e-02    4.35e+00
  73  5.822262e+01    2.64e-01    1.23e+03   2.75e+02   5.69e-01  3.40e+04        1    6.14e-02    4.41e+00
  74  5.796452e+01    2.58e-01    1.24e+03   2.62e+02   5.67e-01  3.41e+04        1    5.82e-02    4.47e+00
  75  5.771126e+01    2.53e-01    1.26e+03   2.48e+02   5.66e-01  3.41e+04        1    6.21e-02    4.53e+00
  76  5.746226e+01    2.49e-01    1.27e+03   2.33e+02   5.64e-01  3.42e+04        1    6.32e-02    4.59e+00
  77  5.721693e+01    2.45e-01    1.29e+03   2.20e+02   5.62e-01  3.43e+04        1    6.05e-02    4.65e+00
  78  5.697468e+01    2.42e-01    1.31e+03   2.07e+02   5.60e-01  3.43e+04        1    6.11e-02    4.71e+00
  79  5.673492e+01    2.40e-01    1.33e+03   1.96e+02   5.58e-01  3.44e+04        1    6.07e-02    4.77e+00
  80  5.649708e+01    2.38e-01    1.36e+03   1.85e+02   5.56e-01  3.44e+04        1    6.32e-02    4.84e+00
  81  5.626063e+01    2.36e-01    1.38e+03   1.75e+02   5.54e-01  3.45e+04        1    6.18e-02    4.90e+00
  82  5.602500e+01    2.36e-01    1.41e+03   1.66e+02   5.52e-01  3.45e+04        1    5.86e-02    4.96e+00
  83  5.578967e+01    2.35e-01    1.43e+03   1.57e+02   5.49e-01  3.45e+04        1    6.04e-02    5.02e+00
  84  5.555407e+01    2.36e-01    1.46e+03   1.49e+02   5.47e-01  3.46e+04        1    6.16e-02    5.08e+00
  85  5.531765e+01    2.36e-01    1.50e+03   1.41e+02   5.45e-01  3.46e+04        1    6.11e-02    5.14e+00
  86  5.507981e+01    2.38e-01    1.53e+03   1.34e+02   5.43e-01  3.46e+04        1    5.80e-02    5.20e+00
  87  5.483994e+01    2.40e-01    1.57e+03   1.28e+02   5.41e-01  3.46e+04        1    6.14e-02    5.26e+00
  88  5.459741e+01    2.43e-01    1.61e+03   1.21e+02   5.39e-01  3.47e+04        1    6.19e-02    5.32e+00
  89  5.435154e+01    2.46e-01    1.65e+03   1.16e+02   5.36e-01  3.47e+04        1    6.37e-02    5.39e+00
  90  5.410159e+01    2.50e-01    1.69e+03   1.11e+02   5.34e-01  3.47e+04        1    6.12e-02    5.45e+00
  91  5.384678e+01    2.55e-01    1.74e+03   1.06e+02   5.31e-01  3.47e+04        1    5.99e-02    5.51e+00
  92  5.358625e+01    2.61e-01    1.80e+03   1.02e+02   5.28e-01  3.47e+04        1    6.18e-02    5.57e+00
  93  5.331906e+01    2.67e-01    1.85e+03   9.89e+01   5.25e-01  3.47e+04        1    6.12e-02    5.63e+00
  94  5.304417e+01    2.75e-01    1.91e+03   9.66e+01   5.22e-01  3.47e+04        1    6.04e-02    5.69e+00
  95  5.276042e+01    2.84e-01    1.98e+03   9.52e+01   5.19e-01  3.47e+04        1    6.09e-02    5.75e+00
  96  5.246651e+01    2.94e-01    2.05e+03   9.48e+01   5.15e-01  3.47e+04        1    6.11e-02    5.81e+00
  97  5.216096e+01    3.06e-01    2.13e+03   9.56e+01   5.11e-01  3.47e+04        1    6.25e-02    5.88e+00
  98  5.184211e+01    3.19e-01    2.21e+03   9.75e+01   5.06e-01  3.47e+04        1    6.14e-02    5.94e+00
  99  5.150802e+01    3.34e-01    2.30e+03   1.01e+02   5.01e-01  3.47e+04        1    6.16e-02    6.00e+00
 100  5.115647e+01    3.52e-01    2.40e+03   1.05e+02   4.95e-01  3.47e+04        1    6.18e-02    6.06e+00


Bundle adjustment report
------------------------
    Residuals : 64
   Parameters : 55
   Iterations : 101
         Time : 6.0607 [s]
 Initial cost : 10.943 [px]
   Final cost : 0.894047 [px]
  Termination : No convergence

  => Filtered observations: 1
  => Filtered images: 0

==============================================================================
Initializing with image pair #6 and #2
==============================================================================


==============================================================================
Global bundle adjustment
==============================================================================

iter      cost      cost_change  |gradient|   |step|    tr_ratio  tr_radius  ls_iter  iter_time  total_time
   0  9.317323e+03    0.00e+00    1.40e+05   0.00e+00   0.00e+00  1.00e+04        0    6.35e-03    6.51e-03
   1  4.401509e+04   -3.47e+04    0.00e+00   2.31e+02  -3.95e+00  5.00e+03        1    4.83e-02    5.49e-02
   2  1.649146e+04   -7.17e+03    0.00e+00   1.62e+02  -8.28e-01  1.25e+03        1    5.30e-02    1.08e-01
   3  2.645110e+03    6.67e+03    3.66e+05   6.73e+01   8.08e-01  1.63e+03        1    5.60e-02    1.64e-01
   4  1.014229e+03    1.63e+03    9.38e+04   7.91e+01   9.00e-01  3.35e+03        1    6.20e-02    2.26e-01
   5  1.874084e+03   -8.60e+02    0.00e+00   7.56e+01  -1.98e+00  1.68e+03        1    4.84e-02    2.74e-01
   6  7.999961e+02    2.14e+02    4.44e+04   4.65e+01   6.25e-01  1.70e+03        1    6.06e-02    3.35e-01
   7  1.121776e+03   -3.22e+02    0.00e+00   3.98e+01  -1.20e+00  8.51e+02        1    4.92e-02    3.84e-01
   8  6.317494e+02    1.68e+02    1.01e+04   2.07e+01   8.02e-01  1.09e+03        1    6.32e-02    4.47e-01
   9  8.850659e+02   -2.53e+02    0.00e+00   3.07e+01  -1.57e+00  5.45e+02        1    4.89e-02    4.96e-01
  10  5.488902e+02    8.29e+01    8.58e+03   1.49e+01   7.34e-01  6.08e+02        1    6.20e-02    5.58e-01
  11  5.324141e+02    1.65e+01    1.78e+04   2.14e+01   1.35e-01  4.37e+02        1    6.27e-02    6.21e-01
  12  3.824035e+02    1.50e+02    1.23e+04   1.91e+01   7.90e-01  5.44e+02        1    6.31e-02    6.84e-01
  13  3.063228e+02    7.61e+01    1.24e+04   2.46e+01   6.90e-01  5.75e+02        1    6.11e-02    7.45e-01
  14  2.432431e+02    6.31e+01    7.61e+03   1.97e+01   9.43e-01  1.73e+03        1    6.07e-02    8.06e-01
  15  2.241181e+02    1.91e+01    2.38e+03   2.28e+01   9.35e-01  5.06e+03        1    6.20e-02    8.68e-01
  16  2.129903e+02    1.11e+01    2.62e+03   2.73e+01   8.85e-01  9.27e+03        1    6.19e-02    9.30e-01
  17  2.086214e+02    4.37e+00    4.02e+03   3.99e+01   4.53e-01  9.27e+03        1    6.13e-02    9.91e-01
  18  2.026429e+02    5.98e+00    6.70e+03   3.58e+01   6.53e-01  9.54e+03        1    6.39e-02    1.06e+00
  19  1.996478e+02    3.00e+00    8.24e+03   3.49e+01   5.11e-01  9.54e+03        1    5.92e-02    1.11e+00
  20  1.971305e+02    2.52e+00    8.62e+03   3.36e+01   4.86e-01  9.54e+03        1    6.14e-02    1.18e+00
  21  1.948342e+02    2.30e+00    8.72e+03   3.27e+01   4.67e-01  9.54e+03        1    6.14e-02    1.24e+00
  22  1.925485e+02    2.29e+00    8.63e+03   3.19e+01   4.66e-01  9.54e+03        1    6.08e-02    1.30e+00
  23  1.902233e+02    2.33e+00    8.43e+03   3.12e+01   4.70e-01  9.53e+03        1    6.10e-02    1.36e+00
  24  1.878447e+02    2.38e+00    8.16e+03   3.04e+01   4.76e-01  9.53e+03        1    6.12e-02    1.42e+00
  25  1.854136e+02    2.43e+00    7.84e+03   2.96e+01   4.82e-01  9.53e+03        1    5.97e-02    1.48e+00
  26  1.829346e+02    2.48e+00    7.50e+03   2.88e+01   4.89e-01  9.53e+03        1    6.04e-02    1.54e+00
  27  1.804135e+02    2.52e+00    7.15e+03   2.80e+01   4.96e-01  9.53e+03        1    6.59e-02    1.61e+00
  28  1.778567e+02    2.56e+00    6.79e+03   2.72e+01   5.03e-01  9.53e+03        1    5.33e-02    1.66e+00
  29  1.752707e+02    2.59e+00    6.42e+03   2.63e+01   5.11e-01  9.53e+03        1    6.14e-02    1.72e+00
  30  1.726619e+02    2.61e+00    6.07e+03   2.55e+01   5.18e-01  9.53e+03        1    6.11e-02    1.78e+00
  31  1.700367e+02    2.63e+00    5.72e+03   2.46e+01   5.26e-01  9.53e+03        1    6.17e-02    1.84e+00
  32  1.674017e+02    2.64e+00    5.37e+03   2.38e+01   5.35e-01  9.54e+03        1    6.20e-02    1.91e+00
  33  1.647628e+02    2.64e+00    5.04e+03   2.30e+01   5.43e-01  9.54e+03        1    6.23e-02    1.97e+00
  34  1.621261e+02    2.64e+00    4.72e+03   2.22e+01   5.51e-01  9.55e+03        1    6.41e-02    2.03e+00
  35  1.594968e+02    2.63e+00    4.42e+03   2.14e+01   5.59e-01  9.57e+03        1    6.35e-02    2.10e+00
  36  1.568801e+02    2.62e+00    4.13e+03   2.06e+01   5.67e-01  9.59e+03        1    6.03e-02    2.16e+00
  37  1.542800e+02    2.60e+00    3.86e+03   1.99e+01   5.74e-01  9.62e+03        1    6.00e-02    2.22e+00
  38  1.517003e+02    2.58e+00    3.61e+03   1.92e+01   5.81e-01  9.66e+03        1    6.25e-02    2.28e+00
  39  1.491439e+02    2.56e+00    3.37e+03   1.86e+01   5.88e-01  9.72e+03        1    6.11e-02    2.34e+00
  40  1.466129e+02    2.53e+00    3.14e+03   1.79e+01   5.94e-01  9.78e+03        1    5.99e-02    2.40e+00
  41  1.441093e+02    2.50e+00    3.01e+03   1.73e+01   6.00e-01  9.86e+03        1    6.23e-02    2.46e+00
  42  1.416342e+02    2.48e+00    3.12e+03   1.67e+01   6.05e-01  9.95e+03        1    6.13e-02    2.52e+00
  43  1.391888e+02    2.45e+00    3.23e+03   1.62e+01   6.10e-01  1.01e+04        1    6.44e-02    2.59e+00
  44  1.367738e+02    2.41e+00    3.34e+03   1.57e+01   6.14e-01  1.02e+04        1    6.10e-02    2.65e+00
  45  1.343900e+02    2.38e+00    3.45e+03   1.52e+01   6.18e-01  1.03e+04        1    6.12e-02    2.71e+00
  46  1.320382e+02    2.35e+00    3.57e+03   1.47e+01   6.22e-01  1.05e+04        1    5.96e-02    2.77e+00
  47  1.297191e+02    2.32e+00    3.68e+03   1.42e+01   6.25e-01  1.06e+04        1    6.09e-02    2.83e+00
  48  1.274337e+02    2.29e+00    3.79e+03   1.38e+01   6.28e-01  1.08e+04        1    6.17e-02    2.89e+00
  49  1.251827e+02    2.25e+00    3.90e+03   1.34e+01   6.31e-01  1.10e+04        1    5.88e-02    2.95e+00
  50  1.229673e+02    2.22e+00    4.02e+03   1.30e+01   6.33e-01  1.12e+04        1    6.19e-02    3.01e+00
  51  1.207883e+02    2.18e+00    4.12e+03   1.26e+01   6.36e-01  1.15e+04        1    6.49e-02    3.08e+00
  52  1.186470e+02    2.14e+00    4.23e+03   1.22e+01   6.38e-01  1.17e+04        1    6.09e-02    3.14e+00
  53  1.165442e+02    2.10e+00    4.34e+03   1.18e+01   6.40e-01  1.20e+04        1    6.15e-02    3.20e+00
  54  1.144811e+02    2.06e+00    4.44e+03   1.14e+01   6.42e-01  1.22e+04        1    6.26e-02    3.26e+00
  55  1.124586e+02    2.02e+00    4.53e+03   1.11e+01   6.44e-01  1.25e+04        1    6.26e-02    3.33e+00
  56  1.104777e+02    1.98e+00    4.63e+03   1.08e+01   6.46e-01  1.29e+04        1    5.67e-02    3.38e+00
  57  1.085393e+02    1.94e+00    4.72e+03   1.04e+01   6.47e-01  1.32e+04        1    6.23e-02    3.44e+00
  58  1.066442e+02    1.90e+00    4.80e+03   1.01e+01   6.49e-01  1.35e+04        1    6.21e-02    3.51e+00
  59  1.047931e+02    1.85e+00    4.88e+03   9.79e+00   6.50e-01  1.39e+04        1    6.14e-02    3.57e+00
  60  1.029866e+02    1.81e+00    4.95e+03   9.48e+00   6.52e-01  1.43e+04        1    6.10e-02    3.63e+00
  61  1.012253e+02    1.76e+00    5.01e+03   9.18e+00   6.53e-01  1.47e+04        1    5.88e-02    3.69e+00
  62  9.950970e+01    1.72e+00    5.07e+03   8.89e+00   6.54e-01  1.52e+04        1    5.58e-02    3.74e+00
  63  9.784007e+01    1.67e+00    5.12e+03   8.61e+00   6.55e-01  1.57e+04        1    6.01e-02    3.80e+00
  64  9.621673e+01    1.62e+00    5.17e+03   8.33e+00   6.57e-01  1.62e+04        1    6.10e-02    3.87e+00
  65  9.463986e+01    1.58e+00    5.20e+03   8.06e+00   6.58e-01  1.67e+04        1    5.86e-02    3.92e+00
  66  9.310956e+01    1.53e+00    5.23e+03   7.80e+00   6.59e-01  1.72e+04        1    6.23e-02    3.99e+00
  67  9.162588e+01    1.48e+00    5.24e+03   7.54e+00   6.59e-01  1.78e+04        1    6.17e-02    4.05e+00
  68  9.018879e+01    1.44e+00    5.25e+03   7.29e+00   6.60e-01  1.84e+04        1    6.28e-02    4.11e+00
  69  8.879817e+01    1.39e+00    5.25e+03   7.04e+00   6.61e-01  1.91e+04        1    6.17e-02    4.17e+00
  70  8.745390e+01    1.34e+00    5.23e+03   6.80e+00   6.62e-01  1.97e+04        1    6.07e-02    4.23e+00
  71  8.615579e+01    1.30e+00    5.21e+03   6.57e+00   6.62e-01  2.04e+04        1    5.96e-02    4.29e+00
  72  8.490360e+01    1.25e+00    5.17e+03   6.34e+00   6.63e-01  2.11e+04        1    5.93e-02    4.35e+00
  73  8.369711e+01    1.21e+00    5.12e+03   6.11e+00   6.63e-01  2.19e+04        1    6.13e-02    4.41e+00
  74  8.253606e+01    1.16e+00    5.06e+03   5.89e+00   6.64e-01  2.27e+04        1    6.18e-02    4.48e+00
  75  8.142021e+01    1.12e+00    4.98e+03   5.67e+00   6.64e-01  2.35e+04        1    6.16e-02    4.54e+00
  76  8.034934e+01    1.07e+00    4.89e+03   5.46e+00   6.64e-01  2.44e+04        1    6.32e-02    4.60e+00
  77  7.932324e+01    1.03e+00    4.78e+03   5.25e+00   6.64e-01  2.53e+04        1    6.06e-02    4.66e+00
  78  7.834178e+01    9.81e-01    4.65e+03   5.05e+00   6.64e-01  2.62e+04        1    5.96e-02    4.72e+00
  79  7.740489e+01    9.37e-01    4.50e+03   4.86e+00   6.64e-01  2.72e+04        1    6.24e-02    4.78e+00
  80  7.651258e+01    8.92e-01    4.33e+03   4.67e+00   6.64e-01  2.81e+04        1    5.94e-02    4.84e+00
  81  7.566496e+01    8.48e-01    4.14e+03   4.49e+00   6.63e-01  2.92e+04        1    6.19e-02    4.90e+00
  82  7.486227e+01    8.03e-01    3.93e+03   4.33e+00   6.63e-01  3.02e+04        1    6.06e-02    4.96e+00
  83  7.410485e+01    7.57e-01    3.69e+03   4.19e+00   6.64e-01  3.13e+04        1    5.88e-02    5.02e+00
  84  7.339322e+01    7.12e-01    3.43e+03   4.09e+00   6.64e-01  3.24e+04        1    6.13e-02    5.08e+00
  85  7.272801e+01    6.65e-01    3.14e+03   4.04e+00   6.66e-01  3.37e+04        1    6.33e-02    5.15e+00
  86  7.210999e+01    6.18e-01    2.83e+03   4.08e+00   6.68e-01  3.50e+04        1    6.07e-02    5.21e+00
  87  7.154007e+01    5.70e-01    2.50e+03   4.23e+00   6.72e-01  3.65e+04        1    5.95e-02    5.27e+00
  88  7.101914e+01    5.21e-01    2.16e+03   4.53e+00   6.78e-01  3.82e+04        1    6.79e-02    5.34e+00
  89  7.054801e+01    4.71e-01    1.82e+03   5.01e+00   6.85e-01  4.02e+04        1    5.58e-02    5.39e+00
  90  7.012702e+01    4.21e-01    1.50e+03   5.69e+00   6.95e-01  4.28e+04        1    6.43e-02    5.46e+00
  91  6.975563e+01    3.71e-01    1.21e+03   6.59e+00   7.06e-01  4.60e+04        1    5.96e-02    5.52e+00
  92  6.943206e+01    3.24e-01    9.52e+02   7.73e+00   7.17e-01  5.00e+04        1    6.06e-02    5.58e+00
  93  6.915307e+01    2.79e-01    7.39e+02   9.12e+00   7.28e-01  5.53e+04        1    6.02e-02    5.64e+00
  94  6.891437e+01    2.39e-01    5.67e+02   1.08e+01   7.38e-01  6.20e+04        1    6.15e-02    5.70e+00
  95  6.871106e+01    2.03e-01    4.32e+02   1.29e+01   7.47e-01  7.05e+04        1    6.10e-02    5.76e+00
  96  6.853827e+01    1.73e-01    3.28e+02   1.54e+01   7.55e-01  8.14e+04        1    6.74e-02    5.83e+00
  97  6.839151e+01    1.47e-01    2.49e+02   1.84e+01   7.62e-01  9.51e+04        1    6.02e-02    5.89e+00
  98  6.826684e+01    1.25e-01    1.89e+02   2.21e+01   7.68e-01  1.12e+05        1    6.09e-02    5.95e+00
  99  6.816095e+01    1.06e-01    1.44e+02   2.67e+01   7.73e-01  1.34e+05        1    6.24e-02    6.01e+00
 100  6.807104e+01    8.99e-02    1.10e+02   3.24e+01   7.77e-01  1.62e+05        1    6.03e-02    6.07e+00


Bundle adjustment report
------------------------
    Residuals : 80
   Parameters : 67
   Iterations : 101
         Time : 6.0707 [s]
 Initial cost : 10.792 [px]
   Final cost : 0.922436 [px]
  Termination : No convergence

  => Filtered observations: 1
  => Filtered images: 0
  => No good initial image pair found.
  => Relaxing the initialization constraints.

==============================================================================
Initializing with image pair #3 and #6
==============================================================================


==============================================================================
Global bundle adjustment
==============================================================================

iter      cost      cost_change  |gradient|   |step|    tr_ratio  tr_radius  ls_iter  iter_time  total_time
   0  6.283354e+02    0.00e+00    3.19e+04   0.00e+00   0.00e+00  1.00e+04        0    1.26e-02    1.31e-02
   1  2.779791e+02    3.50e+02    9.44e+04   6.75e+01   6.89e-01  1.06e+04        1    5.92e-02    7.23e-02
   2  1.040081e+02    1.74e+02    5.67e+03   2.97e+01   9.96e-01  3.17e+04        1    5.37e-02    1.26e-01
   3  1.085456e+02   -4.54e+00    0.00e+00   3.34e+01  -3.41e-01  1.58e+04        1    4.98e-02    1.76e-01
   4  9.666530e+01    7.34e+00    1.29e+04   2.11e+01   7.02e-01  1.70e+04        1    6.21e-02    2.38e-01
   5  9.073751e+01    5.93e+00    4.96e+03   1.46e+01   8.87e-01  3.15e+04        1    6.19e-02    3.00e-01
   6  8.959606e+01    1.14e+00    8.17e+03   1.80e+01   3.99e-01  3.13e+04        1    6.18e-02    3.62e-01
   7  8.764527e+01    1.95e+00    7.61e+03   1.44e+01   6.96e-01  3.33e+04        1    5.84e-02    4.20e-01
   8  8.673118e+01    9.14e-01    9.08e+03   1.42e+01   4.94e-01  3.33e+04        1    6.17e-02    4.82e-01
   9  8.573571e+01    9.95e-01    9.35e+03   1.38e+01   5.19e-01  3.33e+04        1    6.17e-02    5.44e-01
  10  8.476041e+01    9.75e-01    9.45e+03   1.37e+01   5.09e-01  3.33e+04        1    6.49e-02    6.09e-01
  11  8.378015e+01    9.80e-01    9.47e+03   1.36e+01   5.04e-01  3.33e+04        1    6.11e-02    6.70e-01
  12  8.279000e+01    9.90e-01    9.45e+03   1.36e+01   5.00e-01  3.33e+04        1    6.24e-02    7.32e-01
  13  8.178900e+01    1.00e+00    9.41e+03   1.36e+01   4.97e-01  3.33e+04        1    6.20e-02    7.94e-01
  14  8.077724e+01    1.01e+00    9.35e+03   1.36e+01   4.94e-01  3.33e+04        1    6.25e-02    8.57e-01
  15  7.975515e+01    1.02e+00    9.28e+03   1.36e+01   4.91e-01  3.33e+04        1    6.20e-02    9.19e-01
  16  7.872331e+01    1.03e+00    9.20e+03   1.35e+01   4.88e-01  3.33e+04        1    6.12e-02    9.80e-01
  17  7.768242e+01    1.04e+00    9.11e+03   1.35e+01   4.86e-01  3.33e+04        1    6.56e-02    1.05e+00
  18  7.663325e+01    1.05e+00    9.01e+03   1.34e+01   4.84e-01  3.33e+04        1    5.92e-02    1.10e+00
  19  7.557670e+01    1.06e+00    8.90e+03   1.34e+01   4.83e-01  3.33e+04        1    6.49e-02    1.17e+00
  20  7.451372e+01    1.06e+00    8.77e+03   1.33e+01   4.82e-01  3.33e+04        1    6.06e-02    1.23e+00
  21  7.344538e+01    1.07e+00    8.64e+03   1.33e+01   4.81e-01  3.33e+04        1    6.42e-02    1.29e+00
  22  7.237285e+01    1.07e+00    8.50e+03   1.32e+01   4.81e-01  3.33e+04        1    6.30e-02    1.36e+00
  23  7.129738e+01    1.08e+00    8.34e+03   1.31e+01   4.81e-01  3.33e+04        1    6.13e-02    1.42e+00
  24  7.022032e+01    1.08e+00    8.17e+03   1.30e+01   4.82e-01  3.33e+04        1    6.22e-02    1.48e+00
  25  6.914311e+01    1.08e+00    8.00e+03   1.29e+01   4.83e-01  3.33e+04        1    5.91e-02    1.54e+00
  26  6.806726e+01    1.08e+00    7.81e+03   1.28e+01   4.84e-01  3.33e+04        1    6.16e-02    1.60e+00
  27  6.699440e+01    1.07e+00    7.62e+03   1.26e+01   4.86e-01  3.33e+04        1    6.24e-02    1.66e+00
  28  6.592618e+01    1.07e+00    7.42e+03   1.25e+01   4.89e-01  3.33e+04        1    6.22e-02    1.73e+00
  29  6.486436e+01    1.06e+00    7.21e+03   1.24e+01   4.92e-01  3.33e+04        1    6.16e-02    1.79e+00
  30  6.381075e+01    1.05e+00    6.99e+03   1.22e+01   4.95e-01  3.33e+04        1    6.45e-02    1.85e+00
  31  6.276721e+01    1.04e+00    6.77e+03   1.20e+01   4.99e-01  3.33e+04        1    6.40e-02    1.92e+00
  32  6.173566e+01    1.03e+00    6.54e+03   1.19e+01   5.04e-01  3.33e+04        1    5.95e-02    1.98e+00
  33  6.071802e+01    1.02e+00    6.31e+03   1.17e+01   5.09e-01  3.33e+04        1    6.12e-02    2.04e+00
  34  5.971629e+01    1.00e+00    6.07e+03   1.15e+01   5.14e-01  3.33e+04        1    6.07e-02    2.10e+00
  35  5.873242e+01    9.84e-01    5.83e+03   1.13e+01   5.20e-01  3.33e+04        1    6.18e-02    2.16e+00
  36  5.776837e+01    9.64e-01    5.59e+03   1.11e+01   5.27e-01  3.33e+04        1    6.54e-02    2.23e+00
  37  5.682605e+01    9.42e-01    5.34e+03   1.09e+01   5.34e-01  3.33e+04        1    5.88e-02    2.28e+00
  38  5.590727e+01    9.19e-01    5.10e+03   1.06e+01   5.41e-01  3.33e+04        1    6.16e-02    2.35e+00
  39  5.501371e+01    8.94e-01    4.86e+03   1.04e+01   5.49e-01  3.33e+04        1    6.43e-02    2.41e+00
  40  5.414689e+01    8.67e-01    4.63e+03   1.02e+01   5.57e-01  3.34e+04        1    6.00e-02    2.47e+00
  41  5.330807e+01    8.39e-01    4.40e+03   9.96e+00   5.65e-01  3.35e+04        1    6.08e-02    2.53e+00
  42  5.249827e+01    8.10e-01    4.18e+03   9.73e+00   5.73e-01  3.36e+04        1    6.38e-02    2.60e+00
  43  5.171820e+01    7.80e-01    3.97e+03   9.50e+00   5.80e-01  3.37e+04        1    6.21e-02    2.66e+00
  44  5.096830e+01    7.50e-01    3.77e+03   9.28e+00   5.88e-01  3.39e+04        1    6.19e-02    2.72e+00
  45  5.024871e+01    7.20e-01    3.57e+03   9.06e+00   5.95e-01  3.41e+04        1    6.25e-02    2.78e+00
  46  4.955933e+01    6.89e-01    3.39e+03   8.85e+00   6.02e-01  3.44e+04        1    6.25e-02    2.84e+00
  47  4.889990e+01    6.59e-01    3.22e+03   8.64e+00   6.08e-01  3.48e+04        1    6.59e-02    2.91e+00
  48  4.827002e+01    6.30e-01    3.06e+03   8.44e+00   6.14e-01  3.52e+04        1    6.00e-02    2.97e+00
  49  4.766921e+01    6.01e-01    2.90e+03   8.24e+00   6.19e-01  3.57e+04        1    5.79e-02    3.03e+00
  50  4.709697e+01    5.72e-01    2.76e+03   8.05e+00   6.24e-01  3.62e+04        1    6.32e-02    3.09e+00
  51  4.655282e+01    5.44e-01    2.62e+03   7.87e+00   6.29e-01  3.68e+04        1    6.20e-02    3.15e+00
  52  4.603629e+01    5.17e-01    2.49e+03   7.69e+00   6.33e-01  3.76e+04        1    6.08e-02    3.21e+00
  53  4.554694e+01    4.89e-01    2.37e+03   7.51e+00   6.38e-01  3.84e+04        1    6.27e-02    3.28e+00
  54  4.508439e+01    4.63e-01    2.25e+03   7.33e+00   6.42e-01  3.92e+04        1    6.49e-02    3.34e+00
  55  4.464826e+01    4.36e-01    2.13e+03   7.16e+00   6.45e-01  4.02e+04        1    6.06e-02    3.40e+00
  56  4.423819e+01    4.10e-01    2.02e+03   6.99e+00   6.49e-01  4.13e+04        1    6.32e-02    3.47e+00
  57  4.385384e+01    3.84e-01    1.91e+03   6.81e+00   6.53e-01  4.26e+04        1    6.44e-02    3.53e+00
  58  4.349484e+01    3.59e-01    1.81e+03   6.64e+00   6.57e-01  4.39e+04        1    5.95e-02    3.59e+00
  59  4.316079e+01    3.34e-01    1.70e+03   6.46e+00   6.60e-01  4.54e+04        1    6.24e-02    3.65e+00
  60  4.285126e+01    3.10e-01    1.61e+03   6.28e+00   6.64e-01  4.71e+04        1    6.22e-02    3.71e+00
  61  4.256580e+01    2.85e-01    1.51e+03   6.10e+00   6.68e-01  4.89e+04        1    6.11e-02    3.78e+00
  62  4.230386e+01    2.62e-01    1.44e+03   5.92e+00   6.72e-01  5.10e+04        1    6.15e-02    3.84e+00
  63  4.206484e+01    2.39e-01    1.38e+03   5.73e+00   6.76e-01  5.33e+04        1    6.57e-02    3.90e+00
  64  4.184810e+01    2.17e-01    1.31e+03   5.54e+00   6.81e-01  5.60e+04        1    6.16e-02    3.96e+00
  65  4.165290e+01    1.95e-01    1.24e+03   5.35e+00   6.85e-01  5.90e+04        1    6.33e-02    4.03e+00
  66  4.147843e+01    1.74e-01    1.18e+03   5.15e+00   6.90e-01  6.24e+04        1    6.07e-02    4.09e+00
  67  4.132381e+01    1.55e-01    1.10e+03   4.95e+00   6.95e-01  6.63e+04        1    6.26e-02    4.15e+00
  68  4.118809e+01    1.36e-01    1.03e+03   4.74e+00   7.00e-01  7.09e+04        1    6.42e-02    4.22e+00
  69  4.107025e+01    1.18e-01    9.56e+02   4.53e+00   7.06e-01  7.62e+04        1    6.11e-02    4.28e+00
  70  4.096919e+01    1.01e-01    8.80e+02   4.31e+00   7.12e-01  8.25e+04        1    6.29e-02    4.34e+00
  71  4.088375e+01    8.54e-02    8.02e+02   4.09e+00   7.19e-01  9.01e+04        1    6.17e-02    4.40e+00
  72  4.081271e+01    7.10e-02    7.23e+02   3.86e+00   7.27e-01  9.94e+04        1    6.57e-02    4.47e+00
  73  4.075479e+01    5.79e-02    6.44e+02   3.62e+00   7.35e-01  1.11e+05        1    5.68e-02    4.52e+00
  74  4.070868e+01    4.61e-02    5.64e+02   3.36e+00   7.45e-01  1.26e+05        1    6.04e-02    4.58e+00
  75  4.067302e+01    3.57e-02    4.85e+02   3.10e+00   7.55e-01  1.45e+05        1    6.25e-02    4.65e+00
  76  4.064642e+01    2.66e-02    4.07e+02   2.83e+00   7.68e-01  1.71e+05        1    6.38e-02    4.71e+00
  77  4.062749e+01    1.89e-02    3.31e+02   2.54e+00   7.83e-01  2.09e+05        1    6.19e-02    4.77e+00
  78  4.061483e+01    1.27e-02    2.57e+02   2.23e+00   8.02e-01  2.68e+05        1    6.14e-02    4.83e+00
  79  4.060708e+01    7.75e-03    1.87e+02   1.89e+00   8.25e-01  3.69e+05        1    6.34e-02    4.90e+00
  80  4.060291e+01    4.17e-03    1.24e+02   1.53e+00   8.55e-01  5.75e+05        1    6.12e-02    4.96e+00
  81  4.060110e+01    1.81e-03    6.83e+01   1.14e+00   8.95e-01  1.13e+06        1    6.47e-02    5.02e+00
  82  4.060056e+01    5.37e-04    2.66e+01   7.09e-01   9.47e-01  3.40e+06        1    6.24e-02    5.09e+00
  83  4.060049e+01    7.24e-05    4.28e+00   2.84e-01   1.00e+00  1.02e+07        1    6.11e-02    5.15e+00
  84  4.060049e+01    1.99e-06    6.27e-01   4.43e-02   1.04e+00  3.06e+07        1    6.24e-02    5.21e+00
  85  4.060049e+01    1.85e-08    7.46e-03   4.44e-03   1.11e+00  9.17e+07        1    6.22e-02    5.27e+00


Bundle adjustment report
------------------------
    Residuals : 384
   Parameters : 295
   Iterations : 86
         Time : 5.27165 [s]
 Initial cost : 1.27918 [px]
   Final cost : 0.325162 [px]
  Termination : Convergence

  => Filtered observations: 0
  => Filtered images: 0

==============================================================================
Registering image #2 (3)
==============================================================================

  => Image sees 17 / 83 points

Pose refinement report
----------------------
    Residuals : 34
   Parameters : 8
   Iterations : 19
         Time : 0.00229576 [s]
 Initial cost : 0.786021 [px]
   Final cost : 0.519819 [px]
  Termination : Convergence

  => Continued observations: 17
  => Added observations: 15

Bundle adjustment report
------------------------
    Residuals : 448
   Parameters : 322
   Iterations : 13
         Time : 0.742476 [s]
 Initial cost : 3.38217 [px]
   Final cost : 0.306754 [px]
  Termination : Convergence

  => Merged observations: 0
  => Completed observations: 1
  => Filtered observations: 0
  => Changed observations: 0.004464

Bundle adjustment report
------------------------
    Residuals : 450
   Parameters : 322
   Iterations : 2
         Time : 0.0709194 [s]
 Initial cost : 0.357324 [px]
   Final cost : 0.350917 [px]
  Termination : Convergence

  => Merged observations: 0
  => Completed observations: 0
  => Filtered observations: 0
  => Changed observations: 0.000000

==============================================================================
Retriangulation
==============================================================================

  => Merged observations: 0
  => Completed observations: 0
  => Retriangulated observations: 0

==============================================================================
Global bundle adjustment
==============================================================================

iter      cost      cost_change  |gradient|   |step|    tr_ratio  tr_radius  ls_iter  iter_time  total_time
   0  5.541436e+01    0.00e+00    1.97e+00   0.00e+00   0.00e+00  1.00e+04        0    1.10e-02    1.15e-02
   1  5.539381e+01    2.06e-02    2.27e+01   1.12e+00   1.01e+00  3.00e+04        1    6.34e-02    7.49e-02
   2  5.538190e+01    1.19e-02    6.35e+01   1.33e+00   9.90e-01  9.00e+04        1    6.05e-02    1.35e-01
   3  5.536629e+01    1.56e-02    2.07e+02   2.14e+00   8.99e-01  1.83e+05        1    6.25e-02    1.98e-01
   4  5.535211e+01    1.42e-02    3.81e+02   2.88e+00   6.95e-01  1.94e+05        1    5.94e-02    2.57e-01
   5  5.533802e+01    1.41e-02    2.03e+02   2.11e+00   8.90e-01  3.69e+05        1    6.10e-02    3.18e-01
   6  5.533199e+01    6.03e-03    2.13e+02   2.17e+00   7.54e-01  4.25e+05        1    6.00e-02    3.78e-01
   7  5.532826e+01    3.74e-03    7.30e+01   1.27e+00   9.46e-01  1.27e+06        1    6.04e-02    4.39e-01
   8  5.532745e+01    8.04e-04    4.34e+01   9.83e-01   9.17e-01  3.02e+06        1    6.31e-02    5.02e-01
   9  5.532732e+01    1.36e-04    4.21e+00   3.07e-01   1.01e+00  9.07e+06        1    6.32e-02    5.65e-01
  10  5.532731e+01    2.34e-06    6.36e-01   5.15e-02   1.05e+00  2.72e+07        1    6.12e-02    6.26e-01
  11  5.532731e+01    2.49e-08    7.70e-03   5.23e-03   1.11e+00  8.17e+07        1    6.23e-02    6.89e-01


Bundle adjustment report
------------------------
    Residuals : 450
   Parameters : 322
   Iterations : 12
         Time : 0.688699 [s]
 Initial cost : 0.350917 [px]
   Final cost : 0.350642 [px]
  Termination : Convergence

  => Merged observations: 0
  => Completed observations: 0
  => Filtered observations: 0
  => Changed observations: 0.000000
  => Filtered images: 0

==============================================================================
Initializing with image pair #3 and #2
==============================================================================


==============================================================================
Global bundle adjustment
==============================================================================

iter      cost      cost_change  |gradient|   |step|    tr_ratio  tr_radius  ls_iter  iter_time  total_time
   0  1.387380e+04    0.00e+00    1.58e+04   0.00e+00   0.00e+00  1.00e+04        0    6.32e-03    6.61e-03
   1  4.990204e+04   -3.60e+04    0.00e+00   3.68e+02  -9.00e+00  5.00e+03        1    4.86e-02    5.52e-02
   2  3.818343e+04   -2.43e+04    0.00e+00   2.81e+02  -6.20e+00  1.25e+03        1    4.83e-02    1.04e-01
   3  1.486870e+04   -9.95e+02    0.00e+00   1.41e+02  -2.76e-01  1.56e+02        1    4.76e-02    1.51e-01
   4  1.163321e+04    2.24e+03    7.58e+03   3.55e+01   9.61e-01  4.69e+02        1    6.01e-02    2.11e-01
   5  1.050797e+04    1.13e+03    1.26e+04   6.49e+01   9.14e-01  1.08e+03        1    6.04e-02    2.72e-01
   6  1.037799e+04    1.30e+02    3.42e+04   1.18e+02   1.77e-01  8.50e+02        1    6.18e-02    3.33e-01
   7  9.562892e+03    8.15e+02    2.83e+04   9.01e+01   8.41e-01  1.24e+03        1    6.19e-02    3.95e-01
   8  9.506420e+03    5.65e+01    6.49e+04   1.24e+02   9.70e-02  8.17e+02        1    6.20e-02    4.57e-01
   9  8.782018e+03    7.24e+02    2.78e+04   7.45e+01   9.23e-01  2.08e+03        1    6.33e-02    5.21e-01
  10  1.020098e+04   -1.42e+03    0.00e+00   1.73e+02  -2.28e+00  1.04e+03        1    4.86e-02    5.69e-01
  11  8.559780e+03    2.22e+02    4.61e+04   8.95e+01   6.20e-01  1.05e+03        1    6.16e-02    6.31e-01
  12  8.252503e+03    3.07e+02    4.57e+04   8.27e+01   7.47e-01  1.20e+03        1    6.18e-02    6.93e-01
  13  7.998845e+03    2.54e+02    5.79e+04   8.60e+01   6.48e-01  1.23e+03        1    6.15e-02    7.54e-01
  14  7.707350e+03    2.91e+02    5.90e+04   8.01e+01   7.07e-01  1.33e+03        1    6.17e-02    8.16e-01
  15  7.446893e+03    2.60e+02    6.74e+04   7.88e+01   6.54e-01  1.37e+03        1    6.16e-02    8.78e-01
  16  7.171318e+03    2.76e+02    7.04e+04   7.40e+01   6.74e-01  1.43e+03        1    6.17e-02    9.39e-01
  17  6.909122e+03    2.62e+02    7.59e+04   7.05e+01   6.49e-01  1.46e+03        1    5.87e-02    9.98e-01
  18  6.643612e+03    2.66e+02    7.92e+04   6.61e+01   6.51e-01  1.51e+03        1    6.34e-02    1.06e+00
  19  6.384310e+03    2.59e+02    8.24e+04   6.19e+01   6.42e-01  1.54e+03        1    6.01e-02    1.12e+00
  20  6.127964e+03    2.56e+02    8.43e+04   5.76e+01   6.41e-01  1.58e+03        1    6.23e-02    1.18e+00
  21  5.877994e+03    2.50e+02    8.54e+04   5.34e+01   6.40e-01  1.61e+03        1    5.87e-02    1.24e+00
  22  5.635105e+03    2.43e+02    8.55e+04   4.94e+01   6.41e-01  1.65e+03        1    6.33e-02    1.31e+00
  23  5.401092e+03    2.34e+02    8.48e+04   4.55e+01   6.43e-01  1.69e+03        1    6.19e-02    1.37e+00
  24  5.176985e+03    2.24e+02    8.34e+04   4.19e+01   6.46e-01  1.73e+03        1    5.82e-02    1.43e+00
  25  4.963677e+03    2.13e+02    8.15e+04   3.86e+01   6.49e-01  1.78e+03        1    5.96e-02    1.49e+00
  26  4.761644e+03    2.02e+02    7.93e+04   3.55e+01   6.53e-01  1.83e+03        1    6.22e-02    1.55e+00
  27  4.571127e+03    1.91e+02    7.69e+04   3.26e+01   6.56e-01  1.89e+03        1    6.26e-02    1.61e+00
  28  4.392163e+03    1.79e+02    7.43e+04   3.00e+01   6.59e-01  1.95e+03        1    6.28e-02    1.67e+00
  29  4.224677e+03    1.67e+02    7.16e+04   2.77e+01   6.61e-01  2.02e+03        1    6.22e-02    1.74e+00
  30  4.068531e+03    1.56e+02    6.89e+04   2.55e+01   6.63e-01  2.09e+03        1    6.11e-02    1.80e+00
  31  3.923558e+03    1.45e+02    6.62e+04   2.35e+01   6.64e-01  2.17e+03        1    6.10e-02    1.86e+00
  32  3.789569e+03    1.34e+02    6.35e+04   2.17e+01   6.65e-01  2.25e+03        1    6.21e-02    1.92e+00
  33  3.666354e+03    1.23e+02    6.08e+04   2.00e+01   6.65e-01  2.33e+03        1    6.14e-02    1.98e+00
  34  3.553660e+03    1.13e+02    5.81e+04   1.84e+01   6.65e-01  2.42e+03        1    6.06e-02    2.04e+00
  35  3.451177e+03    1.02e+02    5.55e+04   1.70e+01   6.64e-01  2.51e+03        1    6.15e-02    2.10e+00
  36  3.358519e+03    9.27e+01    5.29e+04   1.56e+01   6.63e-01  2.60e+03        1    6.03e-02    2.16e+00
  37  3.275209e+03    8.33e+01    5.03e+04   1.44e+01   6.61e-01  2.69e+03        1    6.21e-02    2.23e+00
  38  3.200682e+03    7.45e+01    4.77e+04   1.33e+01   6.59e-01  2.78e+03        1    6.10e-02    2.29e+00
  39  3.134293e+03    6.64e+01    4.53e+04   1.22e+01   6.57e-01  2.87e+03        1    6.18e-02    2.35e+00
  40  3.075333e+03    5.90e+01    4.29e+04   1.13e+01   6.55e-01  2.95e+03        1    6.16e-02    2.41e+00
  41  3.023058e+03    5.23e+01    4.05e+04   1.04e+01   6.52e-01  3.04e+03        1    6.16e-02    2.47e+00
  42  2.976714e+03    4.63e+01    3.83e+04   9.58e+00   6.50e-01  3.12e+03        1    6.31e-02    2.53e+00
  43  2.935568e+03    4.11e+01    3.62e+04   8.86e+00   6.48e-01  3.20e+03        1    5.94e-02    2.59e+00
  44  2.898928e+03    3.66e+01    3.42e+04   8.20e+00   6.46e-01  3.29e+03        1    6.19e-02    2.66e+00
  45  2.866160e+03    3.28e+01    3.24e+04   7.62e+00   6.44e-01  3.37e+03        1    5.98e-02    2.72e+00
  46  2.836700e+03    2.95e+01    3.07e+04   7.09e+00   6.43e-01  3.45e+03        1    6.35e-02    2.78e+00
  47  2.810053e+03    2.66e+01    2.91e+04   6.61e+00   6.43e-01  3.53e+03        1    6.20e-02    2.84e+00
  48  2.785796e+03    2.43e+01    2.77e+04   6.19e+00   6.42e-01  3.61e+03        1    6.23e-02    2.90e+00
  49  2.763572e+03    2.22e+01    2.64e+04   5.81e+00   6.42e-01  3.70e+03        1    6.13e-02    2.97e+00
  50  2.743081e+03    2.05e+01    2.53e+04   5.47e+00   6.42e-01  3.78e+03        1    6.45e-02    3.03e+00
  51  2.724076e+03    1.90e+01    2.42e+04   5.17e+00   6.42e-01  3.87e+03        1    6.10e-02    3.09e+00
  52  2.706353e+03    1.77e+01    2.33e+04   4.89e+00   6.42e-01  3.97e+03        1    6.17e-02    3.15e+00
  53  2.689744e+03    1.66e+01    2.25e+04   4.65e+00   6.42e-01  4.06e+03        1    6.26e-02    3.22e+00
  54  2.674114e+03    1.56e+01    2.17e+04   4.42e+00   6.43e-01  4.16e+03        1    6.22e-02    3.28e+00
  55  2.659350e+03    1.48e+01    2.11e+04   4.22e+00   6.42e-01  4.25e+03        1    6.10e-02    3.34e+00
  56  2.645361e+03    1.40e+01    2.05e+04   4.03e+00   6.42e-01  4.35e+03        1    5.48e-02    3.39e+00
  57  2.632072e+03    1.33e+01    1.99e+04   3.86e+00   6.42e-01  4.46e+03        1    6.07e-02    3.45e+00
  58  2.619419e+03    1.27e+01    1.94e+04   3.71e+00   6.42e-01  4.56e+03        1    6.54e-02    3.52e+00
  59  2.607350e+03    1.21e+01    1.90e+04   3.56e+00   6.41e-01  4.66e+03        1    6.04e-02    3.58e+00
  60  2.595821e+03    1.15e+01    1.85e+04   3.43e+00   6.40e-01  4.77e+03        1    6.16e-02    3.64e+00
  61  2.584794e+03    1.10e+01    1.81e+04   3.30e+00   6.40e-01  4.88e+03        1    6.14e-02    3.70e+00
  62  2.574236e+03    1.06e+01    1.78e+04   3.18e+00   6.39e-01  4.98e+03        1    6.18e-02    3.76e+00
  63  2.564118e+03    1.01e+01    1.74e+04   3.07e+00   6.38e-01  5.09e+03        1    6.09e-02    3.83e+00
  64  2.554414e+03    9.70e+00    1.71e+04   2.97e+00   6.38e-01  5.20e+03        1    6.22e-02    3.89e+00
  65  2.545101e+03    9.31e+00    1.67e+04   2.87e+00   6.37e-01  5.31e+03        1    6.18e-02    3.95e+00
  66  2.536157e+03    8.94e+00    1.64e+04   2.77e+00   6.36e-01  5.42e+03        1    6.72e-02    4.02e+00
  67  2.527564e+03    8.59e+00    1.61e+04   2.68e+00   6.36e-01  5.53e+03        1    5.65e-02    4.07e+00
  68  2.519302e+03    8.26e+00    1.58e+04   2.60e+00   6.35e-01  5.64e+03        1    6.21e-02    4.14e+00
  69  2.511355e+03    7.95e+00    1.55e+04   2.52e+00   6.34e-01  5.75e+03        1    6.12e-02    4.20e+00
  70  2.503708e+03    7.65e+00    1.53e+04   2.44e+00   6.33e-01  5.86e+03        1    6.12e-02    4.26e+00
  71  2.496346e+03    7.36e+00    1.50e+04   2.37e+00   6.33e-01  5.98e+03        1    6.18e-02    4.32e+00
  72  2.489255e+03    7.09e+00    1.48e+04   2.30e+00   6.32e-01  6.09e+03        1    6.49e-02    4.39e+00
  73  2.482421e+03    6.83e+00    1.45e+04   2.24e+00   6.32e-01  6.20e+03        1    5.68e-02    4.44e+00
  74  2.475832e+03    6.59e+00    1.43e+04   2.18e+00   6.31e-01  6.31e+03        1    6.15e-02    4.50e+00
  75  2.469477e+03    6.36e+00    1.40e+04   2.12e+00   6.30e-01  6.43e+03        1    6.10e-02    4.56e+00
  76  2.463344e+03    6.13e+00    1.38e+04   2.06e+00   6.30e-01  6.54e+03        1    6.30e-02    4.63e+00
  77  2.457423e+03    5.92e+00    1.36e+04   2.01e+00   6.29e-01  6.66e+03        1    6.28e-02    4.69e+00
  78  2.451704e+03    5.72e+00    1.34e+04   1.96e+00   6.29e-01  6.77e+03        1    6.19e-02    4.75e+00
  79  2.446178e+03    5.53e+00    1.32e+04   1.91e+00   6.28e-01  6.89e+03        1    6.16e-02    4.81e+00
  80  2.440835e+03    5.34e+00    1.30e+04   1.86e+00   6.28e-01  7.01e+03        1    6.23e-02    4.88e+00
  81  2.435668e+03    5.17e+00    1.28e+04   1.82e+00   6.27e-01  7.12e+03        1    6.12e-02    4.94e+00
  82  2.430668e+03    5.00e+00    1.26e+04   1.78e+00   6.27e-01  7.24e+03        1    6.41e-02    5.00e+00
  83  2.425827e+03    4.84e+00    1.24e+04   1.74e+00   6.26e-01  7.36e+03        1    6.16e-02    5.06e+00
  84  2.421139e+03    4.69e+00    1.22e+04   1.71e+00   6.26e-01  7.48e+03        1    6.18e-02    5.12e+00
  85  2.416596e+03    4.54e+00    1.20e+04   1.67e+00   6.25e-01  7.60e+03        1    6.26e-02    5.19e+00
  86  2.412192e+03    4.40e+00    1.19e+04   1.64e+00   6.25e-01  7.72e+03        1    6.58e-02    5.25e+00
  87  2.407921e+03    4.27e+00    1.17e+04   1.61e+00   6.24e-01  7.84e+03        1    5.53e-02    5.31e+00
  88  2.403777e+03    4.14e+00    1.15e+04   1.58e+00   6.24e-01  7.96e+03        1    6.46e-02    5.37e+00
  89  2.399754e+03    4.02e+00    1.14e+04   1.56e+00   6.23e-01  8.08e+03        1    6.26e-02    5.44e+00
  90  2.395848e+03    3.91e+00    1.12e+04   1.53e+00   6.23e-01  8.20e+03        1    6.21e-02    5.50e+00
  91  2.392053e+03    3.80e+00    1.11e+04   1.51e+00   6.23e-01  8.32e+03        1    6.06e-02    5.56e+00
  92  2.388364e+03    3.69e+00    1.09e+04   1.49e+00   6.22e-01  8.45e+03        1    6.13e-02    5.62e+00
  93  2.384778e+03    3.59e+00    1.08e+04   1.47e+00   6.22e-01  8.57e+03        1    6.64e-02    5.69e+00
  94  2.381289e+03    3.49e+00    1.06e+04   1.45e+00   6.21e-01  8.69e+03        1    5.61e-02    5.74e+00
  95  2.377893e+03    3.40e+00    1.05e+04   1.44e+00   6.21e-01  8.82e+03        1    6.01e-02    5.80e+00
  96  2.374587e+03    3.31e+00    1.04e+04   1.43e+00   6.21e-01  8.94e+03        1    6.46e-02    5.87e+00
  97  2.371367e+03    3.22e+00    1.02e+04   1.41e+00   6.20e-01  9.07e+03        1    6.25e-02    5.93e+00
  98  2.368230e+03    3.14e+00    1.01e+04   1.40e+00   6.20e-01  9.20e+03        1    6.10e-02    5.99e+00
  99  2.365171e+03    3.06e+00    1.00e+04   1.39e+00   6.19e-01  9.32e+03        1    6.31e-02    6.05e+00
 100  2.362188e+03    2.98e+00    9.89e+03   1.39e+00   6.19e-01  9.45e+03        1    5.70e-02    6.11e+00


Bundle adjustment report
------------------------
    Residuals : 252
   Parameters : 196
   Iterations : 101
         Time : 6.11103 [s]
 Initial cost : 7.41989 [px]
   Final cost : 3.06166 [px]
  Termination : No convergence

  => Filtered observations: 16
  => Filtered images: 0

==============================================================================
Initializing with image pair #5 and #4
==============================================================================


==============================================================================
Global bundle adjustment
==============================================================================

iter      cost      cost_change  |gradient|   |step|    tr_ratio  tr_radius  ls_iter  iter_time  total_time
   0  6.482834e+03    0.00e+00    1.84e+05   0.00e+00   0.00e+00  1.00e+04        0    6.60e-03    7.03e-03
   1  8.915055e+03   -2.43e+03    0.00e+00   1.44e+02  -4.01e-01  5.00e+03        1    4.86e-02    5.56e-02
   2  7.821066e+03   -1.34e+03    0.00e+00   1.58e+02  -2.32e-01  1.25e+03        1    4.87e-02    1.04e-01
   3  3.356098e+03    3.13e+03    9.83e+05   1.03e+02   6.67e-01  1.30e+03        1    7.01e-02    1.75e-01
   4  1.090222e+03    2.27e+03    1.39e+05   6.67e+01   9.82e-01  3.90e+03        1    5.63e-02    2.31e-01
   5  5.631927e+02    5.27e+02    3.97e+04   2.00e+01   8.99e-01  7.95e+03        1    6.26e-02    2.93e-01
   6  8.790802e+02   -3.16e+02    0.00e+00   8.50e+01  -1.04e+00  3.98e+03        1    5.06e-02    3.44e-01
   7  3.928981e+02    1.70e+02    2.85e+04   4.22e+01   7.28e-01  4.39e+03        1    6.21e-02    4.06e-01
   8  2.799645e+02    1.13e+02    2.97e+04   5.56e+01   7.05e-01  4.72e+03        1    6.23e-02    4.68e-01
   9  1.966109e+02    8.34e+01    1.92e+04   4.81e+01   8.15e-01  6.29e+03        1    6.54e-02    5.34e-01
  10  1.561496e+02    4.05e+01    1.30e+04   4.13e+01   8.08e-01  8.21e+03        1    6.19e-02    5.96e-01
  11  1.361344e+02    2.00e+01    5.89e+03   2.86e+01   9.04e-01  1.73e+04        1    6.15e-02    6.57e-01
  12  1.307228e+02    5.41e+00    4.10e+03   2.06e+01   9.02e-01  3.61e+04        1    7.01e-02    7.28e-01
  13  1.297986e+02    9.24e-01    2.08e+03   1.02e+01   9.62e-01  1.08e+05        1    5.57e-02    7.83e-01
  14  1.297457e+02    5.28e-02    2.08e+03   1.15e+01   4.27e-01  1.08e+05        1    6.11e-02    8.44e-01
  15  1.296544e+02    9.13e-02    1.14e+03   1.01e+01   6.06e-01  1.09e+05        1    5.89e-02    9.03e-01
  16  1.295751e+02    7.94e-02    1.10e+03   9.98e+00   5.73e-01  1.09e+05        1    5.57e-02    9.65e-01
  17  1.294955e+02    7.96e-02    1.09e+03   9.85e+00   5.81e-01  1.10e+05        1    6.20e-02    1.03e+00
  18  1.294175e+02    7.80e-02    1.07e+03   9.75e+00   5.83e-01  1.10e+05        1    6.27e-02    1.09e+00
  19  1.293408e+02    7.67e-02    1.06e+03   9.64e+00   5.86e-01  1.11e+05        1    6.18e-02    1.15e+00
  20  1.292655e+02    7.53e-02    1.05e+03   9.53e+00   5.88e-01  1.11e+05        1    6.15e-02    1.21e+00
  21  1.291916e+02    7.39e-02    1.04e+03   9.42e+00   5.90e-01  1.12e+05        1    6.38e-02    1.28e+00
  22  1.291192e+02    7.25e-02    1.03e+03   9.31e+00   5.93e-01  1.13e+05        1    5.91e-02    1.34e+00
  23  1.290482e+02    7.10e-02    1.02e+03   9.21e+00   5.95e-01  1.14e+05        1    5.95e-02    1.40e+00
  24  1.289786e+02    6.95e-02    1.00e+03   9.10e+00   5.97e-01  1.14e+05        1    6.17e-02    1.46e+00
  25  1.289106e+02    6.80e-02    9.91e+02   8.99e+00   5.99e-01  1.15e+05        1    6.16e-02    1.52e+00
  26  1.288441e+02    6.65e-02    9.78e+02   8.89e+00   6.01e-01  1.16e+05        1    6.13e-02    1.58e+00
  27  1.287791e+02    6.50e-02    9.65e+02   8.78e+00   6.03e-01  1.17e+05        1    6.42e-02    1.64e+00
  28  1.287157e+02    6.34e-02    9.51e+02   8.67e+00   6.05e-01  1.18e+05        1    6.50e-02    1.71e+00
  29  1.286539e+02    6.18e-02    9.37e+02   8.57e+00   6.07e-01  1.20e+05        1    5.97e-02    1.77e+00
  30  1.285936e+02    6.02e-02    9.22e+02   8.46e+00   6.09e-01  1.21e+05        1    6.18e-02    1.83e+00
  31  1.285350e+02    5.86e-02    9.08e+02   8.35e+00   6.11e-01  1.22e+05        1    6.17e-02    1.89e+00
  32  1.284781e+02    5.70e-02    8.92e+02   8.24e+00   6.13e-01  1.24e+05        1    6.23e-02    1.95e+00
  33  1.284228e+02    5.53e-02    8.77e+02   8.13e+00   6.15e-01  1.25e+05        1    6.17e-02    2.02e+00
  34  1.283692e+02    5.36e-02    8.61e+02   8.02e+00   6.17e-01  1.27e+05        1    6.14e-02    2.08e+00
  35  1.283173e+02    5.19e-02    8.44e+02   7.91e+00   6.18e-01  1.28e+05        1    6.12e-02    2.14e+00
  36  1.282671e+02    5.02e-02    8.28e+02   7.80e+00   6.20e-01  1.30e+05        1    6.56e-02    2.20e+00
  37  1.282187e+02    4.85e-02    8.10e+02   7.68e+00   6.22e-01  1.32e+05        1    6.06e-02    2.27e+00
  38  1.281719e+02    4.67e-02    7.93e+02   7.57e+00   6.24e-01  1.34e+05        1    5.97e-02    2.33e+00
  39  1.281270e+02    4.50e-02    7.75e+02   7.45e+00   6.26e-01  1.36e+05        1    6.86e-02    2.39e+00
  40  1.280838e+02    4.32e-02    7.57e+02   7.33e+00   6.28e-01  1.39e+05        1    5.60e-02    2.45e+00
  41  1.280423e+02    4.14e-02    7.38e+02   7.21e+00   6.31e-01  1.41e+05        1    6.19e-02    2.51e+00
  42  1.280027e+02    3.97e-02    7.19e+02   7.09e+00   6.33e-01  1.44e+05        1    6.28e-02    2.57e+00
  43  1.279647e+02    3.79e-02    7.00e+02   6.97e+00   6.35e-01  1.47e+05        1    6.47e-02    2.64e+00
  44  1.279286e+02    3.62e-02    6.80e+02   6.85e+00   6.37e-01  1.50e+05        1    6.16e-02    2.70e+00
  45  1.278942e+02    3.44e-02    6.60e+02   6.72e+00   6.39e-01  1.53e+05        1    6.43e-02    2.77e+00
  46  1.278615e+02    3.27e-02    6.40e+02   6.59e+00   6.42e-01  1.57e+05        1    6.44e-02    2.83e+00
  47  1.278306e+02    3.09e-02    6.19e+02   6.47e+00   6.44e-01  1.61e+05        1    5.95e-02    2.89e+00
  48  1.278014e+02    2.92e-02    5.99e+02   6.33e+00   6.47e-01  1.65e+05        1    6.38e-02    2.95e+00
  49  1.277739e+02    2.75e-02    5.78e+02   6.20e+00   6.49e-01  1.69e+05        1    6.27e-02    3.02e+00
  50  1.277481e+02    2.58e-02    5.56e+02   6.07e+00   6.52e-01  1.74e+05        1    5.63e-02    3.07e+00
  51  1.277239e+02    2.42e-02    5.35e+02   5.93e+00   6.54e-01  1.80e+05        1    6.92e-02    3.14e+00
  52  1.277013e+02    2.26e-02    5.13e+02   5.79e+00   6.57e-01  1.85e+05        1    5.57e-02    3.20e+00
  53  1.276804e+02    2.10e-02    4.91e+02   5.65e+00   6.60e-01  1.92e+05        1    6.12e-02    3.26e+00
  54  1.276610e+02    1.94e-02    4.69e+02   5.51e+00   6.63e-01  1.98e+05        1    6.29e-02    3.32e+00
  55  1.276431e+02    1.79e-02    4.47e+02   5.36e+00   6.66e-01  2.06e+05        1    6.77e-02    3.39e+00
  56  1.276266e+02    1.64e-02    4.25e+02   5.21e+00   6.70e-01  2.14e+05        1    5.59e-02    3.45e+00
  57  1.276116e+02    1.50e-02    4.03e+02   5.06e+00   6.73e-01  2.24e+05        1    6.28e-02    3.51e+00
  58  1.275980e+02    1.36e-02    3.80e+02   4.90e+00   6.77e-01  2.34e+05        1    6.24e-02    3.57e+00
  59  1.275857e+02    1.23e-02    3.58e+02   4.74e+00   6.80e-01  2.46e+05        1    6.25e-02    3.63e+00
  60  1.275747e+02    1.10e-02    3.35e+02   4.58e+00   6.84e-01  2.58e+05        1    6.07e-02    3.69e+00
  61  1.275649e+02    9.82e-03    3.13e+02   4.42e+00   6.88e-01  2.73e+05        1    6.32e-02    3.76e+00
  62  1.275562e+02    8.67e-03    2.91e+02   4.25e+00   6.93e-01  2.90e+05        1    6.19e-02    3.82e+00
  63  1.275486e+02    7.59e-03    2.68e+02   4.07e+00   6.98e-01  3.09e+05        1    6.40e-02    3.88e+00
  64  1.275420e+02    6.58e-03    2.46e+02   3.89e+00   7.03e-01  3.31e+05        1    6.07e-02    3.94e+00
  65  1.275364e+02    5.63e-03    2.24e+02   3.71e+00   7.08e-01  3.57e+05        1    6.24e-02    4.01e+00
  66  1.275316e+02    4.76e-03    2.03e+02   3.52e+00   7.15e-01  3.87e+05        1    6.12e-02    4.07e+00
  67  1.275277e+02    3.95e-03    1.81e+02   3.32e+00   7.21e-01  4.24e+05        1    6.24e-02    4.13e+00
  68  1.275245e+02    3.23e-03    1.60e+02   3.12e+00   7.28e-01  4.69e+05        1    5.95e-02    4.19e+00
  69  1.275219e+02    2.58e-03    1.40e+02   2.91e+00   7.37e-01  5.24e+05        1    6.15e-02    4.25e+00
  70  1.275199e+02    2.00e-03    1.20e+02   2.69e+00   7.46e-01  5.95e+05        1    6.09e-02    4.31e+00
  71  1.275184e+02    1.51e-03    1.00e+02   2.45e+00   7.56e-01  6.87e+05        1    6.24e-02    4.37e+00
  72  1.275173e+02    1.09e-03    8.17e+01   2.21e+00   7.68e-01  8.13e+05        1    6.68e-02    4.44e+00
  73  1.275165e+02    7.40e-04    6.40e+01   1.95e+00   7.82e-01  9.91e+05        1    6.08e-02    4.50e+00
  74  1.275161e+02    4.68e-04    4.74e+01   1.68e+00   7.99e-01  1.26e+06        1    6.21e-02    4.56e+00
  75  1.275158e+02    2.65e-04    3.24e+01   1.38e+00   8.19e-01  1.70e+06        1    6.29e-02    4.63e+00
  76  1.275157e+02    1.27e-04    1.93e+01   1.07e+00   8.42e-01  2.50e+06        1    6.65e-02    4.69e+00
  77  1.275156e+02    4.59e-05    9.09e+00   7.28e-01   8.68e-01  4.16e+06        1    5.80e-02    4.75e+00
  78  1.275156e+02    9.88e-06    2.65e+00   3.89e-01   8.90e-01  7.94e+06        1    6.44e-02    4.82e+00
  79  1.275156e+02    7.69e-07    9.39e-01   1.19e-01   9.14e-01  1.84e+07        1    6.07e-02    4.88e+00
  80  1.275156e+02    1.10e-08    1.10e-02   7.99e-03   1.03e+00  5.53e+07        1    6.19e-02    4.94e+00


Bundle adjustment report
------------------------
    Residuals : 476
   Parameters : 364
   Iterations : 81
         Time : 4.93826 [s]
 Initial cost : 3.69045 [px]
   Final cost : 0.517581 [px]
  Termination : Convergence

  => Filtered observations: 0
  => Filtered images: 0

==============================================================================
Initializing with image pair #5 and #3
==============================================================================


==============================================================================
Global bundle adjustment
==============================================================================

iter      cost      cost_change  |gradient|   |step|    tr_ratio  tr_radius  ls_iter  iter_time  total_time
   0  1.201683e+03    0.00e+00    6.21e+04   0.00e+00   0.00e+00  1.00e+04        0    6.30e-03    6.44e-03
   1  9.791532e+02    2.23e+02    3.28e+05   2.21e+02   2.49e-01  8.88e+03        1    6.04e-02    6.69e-02
   2  2.469955e+03   -1.49e+03    0.00e+00   4.33e+00  -2.10e+00  4.44e+03        1    5.05e-02    1.17e-01
   3  7.795238e+02    2.00e+02    1.02e+05   7.69e+00   2.88e-01  4.13e+03        1    5.97e-02    1.77e-01
   4  2.913358e+02    4.88e+02    2.05e+04   2.88e+01   9.92e-01  1.24e+04        1    5.85e-02    2.36e-01
   5  2.952672e+02   -3.93e+00    0.00e+00   2.10e+01  -4.89e-01  6.19e+03        1    4.98e-02    2.86e-01
   6  2.856001e+02    5.74e+00    1.15e+04   2.00e+01   8.25e-01  8.54e+03        1    6.13e-02    3.47e-01
   7  2.833048e+02    2.30e+00    4.73e+03   1.74e+01   9.68e-01  2.56e+04        1    6.14e-02    4.08e-01
   8  2.829612e+02    3.44e-01    5.38e+03   2.34e+00   5.20e-01  2.56e+04        1    6.40e-02    4.72e-01
   9  2.920454e+02   -9.08e+00    0.00e+00   2.33e+01  -9.00e+00  1.28e+04        1    4.83e-02    5.21e-01
  10  2.834382e+02   -4.77e-01    0.00e+00   1.38e+01  -7.15e-01  3.20e+03        1    4.79e-02    5.69e-01
  11  2.826339e+02    3.27e-01    4.94e+02   4.73e+00   8.57e-01  5.04e+03        1    6.20e-02    6.30e-01
  12  2.826003e+02    3.35e-02    6.44e+01   6.98e-01   9.86e-01  1.51e+04        1    6.23e-02    6.93e-01
  13  2.825483e+02    5.21e-02    1.35e+02   3.26e+00   9.63e-01  4.54e+04        1    5.98e-02    7.53e-01
  14  2.824813e+02    6.70e-02    8.99e+02   1.66e+01   4.91e-01  4.54e+04        1    6.18e-02    8.14e-01
  15  2.823652e+02    1.16e-01    1.04e+03   2.26e+01   5.44e-01  4.54e+04        1    6.41e-02    8.79e-01
  16  3.061491e+02   -2.38e+01    0.00e+00   1.32e+01  -3.31e+01  2.27e+04        1    4.80e-02    9.27e-01
  17  2.842220e+02   -1.86e+00    0.00e+00   7.06e+00  -4.61e+00  5.68e+03        1    4.73e-02    9.74e-01
  18  2.822733e+02    9.18e-02    7.93e+02   2.04e+00   5.88e-01  5.71e+03        1    5.98e-02    1.03e+00
  19  2.822410e+02    3.23e-02    5.16e+01   4.03e+00   7.27e-01  6.30e+03        1    6.28e-02    1.10e+00
  20  2.822204e+02    2.07e-02    1.43e+02   1.45e+00   8.23e-01  8.62e+03        1    5.92e-02    1.16e+00
  21  2.821934e+02    2.70e-02    4.19e+01   4.48e+00   9.15e-01  2.01e+04        1    6.17e-02    1.22e+00
  22  2.821449e+02    4.85e-02    7.64e+02   6.24e+00   7.02e-01  2.15e+04        1    6.13e-02    1.28e+00
  23  2.821865e+02   -4.16e-02    0.00e+00   1.74e+01  -2.80e-01  1.07e+04        1    4.91e-02    1.33e+00
  24  2.821158e+02    2.91e-02    1.41e+02   8.80e+00   3.62e-01  1.05e+04        1    6.17e-02    1.39e+00
  25  2.821449e+02   -2.91e-02    0.00e+00   1.46e+00  -2.46e-01  5.26e+03        1    4.95e-02    1.44e+00
  26  2.820857e+02    3.01e-02    5.16e+02   8.40e-01   4.64e-01  5.25e+03        1    6.22e-02    1.50e+00
  27  2.820627e+02    2.30e-02    2.66e+01   3.32e+00   8.25e-01  7.25e+03        1    6.09e-02    1.56e+00
  28  2.820393e+02    2.34e-02    1.01e+02   2.40e+00   9.30e-01  1.99e+04        1    5.96e-02    1.62e+00
  29  2.819808e+02    5.85e-02    2.06e+02   1.01e+01   8.74e-01  3.42e+04        1    6.16e-02    1.68e+00
  30  2.822916e+02   -3.11e-01    0.00e+00   6.34e+00  -1.89e+00  1.71e+04        1    4.81e-02    1.73e+00
  31  2.819686e+02    1.22e-02    1.37e+03   3.06e+00   1.44e-01  1.26e+04        1    6.32e-02    1.79e+00
  32  2.820249e+02   -5.63e-02    0.00e+00   1.43e+01  -2.60e-01  6.28e+03        1    4.67e-02    1.84e+00
  33  2.819135e+02    5.51e-02    2.70e+02   7.27e+00   4.37e-01  6.27e+03        1    6.27e-02    1.90e+00
  34  2.818838e+02    2.97e-02    4.33e+02   2.80e-01   5.46e-01  6.27e+03        1    6.09e-02    1.97e+00
  35  2.818581e+02    2.56e-02    3.46e+01   4.37e+00   7.33e-01  6.98e+03        1    6.09e-02    2.03e+00
  36  2.818344e+02    2.37e-02    1.57e+02   1.99e+00   8.46e-01  1.04e+04        1    6.14e-02    2.09e+00
  37  2.818004e+02    3.40e-02    6.93e+01   5.83e+00   8.69e-01  1.74e+04        1    6.05e-02    2.15e+00
  38  2.817646e+02    3.58e-02    9.61e+02   4.62e+00   4.98e-01  1.74e+04        1    6.05e-02    2.21e+00
  39  2.818288e+02   -6.42e-02    0.00e+00   1.64e+01  -3.63e-01  8.69e+03        1    4.81e-02    2.26e+00
  40  2.817307e+02    3.39e-02    2.01e+02   8.27e+00   3.47e-01  8.45e+03        1    6.25e-02    2.32e+00
  41  2.817194e+02    1.13e-02    1.13e+03   7.85e-01   1.17e-01  5.83e+03        1    6.28e-02    2.38e+00
  42  2.816686e+02    5.08e-02    1.42e+02   5.94e+00   5.45e-01  5.83e+03        1    6.28e-02    2.44e+00
  43  2.816437e+02    2.50e-02    2.52e+02   9.15e-01   6.85e-01  6.14e+03        1    6.24e-02    2.51e+00
  44  2.816206e+02    2.30e-02    3.10e+01   3.71e+00   8.66e-01  1.01e+04        1    6.05e-02    2.57e+00
  45  2.815864e+02    3.42e-02    1.95e+02   3.59e+00   9.11e-01  2.28e+04        1    6.28e-02    2.63e+00
  46  2.815264e+02    6.00e-02    3.43e+02   1.32e+01   6.66e-01  2.37e+04        1    6.29e-02    2.69e+00
  47  2.824783e+02   -9.52e-01    0.00e+00   1.63e+00  -3.83e+00  1.19e+04        1    4.96e-02    2.74e+00
  48  2.815714e+02   -4.50e-02    0.00e+00   9.72e-01  -3.43e-01  2.96e+03        1    4.88e-02    2.79e+00
  49  2.814961e+02    3.03e-02    1.73e+02   3.49e-01   7.48e-01  3.37e+03        1    6.11e-02    2.85e+00
  50  2.814828e+02    1.33e-02    2.66e+01   1.12e+00   9.81e-01  1.01e+04        1    6.67e-02    2.92e+00
  51  2.814467e+02    3.61e-02    1.05e+02   4.07e+00   9.84e-01  3.04e+04        1    5.63e-02    2.98e+00
  52  2.813564e+02    9.03e-02    4.14e+02   1.47e+01   8.24e-01  4.17e+04        1    6.82e-02    3.04e+00
  53  2.816506e+02   -2.94e-01    0.00e+00   1.17e+01  -1.46e+00  2.08e+04        1    4.36e-02    3.09e+00
  54  2.813110e+02    4.54e-02    1.48e+03   5.72e+00   4.12e-01  2.07e+04        1    6.44e-02    3.15e+00
  55  2.817050e+02   -3.94e-01    0.00e+00   2.27e+01  -1.24e+00  1.04e+04        1    4.73e-02    3.20e+00
  56  2.812938e+02    1.72e-02    5.12e+02   1.15e+01   9.62e-02  6.79e+03        1    6.17e-02    3.26e+00
  57  2.812838e+02    1.00e-02    1.86e+03   3.16e+00   4.90e-02  3.91e+03        1    6.17e-02    3.32e+00
  58  2.811855e+02    9.83e-02    1.17e+02   4.32e+00   7.65e-01  4.60e+03        1    6.24e-02    3.39e+00
  59  2.811668e+02    1.88e-02    4.07e+01   1.80e+00   9.67e-01  1.38e+04        1    6.20e-02    3.45e+00
  60  2.811161e+02    5.07e-02    8.87e+01   6.83e+00   9.75e-01  4.14e+04        1    6.09e-02    3.51e+00
  61  2.810800e+02    3.61e-02    2.51e+03   1.65e+01   2.23e-01  3.54e+04        1    5.96e-02    3.57e+00
  62  2.819673e+02   -8.87e-01    0.00e+00   3.39e+01  -1.89e+00  1.77e+04        1    5.14e-02    3.62e+00
  63  2.810670e+02    1.30e-02    7.50e+02   1.72e+01   4.40e-02  1.01e+04        1    5.99e-02    3.68e+00
  64  2.826143e+02   -1.55e+00    0.00e+00   1.03e+01  -2.27e+00  5.03e+03        1    4.94e-02    3.73e+00
  65  2.810053e+02    6.17e-02    2.48e+03   5.37e+00   1.61e-01  3.84e+03        1    6.72e-02    3.80e+00
  66  2.808574e+02    1.48e-01    7.12e+01   3.32e+00   9.00e-01  7.85e+03        1    5.57e-02    3.85e+00
  67  2.808259e+02    3.15e-02    1.42e+02   2.87e+00   9.34e-01  2.26e+04        1    6.43e-02    3.92e+00
  68  2.807481e+02    7.78e-02    3.19e+02   1.23e+01   8.38e-01  3.27e+04        1    6.06e-02    3.98e+00
  69  2.814628e+02   -7.15e-01    0.00e+00   5.84e+00  -3.31e+00  1.64e+04        1    4.99e-02    4.03e+00
  70  2.807604e+02   -1.22e-02    0.00e+00   2.79e+00  -1.08e-01  4.09e+03        1    4.88e-02    4.08e+00
  71  2.807202e+02    2.80e-02    1.54e+02   6.24e-01   8.06e-01  5.32e+03        1    7.02e-02    4.15e+00
  72  2.806983e+02    2.18e-02    1.18e+01   2.61e+00   9.92e-01  1.59e+04        1    5.57e-02    4.20e+00
  73  2.806365e+02    6.18e-02    2.77e+02   7.12e+00   9.59e-01  4.78e+04        1    6.02e-02    4.26e+00
  74  2.806008e+02    3.58e-02    1.40e+03   2.61e+01   1.78e-01  3.77e+04        1    6.33e-02    4.33e+00
  75  2.941930e+02   -1.36e+01    0.00e+00   5.29e+00  -1.94e+01  1.89e+04        1    4.92e-02    4.37e+00
  76  2.815306e+02   -9.30e-01    0.00e+00   3.03e+00  -2.17e+00  4.72e+03        1    4.98e-02    4.42e+00
  77  2.804281e+02    1.73e-01    5.62e+02   9.56e-01   8.03e-01  6.07e+03        1    6.36e-02    4.49e+00
  78  2.803958e+02    3.23e-02    3.16e+01   3.67e+00   8.85e-01  1.12e+04        1    6.36e-02    4.55e+00
  79  2.803520e+02    4.37e-02    3.56e+02   4.04e+00   8.52e-01  1.71e+04        1    6.04e-02    4.61e+00
  80  2.802983e+02    5.37e-02    2.50e+02   1.15e+01   5.91e-01  1.72e+04        1    6.15e-02    4.67e+00
  81  2.807738e+02   -4.75e-01    0.00e+00   9.69e-01  -2.13e+00  8.60e+03        1    4.81e-02    4.72e+00
  82  2.802947e+02    3.65e-03    1.40e+03   6.06e-01   3.12e-02  4.72e+03        1    6.40e-02    4.79e+00
  83  2.802237e+02    7.10e-02    1.23e+02   5.14e+00   6.48e-01  4.84e+03        1    5.70e-02    4.84e+00
  84  2.801996e+02    2.41e-02    1.15e+02   1.58e+00   8.72e-01  8.25e+03        1    6.00e-02    4.90e+00
  85  2.801643e+02    3.53e-02    4.45e+01   4.58e+00   9.64e-01  2.47e+04        1    6.13e-02    4.96e+00
  86  2.800841e+02    8.01e-02    1.14e+03   1.05e+01   7.30e-01  2.74e+04        1    6.24e-02    5.03e+00
  87  2.801252e+02   -4.10e-02    0.00e+00   2.17e+01  -1.92e-01  1.37e+04        1    4.88e-02    5.08e+00
  88  2.800301e+02    5.40e-02    1.32e+02   1.09e+01   4.53e-01  1.37e+04        1    6.20e-02    5.14e+00
  89  2.804459e+02   -4.16e-01    0.00e+00   2.34e+00  -1.70e+00  6.85e+03        1    4.84e-02    5.19e+00
  90  2.800128e+02    1.73e-02    1.29e+03   1.30e+00   1.34e-01  4.91e+03        1    5.73e-02    5.24e+00
  91  2.799493e+02    6.35e-02    9.21e+01   4.76e+00   6.92e-01  5.21e+03        1    5.85e-02    5.30e+00
  92  2.799241e+02    2.52e-02    1.36e+02   1.70e+00   8.62e-01  8.41e+03        1    6.42e-02    5.37e+00
  93  2.798869e+02    3.71e-02    4.97e+01   4.77e+00   9.55e-01  2.52e+04        1    6.10e-02    5.43e+00
  94  2.798122e+02    7.47e-02    1.40e+03   1.05e+01   6.38e-01  2.58e+04        1    5.94e-02    5.49e+00
  95  2.799271e+02   -1.15e-01    0.00e+00   2.23e+01  -4.56e-01  1.29e+04        1    5.01e-02    5.54e+00
  96  2.797611e+02    5.11e-02    2.08e+02   1.13e+01   3.56e-01  1.26e+04        1    6.29e-02    5.60e+00
  97  2.802654e+02   -5.04e-01    0.00e+00   3.24e+00  -1.76e+00  6.29e+03        1    4.88e-02    5.65e+00
  98  2.797392e+02    2.20e-02    1.40e+03   1.76e+00   1.43e-01  4.61e+03        1    6.11e-02    5.71e+00
  99  2.796696e+02    6.95e-02    8.16e+01   4.37e+00   7.42e-01  5.20e+03        1    6.15e-02    5.77e+00
 100  2.796445e+02    2.52e-02    1.13e+02   1.89e+00   9.02e-01  1.08e+04        1    6.25e-02    5.83e+00


Bundle adjustment report
------------------------
    Residuals : 72
   Parameters : 61
   Iterations : 101
         Time : 5.8337 [s]
 Initial cost : 4.08534 [px]
   Final cost : 1.97077 [px]
  Termination : No convergence

  => Filtered observations: 2
  => Filtered images: 0

==============================================================================
Initializing with image pair #6 and #2
==============================================================================


==============================================================================
Global bundle adjustment
==============================================================================

iter      cost      cost_change  |gradient|   |step|    tr_ratio  tr_radius  ls_iter  iter_time  total_time
   0  1.771965e+05    0.00e+00    3.04e+05   0.00e+00   0.00e+00  1.00e+04        0    6.57e-03    6.74e-03
   1  9.777271e+05   -8.01e+05    0.00e+00   6.14e+02  -4.73e+00  5.00e+03        1    4.81e-02    5.49e-02
   2  2.417335e+05   -6.45e+04    0.00e+00   3.07e+02  -3.92e-01  1.25e+03        1    4.75e-02    1.02e-01
   3  2.002448e+06   -1.83e+06    0.00e+00   2.00e+02  -1.17e+01  1.56e+02        1    4.86e-02    1.51e-01
   4  7.180376e+05   -5.41e+05    0.00e+00   2.07e+02  -3.71e+00  9.77e+00        1    4.70e-02    1.98e-01
   5  1.051977e+05    7.20e+04    1.84e+05   4.67e+01   9.38e-01  2.93e+01        1    5.62e-02    2.54e-01
   6  7.858604e+04    2.66e+04    2.39e+05   6.07e+01   5.07e-01  2.93e+01        1    6.13e-02    3.16e-01
   7  4.773701e+04    3.08e+04    2.33e+04   1.09e+00   9.99e-01  8.79e+01        1    6.92e-02    3.85e-01
   8  4.223366e+04    5.50e+03    1.30e+05   1.17e+02   6.52e-01  9.05e+01        1    5.58e-02    4.41e-01
   9  4.160981e+04    6.24e+02    4.05e+05   1.27e+02   5.30e-02  5.28e+01        1    6.05e-02    5.01e-01
  10  3.029466e+04    1.13e+04    4.93e+05   6.84e+01   6.27e-01  5.36e+01        1    6.15e-02    5.63e-01
  11  2.334043e+04    6.95e+03    5.38e+05   7.51e+01   4.72e-01  5.36e+01        1    6.12e-02    6.24e-01
  12  1.067086e+04    1.27e+04    1.90e+05   7.06e+01   8.88e-01  1.01e+02        1    6.19e-02    6.86e-01
  13  4.992994e+03    5.68e+03    1.54e+05   7.80e+01   9.03e-01  2.11e+02        1    6.16e-02    7.47e-01
  14  3.421075e+03    1.57e+03    1.14e+05   5.16e+01   5.91e-01  2.12e+02        1    6.36e-02    8.11e-01
  15  2.093778e+03    1.33e+03    1.39e+04   1.04e+01   9.86e-01  6.37e+02        1    6.08e-02    8.72e-01
  16  2.036026e+03    5.78e+01    2.96e+03   2.81e+00   9.92e-01  1.91e+03        1    6.22e-02    9.34e-01
  17  2.015101e+03    2.09e+01    5.09e+03   3.13e+01   9.17e-01  4.56e+03        1    6.08e-02    9.95e-01
  18  2.016092e+03   -9.91e-01    0.00e+00   8.55e+01  -2.36e-02  2.28e+03        1    4.96e-02    1.04e+00
  19  1.995386e+03    1.97e+01    6.80e+03   4.16e+01   8.66e-01  3.76e+03        1    6.17e-02    1.11e+00
  20  1.981103e+03    1.43e+01    1.85e+04   7.06e+01   4.40e-01  3.75e+03        1    6.05e-02    1.17e+00
  21  1.952826e+03    2.83e+01    1.61e+04   6.86e+01   6.73e-01  3.92e+03        1    5.94e-02    1.23e+00
  22  1.930147e+03    2.27e+01    1.55e+04   6.88e+01   6.47e-01  4.02e+03        1    6.06e-02    1.29e+00
  23  1.909432e+03    2.07e+01    1.43e+04   6.79e+01   6.66e-01  4.17e+03        1    6.24e-02    1.35e+00
  24  1.891398e+03    1.80e+01    1.36e+04   6.77e+01   6.62e-01  4.32e+03        1    6.11e-02    1.41e+00
  25  1.875120e+03    1.63e+01    1.29e+04   6.74e+01   6.67e-01  4.48e+03        1    6.05e-02    1.47e+00
  26  1.860497e+03    1.46e+01    1.23e+04   6.74e+01   6.66e-01  4.65e+03        1    6.08e-02    1.53e+00
  27  1.847195e+03    1.33e+01    1.18e+04   6.74e+01   6.67e-01  4.83e+03        1    6.07e-02    1.59e+00
  28  1.835067e+03    1.21e+01    1.13e+04   6.76e+01   6.66e-01  5.02e+03        1    6.18e-02    1.65e+00
  29  1.823946e+03    1.11e+01    1.09e+04   6.78e+01   6.66e-01  5.21e+03        1    6.42e-02    1.72e+00
  30  1.813719e+03    1.02e+01    1.05e+04   6.80e+01   6.66e-01  5.41e+03        1    6.40e-02    1.78e+00
  31  1.804282e+03    9.44e+00    1.02e+04   6.83e+01   6.65e-01  5.61e+03        1    6.10e-02    1.84e+00
  32  1.795554e+03    8.73e+00    9.83e+03   6.86e+01   6.64e-01  5.81e+03        1    6.14e-02    1.90e+00
  33  1.787462e+03    8.09e+00    9.51e+03   6.90e+01   6.63e-01  6.03e+03        1    6.53e-02    1.97e+00
  34  1.779944e+03    7.52e+00    9.21e+03   6.94e+01   6.63e-01  6.24e+03        1    5.68e-02    2.03e+00
  35  1.772948e+03    7.00e+00    8.92e+03   6.97e+01   6.62e-01  6.46e+03        1    6.01e-02    2.09e+00
  36  1.766425e+03    6.52e+00    8.65e+03   7.01e+01   6.61e-01  6.68e+03        1    6.17e-02    2.15e+00
  37  1.760334e+03    6.09e+00    8.39e+03   7.05e+01   6.60e-01  6.91e+03        1    6.18e-02    2.21e+00
  38  1.754639e+03    5.70e+00    8.14e+03   7.10e+01   6.59e-01  7.14e+03        1    6.32e-02    2.27e+00
  39  1.749306e+03    5.33e+00    7.90e+03   7.14e+01   6.59e-01  7.38e+03        1    6.24e-02    2.34e+00
  40  1.744305e+03    5.00e+00    7.68e+03   7.18e+01   6.58e-01  7.62e+03        1    6.14e-02    2.40e+00
  41  1.739610e+03    4.69e+00    7.46e+03   7.23e+01   6.57e-01  7.86e+03        1    6.02e-02    2.46e+00
  42  1.735198e+03    4.41e+00    7.26e+03   7.27e+01   6.56e-01  8.11e+03        1    6.17e-02    2.52e+00
  43  1.731047e+03    4.15e+00    7.06e+03   7.32e+01   6.56e-01  8.36e+03        1    6.19e-02    2.58e+00
  44  1.727136e+03    3.91e+00    6.87e+03   7.36e+01   6.55e-01  8.62e+03        1    6.03e-02    2.64e+00
  45  1.723449e+03    3.69e+00    6.68e+03   7.41e+01   6.54e-01  8.88e+03        1    6.44e-02    2.71e+00
  46  1.719969e+03    3.48e+00    6.51e+03   7.45e+01   6.54e-01  9.15e+03        1    6.03e-02    2.77e+00
  47  1.716681e+03    3.29e+00    6.34e+03   7.50e+01   6.53e-01  9.42e+03        1    6.13e-02    2.83e+00
  48  1.713573e+03    3.11e+00    6.18e+03   7.55e+01   6.52e-01  9.69e+03        1    6.00e-02    2.89e+00
  49  1.710631e+03    2.94e+00    6.03e+03   7.59e+01   6.52e-01  9.97e+03        1    6.11e-02    2.95e+00
  50  1.707844e+03    2.79e+00    5.88e+03   7.64e+01   6.51e-01  1.02e+04        1    6.27e-02    3.01e+00
  51  1.705203e+03    2.64e+00    5.73e+03   7.69e+01   6.50e-01  1.05e+04        1    6.18e-02    3.07e+00
  52  1.702697e+03    2.51e+00    5.59e+03   7.73e+01   6.50e-01  1.08e+04        1    6.13e-02    3.14e+00
  53  1.700318e+03    2.38e+00    5.46e+03   7.78e+01   6.49e-01  1.11e+04        1    6.17e-02    3.20e+00
  54  1.698058e+03    2.26e+00    5.33e+03   7.83e+01   6.49e-01  1.14e+04        1    6.20e-02    3.26e+00
  55  1.695909e+03    2.15e+00    5.21e+03   7.88e+01   6.48e-01  1.17e+04        1    6.04e-02    3.32e+00
  56  1.693865e+03    2.04e+00    5.09e+03   7.93e+01   6.47e-01  1.20e+04        1    6.10e-02    3.38e+00
  57  1.691919e+03    1.95e+00    4.97e+03   7.97e+01   6.47e-01  1.23e+04        1    5.86e-02    3.44e+00
  58  1.690065e+03    1.85e+00    4.86e+03   8.02e+01   6.46e-01  1.27e+04        1    6.14e-02    3.50e+00
  59  1.688297e+03    1.77e+00    4.75e+03   8.07e+01   6.46e-01  1.30e+04        1    6.19e-02    3.56e+00
  60  1.686612e+03    1.69e+00    4.65e+03   8.12e+01   6.45e-01  1.33e+04        1    5.90e-02    3.62e+00
  61  1.685004e+03    1.61e+00    4.55e+03   8.17e+01   6.45e-01  1.36e+04        1    6.16e-02    3.68e+00
  62  1.683468e+03    1.54e+00    4.45e+03   8.21e+01   6.44e-01  1.40e+04        1    6.09e-02    3.74e+00
  63  1.682000e+03    1.47e+00    4.36e+03   8.26e+01   6.43e-01  1.43e+04        1    6.07e-02    3.81e+00
  64  1.680598e+03    1.40e+00    4.27e+03   8.31e+01   6.43e-01  1.47e+04        1    5.94e-02    3.86e+00
  65  1.679256e+03    1.34e+00    4.18e+03   8.36e+01   6.42e-01  1.50e+04        1    6.27e-02    3.93e+00
  66  1.677973e+03    1.28e+00    4.09e+03   8.40e+01   6.42e-01  1.53e+04        1    6.00e-02    3.99e+00
  67  1.676744e+03    1.23e+00    4.01e+03   8.45e+01   6.41e-01  1.57e+04        1    6.17e-02    4.05e+00
  68  1.675567e+03    1.18e+00    3.93e+03   8.50e+01   6.41e-01  1.61e+04        1    6.13e-02    4.11e+00
  69  1.674439e+03    1.13e+00    3.85e+03   8.55e+01   6.40e-01  1.64e+04        1    6.17e-02    4.17e+00
  70  1.673358e+03    1.08e+00    3.78e+03   8.59e+01   6.40e-01  1.68e+04        1    6.10e-02    4.23e+00
  71  1.672321e+03    1.04e+00    3.70e+03   8.64e+01   6.39e-01  1.72e+04        1    6.09e-02    4.29e+00
  72  1.671326e+03    9.95e-01    3.63e+03   8.69e+01   6.39e-01  1.75e+04        1    5.72e-02    4.35e+00
  73  1.670371e+03    9.55e-01    3.56e+03   8.74e+01   6.39e-01  1.79e+04        1    6.53e-02    4.42e+00
  74  1.669453e+03    9.17e-01    3.50e+03   8.78e+01   6.38e-01  1.83e+04        1    6.08e-02    4.48e+00
  75  1.668572e+03    8.81e-01    3.43e+03   8.83e+01   6.38e-01  1.87e+04        1    6.10e-02    4.54e+00
  76  1.667725e+03    8.47e-01    3.37e+03   8.88e+01   6.37e-01  1.91e+04        1    6.38e-02    4.60e+00
  77  1.666911e+03    8.14e-01    3.31e+03   8.92e+01   6.37e-01  1.95e+04        1    5.81e-02    4.66e+00
  78  1.666127e+03    7.83e-01    3.25e+03   8.97e+01   6.36e-01  1.99e+04        1    6.19e-02    4.72e+00
  79  1.665374e+03    7.54e-01    3.19e+03   9.02e+01   6.36e-01  2.03e+04        1    6.24e-02    4.78e+00
  80  1.664648e+03    7.25e-01    3.13e+03   9.06e+01   6.35e-01  2.07e+04        1    6.04e-02    4.85e+00
  81  1.663950e+03    6.99e-01    3.07e+03   9.11e+01   6.35e-01  2.11e+04        1    6.12e-02    4.91e+00
  82  1.663277e+03    6.73e-01    3.02e+03   9.16e+01   6.35e-01  2.16e+04        1    6.18e-02    4.97e+00
  83  1.662628e+03    6.48e-01    2.97e+03   9.20e+01   6.34e-01  2.20e+04        1    6.40e-02    5.03e+00
  84  1.662003e+03    6.25e-01    2.92e+03   9.25e+01   6.34e-01  2.24e+04        1    6.07e-02    5.09e+00
  85  1.661401e+03    6.03e-01    2.87e+03   9.30e+01   6.33e-01  2.28e+04        1    6.15e-02    5.15e+00
  86  1.660820e+03    5.81e-01    2.82e+03   9.34e+01   6.33e-01  2.33e+04        1    6.12e-02    5.22e+00
  87  1.660259e+03    5.61e-01    2.77e+03   9.39e+01   6.33e-01  2.37e+04        1    5.97e-02    5.28e+00
  88  1.659718e+03    5.41e-01    2.73e+03   9.43e+01   6.32e-01  2.42e+04        1    6.10e-02    5.34e+00
  89  1.659195e+03    5.22e-01    2.68e+03   9.48e+01   6.32e-01  2.46e+04        1    6.26e-02    5.40e+00
  90  1.658691e+03    5.05e-01    2.64e+03   9.52e+01   6.31e-01  2.51e+04        1    6.10e-02    5.46e+00
  91  1.658203e+03    4.87e-01    2.59e+03   9.57e+01   6.31e-01  2.55e+04        1    6.17e-02    5.52e+00
  92  1.657732e+03    4.71e-01    2.55e+03   9.61e+01   6.31e-01  2.60e+04        1    6.22e-02    5.58e+00
  93  1.657277e+03    4.55e-01    2.51e+03   9.66e+01   6.30e-01  2.65e+04        1    6.11e-02    5.65e+00
  94  1.656837e+03    4.40e-01    2.47e+03   9.70e+01   6.30e-01  2.69e+04        1    6.12e-02    5.71e+00
  95  1.656412e+03    4.26e-01    2.43e+03   9.75e+01   6.30e-01  2.74e+04        1    6.37e-02    5.77e+00
  96  1.656000e+03    4.12e-01    2.39e+03   9.79e+01   6.29e-01  2.79e+04        1    6.25e-02    5.83e+00
  97  1.655602e+03    3.98e-01    2.36e+03   9.84e+01   6.29e-01  2.84e+04        1    6.12e-02    5.89e+00
  98  1.655216e+03    3.86e-01    2.32e+03   9.88e+01   6.29e-01  2.89e+04        1    6.12e-02    5.96e+00
  99  1.654843e+03    3.73e-01    2.29e+03   9.93e+01   6.28e-01  2.94e+04        1    6.10e-02    6.02e+00
 100  1.654481e+03    3.61e-01    2.25e+03   9.97e+01   6.28e-01  2.99e+04        1    6.12e-02    6.08e+00


Bundle adjustment report
------------------------
    Residuals : 80
   Parameters : 67
   Iterations : 101
         Time : 6.07783 [s]
 Initial cost : 47.0633 [px]
   Final cost : 4.54764 [px]
  Termination : No convergence

  => Filtered observations: 18
  => Filtered images: 0
  => No good initial image pair found.

Elapsed time: 2.363 [minutes]
	Command being timed: "colmap mapper --database_path data/object_A_all/database.db --image_path data/object_A_all/input --output_path data/object_A_all/sparse_relaxed --Mapper.init_min_num_inliers 15 --Mapper.abs_pose_min_num_inliers 15 --Mapper.init_min_tri_angle 1.0 --Mapper.filter_max_reproj_error 8.0"
	User time (seconds): 16956.20
	System time (seconds): 33.07
	Percent of CPU this job got: 11979%
	Elapsed (wall clock) time (h:mm:ss or m:ss): 2:21.82
	Average shared text size (kbytes): 0
	Average unshared data size (kbytes): 0
	Average stack size (kbytes): 0
	Average total size (kbytes): 0
	Maximum resident set size (kbytes): 49248
	Average resident set size (kbytes): 0
	Major (requiring I/O) page faults: 0
	Minor (reclaiming a frame) page faults: 54036
	Voluntary context switches: 1881530
	Involuntary context switches: 1789656
	Swaps: 0
	File system inputs: 0
	File system outputs: 968
	Socket messages sent: 0
	Socket messages received: 0
	Signals delivered: 0
	Page size (bytes): 4096
	Exit status: 0

## nvidia-smi after
NVIDIA-SMI has failed because it couldn't communicate with the NVIDIA driver. Make sure that the latest NVIDIA driver is installed and running.


status: 0
end: 2026-06-22T09:33:09+00:00
duration_sec: 142
