# object_A_video_3dgs_convert
start: 2026-06-22T10:08:39+00:00
project_root: /home/zhangzhiwei/homework/shenduxuexi /hw3_spatial_intelligence_project
git_commit: ac5cb56
expected_output: data/object_A_video/sparse
command: bash -lc cd\ third_party/gaussian-splatting\ \&\&\ PYTHONPATH=\"/home/zhangzhiwei/homework/shenduxuexi\ /hw3_spatial_intelligence_project/local_pkgs/3dgs\"\ /home/zhangzhiwei/miniconda3/bin/conda\ run\ -n\ base\ python\ convert.py\ -s\ ../../data/object_A_video\ --resize\ --no_gpu\ --magick_executable\ convert 

## nvidia-smi before
Mon Jun 22 10:08:39 2026       
+-----------------------------------------------------------------------------------------+
| NVIDIA-SMI 550.54.14              Driver Version: 550.54.14      CUDA Version: 12.4     |
|-----------------------------------------+------------------------+----------------------+
| GPU  Name                 Persistence-M | Bus-Id          Disp.A | Volatile Uncorr. ECC |
| Fan  Temp   Perf          Pwr:Usage/Cap |           Memory-Usage | GPU-Util  Compute M. |
|                                         |                        |               MIG M. |
|=========================================+========================+======================|
|   0  NVIDIA RTX A6000               Off |   00000000:01:00.0 Off |                  Off |
| 36%   65C    P2             96W /  300W |    4908MiB /  49140MiB |      0%      Default |
|                                         |                        |                  N/A |
+-----------------------------------------+------------------------+----------------------+
|   1  NVIDIA RTX A6000               Off |   00000000:25:00.0 Off |                  Off |
| 30%   33C    P8              8W /  300W |       3MiB /  49140MiB |      0%      Default |
|                                         |                        |                  N/A |
+-----------------------------------------+------------------------+----------------------+
|   2  NVIDIA RTX A6000               Off |   00000000:E1:00.0 Off |                  Off |
| 30%   31C    P8             11W /  300W |       3MiB /  49140MiB |      0%      Default |
|                                         |                        |                  N/A |
+-----------------------------------------+------------------------+----------------------+
                                                                                         
+-----------------------------------------------------------------------------------------+
| Processes:                                                                              |
|  GPU   GI   CI        PID   Type   Process name                              GPU Memory |
|        ID   ID                                                               Usage      |
|=========================================================================================|
|    0   N/A  N/A   1088867      C   python                                       4902MiB |
+-----------------------------------------------------------------------------------------+

## command output

==============================================================================
Feature extraction
==============================================================================

Processed file [1/90]
  Name:            0020.jpg
  Dimensions:      720 x 1280
  Camera:          #1 - OPENCV
  Focal Length:    1536.00px
  Features:        1134
Processed file [2/90]
  Name:            0011.jpg
  Dimensions:      720 x 1280
  Camera:          #1 - OPENCV
  Focal Length:    1536.00px
  Features:        1873
Processed file [3/90]
  Name:            0016.jpg
  Dimensions:      720 x 1280
  Camera:          #1 - OPENCV
  Focal Length:    1536.00px
  Features:        1260
Processed file [4/90]
  Name:            0012.jpg
  Dimensions:      720 x 1280
  Camera:          #1 - OPENCV
  Focal Length:    1536.00px
  Features:        1793
Processed file [5/90]
  Name:            0054.jpg
  Dimensions:      720 x 1280
  Camera:          #1 - OPENCV
  Focal Length:    1536.00px
  Features:        55
Processed file [6/90]
  Name:            0026.jpg
  Dimensions:      720 x 1280
  Camera:          #1 - OPENCV
  Focal Length:    1536.00px
  Features:        624
Processed file [7/90]
  Name:            0014.jpg
  Dimensions:      720 x 1280
  Camera:          #1 - OPENCV
  Focal Length:    1536.00px
  Features:        1935
Processed file [8/90]
  Name:            0025.jpg
  Dimensions:      720 x 1280
  Camera:          #1 - OPENCV
  Focal Length:    1536.00px
  Features:        826
Processed file [9/90]
  Name:            0049.jpg
  Dimensions:      720 x 1280
  Camera:          #1 - OPENCV
  Focal Length:    1536.00px
  Features:        10
Processed file [10/90]
  Name:            0053.jpg
  Dimensions:      720 x 1280
  Camera:          #1 - OPENCV
  Focal Length:    1536.00px
  Features:        84
Processed file [11/90]
  Name:            0043.jpg
  Dimensions:      720 x 1280
  Camera:          #1 - OPENCV
  Focal Length:    1536.00px
  Features:        2404
Processed file [12/90]
  Name:            0007.jpg
  Dimensions:      720 x 1280
  Camera:          #1 - OPENCV
  Focal Length:    1536.00px
  Features:        1310
Processed file [13/90]
  Name:            0037.jpg
  Dimensions:      720 x 1280
  Camera:          #1 - OPENCV
  Focal Length:    1536.00px
  Features:        815
Processed file [14/90]
  Name:            0009.jpg
  Dimensions:      720 x 1280
  Camera:          #1 - OPENCV
  Focal Length:    1536.00px
  Features:        1854
Processed file [15/90]
  Name:            0010.jpg
  Dimensions:      720 x 1280
  Camera:          #1 - OPENCV
  Focal Length:    1536.00px
  Features:        1119
Processed file [16/90]
  Name:            0002.jpg
  Dimensions:      720 x 1280
  Camera:          #1 - OPENCV
  Focal Length:    1536.00px
  Features:        1848
Processed file [17/90]
  Name:            0030.jpg
  Dimensions:      720 x 1280
  Camera:          #1 - OPENCV
  Focal Length:    1536.00px
  Features:        729
Processed file [18/90]
  Name:            0006.jpg
  Dimensions:      720 x 1280
  Camera:          #1 - OPENCV
  Focal Length:    1536.00px
  Features:        1427
Processed file [19/90]
  Name:            0040.jpg
  Dimensions:      720 x 1280
  Camera:          #1 - OPENCV
  Focal Length:    1536.00px
  Features:        1914
Processed file [20/90]
  Name:            0052.jpg
  Dimensions:      720 x 1280
  Camera:          #1 - OPENCV
  Focal Length:    1536.00px
  Features:        40
Processed file [21/90]
  Name:            0032.jpg
  Dimensions:      720 x 1280
  Camera:          #1 - OPENCV
  Focal Length:    1536.00px
  Features:        820
Processed file [22/90]
  Name:            0019.jpg
  Dimensions:      720 x 1280
  Camera:          #1 - OPENCV
  Focal Length:    1536.00px
  Features:        1231
Processed file [23/90]
  Name:            0015.jpg
  Dimensions:      720 x 1280
  Camera:          #1 - OPENCV
  Focal Length:    1536.00px
  Features:        1734
Processed file [24/90]
  Name:            0034.jpg
  Dimensions:      720 x 1280
  Camera:          #1 - OPENCV
  Focal Length:    1536.00px
  Features:        798
Processed file [25/90]
  Name:            0013.jpg
  Dimensions:      720 x 1280
  Camera:          #1 - OPENCV
  Focal Length:    1536.00px
  Features:        1426
Processed file [26/90]
  Name:            0029.jpg
  Dimensions:      720 x 1280
  Camera:          #1 - OPENCV
  Focal Length:    1536.00px
  Features:        763
Processed file [27/90]
  Name:            0005.jpg
  Dimensions:      720 x 1280
  Camera:          #1 - OPENCV
  Focal Length:    1536.00px
  Features:        1678
Processed file [28/90]
  Name:            0004.jpg
  Dimensions:      720 x 1280
  Camera:          #1 - OPENCV
  Focal Length:    1536.00px
  Features:        1757
Processed file [29/90]
  Name:            0078.jpg
  Dimensions:      720 x 1280
  Camera:          #1 - OPENCV
  Focal Length:    1536.00px
  Features:        600
Processed file [30/90]
  Name:            0076.jpg
  Dimensions:      720 x 1280
  Camera:          #1 - OPENCV
  Focal Length:    1536.00px
  Features:        1464
Processed file [31/90]
  Name:            0069.jpg
  Dimensions:      720 x 1280
  Camera:          #1 - OPENCV
  Focal Length:    1536.00px
  Features:        1815
Processed file [32/90]
  Name:            0057.jpg
  Dimensions:      720 x 1280
  Camera:          #1 - OPENCV
  Focal Length:    1536.00px
  Features:        55
Processed file [33/90]
  Name:            0047.jpg
  Dimensions:      720 x 1280
  Camera:          #1 - OPENCV
  Focal Length:    1536.00px
  Features:        700
Processed file [34/90]
  Name:            0064.jpg
  Dimensions:      720 x 1280
  Camera:          #1 - OPENCV
  Focal Length:    1536.00px
  Features:        897
Processed file [35/90]
  Name:            0018.jpg
  Dimensions:      720 x 1280
  Camera:          #1 - OPENCV
  Focal Length:    1536.00px
  Features:        1238
Processed file [36/90]
  Name:            0031.jpg
  Dimensions:      720 x 1280
  Camera:          #1 - OPENCV
  Focal Length:    1536.00px
  Features:        453
Processed file [37/90]
  Name:            0027.jpg
  Dimensions:      720 x 1280
  Camera:          #1 - OPENCV
  Focal Length:    1536.00px
  Features:        698
Processed file [38/90]
  Name:            0035.jpg
  Dimensions:      720 x 1280
  Camera:          #1 - OPENCV
  Focal Length:    1536.00px
  Features:        1089
Processed file [39/90]
  Name:            0041.jpg
  Dimensions:      720 x 1280
  Camera:          #1 - OPENCV
  Focal Length:    1536.00px
  Features:        1996
Processed file [40/90]
  Name:            0068.jpg
  Dimensions:      720 x 1280
  Camera:          #1 - OPENCV
  Focal Length:    1536.00px
  Features:        1700
Processed file [41/90]
  Name:            0021.jpg
  Dimensions:      720 x 1280
  Camera:          #1 - OPENCV
  Focal Length:    1536.00px
  Features:        1169
Processed file [42/90]
  Name:            0088.jpg
  Dimensions:      720 x 1280
  Camera:          #1 - OPENCV
  Focal Length:    1536.00px
  Features:        2275
Processed file [43/90]
  Name:            0056.jpg
  Dimensions:      720 x 1280
  Camera:          #1 - OPENCV
  Focal Length:    1536.00px
  Features:        46
Processed file [44/90]
  Name:            0085.jpg
  Dimensions:      720 x 1280
  Camera:          #1 - OPENCV
  Focal Length:    1536.00px
  Features:        1567
Processed file [45/90]
  Name:            0075.jpg
  Dimensions:      720 x 1280
  Camera:          #1 - OPENCV
  Focal Length:    1536.00px
  Features:        1441
Processed file [46/90]
  Name:            0008.jpg
  Dimensions:      720 x 1280
  Camera:          #1 - OPENCV
  Focal Length:    1536.00px
  Features:        1663
Processed file [47/90]
  Name:            0024.jpg
  Dimensions:      720 x 1280
  Camera:          #1 - OPENCV
  Focal Length:    1536.00px
  Features:        863
Processed file [48/90]
  Name:            0060.jpg
  Dimensions:      720 x 1280
  Camera:          #1 - OPENCV
  Focal Length:    1536.00px
  Features:        123
Processed file [49/90]
  Name:            0063.jpg
  Dimensions:      720 x 1280
  Camera:          #1 - OPENCV
  Focal Length:    1536.00px
  Features:        748
Processed file [50/90]
  Name:            0051.jpg
  Dimensions:      720 x 1280
  Camera:          #1 - OPENCV
  Focal Length:    1536.00px
  Features:        21
Processed file [51/90]
  Name:            0023.jpg
  Dimensions:      720 x 1280
  Camera:          #1 - OPENCV
  Focal Length:    1536.00px
  Features:        746
Processed file [52/90]
  Name:            0080.jpg
  Dimensions:      720 x 1280
  Camera:          #1 - OPENCV
  Focal Length:    1536.00px
  Features:        719
Processed file [53/90]
  Name:            0058.jpg
  Dimensions:      720 x 1280
  Camera:          #1 - OPENCV
  Focal Length:    1536.00px
  Features:        76
Processed file [54/90]
  Name:            0059.jpg
  Dimensions:      720 x 1280
  Camera:          #1 - OPENCV
  Focal Length:    1536.00px
  Features:        76
Processed file [55/90]
  Name:            0079.jpg
  Dimensions:      720 x 1280
  Camera:          #1 - OPENCV
  Focal Length:    1536.00px
  Features:        710
Processed file [56/90]
  Name:            0082.jpg
  Dimensions:      720 x 1280
  Camera:          #1 - OPENCV
  Focal Length:    1536.00px
  Features:        2221
Processed file [57/90]
  Name:            0083.jpg
  Dimensions:      720 x 1280
  Camera:          #1 - OPENCV
  Focal Length:    1536.00px
  Features:        1272
Processed file [58/90]
  Name:            0089.jpg
  Dimensions:      720 x 1280
  Camera:          #1 - OPENCV
  Focal Length:    1536.00px
  Features:        2383
Processed file [59/90]
  Name:            0081.jpg
  Dimensions:      720 x 1280
  Camera:          #1 - OPENCV
  Focal Length:    1536.00px
  Features:        1547
Processed file [60/90]
  Name:            0036.jpg
  Dimensions:      720 x 1280
  Camera:          #1 - OPENCV
  Focal Length:    1536.00px
  Features:        986
Processed file [61/90]
  Name:            0022.jpg
  Dimensions:      720 x 1280
  Camera:          #1 - OPENCV
  Focal Length:    1536.00px
  Features:        833
Processed file [62/90]
  Name:            0061.jpg
  Dimensions:      720 x 1280
  Camera:          #1 - OPENCV
  Focal Length:    1536.00px
  Features:        348
Processed file [63/90]
  Name:            0038.jpg
  Dimensions:      720 x 1280
  Camera:          #1 - OPENCV
  Focal Length:    1536.00px
  Features:        1367
Processed file [64/90]
  Name:            0028.jpg
  Dimensions:      720 x 1280
  Camera:          #1 - OPENCV
  Focal Length:    1536.00px
  Features:        693
Processed file [65/90]
  Name:            0062.jpg
  Dimensions:      720 x 1280
  Camera:          #1 - OPENCV
  Focal Length:    1536.00px
  Features:        503
Processed file [66/90]
  Name:            0065.jpg
  Dimensions:      720 x 1280
  Camera:          #1 - OPENCV
  Focal Length:    1536.00px
  Features:        962
Processed file [67/90]
  Name:            0070.jpg
  Dimensions:      720 x 1280
  Camera:          #1 - OPENCV
  Focal Length:    1536.00px
  Features:        1459
Processed file [68/90]
  Name:            0050.jpg
  Dimensions:      720 x 1280
  Camera:          #1 - OPENCV
  Focal Length:    1536.00px
  Features:        20
Processed file [69/90]
  Name:            0066.jpg
  Dimensions:      720 x 1280
  Camera:          #1 - OPENCV
  Focal Length:    1536.00px
  Features:        1013
Processed file [70/90]
  Name:            0087.jpg
  Dimensions:      720 x 1280
  Camera:          #1 - OPENCV
  Focal Length:    1536.00px
  Features:        2282
Processed file [71/90]
  Name:            0003.jpg
  Dimensions:      720 x 1280
  Camera:          #1 - OPENCV
  Focal Length:    1536.00px
  Features:        1751
Processed file [72/90]
  Name:            0001.jpg
  Dimensions:      720 x 1280
  Camera:          #1 - OPENCV
  Focal Length:    1536.00px
  Features:        2534
Processed file [73/90]
  Name:            0033.jpg
  Dimensions:      720 x 1280
  Camera:          #1 - OPENCV
  Focal Length:    1536.00px
  Features:        1050
Processed file [74/90]
  Name:            0084.jpg
  Dimensions:      720 x 1280
  Camera:          #1 - OPENCV
  Focal Length:    1536.00px
  Features:        2124
Processed file [75/90]
  Name:            0039.jpg
  Dimensions:      720 x 1280
  Camera:          #1 - OPENCV
  Focal Length:    1536.00px
  Features:        1235
Processed file [76/90]
  Name:            0045.jpg
  Dimensions:      720 x 1280
  Camera:          #1 - OPENCV
  Focal Length:    1536.00px
  Features:        2058
Processed file [77/90]
  Name:            0044.jpg
  Dimensions:      720 x 1280
  Camera:          #1 - OPENCV
  Focal Length:    1536.00px
  Features:        2386
Processed file [78/90]
  Name:            0046.jpg
  Dimensions:      720 x 1280
  Camera:          #1 - OPENCV
  Focal Length:    1536.00px
  Features:        1663
Processed file [79/90]
  Name:            0048.jpg
  Dimensions:      720 x 1280
  Camera:          #1 - OPENCV
  Focal Length:    1536.00px
  Features:        257
Processed file [80/90]
  Name:            0055.jpg
  Dimensions:      720 x 1280
  Camera:          #1 - OPENCV
  Focal Length:    1536.00px
  Features:        66
Processed file [81/90]
  Name:            0017.jpg
  Dimensions:      720 x 1280
  Camera:          #1 - OPENCV
  Focal Length:    1536.00px
  Features:        1800
Processed file [82/90]
  Name:            0074.jpg
  Dimensions:      720 x 1280
  Camera:          #1 - OPENCV
  Focal Length:    1536.00px
  Features:        890
Processed file [83/90]
  Name:            0067.jpg
  Dimensions:      720 x 1280
  Camera:          #1 - OPENCV
  Focal Length:    1536.00px
  Features:        1241
Processed file [84/90]
  Name:            0071.jpg
  Dimensions:      720 x 1280
  Camera:          #1 - OPENCV
  Focal Length:    1536.00px
  Features:        1612
Processed file [85/90]
  Name:            0072.jpg
  Dimensions:      720 x 1280
  Camera:          #1 - OPENCV
  Focal Length:    1536.00px
  Features:        1675
Processed file [86/90]
  Name:            0077.jpg
  Dimensions:      720 x 1280
  Camera:          #1 - OPENCV
  Focal Length:    1536.00px
  Features:        1140
Processed file [87/90]
  Name:            0073.jpg
  Dimensions:      720 x 1280
  Camera:          #1 - OPENCV
  Focal Length:    1536.00px
  Features:        1037
Processed file [88/90]
  Name:            0090.jpg
  Dimensions:      720 x 1280
  Camera:          #1 - OPENCV
  Focal Length:    1536.00px
  Features:        2181
Processed file [89/90]
  Name:            0042.jpg
  Dimensions:      720 x 1280
  Camera:          #1 - OPENCV
  Focal Length:    1536.00px
  Features:        2573
Processed file [90/90]
  Name:            0086.jpg
  Dimensions:      720 x 1280
  Camera:          #1 - OPENCV
  Focal Length:    1536.00px
  Features:        2385
Elapsed time: 0.084 [minutes]

==============================================================================
Exhaustive feature matching
==============================================================================

Matching block [1/2, 1/2] in 4.814s
Matching block [1/2, 2/2] in 3.152s
Matching block [2/2, 1/2] in 3.642s
Matching block [2/2, 2/2] in 2.532s
Elapsed time: 0.236 [minutes]

==============================================================================
Loading database
==============================================================================

Loading cameras... 1 in 0.000s
Loading matches... 739 in 0.003s
Loading images... 90 in 0.010s (connected 80)
Building correspondence graph... in 0.006s (ignored 0)

Elapsed time: 0.000 [minutes]


==============================================================================
Initializing with image pair #28 and #88
==============================================================================


==============================================================================
Global bundle adjustment
==============================================================================

iter      cost      cost_change  |gradient|   |step|    tr_ratio  tr_radius  ls_iter  iter_time  total_time
   0  3.391227e+01    0.00e+00    1.83e+03   0.00e+00   0.00e+00  1.00e+04        0    2.92e-02    2.99e-02
   1  3.152790e+01    2.38e+00    6.23e+03   6.04e+01   1.18e-01  6.92e+03        1    6.05e-02    9.05e-02
   2  1.285959e+01    1.87e+01    5.98e+02   2.46e+01   9.69e-01  2.08e+04        1    6.08e-02    1.51e-01
   3  1.202577e+01    8.34e-01    3.14e+02   2.13e+01   7.93e-01  2.60e+04        1    5.98e-02    2.11e-01
   4  1.175224e+01    2.74e-01    2.31e+02   8.58e+00   9.76e-01  7.79e+04        1    6.17e-02    2.73e-01
   5  1.175231e+01   -6.19e-05    0.00e+00   1.38e+01  -6.20e-04  3.90e+04        1    4.98e-02    3.23e-01
   6  1.170048e+01    5.18e-02    4.90e+02   7.84e+00   8.47e-01  5.84e+04        1    6.44e-02    3.87e-01
   7  1.165415e+01    4.63e-02    8.50e+02   9.89e+00   6.45e-01  5.99e+04        1    6.09e-02    4.48e-01
   8  1.159436e+01    5.98e-02    6.78e+02   8.98e+00   7.92e-01  7.47e+04        1    6.26e-02    5.11e-01
   9  1.155113e+01    4.32e-02    7.39e+02   9.44e+00   7.03e-01  8.01e+04        1    6.17e-02    5.72e-01
  10  1.150881e+01    4.23e-02    5.81e+02   8.40e+00   7.91e-01  9.99e+04        1    6.11e-02    6.33e-01
  11  1.147888e+01    2.99e-02    5.65e+02   8.18e+00   7.36e-01  1.12e+05        1    6.11e-02    6.95e-01
  12  1.145315e+01    2.57e-02    4.24e+02   6.93e+00   7.99e-01  1.42e+05        1    6.19e-02    7.56e-01
  13  1.143594e+01    1.72e-02    3.73e+02   6.19e+00   7.42e-01  1.60e+05        1    5.98e-02    8.16e-01
  14  1.142209e+01    1.39e-02    2.59e+02   4.82e+00   7.88e-01  1.98e+05        1    6.08e-02    8.77e-01
  15  1.141281e+01    9.28e-03    2.25e+02   4.24e+00   7.24e-01  2.17e+05        1    6.15e-02    9.39e-01
  16  1.140476e+01    8.05e-03    1.94e+02   4.12e+00   7.52e-01  2.49e+05        1    6.27e-02    1.00e+00
  17  1.139878e+01    5.97e-03    2.26e+02   4.96e+00   6.38e-01  2.54e+05        1    6.16e-02    1.06e+00
  18  1.139290e+01    5.88e-03    2.35e+02   5.47e+00   6.10e-01  2.57e+05        1    6.26e-02    1.13e+00
  19  1.138742e+01    5.48e-03    2.46e+02   5.86e+00   5.57e-01  2.58e+05        1    6.13e-02    1.19e+00
  20  1.138189e+01    5.53e-03    2.60e+02   6.10e+00   5.35e-01  2.58e+05        1    6.14e-02    1.25e+00
  21  1.137628e+01    5.61e-03    2.75e+02   6.24e+00   5.21e-01  2.58e+05        1    5.55e-02    1.30e+00
  22  1.137057e+01    5.71e-03    2.85e+02   6.32e+00   5.14e-01  2.58e+05        1    6.04e-02    1.36e+00
  23  1.136479e+01    5.78e-03    2.92e+02   6.37e+00   5.09e-01  2.58e+05        1    5.98e-02    1.42e+00
  24  1.135896e+01    5.83e-03    2.97e+02   6.39e+00   5.07e-01  2.58e+05        1    5.97e-02    1.48e+00
  25  1.135310e+01    5.86e-03    3.00e+02   6.40e+00   5.05e-01  2.58e+05        1    5.73e-02    1.54e+00
  26  1.134722e+01    5.88e-03    3.03e+02   6.40e+00   5.03e-01  2.58e+05        1    6.19e-02    1.60e+00
  27  1.134132e+01    5.90e-03    3.06e+02   6.39e+00   5.02e-01  2.58e+05        1    6.14e-02    1.66e+00
  28  1.133542e+01    5.90e-03    3.08e+02   6.38e+00   5.01e-01  2.58e+05        1    6.01e-02    1.72e+00
  29  1.132951e+01    5.91e-03    3.10e+02   6.37e+00   5.00e-01  2.58e+05        1    6.20e-02    1.79e+00
  30  1.132360e+01    5.91e-03    3.12e+02   6.35e+00   4.99e-01  2.58e+05        1    6.14e-02    1.85e+00
  31  1.131769e+01    5.91e-03    3.14e+02   6.34e+00   4.99e-01  2.58e+05        1    5.85e-02    1.91e+00
  32  1.131179e+01    5.91e-03    3.16e+02   6.32e+00   4.98e-01  2.58e+05        1    6.26e-02    1.97e+00
  33  1.130588e+01    5.90e-03    3.17e+02   6.30e+00   4.97e-01  2.58e+05        1    6.07e-02    2.03e+00
  34  1.129998e+01    5.90e-03    3.19e+02   6.29e+00   4.97e-01  2.58e+05        1    6.05e-02    2.09e+00
  35  1.129409e+01    5.89e-03    3.20e+02   6.27e+00   4.96e-01  2.58e+05        1    6.17e-02    2.15e+00
  36  1.128820e+01    5.89e-03    3.22e+02   6.25e+00   4.96e-01  2.58e+05        1    6.17e-02    2.21e+00
  37  1.128232e+01    5.88e-03    3.24e+02   6.23e+00   4.95e-01  2.58e+05        1    5.43e-02    2.27e+00
  38  1.127644e+01    5.88e-03    3.25e+02   6.21e+00   4.95e-01  2.58e+05        1    6.01e-02    2.33e+00
  39  1.127057e+01    5.87e-03    3.26e+02   6.20e+00   4.94e-01  2.58e+05        1    6.14e-02    2.40e+00
  40  1.126471e+01    5.86e-03    3.28e+02   6.18e+00   4.94e-01  2.58e+05        1    6.10e-02    2.46e+00
  41  1.125886e+01    5.85e-03    3.29e+02   6.16e+00   4.94e-01  2.58e+05        1    6.17e-02    2.52e+00
  42  1.125302e+01    5.84e-03    3.30e+02   6.14e+00   4.93e-01  2.58e+05        1    6.21e-02    2.58e+00
  43  1.124718e+01    5.83e-03    3.32e+02   6.11e+00   4.93e-01  2.58e+05        1    5.93e-02    2.64e+00
  44  1.124136e+01    5.82e-03    3.33e+02   6.09e+00   4.93e-01  2.58e+05        1    6.46e-02    2.70e+00
  45  1.123554e+01    5.81e-03    3.34e+02   6.07e+00   4.93e-01  2.58e+05        1    6.12e-02    2.77e+00
  46  1.122974e+01    5.80e-03    3.35e+02   6.05e+00   4.93e-01  2.58e+05        1    6.16e-02    2.83e+00
  47  1.122395e+01    5.79e-03    3.36e+02   6.03e+00   4.93e-01  2.58e+05        1    6.45e-02    2.89e+00
  48  1.121817e+01    5.78e-03    3.38e+02   6.01e+00   4.92e-01  2.58e+05        1    6.14e-02    2.95e+00
  49  1.121241e+01    5.76e-03    3.39e+02   5.98e+00   4.92e-01  2.58e+05        1    6.16e-02    3.02e+00
  50  1.120666e+01    5.75e-03    3.40e+02   5.96e+00   4.92e-01  2.58e+05        1    6.32e-02    3.08e+00
  51  1.120092e+01    5.74e-03    3.40e+02   5.94e+00   4.92e-01  2.58e+05        1    6.09e-02    3.14e+00
  52  1.119520e+01    5.72e-03    3.41e+02   5.91e+00   4.93e-01  2.58e+05        1    6.12e-02    3.20e+00
  53  1.118949e+01    5.71e-03    3.42e+02   5.89e+00   4.93e-01  2.58e+05        1    6.13e-02    3.26e+00
  54  1.118380e+01    5.69e-03    3.43e+02   5.87e+00   4.93e-01  2.58e+05        1    6.20e-02    3.32e+00
  55  1.117813e+01    5.67e-03    3.44e+02   5.84e+00   4.93e-01  2.58e+05        1    6.12e-02    3.39e+00
  56  1.117247e+01    5.66e-03    3.44e+02   5.82e+00   4.93e-01  2.58e+05        1    6.24e-02    3.45e+00
  57  1.116683e+01    5.64e-03    3.45e+02   5.79e+00   4.94e-01  2.58e+05        1    6.22e-02    3.51e+00
  58  1.116120e+01    5.62e-03    3.46e+02   5.77e+00   4.94e-01  2.58e+05        1    5.99e-02    3.57e+00
  59  1.115560e+01    5.60e-03    3.46e+02   5.74e+00   4.94e-01  2.58e+05        1    6.19e-02    3.63e+00
  60  1.115002e+01    5.58e-03    3.47e+02   5.72e+00   4.95e-01  2.58e+05        1    6.04e-02    3.69e+00
  61  1.114445e+01    5.57e-03    3.47e+02   5.69e+00   4.95e-01  2.58e+05        1    6.11e-02    3.75e+00
  62  1.113891e+01    5.54e-03    3.48e+02   5.66e+00   4.96e-01  2.58e+05        1    6.15e-02    3.82e+00
  63  1.113338e+01    5.52e-03    3.48e+02   5.64e+00   4.96e-01  2.58e+05        1    6.05e-02    3.88e+00
  64  1.112788e+01    5.50e-03    3.48e+02   5.61e+00   4.97e-01  2.58e+05        1    6.05e-02    3.94e+00
  65  1.112240e+01    5.48e-03    3.49e+02   5.58e+00   4.97e-01  2.58e+05        1    5.99e-02    4.00e+00
  66  1.111694e+01    5.46e-03    3.49e+02   5.56e+00   4.98e-01  2.58e+05        1    5.95e-02    4.06e+00
  67  1.111150e+01    5.44e-03    3.49e+02   5.53e+00   4.99e-01  2.58e+05        1    6.03e-02    4.12e+00
  68  1.110609e+01    5.41e-03    3.49e+02   5.50e+00   4.99e-01  2.58e+05        1    6.29e-02    4.18e+00
  69  1.110070e+01    5.39e-03    3.49e+02   5.47e+00   5.00e-01  2.58e+05        1    6.08e-02    4.24e+00
  70  1.109534e+01    5.36e-03    3.49e+02   5.45e+00   5.01e-01  2.58e+05        1    5.95e-02    4.30e+00
  71  1.109000e+01    5.34e-03    3.49e+02   5.42e+00   5.02e-01  2.58e+05        1    6.40e-02    4.36e+00
  72  1.108468e+01    5.31e-03    3.49e+02   5.39e+00   5.03e-01  2.58e+05        1    5.41e-02    4.42e+00
  73  1.107939e+01    5.29e-03    3.49e+02   5.36e+00   5.04e-01  2.58e+05        1    6.21e-02    4.48e+00
  74  1.107413e+01    5.26e-03    3.48e+02   5.33e+00   5.05e-01  2.58e+05        1    6.10e-02    4.54e+00
  75  1.106889e+01    5.24e-03    3.48e+02   5.30e+00   5.06e-01  2.58e+05        1    6.33e-02    4.60e+00
  76  1.106368e+01    5.21e-03    3.48e+02   5.27e+00   5.07e-01  2.58e+05        1    6.25e-02    4.67e+00
  77  1.105850e+01    5.18e-03    3.47e+02   5.24e+00   5.08e-01  2.58e+05        1    6.03e-02    4.73e+00
  78  1.105335e+01    5.15e-03    3.47e+02   5.21e+00   5.09e-01  2.58e+05        1    5.91e-02    4.79e+00
  79  1.104822e+01    5.13e-03    3.46e+02   5.18e+00   5.10e-01  2.58e+05        1    6.08e-02    4.85e+00
  80  1.104313e+01    5.10e-03    3.46e+02   5.15e+00   5.11e-01  2.58e+05        1    6.11e-02    4.91e+00
  81  1.103806e+01    5.07e-03    3.45e+02   5.12e+00   5.13e-01  2.58e+05        1    6.17e-02    4.97e+00
  82  1.103302e+01    5.04e-03    3.44e+02   5.09e+00   5.14e-01  2.58e+05        1    6.15e-02    5.03e+00
  83  1.102801e+01    5.01e-03    3.44e+02   5.06e+00   5.15e-01  2.58e+05        1    6.25e-02    5.09e+00
  84  1.102304e+01    4.98e-03    3.43e+02   5.03e+00   5.17e-01  2.58e+05        1    5.59e-02    5.15e+00
  85  1.101809e+01    4.95e-03    3.42e+02   5.00e+00   5.18e-01  2.58e+05        1    6.10e-02    5.21e+00
  86  1.101318e+01    4.91e-03    3.41e+02   4.97e+00   5.20e-01  2.58e+05        1    6.04e-02    5.27e+00
  87  1.100829e+01    4.88e-03    3.40e+02   4.94e+00   5.21e-01  2.58e+05        1    6.53e-02    5.34e+00
  88  1.100344e+01    4.85e-03    3.39e+02   4.91e+00   5.23e-01  2.58e+05        1    6.08e-02    5.40e+00
  89  1.099862e+01    4.82e-03    3.38e+02   4.88e+00   5.24e-01  2.58e+05        1    6.02e-02    5.46e+00
  90  1.099384e+01    4.79e-03    3.37e+02   4.85e+00   5.26e-01  2.58e+05        1    6.79e-02    5.53e+00
  91  1.098908e+01    4.75e-03    3.36e+02   4.81e+00   5.27e-01  2.58e+05        1    6.16e-02    5.59e+00
  92  1.098436e+01    4.72e-03    3.35e+02   4.78e+00   5.29e-01  2.58e+05        1    5.68e-02    5.64e+00
  93  1.097967e+01    4.69e-03    3.34e+02   4.75e+00   5.30e-01  2.58e+05        1    6.09e-02    5.71e+00
  94  1.097502e+01    4.65e-03    3.33e+02   4.72e+00   5.32e-01  2.58e+05        1    6.12e-02    5.77e+00
  95  1.097040e+01    4.62e-03    3.32e+02   4.69e+00   5.34e-01  2.58e+05        1    5.92e-02    5.83e+00
  96  1.096582e+01    4.59e-03    3.30e+02   4.66e+00   5.35e-01  2.58e+05        1    6.71e-02    5.89e+00
  97  1.096126e+01    4.55e-03    3.29e+02   4.63e+00   5.37e-01  2.58e+05        1    6.10e-02    5.95e+00
  98  1.095675e+01    4.52e-03    3.28e+02   4.60e+00   5.39e-01  2.59e+05        1    6.07e-02    6.02e+00
  99  1.095226e+01    4.48e-03    3.27e+02   4.57e+00   5.40e-01  2.59e+05        1    6.09e-02    6.08e+00
 100  1.094781e+01    4.45e-03    3.25e+02   4.54e+00   5.42e-01  2.59e+05        1    6.26e-02    6.14e+00


Bundle adjustment report
------------------------
    Residuals : 392
   Parameters : 305
   Iterations : 101
         Time : 6.1392 [s]
 Initial cost : 0.294127 [px]
   Final cost : 0.167117 [px]
  Termination : No convergence

  => Filtered observations: 0
  => Filtered images: 0

==============================================================================
Registering image #58 (3)
==============================================================================

  => Image sees 78 / 1211 points

Pose refinement report
----------------------
    Residuals : 156
   Parameters : 12
   Iterations : 21
         Time : 0.00369244 [s]
 Initial cost : 0.413563 [px]
   Final cost : 0.367573 [px]
  Termination : Convergence

  => Continued observations: 78
  => Added observations: 0

Bundle adjustment report
------------------------
    Residuals : 548
   Parameters : 311
   Iterations : 26
         Time : 1.50776 [s]
 Initial cost : 1.45641 [px]
   Final cost : 0.242199 [px]
  Termination : No convergence

  => Merged observations: 0
  => Completed observations: 0
  => Filtered observations: 0
  => Changed observations: 0.000000

==============================================================================
Retriangulation
==============================================================================

  => Merged observations: 0
  => Completed observations: 0
  => Retriangulated observations: 0

==============================================================================
Global bundle adjustment
==============================================================================

iter      cost      cost_change  |gradient|   |step|    tr_ratio  tr_radius  ls_iter  iter_time  total_time
   0  4.172068e+01    0.00e+00    5.47e+02   0.00e+00   0.00e+00  1.00e+04        0    9.59e-03    1.01e-02
   1  4.017996e+01    1.54e+00    5.59e+01   1.94e+00   9.97e-01  3.00e+04        1    6.17e-02    7.18e-02
   2  4.012076e+01    5.92e-02    7.83e+01   1.80e+00   9.68e-01  9.00e+04        1    6.11e-02    1.33e-01
   3  4.009837e+01    2.24e-02    6.32e+02   7.88e+00   1.62e-01  6.87e+04        1    6.11e-02    1.94e-01
   4  3.992202e+01    1.76e-01    3.63e+02   6.07e+00   8.66e-01  1.13e+05        1    6.18e-02    2.56e-01
   5  3.991268e+01    9.34e-03    1.03e+03   9.88e+00   6.39e-02  6.80e+04        1    6.10e-02    3.17e-01
   6  3.972727e+01    1.85e-01    3.62e+02   5.94e+00   9.31e-01  1.90e+05        1    6.11e-02    3.78e-01
   7  4.017471e+01   -4.47e-01    0.00e+00   1.61e+01  -2.87e+00  9.49e+04        1    4.98e-02    4.28e-01
   8  3.968034e+01    4.69e-02    7.30e+02   8.20e+00   5.19e-01  9.49e+04        1    6.22e-02    4.90e-01
   9  3.960454e+01    7.58e-02    7.09e+02   8.10e+00   6.81e-01  9.96e+04        1    5.99e-02    5.50e-01
  10  3.954163e+01    6.29e-02    7.51e+02   8.33e+00   6.36e-01  1.02e+05        1    6.23e-02    6.12e-01
  11  3.948039e+01    6.12e-02    7.38e+02   8.27e+00   6.53e-01  1.05e+05        1    6.20e-02    6.74e-01
  12  3.942490e+01    5.55e-02    7.28e+02   8.24e+00   6.46e-01  1.07e+05        1    6.13e-02    7.36e-01
  13  3.937318e+01    5.17e-02    7.04e+02   8.15e+00   6.50e-01  1.10e+05        1    6.06e-02    7.96e-01
  14  3.932553e+01    4.77e-02    6.80e+02   8.04e+00   6.51e-01  1.13e+05        1    6.78e-02    8.64e-01
  15  3.928140e+01    4.41e-02    6.52e+02   7.92e+00   6.54e-01  1.17e+05        1    5.61e-02    9.20e-01
  16  3.924060e+01    4.08e-02    6.24e+02   7.80e+00   6.56e-01  1.20e+05        1    6.04e-02    9.81e-01
  17  3.920281e+01    3.78e-02    5.97e+02   7.67e+00   6.58e-01  1.24e+05        1    6.72e-02    1.05e+00
  18  3.916780e+01    3.50e-02    5.71e+02   7.55e+00   6.60e-01  1.29e+05        1    5.44e-02    1.10e+00
  19  3.913534e+01    3.25e-02    5.46e+02   7.42e+00   6.61e-01  1.33e+05        1    6.77e-02    1.17e+00
  20  3.910523e+01    3.01e-02    5.22e+02   7.30e+00   6.63e-01  1.38e+05        1    6.12e-02    1.23e+00
  21  3.907730e+01    2.79e-02    4.99e+02   7.18e+00   6.64e-01  1.43e+05        1    5.56e-02    1.29e+00
  22  3.905138e+01    2.59e-02    4.77e+02   7.07e+00   6.65e-01  1.48e+05        1    6.14e-02    1.35e+00
  23  3.902734e+01    2.40e-02    4.56e+02   6.95e+00   6.66e-01  1.54e+05        1    6.26e-02    1.41e+00
  24  3.900504e+01    2.23e-02    4.36e+02   6.84e+00   6.67e-01  1.60e+05        1    6.22e-02    1.47e+00
  25  3.898437e+01    2.07e-02    4.17e+02   6.72e+00   6.68e-01  1.66e+05        1    6.59e-02    1.54e+00
  26  3.896523e+01    1.91e-02    3.98e+02   6.61e+00   6.69e-01  1.73e+05        1    6.78e-02    1.61e+00
  27  3.894752e+01    1.77e-02    3.80e+02   6.50e+00   6.70e-01  1.80e+05        1    5.92e-02    1.67e+00
  28  3.893114e+01    1.64e-02    3.63e+02   6.38e+00   6.71e-01  1.88e+05        1    5.99e-02    1.73e+00
  29  3.891602e+01    1.51e-02    3.47e+02   6.27e+00   6.72e-01  1.95e+05        1    6.19e-02    1.79e+00
  30  3.890208e+01    1.39e-02    3.31e+02   6.15e+00   6.73e-01  2.04e+05        1    5.87e-02    1.85e+00
  31  3.888924e+01    1.28e-02    3.15e+02   6.04e+00   6.74e-01  2.13e+05        1    6.05e-02    1.91e+00
  32  3.887744e+01    1.18e-02    3.00e+02   5.92e+00   6.75e-01  2.23e+05        1    6.11e-02    1.97e+00
  33  3.886661e+01    1.08e-02    2.86e+02   5.81e+00   6.76e-01  2.33e+05        1    6.02e-02    2.03e+00
  34  3.885669e+01    9.92e-03    2.71e+02   5.69e+00   6.78e-01  2.44e+05        1    6.12e-02    2.09e+00
  35  3.884761e+01    9.07e-03    2.58e+02   5.57e+00   6.79e-01  2.55e+05        1    5.64e-02    2.15e+00
  36  3.883934e+01    8.28e-03    2.44e+02   5.45e+00   6.80e-01  2.68e+05        1    6.12e-02    2.21e+00
  37  3.883181e+01    7.53e-03    2.31e+02   5.32e+00   6.82e-01  2.82e+05        1    6.12e-02    2.27e+00
  38  3.882497e+01    6.84e-03    2.19e+02   5.20e+00   6.83e-01  2.96e+05        1    6.15e-02    2.33e+00
  39  3.881878e+01    6.19e-03    2.07e+02   5.07e+00   6.85e-01  3.12e+05        1    6.15e-02    2.39e+00
  40  3.881319e+01    5.59e-03    1.95e+02   4.95e+00   6.87e-01  3.29e+05        1    6.03e-02    2.45e+00
  41  3.880817e+01    5.02e-03    1.83e+02   4.82e+00   6.89e-01  3.48e+05        1    6.02e-02    2.51e+00
  42  3.880367e+01    4.50e-03    1.72e+02   4.68e+00   6.91e-01  3.69e+05        1    5.96e-02    2.57e+00
  43  3.879965e+01    4.02e-03    1.61e+02   4.55e+00   6.94e-01  3.91e+05        1    6.06e-02    2.63e+00
  44  3.879608e+01    3.57e-03    1.51e+02   4.42e+00   6.96e-01  4.17e+05        1    6.46e-02    2.70e+00
  45  3.879292e+01    3.16e-03    1.40e+02   4.28e+00   6.99e-01  4.44e+05        1    6.59e-02    2.76e+00
  46  3.879014e+01    2.78e-03    1.30e+02   4.14e+00   7.02e-01  4.76e+05        1    6.10e-02    2.82e+00
  47  3.878772e+01    2.43e-03    1.21e+02   3.99e+00   7.05e-01  5.11e+05        1    6.02e-02    2.88e+00
  48  3.878561e+01    2.11e-03    1.11e+02   3.84e+00   7.09e-01  5.51e+05        1    6.22e-02    2.95e+00
  49  3.878379e+01    1.82e-03    1.02e+02   3.69e+00   7.12e-01  5.97e+05        1    6.39e-02    3.01e+00
  50  3.878224e+01    1.55e-03    9.32e+01   3.54e+00   7.17e-01  6.50e+05        1    6.02e-02    3.07e+00
  51  3.878093e+01    1.31e-03    8.45e+01   3.38e+00   7.22e-01  7.12e+05        1    6.18e-02    3.13e+00
  52  3.877984e+01    1.09e-03    7.61e+01   3.21e+00   7.27e-01  7.85e+05        1    6.16e-02    3.19e+00
  53  3.877894e+01    9.01e-04    6.80e+01   3.04e+00   7.33e-01  8.74e+05        1    6.50e-02    3.26e+00
  54  3.877821e+01    7.31e-04    6.01e+01   2.87e+00   7.40e-01  9.84e+05        1    6.17e-02    3.32e+00
  55  3.877763e+01    5.81e-04    5.25e+01   2.69e+00   7.48e-01  1.12e+06        1    6.28e-02    3.38e+00
  56  3.877718e+01    4.51e-04    4.51e+01   2.50e+00   7.58e-01  1.30e+06        1    6.16e-02    3.45e+00
  57  3.877684e+01    3.40e-04    3.81e+01   2.30e+00   7.69e-01  1.54e+06        1    6.12e-02    3.51e+00
  58  3.877659e+01    2.46e-04    3.13e+01   2.09e+00   7.83e-01  1.88e+06        1    6.12e-02    3.57e+00
  59  3.877642e+01    1.70e-04    2.49e+01   1.86e+00   8.00e-01  2.40e+06        1    6.05e-02    3.63e+00
  60  3.877631e+01    1.10e-04    1.89e+01   1.62e+00   8.22e-01  3.27e+06        1    6.03e-02    3.69e+00
  61  3.877625e+01    6.41e-05    1.33e+01   1.36e+00   8.51e-01  4.99e+06        1    6.13e-02    3.75e+00
  62  3.877621e+01    3.21e-05    8.29e+00   1.08e+00   8.92e-01  9.62e+06        1    6.12e-02    3.81e+00
  63  3.877620e+01    1.24e-05    4.09e+00   7.59e-01   9.53e-01  2.89e+07        1    5.87e-02    3.87e+00
  64  3.877620e+01    2.86e-06    1.11e+00   3.96e-01   1.04e+00  8.66e+07        1    6.13e-02    3.93e+00
  65  3.877620e+01    2.30e-07    4.13e-01   1.13e-01   1.09e+00  2.60e+08        1    5.47e-02    3.99e+00
  66  3.877620e+01    7.79e-09    2.55e-02   2.44e-02   1.18e+00  7.80e+08        1    6.22e-02    4.05e+00


Bundle adjustment report
------------------------
    Residuals : 548
   Parameters : 311
   Iterations : 67
         Time : 4.04837 [s]
 Initial cost : 0.275921 [px]
   Final cost : 0.266007 [px]
  Termination : Convergence

  => Merged observations: 0
  => Completed observations: 0
  => Filtered observations: 0
  => Changed observations: 0.000000
  => Filtered images: 0

==============================================================================
Registering image #42 (4)
==============================================================================

  => Image sees 67 / 1093 points
  => Could not register, trying another image.

==============================================================================
Registering image #27 (4)
==============================================================================

  => Image sees 70 / 936 points
  => Could not register, trying another image.

==============================================================================
Registering image #71 (4)
==============================================================================

  => Image sees 68 / 1093 points
  => Could not register, trying another image.

==============================================================================
Registering image #72 (4)
==============================================================================

  => Image sees 46 / 804 points
  => Could not register, trying another image.

==============================================================================
Registering image #16 (4)
==============================================================================

  => Image sees 49 / 1081 points
  => Could not register, trying another image.

==============================================================================
Registering image #70 (4)
==============================================================================

  => Image sees 38 / 1113 points
  => Could not register, trying another image.

==============================================================================
Registering image #4 (4)
==============================================================================

  => Image sees 31 / 808 points
  => Could not register, trying another image.

==============================================================================
Retriangulation
==============================================================================

  => Merged observations: 0
  => Completed observations: 0
  => Retriangulated observations: 0

==============================================================================
Global bundle adjustment
==============================================================================

iter      cost      cost_change  |gradient|   |step|    tr_ratio  tr_radius  ls_iter  iter_time  total_time
   0  3.877620e+01    0.00e+00    2.52e-02   0.00e+00   0.00e+00  1.00e+04        0    6.32e-03    6.79e-03


Bundle adjustment report
------------------------
    Residuals : 548
   Parameters : 311
   Iterations : 1
         Time : 0.00686106 [s]
 Initial cost : 0.266007 [px]
   Final cost : 0.266007 [px]
  Termination : Convergence

  => Merged observations: 0
  => Completed observations: 0
  => Filtered observations: 0
  => Changed observations: 0.000000
  => Filtered images: 0

==============================================================================
Registering image #42 (4)
==============================================================================

  => Image sees 67 / 1093 points
  => Could not register, trying another image.

==============================================================================
Registering image #27 (4)
==============================================================================

  => Image sees 70 / 936 points
  => Could not register, trying another image.

==============================================================================
Registering image #71 (4)
==============================================================================

  => Image sees 68 / 1093 points
  => Could not register, trying another image.

==============================================================================
Registering image #72 (4)
==============================================================================

  => Image sees 46 / 804 points
  => Could not register, trying another image.

==============================================================================
Registering image #16 (4)
==============================================================================

  => Image sees 49 / 1081 points
  => Could not register, trying another image.

==============================================================================
Registering image #70 (4)
==============================================================================

  => Image sees 38 / 1113 points
  => Could not register, trying another image.

==============================================================================
Registering image #4 (4)
==============================================================================

  => Image sees 31 / 808 points
  => Could not register, trying another image.

==============================================================================
Initializing with image pair #71 and #58
==============================================================================


==============================================================================
Global bundle adjustment
==============================================================================

iter      cost      cost_change  |gradient|   |step|    tr_ratio  tr_radius  ls_iter  iter_time  total_time
   0  1.167976e+02    0.00e+00    6.70e+03   0.00e+00   0.00e+00  1.00e+04        0    6.30e-03    6.63e-03
   1  3.516759e+02   -2.35e+02    0.00e+00   8.97e+01  -2.60e+00  5.00e+03        1    4.61e-02    5.28e-02
   2  1.559928e+02   -3.92e+01    0.00e+00   6.42e+01  -4.56e-01  1.25e+03        1    4.82e-02    1.01e-01
   3  5.423218e+01    6.26e+01    1.01e+04   2.66e+01   8.31e-01  1.76e+03        1    6.01e-02    1.61e-01
   4  3.526237e+01    1.90e+01    3.87e+03   2.43e+01   9.27e-01  4.65e+03        1    6.03e-02    2.21e-01
   5  3.245626e+01    2.81e+00    7.64e+03   3.85e+01   3.15e-01  4.43e+03        1    5.95e-02    2.81e-01
   6  2.468090e+01    7.78e+00    2.41e+03   2.27e+01   9.31e-01  1.22e+04        1    6.02e-02    3.41e-01
   7  2.336402e+01    1.32e+00    1.95e+03   2.70e+01   7.66e-01  1.44e+04        1    6.06e-02    4.02e-01
   8  2.270230e+01    6.62e-01    2.86e+02   1.54e+01   9.81e-01  4.32e+04        1    5.99e-02    4.62e-01
   9  2.252797e+01    1.74e-01    1.65e+03   2.43e+01   5.25e-01  4.32e+04        1    6.11e-02    5.23e-01
  10  2.224159e+01    2.86e-01    1.58e+03   1.92e+01   7.19e-01  4.72e+04        1    6.14e-02    5.84e-01
  11  2.203249e+01    2.09e-01    1.60e+03   1.79e+01   6.48e-01  4.84e+04        1    5.99e-02    6.44e-01
  12  2.183199e+01    2.01e-01    1.40e+03   1.58e+01   6.97e-01  5.16e+04        1    6.25e-02    7.07e-01
  13  2.167326e+01    1.59e-01    1.29e+03   1.44e+01   6.81e-01  5.42e+04        1    6.11e-02    7.68e-01
  14  2.153800e+01    1.35e-01    1.13e+03   1.29e+01   7.00e-01  5.79e+04        1    6.13e-02    8.29e-01
  15  2.142981e+01    1.08e-01    1.00e+03   1.16e+01   7.00e-01  6.18e+04        1    6.09e-02    8.90e-01
  16  2.134194e+01    8.79e-02    8.72e+02   1.04e+01   7.12e-01  6.70e+04        1    6.49e-02    9.55e-01
  17  2.127296e+01    6.90e-02    7.54e+02   9.24e+00   7.18e-01  7.31e+04        1    5.97e-02    1.02e+00
  18  2.121920e+01    5.38e-02    6.40e+02   8.18e+00   7.31e-01  8.10e+04        1    6.11e-02    1.08e+00
  19  2.117851e+01    4.07e-02    5.38e+02   7.23e+00   7.41e-01  9.12e+04        1    6.15e-02    1.14e+00
  20  2.114839e+01    3.01e-02    4.42e+02   6.35e+00   7.55e-01  1.05e+05        1    6.12e-02    1.20e+00
  21  2.112693e+01    2.15e-02    3.57e+02   5.53e+00   7.70e-01  1.25e+05        1    6.07e-02    1.26e+00
  22  2.111226e+01    1.47e-02    2.78e+02   4.76e+00   7.87e-01  1.54e+05        1    6.00e-02    1.32e+00
  23  2.110284e+01    9.42e-03    2.09e+02   4.04e+00   8.07e-01  2.00e+05        1    6.67e-02    1.39e+00
  24  2.109728e+01    5.57e-03    1.55e+02   3.34e+00   8.30e-01  2.81e+05        1    6.15e-02    1.45e+00
  25  2.109436e+01    2.92e-03    1.08e+02   2.68e+00   8.53e-01  4.34e+05        1    5.94e-02    1.51e+00
  26  2.109305e+01    1.30e-03    7.14e+01   2.12e+00   8.66e-01  7.14e+05        1    6.39e-02    1.57e+00
  27  2.109255e+01    5.06e-04    4.94e+01   1.87e+00   8.22e-01  9.76e+05        1    6.24e-02    1.64e+00
  28  2.109230e+01    2.46e-04    3.62e+01   1.84e+00   7.62e-01  1.14e+06        1    6.11e-02    1.70e+00
  29  2.109213e+01    1.73e-04    3.02e+01   1.89e+00   7.18e-01  1.24e+06        1    6.06e-02    1.76e+00
  30  2.109197e+01    1.55e-04    2.80e+01   1.92e+00   7.02e-01  1.33e+06        1    6.11e-02    1.82e+00
  31  2.109182e+01    1.49e-04    2.78e+01   1.96e+00   6.85e-01  1.40e+06        1    6.08e-02    1.88e+00
  32  2.109167e+01    1.47e-04    2.78e+01   1.98e+00   6.75e-01  1.46e+06        1    6.15e-02    1.94e+00
  33  2.109153e+01    1.44e-04    2.80e+01   1.99e+00   6.67e-01  1.52e+06        1    6.08e-02    2.00e+00
  34  2.109139e+01    1.41e-04    2.79e+01   1.99e+00   6.62e-01  1.57e+06        1    6.57e-02    2.07e+00
  35  2.109125e+01    1.36e-04    2.76e+01   1.98e+00   6.58e-01  1.63e+06        1    6.04e-02    2.13e+00
  36  2.109112e+01    1.31e-04    2.72e+01   1.96e+00   6.56e-01  1.68e+06        1    6.11e-02    2.19e+00
  37  2.109100e+01    1.25e-04    2.67e+01   1.94e+00   6.55e-01  1.73e+06        1    6.06e-02    2.25e+00
  38  2.109088e+01    1.19e-04    2.61e+01   1.92e+00   6.55e-01  1.78e+06        1    6.17e-02    2.31e+00
  39  2.109077e+01    1.13e-04    2.54e+01   1.89e+00   6.55e-01  1.84e+06        1    6.18e-02    2.37e+00
  40  2.109066e+01    1.07e-04    2.47e+01   1.86e+00   6.56e-01  1.89e+06        1    6.09e-02    2.44e+00
  41  2.109056e+01    1.00e-04    2.39e+01   1.83e+00   6.57e-01  1.95e+06        1    5.93e-02    2.49e+00
  42  2.109047e+01    9.41e-05    2.31e+01   1.79e+00   6.58e-01  2.02e+06        1    6.00e-02    2.55e+00
  43  2.109038e+01    8.81e-05    2.23e+01   1.76e+00   6.60e-01  2.08e+06        1    6.22e-02    2.62e+00
  44  2.109029e+01    8.22e-05    2.15e+01   1.72e+00   6.61e-01  2.16e+06        1    6.15e-02    2.68e+00
  45  2.109022e+01    7.65e-05    2.07e+01   1.69e+00   6.63e-01  2.23e+06        1    6.04e-02    2.74e+00
  46  2.109015e+01    7.10e-05    1.98e+01   1.65e+00   6.65e-01  2.32e+06        1    6.41e-02    2.80e+00
  47  2.109008e+01    6.56e-05    1.90e+01   1.61e+00   6.67e-01  2.41e+06        1    6.77e-02    2.87e+00
  48  2.109002e+01    6.05e-05    1.81e+01   1.58e+00   6.69e-01  2.50e+06        1    5.42e-02    2.93e+00
  49  2.108997e+01    5.56e-05    1.73e+01   1.54e+00   6.72e-01  2.61e+06        1    6.12e-02    2.99e+00
  50  2.108991e+01    5.08e-05    1.65e+01   1.50e+00   6.74e-01  2.72e+06        1    6.20e-02    3.05e+00
  51  2.108987e+01    4.63e-05    1.56e+01   1.46e+00   6.77e-01  2.85e+06        1    6.06e-02    3.11e+00
  52  2.108983e+01    4.20e-05    1.48e+01   1.42e+00   6.79e-01  2.99e+06        1    6.11e-02    3.17e+00
  53  2.108979e+01    3.80e-05    1.40e+01   1.37e+00   6.82e-01  3.14e+06        1    6.11e-02    3.23e+00
  54  2.108975e+01    3.41e-05    1.31e+01   1.33e+00   6.86e-01  3.31e+06        1    5.57e-02    3.29e+00
  55  2.108972e+01    3.05e-05    1.23e+01   1.29e+00   6.89e-01  3.50e+06        1    6.09e-02    3.35e+00
  56  2.108970e+01    2.70e-05    1.15e+01   1.24e+00   6.92e-01  3.71e+06        1    6.25e-02    3.41e+00
  57  2.108967e+01    2.38e-05    1.07e+01   1.20e+00   6.96e-01  3.95e+06        1    6.56e-02    3.48e+00
  58  2.108965e+01    2.08e-05    9.92e+00   1.15e+00   7.00e-01  4.22e+06        1    5.74e-02    3.53e+00
  59  2.108963e+01    1.81e-05    9.14e+00   1.11e+00   7.05e-01  4.53e+06        1    5.96e-02    3.59e+00
  60  2.108962e+01    1.55e-05    8.36e+00   1.06e+00   7.10e-01  4.90e+06        1    6.14e-02    3.65e+00
  61  2.108961e+01    1.31e-05    7.59e+00   1.01e+00   7.15e-01  5.32e+06        1    6.24e-02    3.72e+00
  62  2.108959e+01    1.10e-05    6.84e+00   9.54e-01   7.21e-01  5.82e+06        1    6.12e-02    3.78e+00
  63  2.108959e+01    9.06e-06    6.10e+00   9.00e-01   7.28e-01  6.43e+06        1    5.97e-02    3.84e+00
  64  2.108958e+01    7.32e-06    5.37e+00   8.45e-01   7.35e-01  7.18e+06        1    6.14e-02    3.90e+00
  65  2.108957e+01    5.79e-06    4.67e+00   7.87e-01   7.44e-01  8.12e+06        1    6.22e-02    3.96e+00
  66  2.108957e+01    4.46e-06    3.98e+00   7.27e-01   7.53e-01  9.33e+06        1    5.96e-02    4.02e+00
  67  2.108956e+01    3.32e-06    3.32e+00   6.63e-01   7.64e-01  1.09e+07        1    6.20e-02    4.08e+00
  68  2.108956e+01    2.36e-06    2.68e+00   5.96e-01   7.78e-01  1.32e+07        1    6.02e-02    4.14e+00
  69  2.108956e+01    1.59e-06    2.08e+00   5.25e-01   7.94e-01  1.66e+07        1    6.76e-02    4.21e+00
  70  2.108956e+01    9.84e-07    1.95e+00   4.49e-01   8.15e-01  2.22e+07        1    5.66e-02    4.27e+00
  71  2.108956e+01    5.43e-07    1.01e+00   3.67e-01   8.43e-01  3.27e+07        1    6.21e-02    4.33e+00
  72  2.108956e+01    2.49e-07    1.88e+00   2.78e-01   8.82e-01  5.90e+07        1    6.02e-02    4.39e+00
  73  2.108956e+01    8.39e-08    1.01e+00   1.80e-01   9.49e-01  1.77e+08        1    6.32e-02    4.45e+00
  74  2.108956e+01    1.68e-08    2.03e-01   7.58e-02   1.12e+00  5.31e+08        1    6.13e-02    4.51e+00
  75  2.108956e+01    2.22e-09    2.24e-03   6.01e-03   1.36e+00  1.59e+09        1    6.29e-02    4.58e+00


Bundle adjustment report
------------------------
    Residuals : 372
   Parameters : 290
   Iterations : 76
         Time : 4.57719 [s]
 Initial cost : 0.560332 [px]
   Final cost : 0.238102 [px]
  Termination : Convergence

  => Filtered observations: 0
  => Filtered images: 0

==============================================================================
Registering image #42 (3)
==============================================================================

  => Image sees 63 / 1093 points
  => Could not register, trying another image.

==============================================================================
Registering image #88 (3)
==============================================================================

  => Image sees 69 / 1113 points
  => Could not register, trying another image.

==============================================================================
Registering image #27 (3)
==============================================================================

  => Image sees 65 / 936 points
  => Could not register, trying another image.

==============================================================================
Registering image #28 (3)
==============================================================================

  => Image sees 68 / 1064 points
  => Could not register, trying another image.

==============================================================================
Registering image #16 (3)
==============================================================================

  => Image sees 67 / 1081 points
  => Could not register, trying another image.

==============================================================================
Registering image #72 (3)
==============================================================================

  => Image sees 47 / 804 points
  => Could not register, trying another image.

==============================================================================
Registering image #70 (3)
==============================================================================

  => Image sees 41 / 1113 points
  => Could not register, trying another image.

==============================================================================
Registering image #2 (3)
==============================================================================

  => Image sees 31 / 743 points
  => Could not register, trying another image.

==============================================================================
Retriangulation
==============================================================================

  => Merged observations: 0
  => Completed observations: 0
  => Retriangulated observations: 0

==============================================================================
Global bundle adjustment
==============================================================================

iter      cost      cost_change  |gradient|   |step|    tr_ratio  tr_radius  ls_iter  iter_time  total_time
   0  2.108956e+01    0.00e+00    2.06e-03   0.00e+00   0.00e+00  1.00e+04        0    6.30e-03    6.68e-03


Bundle adjustment report
------------------------
    Residuals : 372
   Parameters : 290
   Iterations : 1
         Time : 0.00674896 [s]
 Initial cost : 0.238102 [px]
   Final cost : 0.238102 [px]
  Termination : Convergence

  => Merged observations: 0
  => Completed observations: 0
  => Filtered observations: 0
  => Changed observations: 0.000000
  => Filtered images: 0

==============================================================================
Registering image #42 (3)
==============================================================================

  => Image sees 63 / 1093 points
  => Could not register, trying another image.

==============================================================================
Registering image #88 (3)
==============================================================================

  => Image sees 69 / 1113 points
  => Could not register, trying another image.

==============================================================================
Registering image #27 (3)
==============================================================================

  => Image sees 65 / 936 points
  => Could not register, trying another image.

==============================================================================
Registering image #28 (3)
==============================================================================

  => Image sees 68 / 1064 points
  => Could not register, trying another image.

==============================================================================
Registering image #16 (3)
==============================================================================

  => Image sees 67 / 1081 points
  => Could not register, trying another image.

==============================================================================
Registering image #72 (3)
==============================================================================

  => Image sees 47 / 804 points
  => Could not register, trying another image.

==============================================================================
Registering image #70 (3)
==============================================================================

  => Image sees 41 / 1113 points
  => Could not register, trying another image.

==============================================================================
Registering image #2 (3)
==============================================================================

  => Image sees 31 / 743 points
  => Could not register, trying another image.

==============================================================================
Initializing with image pair #71 and #88
==============================================================================


==============================================================================
Global bundle adjustment
==============================================================================

iter      cost      cost_change  |gradient|   |step|    tr_ratio  tr_radius  ls_iter  iter_time  total_time
   0  4.376104e+01    0.00e+00    5.05e+03   0.00e+00   0.00e+00  1.00e+04        0    6.32e-03    6.57e-03
   1  3.699503e+02   -3.26e+02    0.00e+00   1.27e+02  -1.31e+01  5.00e+03        1    5.20e-02    5.86e-02
   2  1.103445e+02   -6.66e+01    0.00e+00   9.47e+01  -2.90e+00  1.25e+03        1    4.44e-02    1.03e-01
   3  2.773197e+01    1.60e+01    3.51e+03   4.52e+01   9.01e-01  2.58e+03        1    6.06e-02    1.64e-01
   4  2.815166e+01   -4.20e-01    0.00e+00   4.49e+01  -6.60e-02  1.29e+03        1    5.01e-02    2.14e-01
   5  2.366709e+01    4.06e+00    2.74e+03   2.79e+01   8.30e-01  1.81e+03        1    5.95e-02    2.73e-01
   6  2.168260e+01    1.98e+00    2.85e+03   2.65e+01   7.07e-01  1.95e+03        1    6.02e-02    3.33e-01
   7  2.006504e+01    1.62e+00    1.76e+03   2.06e+01   8.44e-01  2.89e+03        1    6.12e-02    3.95e-01
   8  1.920875e+01    8.56e-01    1.96e+03   2.16e+01   7.07e-01  3.12e+03        1    6.00e-02    4.55e-01
   9  1.836156e+01    8.47e-01    1.18e+03   1.73e+01   8.71e-01  5.26e+03        1    5.60e-02    5.11e-01
  10  1.779760e+01    5.64e-01    1.49e+03   2.06e+01   7.31e-01  5.84e+03        1    5.85e-02    5.69e-01
  11  1.722267e+01    5.75e-01    7.28e+02   1.63e+01   9.20e-01  1.43e+04        1    6.09e-02    6.30e-01
  12  1.684920e+01    3.73e-01    7.45e+02   2.15e+01   8.47e-01  2.15e+04        1    6.05e-02    6.91e-01
  13  1.662354e+01    2.26e-01    3.23e+02   1.65e+01   8.48e-01  3.24e+04        1    6.00e-02    7.51e-01
  14  1.660314e+01    2.04e-02    1.03e+03   1.95e+01   8.12e-02  2.04e+04        1    6.06e-02    8.11e-01
  15  1.624883e+01    3.54e-01    6.99e+02   1.43e+01   8.28e-01  2.85e+04        1    5.53e-02    8.67e-01
  16  1.629655e+01   -4.77e-02    0.00e+00   2.16e+01  -1.30e-01  1.42e+04        1    4.80e-02    9.15e-01
  17  1.603556e+01    2.13e-01    4.59e+02   1.12e+01   8.93e-01  2.77e+04        1    6.00e-02    9.75e-01
  18  1.622296e+01   -1.87e-01    0.00e+00   2.27e+01  -5.39e-01  1.39e+04        1    4.68e-02    1.02e+00
  19  1.586582e+01    1.70e-01    5.31e+02   1.17e+01   8.34e-01  1.97e+04        1    6.21e-02    1.08e+00
  20  1.576850e+01    9.73e-02    1.26e+03   1.77e+01   3.14e-01  1.87e+04        1    6.73e-02    1.15e+00
  21  1.553355e+01    2.35e-01    1.50e+03   1.86e+01   4.40e-01  1.87e+04        1    5.79e-02    1.21e+00
  22  1.536191e+01    1.72e-01    1.94e+03   2.00e+01   2.60e-01  1.68e+04        1    6.05e-02    1.27e+00
  23  1.502841e+01    3.33e-01    2.04e+03   1.92e+01   3.92e-01  1.67e+04        1    6.16e-02    1.33e+00
  24  1.485657e+01    1.72e-01    2.47e+03   1.96e+01   1.95e-01  1.36e+04        1    6.02e-02    1.39e+00
  25  1.427545e+01    5.81e-01    1.98e+03   1.62e+01   5.75e-01  1.36e+04        1    6.10e-02    1.45e+00
  26  1.407764e+01    1.98e-01    2.23e+03   1.60e+01   2.80e-01  1.26e+04        1    6.15e-02    1.51e+00
  27  1.373429e+01    3.43e-01    2.04e+03   1.42e+01   4.61e-01  1.26e+04        1    6.15e-02    1.58e+00
  28  1.352566e+01    2.09e-01    2.09e+03   1.34e+01   3.43e-01  1.22e+04        1    6.57e-02    1.64e+00
  29  1.328182e+01    2.44e-01    1.95e+03   1.21e+01   4.23e-01  1.21e+04        1    6.07e-02    1.70e+00
  30  1.308715e+01    1.95e-01    1.85e+03   1.11e+01   4.02e-01  1.21e+04        1    5.91e-02    1.76e+00
  31  1.290351e+01    1.84e-01    1.70e+03   1.00e+01   4.36e-01  1.20e+04        1    6.17e-02    1.82e+00
  32  1.274266e+01    1.61e-01    1.54e+03   9.08e+00   4.55e-01  1.20e+04        1    5.74e-02    1.88e+00
  33  1.260019e+01    1.42e-01    1.38e+03   8.21e+00   4.84e-01  1.20e+04        1    6.42e-02    1.95e+00
  34  1.247504e+01    1.25e-01    1.21e+03   7.43e+00   5.18e-01  1.20e+04        1    6.08e-02    2.01e+00
  35  1.236630e+01    1.09e-01    1.04e+03   6.71e+00   5.58e-01  1.20e+04        1    5.90e-02    2.07e+00
  36  1.227381e+01    9.25e-02    8.80e+02   6.05e+00   6.01e-01  1.21e+04        1    6.15e-02    2.13e+00
  37  1.219730e+01    7.65e-02    7.30e+02   5.46e+00   6.43e-01  1.24e+04        1    6.14e-02    2.19e+00
  38  1.213547e+01    6.18e-02    6.02e+02   4.97e+00   6.79e-01  1.30e+04        1    6.14e-02    2.25e+00
  39  1.208612e+01    4.94e-02    4.94e+02   4.57e+00   7.11e-01  1.41e+04        1    6.13e-02    2.31e+00
  40  1.204696e+01    3.92e-02    4.02e+02   4.26e+00   7.41e-01  1.59e+04        1    6.11e-02    2.37e+00
  41  1.201620e+01    3.08e-02    3.22e+02   4.03e+00   7.72e-01  1.89e+04        1    6.15e-02    2.44e+00
  42  1.199243e+01    2.38e-02    2.46e+02   3.90e+00   8.07e-01  2.46e+04        1    6.58e-02    2.50e+00
  43  1.197448e+01    1.79e-02    1.69e+02   3.91e+00   8.53e-01  3.79e+04        1    5.64e-02    2.56e+00
  44  1.196104e+01    1.34e-02    8.96e+01   4.26e+00   9.17e-01  9.04e+04        1    6.11e-02    2.62e+00
  45  1.195018e+01    1.09e-02    1.00e+02   5.96e+00   9.47e-01  2.71e+05        1    5.91e-02    2.68e+00
  46  1.195864e+01   -8.46e-03    0.00e+00   8.37e+00  -9.45e-01  1.36e+05        1    4.72e-02    2.73e+00
  47  1.194573e+01    4.46e-03    2.00e+02   5.39e+00   6.73e-01  1.42e+05        1    6.17e-02    2.79e+00
  48  1.194174e+01    3.99e-03    1.49e+02   3.90e+00   7.75e-01  1.70e+05        1    6.04e-02    2.85e+00
  49  1.193960e+01    2.15e-03    1.21e+02   3.33e+00   7.39e-01  1.91e+05        1    6.36e-02    2.91e+00
  50  1.193821e+01    1.39e-03    8.31e+01   2.77e+00   7.97e-01  2.41e+05        1    6.00e-02    2.97e+00
  51  1.193746e+01    7.44e-04    7.29e+01   2.66e+00   7.24e-01  2.65e+05        1    6.00e-02    3.03e+00
  52  1.193685e+01    6.16e-04    5.50e+01   2.40e+00   7.87e-01  3.27e+05        1    6.20e-02    3.09e+00
  53  1.193637e+01    4.72e-04    5.87e+01   2.59e+00   7.02e-01  3.51e+05        1    6.24e-02    3.16e+00
  54  1.193585e+01    5.25e-04    5.45e+01   2.58e+00   7.47e-01  3.99e+05        1    6.17e-02    3.22e+00
  55  1.193535e+01    4.95e-04    6.21e+01   2.82e+00   6.76e-01  4.17e+05        1    5.97e-02    3.28e+00
  56  1.193480e+01    5.57e-04    6.35e+01   2.89e+00   6.89e-01  4.41e+05        1    5.59e-02    3.33e+00
  57  1.193424e+01    5.56e-04    6.82e+01   3.02e+00   6.55e-01  4.54e+05        1    6.09e-02    3.39e+00
  58  1.193365e+01    5.86e-04    7.07e+01   3.09e+00   6.49e-01  4.67e+05        1    5.97e-02    3.45e+00
  59  1.193306e+01    5.95e-04    7.32e+01   3.15e+00   6.35e-01  4.76e+05        1    5.87e-02    3.51e+00
  60  1.193245e+01    6.07e-04    7.51e+01   3.20e+00   6.27e-01  4.84e+05        1    6.24e-02    3.57e+00
  61  1.193184e+01    6.14e-04    7.65e+01   3.24e+00   6.20e-01  4.91e+05        1    5.93e-02    3.63e+00
  62  1.193122e+01    6.19e-04    7.77e+01   3.28e+00   6.14e-01  4.97e+05        1    5.91e-02    3.69e+00
  63  1.193060e+01    6.22e-04    7.85e+01   3.30e+00   6.10e-01  5.02e+05        1    6.21e-02    3.75e+00
  64  1.192997e+01    6.24e-04    7.92e+01   3.33e+00   6.06e-01  5.07e+05        1    6.16e-02    3.82e+00
  65  1.192935e+01    6.24e-04    7.96e+01   3.34e+00   6.02e-01  5.11e+05        1    6.03e-02    3.88e+00
  66  1.192873e+01    6.24e-04    7.99e+01   3.36e+00   5.99e-01  5.16e+05        1    6.24e-02    3.94e+00
  67  1.192810e+01    6.23e-04    8.01e+01   3.37e+00   5.97e-01  5.19e+05        1    6.05e-02    4.00e+00
  68  1.192748e+01    6.21e-04    8.02e+01   3.38e+00   5.95e-01  5.23e+05        1    6.28e-02    4.06e+00
  69  1.192686e+01    6.19e-04    8.03e+01   3.39e+00   5.93e-01  5.26e+05        1    6.02e-02    4.12e+00
  70  1.192624e+01    6.17e-04    8.02e+01   3.40e+00   5.92e-01  5.30e+05        1    5.82e-02    4.18e+00
  71  1.192563e+01    6.14e-04    8.01e+01   3.41e+00   5.90e-01  5.33e+05        1    6.10e-02    4.24e+00
  72  1.192502e+01    6.11e-04    8.00e+01   3.41e+00   5.89e-01  5.36e+05        1    6.04e-02    4.30e+00
  73  1.192441e+01    6.08e-04    7.98e+01   3.42e+00   5.88e-01  5.39e+05        1    6.02e-02    4.36e+00
  74  1.192381e+01    6.04e-04    7.96e+01   3.42e+00   5.87e-01  5.41e+05        1    6.17e-02    4.42e+00
  75  1.192321e+01    6.00e-04    7.93e+01   3.43e+00   5.86e-01  5.44e+05        1    6.00e-02    4.48e+00
  76  1.192261e+01    5.97e-04    7.90e+01   3.43e+00   5.86e-01  5.47e+05        1    5.99e-02    4.54e+00
  77  1.192202e+01    5.93e-04    7.87e+01   3.43e+00   5.85e-01  5.50e+05        1    6.18e-02    4.61e+00
  78  1.192143e+01    5.89e-04    7.84e+01   3.43e+00   5.85e-01  5.52e+05        1    6.15e-02    4.67e+00
  79  1.192085e+01    5.85e-04    7.81e+01   3.43e+00   5.84e-01  5.55e+05        1    6.13e-02    4.73e+00
  80  1.192027e+01    5.80e-04    7.78e+01   3.43e+00   5.84e-01  5.58e+05        1    5.88e-02    4.79e+00
  81  1.191969e+01    5.76e-04    7.74e+01   3.44e+00   5.83e-01  5.60e+05        1    6.11e-02    4.85e+00
  82  1.191912e+01    5.72e-04    7.70e+01   3.44e+00   5.83e-01  5.63e+05        1    6.10e-02    4.91e+00
  83  1.191855e+01    5.68e-04    7.66e+01   3.44e+00   5.83e-01  5.66e+05        1    5.64e-02    4.97e+00
  84  1.191799e+01    5.63e-04    7.63e+01   3.44e+00   5.83e-01  5.68e+05        1    6.10e-02    5.03e+00
  85  1.191743e+01    5.59e-04    7.59e+01   3.44e+00   5.83e-01  5.71e+05        1    6.19e-02    5.09e+00
  86  1.191687e+01    5.55e-04    7.55e+01   3.44e+00   5.82e-01  5.73e+05        1    6.17e-02    5.16e+00
  87  1.191632e+01    5.51e-04    7.51e+01   3.44e+00   5.82e-01  5.76e+05        1    6.24e-02    5.22e+00
  88  1.191577e+01    5.46e-04    7.47e+01   3.43e+00   5.82e-01  5.78e+05        1    5.99e-02    5.28e+00
  89  1.191523e+01    5.42e-04    7.43e+01   3.43e+00   5.82e-01  5.81e+05        1    6.15e-02    5.34e+00
  90  1.191470e+01    5.38e-04    7.38e+01   3.43e+00   5.82e-01  5.84e+05        1    6.18e-02    5.40e+00
  91  1.191416e+01    5.33e-04    7.34e+01   3.43e+00   5.82e-01  5.86e+05        1    5.93e-02    5.46e+00
  92  1.191363e+01    5.29e-04    7.30e+01   3.43e+00   5.82e-01  5.89e+05        1    6.19e-02    5.52e+00
  93  1.191311e+01    5.25e-04    7.26e+01   3.43e+00   5.82e-01  5.91e+05        1    6.13e-02    5.58e+00
  94  1.191259e+01    5.20e-04    7.22e+01   3.43e+00   5.82e-01  5.94e+05        1    6.73e-02    5.65e+00
  95  1.191207e+01    5.16e-04    7.18e+01   3.43e+00   5.82e-01  5.97e+05        1    5.54e-02    5.71e+00
  96  1.191156e+01    5.12e-04    7.14e+01   3.43e+00   5.82e-01  5.99e+05        1    5.97e-02    5.77e+00
  97  1.191105e+01    5.07e-04    7.09e+01   3.42e+00   5.82e-01  6.02e+05        1    6.01e-02    5.83e+00
  98  1.191055e+01    5.03e-04    7.05e+01   3.42e+00   5.82e-01  6.05e+05        1    5.98e-02    5.89e+00
  99  1.191005e+01    4.99e-04    7.01e+01   3.42e+00   5.82e-01  6.07e+05        1    6.09e-02    5.95e+00
 100  1.190956e+01    4.95e-04    6.97e+01   3.42e+00   5.82e-01  6.10e+05        1    6.10e-02    6.01e+00


Bundle adjustment report
------------------------
    Residuals : 228
   Parameters : 182
   Iterations : 101
         Time : 6.00914 [s]
 Initial cost : 0.438103 [px]
   Final cost : 0.22855 [px]
  Termination : No convergence

  => Filtered observations: 0
  => Filtered images: 0

==============================================================================
Registering image #42 (3)
==============================================================================

  => Image sees 44 / 1093 points
  => Could not register, trying another image.

==============================================================================
Registering image #58 (3)
==============================================================================

  => Image sees 49 / 1211 points
  => Could not register, trying another image.

==============================================================================
Registering image #27 (3)
==============================================================================

  => Image sees 43 / 936 points
  => Could not register, trying another image.

==============================================================================
Registering image #16 (3)
==============================================================================

  => Image sees 43 / 1081 points
  => Could not register, trying another image.

==============================================================================
Registering image #28 (3)
==============================================================================

  => Image sees 41 / 1064 points
  => Could not register, trying another image.

==============================================================================
Retriangulation
==============================================================================

  => Merged observations: 0
  => Completed observations: 0
  => Retriangulated observations: 0

==============================================================================
Global bundle adjustment
==============================================================================

iter      cost      cost_change  |gradient|   |step|    tr_ratio  tr_radius  ls_iter  iter_time  total_time
   0  1.190956e+01    0.00e+00    6.97e+01   0.00e+00   0.00e+00  1.00e+04        0    6.25e-03    6.57e-03
   1  1.190919e+01    3.64e-04    2.16e-01   5.73e-02   1.00e+00  3.00e+04        1    5.98e-02    6.64e-02
   2  1.190917e+01    2.54e-05    8.71e-01   1.73e-01   1.00e+00  9.00e+04        1    5.97e-02    1.26e-01
   3  1.190909e+01    7.59e-05    1.77e+00   5.25e-01   9.98e-01  2.70e+05        1    6.07e-02    1.87e-01
   4  1.190888e+01    2.12e-04    1.43e+01   1.58e+00   9.34e-01  7.75e+05        1    6.12e-02    2.48e-01
   5  1.190925e+01   -3.70e-04    0.00e+00   4.54e+00  -5.63e-01  3.88e+05        1    4.91e-02    2.97e-01
   6  1.190861e+01    2.73e-04    2.98e+01   2.28e+00   8.08e-01  5.06e+05        1    5.99e-02    3.57e-01
   7  1.190831e+01    2.96e-04    5.04e+01   2.97e+00   6.14e-01  5.12e+05        1    6.12e-02    4.19e-01
   8  1.190790e+01    4.12e-04    5.12e+01   2.99e+00   6.82e-01  5.38e+05        1    6.10e-02    4.80e-01
   9  1.190750e+01    3.97e-04    5.57e+01   3.13e+00   6.35e-01  5.48e+05        1    6.11e-02    5.41e-01
  10  1.190708e+01    4.24e-04    5.72e+01   3.18e+00   6.37e-01  5.60e+05        1    6.15e-02    6.02e-01
  11  1.190665e+01    4.26e-04    5.88e+01   3.23e+00   6.25e-01  5.69e+05        1    6.14e-02    6.64e-01
  12  1.190622e+01    4.32e-04    5.98e+01   3.26e+00   6.19e-01  5.77e+05        1    5.83e-02    7.22e-01
  13  1.190578e+01    4.35e-04    6.06e+01   3.29e+00   6.14e-01  5.83e+05        1    6.14e-02    7.83e-01
  14  1.190535e+01    4.36e-04    6.11e+01   3.31e+00   6.10e-01  5.90e+05        1    5.85e-02    8.42e-01
  15  1.190491e+01    4.37e-04    6.15e+01   3.33e+00   6.06e-01  5.95e+05        1    6.48e-02    9.07e-01
  16  1.190447e+01    4.36e-04    6.18e+01   3.35e+00   6.03e-01  6.01e+05        1    5.55e-02    9.63e-01
  17  1.190404e+01    4.35e-04    6.19e+01   3.36e+00   6.00e-01  6.05e+05        1    6.33e-02    1.03e+00
  18  1.190361e+01    4.34e-04    6.20e+01   3.37e+00   5.98e-01  6.10e+05        1    6.41e-02    1.09e+00
  19  1.190317e+01    4.32e-04    6.20e+01   3.38e+00   5.96e-01  6.14e+05        1    5.62e-02    1.15e+00
  20  1.190274e+01    4.30e-04    6.20e+01   3.38e+00   5.95e-01  6.19e+05        1    6.06e-02    1.21e+00
  21  1.190232e+01    4.27e-04    6.19e+01   3.39e+00   5.94e-01  6.23e+05        1    6.18e-02    1.27e+00
  22  1.190189e+01    4.25e-04    6.17e+01   3.39e+00   5.92e-01  6.27e+05        1    6.12e-02    1.33e+00
  23  1.190147e+01    4.22e-04    6.16e+01   3.40e+00   5.91e-01  6.31e+05        1    6.07e-02    1.39e+00
  24  1.190105e+01    4.19e-04    6.14e+01   3.40e+00   5.91e-01  6.34e+05        1    6.19e-02    1.45e+00
  25  1.190063e+01    4.16e-04    6.11e+01   3.40e+00   5.90e-01  6.38e+05        1    6.16e-02    1.51e+00
  26  1.190022e+01    4.13e-04    6.09e+01   3.40e+00   5.89e-01  6.42e+05        1    6.21e-02    1.58e+00
  27  1.189981e+01    4.10e-04    6.06e+01   3.40e+00   5.89e-01  6.45e+05        1    6.16e-02    1.64e+00
  28  1.189940e+01    4.07e-04    6.04e+01   3.40e+00   5.88e-01  6.49e+05        1    6.19e-02    1.70e+00
  29  1.189900e+01    4.04e-04    6.01e+01   3.40e+00   5.88e-01  6.52e+05        1    6.00e-02    1.76e+00
  30  1.189860e+01    4.00e-04    5.98e+01   3.40e+00   5.87e-01  6.56e+05        1    6.16e-02    1.82e+00
  31  1.189820e+01    3.97e-04    5.95e+01   3.40e+00   5.87e-01  6.59e+05        1    6.29e-02    1.89e+00
  32  1.189781e+01    3.94e-04    5.92e+01   3.40e+00   5.87e-01  6.63e+05        1    6.14e-02    1.95e+00
  33  1.189742e+01    3.90e-04    5.89e+01   3.40e+00   5.87e-01  6.66e+05        1    6.45e-02    2.01e+00
  34  1.189703e+01    3.87e-04    5.85e+01   3.40e+00   5.87e-01  6.70e+05        1    6.33e-02    2.07e+00
  35  1.189665e+01    3.84e-04    5.82e+01   3.39e+00   5.86e-01  6.73e+05        1    5.83e-02    2.13e+00
  36  1.189627e+01    3.80e-04    5.79e+01   3.39e+00   5.86e-01  6.77e+05        1    6.13e-02    2.19e+00
  37  1.189589e+01    3.77e-04    5.75e+01   3.39e+00   5.86e-01  6.80e+05        1    5.97e-02    2.25e+00
  38  1.189552e+01    3.73e-04    5.72e+01   3.39e+00   5.86e-01  6.84e+05        1    6.11e-02    2.32e+00
  39  1.189515e+01    3.70e-04    5.69e+01   3.38e+00   5.86e-01  6.87e+05        1    6.05e-02    2.38e+00
  40  1.189478e+01    3.67e-04    5.65e+01   3.38e+00   5.86e-01  6.91e+05        1    5.52e-02    2.43e+00
  41  1.189442e+01    3.63e-04    5.62e+01   3.38e+00   5.86e-01  6.94e+05        1    6.06e-02    2.49e+00
  42  1.189406e+01    3.60e-04    5.58e+01   3.38e+00   5.86e-01  6.98e+05        1    6.16e-02    2.55e+00
  43  1.189370e+01    3.57e-04    5.55e+01   3.37e+00   5.86e-01  7.02e+05        1    6.30e-02    2.62e+00
  44  1.189335e+01    3.53e-04    5.51e+01   3.37e+00   5.86e-01  7.05e+05        1    6.12e-02    2.68e+00
  45  1.189300e+01    3.50e-04    5.48e+01   3.37e+00   5.86e-01  7.09e+05        1    6.70e-02    2.75e+00
  46  1.189265e+01    3.47e-04    5.45e+01   3.36e+00   5.86e-01  7.12e+05        1    5.73e-02    2.80e+00
  47  1.189231e+01    3.44e-04    5.41e+01   3.36e+00   5.86e-01  7.16e+05        1    6.10e-02    2.86e+00
  48  1.189197e+01    3.40e-04    5.38e+01   3.36e+00   5.86e-01  7.20e+05        1    6.18e-02    2.93e+00
  49  1.189163e+01    3.37e-04    5.34e+01   3.35e+00   5.86e-01  7.23e+05        1    6.11e-02    2.99e+00
  50  1.189129e+01    3.34e-04    5.31e+01   3.35e+00   5.86e-01  7.27e+05        1    5.96e-02    3.05e+00
  51  1.189096e+01    3.31e-04    5.28e+01   3.35e+00   5.86e-01  7.31e+05        1    6.07e-02    3.11e+00
  52  1.189064e+01    3.28e-04    5.24e+01   3.34e+00   5.86e-01  7.35e+05        1    5.91e-02    3.17e+00
  53  1.189031e+01    3.24e-04    5.21e+01   3.34e+00   5.86e-01  7.38e+05        1    6.27e-02    3.23e+00
  54  1.188999e+01    3.21e-04    5.17e+01   3.34e+00   5.86e-01  7.42e+05        1    6.52e-02    3.29e+00
  55  1.188967e+01    3.18e-04    5.14e+01   3.33e+00   5.86e-01  7.46e+05        1    5.62e-02    3.35e+00
  56  1.188936e+01    3.15e-04    5.11e+01   3.33e+00   5.86e-01  7.50e+05        1    6.06e-02    3.41e+00
  57  1.188905e+01    3.12e-04    5.08e+01   3.33e+00   5.87e-01  7.54e+05        1    6.00e-02    3.47e+00
  58  1.188874e+01    3.09e-04    5.04e+01   3.32e+00   5.87e-01  7.58e+05        1    6.48e-02    3.54e+00
  59  1.188843e+01    3.06e-04    5.01e+01   3.32e+00   5.87e-01  7.62e+05        1    5.87e-02    3.59e+00
  60  1.188813e+01    3.03e-04    4.98e+01   3.31e+00   5.87e-01  7.66e+05        1    6.09e-02    3.66e+00
  61  1.188783e+01    3.00e-04    4.94e+01   3.31e+00   5.87e-01  7.70e+05        1    6.16e-02    3.72e+00
  62  1.188753e+01    2.97e-04    4.91e+01   3.31e+00   5.87e-01  7.74e+05        1    6.12e-02    3.78e+00
  63  1.188724e+01    2.94e-04    4.88e+01   3.30e+00   5.87e-01  7.78e+05        1    6.05e-02    3.84e+00
  64  1.188695e+01    2.91e-04    4.85e+01   3.30e+00   5.87e-01  7.82e+05        1    6.14e-02    3.90e+00
  65  1.188666e+01    2.88e-04    4.82e+01   3.30e+00   5.87e-01  7.86e+05        1    6.17e-02    3.96e+00
  66  1.188637e+01    2.85e-04    4.78e+01   3.29e+00   5.87e-01  7.90e+05        1    6.11e-02    4.02e+00
  67  1.188609e+01    2.82e-04    4.75e+01   3.29e+00   5.87e-01  7.95e+05        1    5.93e-02    4.08e+00
  68  1.188581e+01    2.80e-04    4.72e+01   3.28e+00   5.87e-01  7.99e+05        1    6.00e-02    4.14e+00
  69  1.188553e+01    2.77e-04    4.69e+01   3.28e+00   5.87e-01  8.03e+05        1    5.98e-02    4.20e+00
  70  1.188526e+01    2.74e-04    4.66e+01   3.27e+00   5.88e-01  8.08e+05        1    6.12e-02    4.26e+00
  71  1.188499e+01    2.71e-04    4.63e+01   3.27e+00   5.88e-01  8.12e+05        1    6.31e-02    4.33e+00
  72  1.188472e+01    2.69e-04    4.60e+01   3.27e+00   5.88e-01  8.16e+05        1    6.08e-02    4.39e+00
  73  1.188445e+01    2.66e-04    4.56e+01   3.26e+00   5.88e-01  8.21e+05        1    6.15e-02    4.45e+00
  74  1.188419e+01    2.63e-04    4.53e+01   3.26e+00   5.88e-01  8.25e+05        1    6.08e-02    4.51e+00
  75  1.188393e+01    2.60e-04    4.50e+01   3.25e+00   5.88e-01  8.30e+05        1    6.13e-02    4.57e+00
  76  1.188367e+01    2.58e-04    4.47e+01   3.25e+00   5.88e-01  8.34e+05        1    5.92e-02    4.63e+00
  77  1.188342e+01    2.55e-04    4.44e+01   3.24e+00   5.88e-01  8.39e+05        1    6.19e-02    4.69e+00
  78  1.188316e+01    2.52e-04    4.41e+01   3.24e+00   5.88e-01  8.44e+05        1    6.19e-02    4.75e+00
  79  1.188292e+01    2.50e-04    4.38e+01   3.24e+00   5.88e-01  8.48e+05        1    6.14e-02    4.82e+00
  80  1.188267e+01    2.47e-04    4.35e+01   3.23e+00   5.88e-01  8.53e+05        1    6.08e-02    4.88e+00
  81  1.188242e+01    2.45e-04    4.32e+01   3.23e+00   5.88e-01  8.58e+05        1    6.10e-02    4.94e+00
  82  1.188218e+01    2.42e-04    4.30e+01   3.22e+00   5.89e-01  8.62e+05        1    6.08e-02    5.00e+00
  83  1.188194e+01    2.40e-04    4.27e+01   3.22e+00   5.89e-01  8.67e+05        1    6.02e-02    5.06e+00
  84  1.188170e+01    2.37e-04    4.24e+01   3.21e+00   5.89e-01  8.72e+05        1    6.07e-02    5.12e+00
  85  1.188147e+01    2.35e-04    4.21e+01   3.21e+00   5.89e-01  8.77e+05        1    6.11e-02    5.18e+00
  86  1.188124e+01    2.32e-04    4.18e+01   3.20e+00   5.89e-01  8.82e+05        1    6.20e-02    5.24e+00
  87  1.188101e+01    2.30e-04    4.15e+01   3.20e+00   5.89e-01  8.87e+05        1    6.21e-02    5.30e+00
  88  1.188078e+01    2.27e-04    4.12e+01   3.19e+00   5.89e-01  8.92e+05        1    6.00e-02    5.36e+00
  89  1.188056e+01    2.25e-04    4.09e+01   3.19e+00   5.89e-01  8.97e+05        1    6.03e-02    5.42e+00
  90  1.188033e+01    2.22e-04    4.07e+01   3.18e+00   5.89e-01  9.02e+05        1    6.99e-02    5.49e+00
  91  1.188011e+01    2.20e-04    4.04e+01   3.18e+00   5.89e-01  9.07e+05        1    5.39e-02    5.55e+00
  92  1.187990e+01    2.18e-04    4.01e+01   3.18e+00   5.89e-01  9.13e+05        1    6.11e-02    5.61e+00
  93  1.187968e+01    2.15e-04    3.98e+01   3.17e+00   5.89e-01  9.18e+05        1    6.01e-02    5.67e+00
  94  1.187947e+01    2.13e-04    3.95e+01   3.17e+00   5.90e-01  9.23e+05        1    6.16e-02    5.73e+00
  95  1.187926e+01    2.11e-04    3.93e+01   3.16e+00   5.90e-01  9.28e+05        1    6.17e-02    5.79e+00
  96  1.187905e+01    2.09e-04    3.90e+01   3.16e+00   5.90e-01  9.34e+05        1    6.16e-02    5.85e+00
  97  1.187884e+01    2.06e-04    3.87e+01   3.15e+00   5.90e-01  9.39e+05        1    6.10e-02    5.92e+00
  98  1.187864e+01    2.04e-04    3.85e+01   3.15e+00   5.90e-01  9.45e+05        1    6.14e-02    5.98e+00
  99  1.187844e+01    2.02e-04    3.82e+01   3.14e+00   5.90e-01  9.50e+05        1    6.18e-02    6.04e+00
 100  1.187824e+01    2.00e-04    3.79e+01   3.14e+00   5.90e-01  9.56e+05        1    6.32e-02    6.10e+00


Bundle adjustment report
------------------------
    Residuals : 228
   Parameters : 182
   Iterations : 101
         Time : 6.10221 [s]
 Initial cost : 0.22855 [px]
   Final cost : 0.228249 [px]
  Termination : No convergence

  => Merged observations: 0
  => Completed observations: 0
  => Filtered observations: 0
  => Changed observations: 0.000000
  => Filtered images: 0

==============================================================================
Registering image #42 (3)
==============================================================================

  => Image sees 44 / 1093 points
  => Could not register, trying another image.

==============================================================================
Registering image #58 (3)
==============================================================================

  => Image sees 49 / 1211 points
  => Could not register, trying another image.

==============================================================================
Registering image #27 (3)
==============================================================================

  => Image sees 43 / 936 points
  => Could not register, trying another image.

==============================================================================
Registering image #16 (3)
==============================================================================

  => Image sees 43 / 1081 points
  => Could not register, trying another image.

==============================================================================
Registering image #28 (3)
==============================================================================

  => Image sees 41 / 1064 points
  => Could not register, trying another image.

==============================================================================
Initializing with image pair #27 and #58
==============================================================================


==============================================================================
Global bundle adjustment
==============================================================================

iter      cost      cost_change  |gradient|   |step|    tr_ratio  tr_radius  ls_iter  iter_time  total_time
   0  2.025591e+02    0.00e+00    1.29e+04   0.00e+00   0.00e+00  1.00e+04        0    8.69e-03    9.10e-03
   1  8.473058e+02   -6.45e+02    0.00e+00   1.10e+02  -4.05e+00  5.00e+03        1    4.37e-02    5.29e-02
   2  4.167953e+02   -2.14e+02    0.00e+00   7.94e+01  -1.51e+00  1.25e+03        1    4.86e-02    1.02e-01
   3  1.485144e+02    5.40e+01    1.22e+04   3.48e+01   5.95e-01  1.26e+03        1    6.68e-02    1.68e-01
   4  8.670047e+01    6.18e+01    4.22e+03   2.53e+01   9.51e-01  3.78e+03        1    5.49e-02    2.23e-01
   5  6.212981e+01    2.46e+01    6.92e+03   4.04e+01   7.24e-01  4.15e+03        1    6.21e-02    2.85e-01
   6  4.392174e+01    1.82e+01    1.12e+03   2.93e+01   9.47e-01  1.25e+04        1    6.15e-02    3.47e-01
   7  3.938440e+01    4.54e+00    4.35e+03   5.62e+01   4.77e-01  1.25e+04        1    5.95e-02    4.06e-01
   8  3.289337e+01    6.49e+00    1.77e+03   4.30e+01   8.10e-01  1.63e+04        1    6.10e-02    4.67e-01
   9  3.056939e+01    2.32e+00    1.81e+03   3.80e+01   7.08e-01  1.76e+04        1    6.15e-02    5.29e-01
  10  2.901660e+01    1.55e+00    9.56e+02   2.64e+01   8.70e-01  2.96e+04        1    6.20e-02    5.91e-01
  11  2.848503e+01    5.32e-01    1.45e+03   2.11e+01   7.00e-01  3.16e+04        1    6.14e-02    6.52e-01
  12  2.808179e+01    4.03e-01    1.05e+03   1.02e+01   8.46e-01  4.73e+04        1    6.78e-02    7.20e-01
  13  2.791749e+01    1.64e-01    1.85e+03   9.06e+00   5.27e-01  4.73e+04        1    5.80e-02    7.78e-01
  14  2.767080e+01    2.47e-01    1.58e+03   1.14e+01   6.91e-01  5.00e+04        1    5.98e-02    8.38e-01
  15  2.747569e+01    1.95e-01    1.72e+03   1.39e+01   5.75e-01  5.02e+04        1    6.06e-02    8.99e-01
  16  2.725364e+01    2.22e-01    1.73e+03   1.51e+01   5.80e-01  5.04e+04        1    6.17e-02    9.60e-01
  17  2.702296e+01    2.31e-01    1.75e+03   1.56e+01   5.68e-01  5.05e+04        1    6.17e-02    1.02e+00
  18  2.678351e+01    2.39e-01    1.76e+03   1.56e+01   5.66e-01  5.07e+04        1    6.26e-02    1.08e+00
  19  2.653971e+01    2.44e-01    1.74e+03   1.54e+01   5.69e-01  5.08e+04        1    6.59e-02    1.15e+00
  20  2.629590e+01    2.44e-01    1.70e+03   1.49e+01   5.75e-01  5.10e+04        1    6.21e-02    1.21e+00
  21  2.605588e+01    2.40e-01    1.64e+03   1.43e+01   5.83e-01  5.12e+04        1    6.22e-02    1.27e+00
  22  2.582248e+01    2.33e-01    1.57e+03   1.37e+01   5.91e-01  5.15e+04        1    5.74e-02    1.33e+00
  23  2.559743e+01    2.25e-01    1.51e+03   1.30e+01   6.00e-01  5.19e+04        1    6.19e-02    1.39e+00
  24  2.538140e+01    2.16e-01    1.45e+03   1.24e+01   6.08e-01  5.25e+04        1    5.99e-02    1.45e+00
  25  2.517426e+01    2.07e-01    1.39e+03   1.18e+01   6.15e-01  5.31e+04        1    6.00e-02    1.51e+00
  26  2.497536e+01    1.99e-01    1.35e+03   1.12e+01   6.22e-01  5.39e+04        1    6.19e-02    1.58e+00
  27  2.478367e+01    1.92e-01    1.31e+03   1.08e+01   6.27e-01  5.48e+04        1    6.21e-02    1.64e+00
  28  2.459810e+01    1.86e-01    1.29e+03   1.04e+01   6.31e-01  5.58e+04        1    6.26e-02    1.70e+00
  29  2.441750e+01    1.81e-01    1.27e+03   1.02e+01   6.33e-01  5.68e+04        1    6.16e-02    1.76e+00
  30  2.424082e+01    1.77e-01    1.27e+03   9.99e+00   6.34e-01  5.80e+04        1    6.13e-02    1.82e+00
  31  2.406713e+01    1.74e-01    1.27e+03   9.91e+00   6.34e-01  5.91e+04        1    6.31e-02    1.89e+00
  32  2.389564e+01    1.71e-01    1.28e+03   9.90e+00   6.32e-01  6.02e+04        1    6.02e-02    1.95e+00
  33  2.372571e+01    1.70e-01    1.29e+03   9.97e+00   6.30e-01  6.13e+04        1    5.97e-02    2.01e+00
  34  2.355683e+01    1.69e-01    1.30e+03   1.01e+01   6.26e-01  6.23e+04        1    6.20e-02    2.07e+00
  35  2.338862e+01    1.68e-01    1.32e+03   1.02e+01   6.21e-01  6.32e+04        1    6.25e-02    2.13e+00
  36  2.322080e+01    1.68e-01    1.33e+03   1.04e+01   6.16e-01  6.40e+04        1    6.72e-02    2.20e+00
  37  2.305319e+01    1.68e-01    1.34e+03   1.06e+01   6.11e-01  6.47e+04        1    5.56e-02    2.25e+00
  38  2.288565e+01    1.68e-01    1.35e+03   1.08e+01   6.05e-01  6.53e+04        1    6.01e-02    2.31e+00
  39  2.271812e+01    1.68e-01    1.35e+03   1.10e+01   6.00e-01  6.58e+04        1    5.97e-02    2.37e+00
  40  2.255057e+01    1.68e-01    1.35e+03   1.11e+01   5.95e-01  6.63e+04        1    6.24e-02    2.44e+00
  41  2.238303e+01    1.68e-01    1.35e+03   1.13e+01   5.90e-01  6.66e+04        1    6.15e-02    2.50e+00
  42  2.221553e+01    1.68e-01    1.35e+03   1.14e+01   5.85e-01  6.70e+04        1    6.19e-02    2.56e+00
  43  2.204812e+01    1.67e-01    1.34e+03   1.15e+01   5.81e-01  6.73e+04        1    6.18e-02    2.62e+00
  44  2.188092e+01    1.67e-01    1.33e+03   1.15e+01   5.78e-01  6.75e+04        1    6.22e-02    2.68e+00
  45  2.171401e+01    1.67e-01    1.32e+03   1.16e+01   5.75e-01  6.77e+04        1    6.26e-02    2.75e+00
  46  2.154751e+01    1.66e-01    1.30e+03   1.16e+01   5.73e-01  6.80e+04        1    6.69e-02    2.81e+00
  47  2.138157e+01    1.66e-01    1.28e+03   1.16e+01   5.71e-01  6.81e+04        1    6.08e-02    2.87e+00
  48  2.121633e+01    1.65e-01    1.30e+03   1.16e+01   5.70e-01  6.83e+04        1    6.19e-02    2.94e+00
  49  2.105195e+01    1.64e-01    1.31e+03   1.16e+01   5.70e-01  6.85e+04        1    6.03e-02    3.00e+00
  50  2.088860e+01    1.63e-01    1.32e+03   1.15e+01   5.70e-01  6.87e+04        1    6.16e-02    3.06e+00
  51  2.072644e+01    1.62e-01    1.32e+03   1.15e+01   5.70e-01  6.89e+04        1    6.11e-02    3.12e+00
  52  2.056566e+01    1.61e-01    1.33e+03   1.14e+01   5.71e-01  6.91e+04        1    6.18e-02    3.18e+00
  53  2.040642e+01    1.59e-01    1.33e+03   1.13e+01   5.72e-01  6.93e+04        1    5.95e-02    3.24e+00
  54  2.024891e+01    1.58e-01    1.32e+03   1.12e+01   5.74e-01  6.95e+04        1    6.55e-02    3.31e+00
  55  2.009329e+01    1.56e-01    1.32e+03   1.11e+01   5.76e-01  6.98e+04        1    6.02e-02    3.37e+00
  56  1.993973e+01    1.54e-01    1.31e+03   1.10e+01   5.79e-01  7.01e+04        1    6.15e-02    3.43e+00
  57  1.978838e+01    1.51e-01    1.30e+03   1.08e+01   5.81e-01  7.04e+04        1    6.22e-02    3.49e+00
  58  1.963940e+01    1.49e-01    1.29e+03   1.07e+01   5.84e-01  7.07e+04        1    6.21e-02    3.55e+00
  59  1.949292e+01    1.46e-01    1.28e+03   1.05e+01   5.87e-01  7.11e+04        1    6.13e-02    3.61e+00
  60  1.934906e+01    1.44e-01    1.26e+03   1.04e+01   5.90e-01  7.15e+04        1    6.21e-02    3.68e+00
  61  1.920794e+01    1.41e-01    1.25e+03   1.02e+01   5.93e-01  7.20e+04        1    6.21e-02    3.74e+00
  62  1.906965e+01    1.38e-01    1.23e+03   1.01e+01   5.96e-01  7.25e+04        1    6.21e-02    3.80e+00
  63  1.893428e+01    1.35e-01    1.21e+03   9.93e+00   5.99e-01  7.31e+04        1    6.22e-02    3.86e+00
  64  1.880190e+01    1.32e-01    1.19e+03   9.78e+00   6.02e-01  7.37e+04        1    5.98e-02    3.92e+00
  65  1.867259e+01    1.29e-01    1.18e+03   9.62e+00   6.05e-01  7.44e+04        1    6.19e-02    3.98e+00
  66  1.854639e+01    1.26e-01    1.16e+03   9.47e+00   6.08e-01  7.51e+04        1    5.86e-02    4.04e+00
  67  1.842337e+01    1.23e-01    1.14e+03   9.32e+00   6.11e-01  7.60e+04        1    6.26e-02    4.11e+00
  68  1.830355e+01    1.20e-01    1.12e+03   9.17e+00   6.14e-01  7.69e+04        1    5.88e-02    4.16e+00
  69  1.818699e+01    1.17e-01    1.10e+03   9.02e+00   6.16e-01  7.79e+04        1    6.20e-02    4.23e+00
  70  1.807372e+01    1.13e-01    1.08e+03   8.88e+00   6.19e-01  7.89e+04        1    5.98e-02    4.29e+00
  71  1.796377e+01    1.10e-01    1.06e+03   8.73e+00   6.21e-01  8.01e+04        1    6.21e-02    4.35e+00
  72  1.785717e+01    1.07e-01    1.04e+03   8.59e+00   6.23e-01  8.13e+04        1    5.97e-02    4.41e+00
  73  1.775394e+01    1.03e-01    1.02e+03   8.45e+00   6.26e-01  8.26e+04        1    6.19e-02    4.47e+00
  74  1.765411e+01    9.98e-02    9.95e+02   8.32e+00   6.28e-01  8.40e+04        1    5.73e-02    4.53e+00
  75  1.755769e+01    9.64e-02    9.73e+02   8.19e+00   6.30e-01  8.55e+04        1    6.17e-02    4.59e+00
  76  1.746471e+01    9.30e-02    9.52e+02   8.06e+00   6.32e-01  8.71e+04        1    5.94e-02    4.65e+00
  77  1.737518e+01    8.95e-02    9.30e+02   7.93e+00   6.33e-01  8.88e+04        1    6.16e-02    4.71e+00
  78  1.728910e+01    8.61e-02    9.09e+02   7.80e+00   6.35e-01  9.06e+04        1    6.24e-02    4.77e+00
  79  1.720649e+01    8.26e-02    8.87e+02   7.68e+00   6.37e-01  9.25e+04        1    6.58e-02    4.84e+00
  80  1.712733e+01    7.92e-02    8.65e+02   7.56e+00   6.39e-01  9.45e+04        1    6.37e-02    4.90e+00
  81  1.705163e+01    7.57e-02    8.42e+02   7.44e+00   6.40e-01  9.66e+04        1    5.92e-02    4.96e+00
  82  1.697938e+01    7.23e-02    8.20e+02   7.33e+00   6.42e-01  9.89e+04        1    6.06e-02    5.02e+00
  83  1.691054e+01    6.88e-02    7.98e+02   7.21e+00   6.43e-01  1.01e+05        1    6.02e-02    5.08e+00
  84  1.684511e+01    6.54e-02    7.75e+02   7.10e+00   6.45e-01  1.04e+05        1    6.21e-02    5.14e+00
  85  1.678304e+01    6.21e-02    7.53e+02   6.99e+00   6.46e-01  1.06e+05        1    6.26e-02    5.21e+00
  86  1.672430e+01    5.87e-02    7.30e+02   6.88e+00   6.47e-01  1.09e+05        1    6.48e-02    5.27e+00
  87  1.666884e+01    5.55e-02    7.08e+02   6.77e+00   6.49e-01  1.12e+05        1    6.12e-02    5.33e+00
  88  1.661660e+01    5.22e-02    6.85e+02   6.67e+00   6.50e-01  1.15e+05        1    5.99e-02    5.39e+00
  89  1.656752e+01    4.91e-02    6.63e+02   6.56e+00   6.51e-01  1.18e+05        1    6.11e-02    5.45e+00
  90  1.652153e+01    4.60e-02    6.40e+02   6.45e+00   6.52e-01  1.22e+05        1    6.08e-02    5.51e+00
  91  1.647855e+01    4.30e-02    6.18e+02   6.35e+00   6.53e-01  1.26e+05        1    6.29e-02    5.58e+00
  92  1.643850e+01    4.00e-02    5.96e+02   6.24e+00   6.54e-01  1.29e+05        1    6.20e-02    5.64e+00
  93  1.640129e+01    3.72e-02    5.74e+02   6.13e+00   6.55e-01  1.33e+05        1    6.20e-02    5.70e+00
  94  1.636682e+01    3.45e-02    5.53e+02   6.03e+00   6.56e-01  1.37e+05        1    6.05e-02    5.76e+00
  95  1.633498e+01    3.18e-02    5.31e+02   5.92e+00   6.57e-01  1.42e+05        1    6.21e-02    5.82e+00
  96  1.630567e+01    2.93e-02    5.10e+02   5.81e+00   6.58e-01  1.47e+05        1    6.20e-02    5.89e+00
  97  1.627877e+01    2.69e-02    4.89e+02   5.69e+00   6.59e-01  1.51e+05        1    6.14e-02    5.95e+00
  98  1.625417e+01    2.46e-02    4.68e+02   5.58e+00   6.60e-01  1.57e+05        1    6.19e-02    6.01e+00
  99  1.623175e+01    2.24e-02    4.48e+02   5.47e+00   6.61e-01  1.62e+05        1    6.53e-02    6.08e+00
 100  1.621138e+01    2.04e-02    4.27e+02   5.35e+00   6.62e-01  1.68e+05        1    6.17e-02    6.14e+00


Bundle adjustment report
------------------------
    Residuals : 532
   Parameters : 410
   Iterations : 101
         Time : 6.13688 [s]
 Initial cost : 0.61705 [px]
   Final cost : 0.174564 [px]
  Termination : No convergence

  => Filtered observations: 0
  => Filtered images: 0

==============================================================================
Registering image #28 (3)
==============================================================================

  => Image sees 101 / 1064 points
  => Could not register, trying another image.

==============================================================================
Registering image #88 (3)
==============================================================================

  => Image sees 98 / 1113 points
  => Could not register, trying another image.

==============================================================================
Registering image #42 (3)
==============================================================================

  => Image sees 93 / 1093 points
  => Could not register, trying another image.

==============================================================================
Registering image #71 (3)
==============================================================================

  => Image sees 79 / 1093 points
  => Could not register, trying another image.

==============================================================================
Registering image #16 (3)
==============================================================================

  => Image sees 68 / 1081 points
  => Could not register, trying another image.

==============================================================================
Registering image #70 (3)
==============================================================================

  => Image sees 58 / 1113 points
  => Could not register, trying another image.

==============================================================================
Registering image #72 (3)
==============================================================================

  => Image sees 59 / 804 points
  => Could not register, trying another image.

==============================================================================
Registering image #2 (3)
==============================================================================

  => Image sees 50 / 743 points
  => Could not register, trying another image.

==============================================================================
Registering image #90 (3)
==============================================================================

  => Image sees 41 / 953 points
  => Could not register, trying another image.

==============================================================================
Registering image #14 (3)
==============================================================================

  => Image sees 50 / 812 points
  => Could not register, trying another image.

==============================================================================
Registering image #46 (3)
==============================================================================

  => Image sees 40 / 728 points
  => Could not register, trying another image.

==============================================================================
Registering image #4 (3)
==============================================================================

  => Image sees 51 / 808 points
  => Could not register, trying another image.

==============================================================================
Registering image #18 (3)
==============================================================================

  => Image sees 31 / 658 points
  => Could not register, trying another image.

==============================================================================
Retriangulation
==============================================================================

  => Merged observations: 0
  => Completed observations: 0
  => Retriangulated observations: 0

==============================================================================
Global bundle adjustment
==============================================================================

iter      cost      cost_change  |gradient|   |step|    tr_ratio  tr_radius  ls_iter  iter_time  total_time
   0  1.621138e+01    0.00e+00    4.27e+02   0.00e+00   0.00e+00  1.00e+04        0    6.52e-03    7.00e-03
   1  1.620019e+01    1.12e-02    1.99e+00   3.15e-01   1.00e+00  3.00e+04        1    6.21e-02    6.91e-02
   2  1.619667e+01    3.52e-03    1.34e+01   1.02e+00   9.93e-01  9.00e+04        1    6.15e-02    1.31e-01
   3  1.618737e+01    9.31e-03    1.13e+02   3.07e+00   9.13e-01  2.05e+05        1    6.18e-02    1.93e-01
   4  1.618290e+01    4.47e-03    5.33e+02   6.69e+00   2.07e-01  1.71e+05        1    6.18e-02    2.54e-01
   5  1.615836e+01    2.45e-02    3.29e+02   5.12e+00   7.95e-01  2.15e+05        1    6.05e-02    3.15e-01
   6  1.614879e+01    9.57e-03    4.56e+02   6.08e+00   4.47e-01  2.15e+05        1    5.65e-02    3.71e-01
   7  1.613338e+01    1.54e-02    3.95e+02   5.61e+00   6.40e-01  2.20e+05        1    6.75e-02    4.39e-01
   8  1.612129e+01    1.21e-02    3.58e+02   5.32e+00   6.34e-01  2.24e+05        1    6.15e-02    5.00e-01
   9  1.611111e+01    1.02e-02    3.21e+02   5.03e+00   6.47e-01  2.30e+05        1    6.15e-02    5.62e-01
  10  1.610265e+01    8.46e-03    2.92e+02   4.78e+00   6.52e-01  2.37e+05        1    6.18e-02    6.24e-01
  11  1.609553e+01    7.12e-03    2.66e+02   4.55e+00   6.59e-01  2.45e+05        1    6.15e-02    6.85e-01
  12  1.608953e+01    6.00e-03    2.43e+02   4.34e+00   6.64e-01  2.53e+05        1    6.21e-02    7.47e-01
  13  1.608445e+01    5.08e-03    2.22e+02   4.14e+00   6.68e-01  2.63e+05        1    5.77e-02    8.05e-01
  14  1.608016e+01    4.30e-03    2.04e+02   3.96e+00   6.73e-01  2.75e+05        1    6.20e-02    8.67e-01
  15  1.607651e+01    3.64e-03    1.87e+02   3.79e+00   6.77e-01  2.87e+05        1    6.14e-02    9.29e-01
  16  1.607343e+01    3.08e-03    1.71e+02   3.62e+00   6.81e-01  3.02e+05        1    6.12e-02    9.90e-01
  17  1.607082e+01    2.61e-03    1.57e+02   3.46e+00   6.85e-01  3.18e+05        1    6.23e-02    1.05e+00
  18  1.606863e+01    2.20e-03    1.43e+02   3.31e+00   6.89e-01  3.36e+05        1    6.79e-02    1.12e+00
  19  1.606678e+01    1.85e-03    1.30e+02   3.16e+00   6.94e-01  3.57e+05        1    5.46e-02    1.18e+00
  20  1.606523e+01    1.55e-03    1.18e+02   3.01e+00   6.99e-01  3.80e+05        1    6.15e-02    1.24e+00
  21  1.606395e+01    1.29e-03    1.07e+02   2.87e+00   7.04e-01  4.08e+05        1    6.16e-02    1.30e+00
  22  1.606288e+01    1.06e-03    9.62e+01   2.72e+00   7.09e-01  4.40e+05        1    6.17e-02    1.36e+00
  23  1.606201e+01    8.70e-04    8.61e+01   2.58e+00   7.15e-01  4.78e+05        1    6.10e-02    1.42e+00
  24  1.606131e+01    7.05e-04    7.64e+01   2.43e+00   7.21e-01  5.24e+05        1    5.99e-02    1.48e+00
  25  1.606074e+01    5.63e-04    6.72e+01   2.28e+00   7.28e-01  5.79e+05        1    6.34e-02    1.54e+00
  26  1.606030e+01    4.43e-04    5.85e+01   2.13e+00   7.36e-01  6.47e+05        1    6.01e-02    1.60e+00
  27  1.605996e+01    3.41e-04    5.01e+01   1.97e+00   7.45e-01  7.33e+05        1    5.98e-02    1.66e+00
  28  1.605971e+01    2.55e-04    4.22e+01   1.81e+00   7.55e-01  8.44e+05        1    6.33e-02    1.73e+00
  29  1.605952e+01    1.85e-04    3.47e+01   1.65e+00   7.66e-01  9.94e+05        1    6.22e-02    1.79e+00
  30  1.605939e+01    1.28e-04    2.76e+01   1.47e+00   7.79e-01  1.20e+06        1    5.45e-02    1.85e+00
  31  1.605931e+01    8.28e-05    2.10e+01   1.29e+00   7.96e-01  1.52e+06        1    6.08e-02    1.91e+00
  32  1.605926e+01    4.93e-05    1.50e+01   1.09e+00   8.16e-01  2.03e+06        1    6.58e-02    1.97e+00
  33  1.605924e+01    2.57e-05    9.63e+00   8.77e-01   8.42e-01  2.98e+06        1    6.07e-02    2.03e+00
  34  1.605923e+01    1.09e-05    5.19e+00   6.50e-01   8.79e-01  5.27e+06        1    5.65e-02    2.09e+00
  35  1.605922e+01    3.23e-06    1.99e+00   4.10e-01   9.35e-01  1.55e+07        1    6.23e-02    2.16e+00
  36  1.605922e+01    4.95e-07    1.22e+00   1.81e-01   1.03e+00  4.66e+07        1    6.00e-02    2.22e+00
  37  1.605922e+01    1.98e-08    5.53e-02   3.58e-02   1.08e+00  1.40e+08        1    6.00e-02    2.28e+00


Bundle adjustment report
------------------------
    Residuals : 532
   Parameters : 410
   Iterations : 38
         Time : 2.27743 [s]
 Initial cost : 0.174564 [px]
   Final cost : 0.173743 [px]
  Termination : Convergence

  => Merged observations: 0
  => Completed observations: 0
  => Filtered observations: 0
  => Changed observations: 0.000000
  => Filtered images: 0

==============================================================================
Registering image #28 (3)
==============================================================================

  => Image sees 101 / 1064 points
  => Could not register, trying another image.

==============================================================================
Registering image #88 (3)
==============================================================================

  => Image sees 98 / 1113 points
  => Could not register, trying another image.

==============================================================================
Registering image #42 (3)
==============================================================================

  => Image sees 93 / 1093 points
  => Could not register, trying another image.

==============================================================================
Registering image #71 (3)
==============================================================================

  => Image sees 79 / 1093 points
  => Could not register, trying another image.

==============================================================================
Registering image #16 (3)
==============================================================================

  => Image sees 68 / 1081 points
  => Could not register, trying another image.

==============================================================================
Registering image #70 (3)
==============================================================================

  => Image sees 58 / 1113 points
  => Could not register, trying another image.

==============================================================================
Registering image #72 (3)
==============================================================================

  => Image sees 59 / 804 points
  => Could not register, trying another image.

==============================================================================
Registering image #2 (3)
==============================================================================

  => Image sees 50 / 743 points
  => Could not register, trying another image.

==============================================================================
Registering image #90 (3)
==============================================================================

  => Image sees 41 / 953 points
  => Could not register, trying another image.

==============================================================================
Registering image #14 (3)
==============================================================================

  => Image sees 50 / 812 points
  => Could not register, trying another image.

==============================================================================
Registering image #46 (3)
==============================================================================

  => Image sees 40 / 728 points
  => Could not register, trying another image.

==============================================================================
Registering image #4 (3)
==============================================================================

  => Image sees 51 / 808 points
  => Could not register, trying another image.

==============================================================================
Registering image #18 (3)
==============================================================================

  => Image sees 31 / 658 points
  => Could not register, trying another image.

==============================================================================
Initializing with image pair #27 and #2
==============================================================================


==============================================================================
Global bundle adjustment
==============================================================================

iter      cost      cost_change  |gradient|   |step|    tr_ratio  tr_radius  ls_iter  iter_time  total_time
   0  2.767368e+01    0.00e+00    2.94e+03   0.00e+00   0.00e+00  1.00e+04        0    6.92e-03    7.30e-03
   1  2.577804e+01    1.90e+00    3.36e+03   7.77e+00   6.83e-01  1.05e+04        1    5.87e-02    6.60e-02
   2  2.483358e+01    9.44e-01    1.14e+03   7.53e+00   9.30e-01  2.90e+04        1    6.01e-02    1.26e-01
   3  2.589776e+01   -1.06e+00    0.00e+00   1.30e+01  -2.18e+00  1.45e+04        1    4.78e-02    1.74e-01
   4  2.465694e+01    1.77e-01    1.64e+03   7.99e+00   5.57e-01  1.45e+04        1    6.40e-02    2.38e-01
   5  2.436718e+01    2.90e-01    1.53e+03   6.19e+00   6.82e-01  1.52e+04        1    6.05e-02    2.99e-01
   6  2.407717e+01    2.90e-01    1.37e+03   4.88e+00   6.99e-01  1.63e+04        1    6.13e-02    3.60e-01
   7  2.380674e+01    2.70e-01    1.06e+03   5.16e+00   7.55e-01  1.88e+04        1    6.15e-02    4.21e-01
   8  2.360134e+01    2.05e-01    8.32e+02   7.58e+00   7.48e-01  2.14e+04        1    6.17e-02    4.83e-01
   9  2.343749e+01    1.64e-01    6.26e+02   1.06e+01   7.54e-01  2.46e+04        1    6.15e-02    5.44e-01
  10  2.331158e+01    1.26e-01    5.22e+02   1.38e+01   7.09e-01  2.65e+04        1    6.15e-02    6.06e-01
  11  2.320167e+01    1.10e-01    4.45e+02   1.58e+01   7.00e-01  2.83e+04        1    5.92e-02    6.65e-01
  12  2.310723e+01    9.44e-02    4.18e+02   1.73e+01   6.68e-01  2.94e+04        1    6.11e-02    7.26e-01
  13  2.301853e+01    8.87e-02    3.99e+02   1.80e+01   6.67e-01  3.06e+04        1    5.98e-02    7.86e-01
  14  2.293635e+01    8.22e-02    3.94e+02   1.85e+01   6.59e-01  3.16e+04        1    6.20e-02    8.48e-01
  15  2.285814e+01    7.82e-02    3.91e+02   1.86e+01   6.61e-01  3.27e+04        1    5.99e-02    9.08e-01
  16  2.278407e+01    7.41e-02    3.92e+02   1.87e+01   6.62e-01  3.38e+04        1    6.45e-02    9.73e-01
  17  2.271358e+01    7.05e-02    3.94e+02   1.86e+01   6.66e-01  3.51e+04        1    5.99e-02    1.03e+00
  18  2.264665e+01    6.69e-02    3.97e+02   1.85e+01   6.70e-01  3.66e+04        1    6.17e-02    1.09e+00
  19  2.258312e+01    6.35e-02    4.02e+02   1.83e+01   6.74e-01  3.82e+04        1    6.16e-02    1.16e+00
  20  2.252291e+01    6.02e-02    4.08e+02   1.81e+01   6.79e-01  4.00e+04        1    6.01e-02    1.22e+00
  21  2.246589e+01    5.70e-02    4.16e+02   1.78e+01   6.83e-01  4.21e+04        1    6.17e-02    1.28e+00
  22  2.241193e+01    5.40e-02    4.25e+02   1.74e+01   6.88e-01  4.44e+04        1    6.24e-02    1.34e+00
  23  2.236085e+01    5.11e-02    4.37e+02   1.71e+01   6.93e-01  4.71e+04        1    5.95e-02    1.40e+00
  24  2.231246e+01    4.84e-02    4.52e+02   1.67e+01   6.97e-01  5.02e+04        1    5.95e-02    1.46e+00
  25  2.226651e+01    4.59e-02    4.71e+02   1.62e+01   7.01e-01  5.37e+04        1    6.12e-02    1.52e+00
  26  2.222273e+01    4.38e-02    4.94e+02   1.57e+01   7.04e-01  5.77e+04        1    6.03e-02    1.58e+00
  27  2.218080e+01    4.19e-02    5.22e+02   1.51e+01   7.06e-01  6.20e+04        1    6.19e-02    1.64e+00
  28  2.214037e+01    4.04e-02    5.55e+02   1.45e+01   7.04e-01  6.65e+04        1    6.19e-02    1.70e+00
  29  2.210105e+01    3.93e-02    5.92e+02   1.38e+01   6.99e-01  7.10e+04        1    6.11e-02    1.77e+00
  30  2.206242e+01    3.86e-02    6.31e+02   1.31e+01   6.90e-01  7.52e+04        1    6.07e-02    1.83e+00
  31  2.202401e+01    3.84e-02    6.69e+02   1.24e+01   6.78e-01  7.87e+04        1    6.17e-02    1.89e+00
  32  2.198534e+01    3.87e-02    7.05e+02   1.19e+01   6.63e-01  8.15e+04        1    6.00e-02    1.95e+00
  33  2.194590e+01    3.94e-02    7.38e+02   1.16e+01   6.48e-01  8.37e+04        1    6.12e-02    2.01e+00
  34  2.190527e+01    4.06e-02    7.67e+02   1.16e+01   6.35e-01  8.54e+04        1    6.25e-02    2.07e+00
  35  2.186312e+01    4.22e-02    7.94e+02   1.17e+01   6.24e-01  8.67e+04        1    6.34e-02    2.14e+00
  36  2.181926e+01    4.39e-02    8.17e+02   1.19e+01   6.15e-01  8.78e+04        1    6.13e-02    2.20e+00
  37  2.177367e+01    4.56e-02    8.33e+02   1.21e+01   6.11e-01  8.87e+04        1    6.15e-02    2.26e+00
  38  2.172646e+01    4.72e-02    8.42e+02   1.24e+01   6.10e-01  8.97e+04        1    6.14e-02    2.32e+00
  39  2.167794e+01    4.85e-02    8.57e+02   1.26e+01   6.13e-01  9.07e+04        1    5.93e-02    2.38e+00
  40  2.162860e+01    4.93e-02    8.60e+02   1.27e+01   6.20e-01  9.20e+04        1    6.12e-02    2.44e+00
  41  2.157911e+01    4.95e-02    8.52e+02   1.27e+01   6.31e-01  9.37e+04        1    5.94e-02    2.50e+00
  42  2.153021e+01    4.89e-02    8.34e+02   1.26e+01   6.44e-01  9.60e+04        1    6.11e-02    2.56e+00
  43  2.148269e+01    4.75e-02    8.07e+02   1.25e+01   6.58e-01  9.91e+04        1    5.96e-02    2.62e+00
  44  2.143720e+01    4.55e-02    7.76e+02   1.23e+01   6.73e-01  1.03e+05        1    6.15e-02    2.68e+00
  45  2.139426e+01    4.29e-02    7.41e+02   1.21e+01   6.87e-01  1.09e+05        1    6.04e-02    2.74e+00
  46  2.135418e+01    4.01e-02    7.06e+02   1.19e+01   7.00e-01  1.17e+05        1    5.56e-02    2.80e+00
  47  2.131713e+01    3.71e-02    6.71e+02   1.17e+01   7.11e-01  1.26e+05        1    6.18e-02    2.86e+00
  48  2.128317e+01    3.40e-02    6.36e+02   1.15e+01   7.20e-01  1.38e+05        1    6.02e-02    2.92e+00
  49  2.125231e+01    3.09e-02    6.02e+02   1.13e+01   7.26e-01  1.52e+05        1    6.23e-02    2.98e+00
  50  2.122453e+01    2.78e-02    5.66e+02   1.11e+01   7.29e-01  1.68e+05        1    6.25e-02    3.04e+00
  51  2.119977e+01    2.48e-02    5.29e+02   1.08e+01   7.29e-01  1.86e+05        1    6.24e-02    3.11e+00
  52  2.117792e+01    2.18e-02    4.91e+02   1.04e+01   7.28e-01  2.06e+05        1    6.11e-02    3.17e+00
  53  2.115887e+01    1.90e-02    4.52e+02   9.93e+00   7.27e-01  2.27e+05        1    6.06e-02    3.23e+00
  54  2.114247e+01    1.64e-02    4.13e+02   9.41e+00   7.28e-01  2.50e+05        1    6.13e-02    3.29e+00
  55  2.112854e+01    1.39e-02    3.77e+02   8.87e+00   7.29e-01  2.77e+05        1    6.23e-02    3.35e+00
  56  2.111690e+01    1.16e-02    3.43e+02   8.32e+00   7.33e-01  3.08e+05        1    6.74e-02    3.42e+00
  57  2.110732e+01    9.58e-03    3.10e+02   7.80e+00   7.37e-01  3.45e+05        1    5.99e-02    3.48e+00
  58  2.109957e+01    7.74e-03    2.80e+02   7.30e+00   7.42e-01  3.89e+05        1    6.08e-02    3.54e+00
  59  2.109344e+01    6.14e-03    2.51e+02   6.82e+00   7.47e-01  4.43e+05        1    6.17e-02    3.60e+00
  60  2.108868e+01    4.76e-03    2.23e+02   6.37e+00   7.51e-01  5.07e+05        1    5.97e-02    3.66e+00
  61  2.108509e+01    3.59e-03    1.95e+02   5.92e+00   7.52e-01  5.81e+05        1    6.16e-02    3.72e+00
  62  2.108245e+01    2.64e-03    1.68e+02   5.48e+00   7.49e-01  6.63e+05        1    6.01e-02    3.78e+00
  63  2.108056e+01    1.89e-03    1.42e+02   5.05e+00   7.39e-01  7.44e+05        1    6.15e-02    3.85e+00
  64  2.107922e+01    1.33e-03    1.18e+02   4.62e+00   7.23e-01  8.17e+05        1    6.15e-02    3.91e+00
  65  2.107828e+01    9.44e-04    9.66e+01   4.22e+00   7.05e-01  8.77e+05        1    6.08e-02    3.97e+00
  66  2.107759e+01    6.85e-04    8.19e+01   3.87e+00   6.86e-01  9.24e+05        1    6.12e-02    4.03e+00
  67  2.107707e+01    5.21e-04    7.45e+01   3.60e+00   6.68e-01  9.61e+05        1    6.13e-02    4.09e+00
  68  2.107665e+01    4.21e-04    6.87e+01   3.40e+00   6.54e-01  9.90e+05        1    6.09e-02    4.15e+00
  69  2.107629e+01    3.63e-04    6.45e+01   3.26e+00   6.43e-01  1.01e+06        1    5.90e-02    4.21e+00
  70  2.107596e+01    3.30e-04    6.18e+01   3.17e+00   6.34e-01  1.03e+06        1    6.00e-02    4.27e+00
  71  2.107565e+01    3.13e-04    6.02e+01   3.12e+00   6.27e-01  1.05e+06        1    6.17e-02    4.33e+00
  72  2.107534e+01    3.06e-04    5.94e+01   3.09e+00   6.21e-01  1.06e+06        1    6.15e-02    4.39e+00
  73  2.107504e+01    3.03e-04    5.92e+01   3.08e+00   6.15e-01  1.08e+06        1    6.28e-02    4.46e+00
  74  2.107473e+01    3.04e-04    5.94e+01   3.08e+00   6.09e-01  1.09e+06        1    6.02e-02    4.52e+00
  75  2.107443e+01    3.07e-04    5.99e+01   3.09e+00   6.04e-01  1.10e+06        1    6.17e-02    4.58e+00
  76  2.107412e+01    3.10e-04    6.06e+01   3.10e+00   5.98e-01  1.11e+06        1    6.22e-02    4.64e+00
  77  2.107380e+01    3.14e-04    6.14e+01   3.11e+00   5.93e-01  1.11e+06        1    6.02e-02    4.70e+00
  78  2.107348e+01    3.17e-04    6.23e+01   3.13e+00   5.89e-01  1.12e+06        1    6.00e-02    4.76e+00
  79  2.107316e+01    3.21e-04    6.32e+01   3.15e+00   5.84e-01  1.13e+06        1    5.94e-02    4.82e+00
  80  2.107284e+01    3.25e-04    6.41e+01   3.16e+00   5.80e-01  1.13e+06        1    6.12e-02    4.88e+00
  81  2.107251e+01    3.28e-04    6.51e+01   3.18e+00   5.75e-01  1.13e+06        1    6.17e-02    4.94e+00
  82  2.107218e+01    3.32e-04    6.60e+01   3.20e+00   5.71e-01  1.14e+06        1    6.13e-02    5.00e+00
  83  2.107184e+01    3.35e-04    6.69e+01   3.21e+00   5.68e-01  1.14e+06        1    6.01e-02    5.06e+00
  84  2.107150e+01    3.38e-04    6.78e+01   3.23e+00   5.64e-01  1.14e+06        1    5.97e-02    5.12e+00
  85  2.107116e+01    3.41e-04    6.87e+01   3.24e+00   5.61e-01  1.15e+06        1    5.99e-02    5.18e+00
  86  2.107082e+01    3.44e-04    6.96e+01   3.25e+00   5.58e-01  1.15e+06        1    6.03e-02    5.24e+00
  87  2.107047e+01    3.47e-04    7.04e+01   3.27e+00   5.55e-01  1.15e+06        1    5.59e-02    5.30e+00
  88  2.107012e+01    3.50e-04    7.13e+01   3.28e+00   5.52e-01  1.15e+06        1    6.17e-02    5.36e+00
  89  2.106977e+01    3.53e-04    7.21e+01   3.29e+00   5.49e-01  1.15e+06        1    6.11e-02    5.42e+00
  90  2.106941e+01    3.55e-04    7.29e+01   3.30e+00   5.46e-01  1.15e+06        1    6.01e-02    5.48e+00
  91  2.106906e+01    3.58e-04    7.38e+01   3.31e+00   5.43e-01  1.15e+06        1    5.99e-02    5.54e+00
  92  2.106870e+01    3.61e-04    7.46e+01   3.33e+00   5.41e-01  1.15e+06        1    6.13e-02    5.60e+00
  93  2.106833e+01    3.63e-04    7.54e+01   3.34e+00   5.38e-01  1.15e+06        1    6.18e-02    5.67e+00
  94  2.106797e+01    3.66e-04    7.62e+01   3.35e+00   5.36e-01  1.15e+06        1    6.18e-02    5.73e+00
  95  2.106760e+01    3.68e-04    7.70e+01   3.36e+00   5.33e-01  1.15e+06        1    5.65e-02    5.78e+00
  96  2.106723e+01    3.71e-04    7.78e+01   3.37e+00   5.31e-01  1.15e+06        1    5.95e-02    5.84e+00
  97  2.106685e+01    3.73e-04    7.86e+01   3.38e+00   5.29e-01  1.16e+06        1    6.22e-02    5.91e+00
  98  2.106648e+01    3.76e-04    7.94e+01   3.39e+00   5.26e-01  1.16e+06        1    6.22e-02    5.97e+00
  99  2.106610e+01    3.78e-04    8.02e+01   3.39e+00   5.24e-01  1.16e+06        1    6.17e-02    6.03e+00
 100  2.106572e+01    3.81e-04    8.10e+01   3.40e+00   5.22e-01  1.16e+06        1    6.17e-02    6.09e+00


Bundle adjustment report
------------------------
    Residuals : 368
   Parameters : 287
   Iterations : 101
         Time : 6.09243 [s]
 Initial cost : 0.274227 [px]
   Final cost : 0.239257 [px]
  Termination : No convergence

  => Filtered observations: 0
  => Filtered images: 0

==============================================================================
Registering image #70 (3)
==============================================================================

  => Image sees 63 / 1113 points
  => Could not register, trying another image.

==============================================================================
Registering image #28 (3)
==============================================================================

  => Image sees 71 / 1064 points
  => Could not register, trying another image.

==============================================================================
Registering image #4 (3)
==============================================================================

  => Image sees 64 / 808 points
  => Could not register, trying another image.

==============================================================================
Registering image #16 (3)
==============================================================================

  => Image sees 53 / 1081 points
  => Could not register, trying another image.

==============================================================================
Registering image #71 (3)
==============================================================================

  => Image sees 55 / 1093 points
  => Could not register, trying another image.

==============================================================================
Registering image #58 (3)
==============================================================================

  => Image sees 49 / 1211 points
  => Could not register, trying another image.

==============================================================================
Registering image #90 (3)
==============================================================================

  => Image sees 48 / 953 points
  => Could not register, trying another image.

==============================================================================
Registering image #7 (3)
==============================================================================

  => Image sees 51 / 800 points
  => Could not register, trying another image.

==============================================================================
Registering image #14 (3)
==============================================================================

  => Image sees 55 / 812 points
  => Could not register, trying another image.

==============================================================================
Registering image #42 (3)
==============================================================================

  => Image sees 52 / 1093 points
  => Could not register, trying another image.

==============================================================================
Registering image #72 (3)
==============================================================================

  => Image sees 43 / 804 points
  => Could not register, trying another image.

==============================================================================
Registering image #46 (3)
==============================================================================

  => Image sees 36 / 728 points
  => Could not register, trying another image.

==============================================================================
Registering image #88 (3)
==============================================================================

  => Image sees 37 / 1113 points
  => Could not register, trying another image.

==============================================================================
Registering image #23 (3)
==============================================================================

  => Image sees 33 / 731 points
  => Could not register, trying another image.

==============================================================================
Registering image #25 (3)
==============================================================================

  => Image sees 31 / 681 points
  => Could not register, trying another image.

==============================================================================
Retriangulation
==============================================================================

  => Merged observations: 0
  => Completed observations: 0
  => Retriangulated observations: 0

==============================================================================
Global bundle adjustment
==============================================================================

iter      cost      cost_change  |gradient|   |step|    tr_ratio  tr_radius  ls_iter  iter_time  total_time
   0  2.106572e+01    0.00e+00    8.10e+01   0.00e+00   0.00e+00  1.00e+04        0    6.30e-03    6.70e-03
   1  2.106537e+01    3.53e-04    1.91e-01   2.55e-02   1.00e+00  3.00e+04        1    5.84e-02    6.51e-02
   2  2.106536e+01    9.74e-06    3.05e-01   8.51e-02   1.00e+00  9.00e+04        1    6.11e-02    1.26e-01
   3  2.106533e+01    2.92e-05    1.96e+00   2.59e-01   1.00e+00  2.70e+05        1    6.40e-02    1.90e-01
   4  2.106524e+01    8.66e-05    4.41e+00   7.83e-01   9.89e-01  8.10e+05        1    5.90e-02    2.49e-01
   5  2.106506e+01    1.85e-04    3.91e+01   2.35e+00   7.01e-01  8.67e+05        1    6.14e-02    3.11e-01
   6  2.106480e+01    2.58e-04    4.47e+01   2.51e+00   7.14e-01  9.40e+05        1    6.39e-02    3.75e-01
   7  2.106453e+01    2.68e-04    5.27e+01   2.72e+00   6.50e-01  9.67e+05        1    5.63e-02    4.31e-01
   8  2.106423e+01    3.00e-04    5.59e+01   2.79e+00   6.50e-01  9.93e+05        1    6.15e-02    4.92e-01
   9  2.106392e+01    3.09e-04    5.94e+01   2.87e+00   6.28e-01  1.01e+06        1    6.23e-02    5.55e-01
  10  2.106360e+01    3.21e-04    6.19e+01   2.93e+00   6.19e-01  1.02e+06        1    6.76e-02    6.22e-01
  11  2.106327e+01    3.30e-04    6.41e+01   2.97e+00   6.09e-01  1.03e+06        1    5.63e-02    6.79e-01
  12  2.106293e+01    3.37e-04    6.60e+01   3.01e+00   6.01e-01  1.04e+06        1    6.17e-02    7.41e-01
  13  2.106259e+01    3.43e-04    6.77e+01   3.04e+00   5.94e-01  1.05e+06        1    6.26e-02    8.03e-01
  14  2.106224e+01    3.49e-04    6.92e+01   3.07e+00   5.88e-01  1.06e+06        1    6.17e-02    8.65e-01
  15  2.106189e+01    3.54e-04    7.06e+01   3.09e+00   5.83e-01  1.06e+06        1    6.08e-02    9.26e-01
  16  2.106153e+01    3.58e-04    7.19e+01   3.12e+00   5.78e-01  1.07e+06        1    6.07e-02    9.87e-01
  17  2.106117e+01    3.62e-04    7.31e+01   3.14e+00   5.74e-01  1.07e+06        1    6.14e-02    1.05e+00
  18  2.106080e+01    3.66e-04    7.43e+01   3.15e+00   5.69e-01  1.07e+06        1    6.23e-02    1.11e+00
  19  2.106043e+01    3.70e-04    7.54e+01   3.17e+00   5.66e-01  1.07e+06        1    6.05e-02    1.17e+00
  20  2.106006e+01    3.73e-04    7.64e+01   3.19e+00   5.62e-01  1.08e+06        1    5.54e-02    1.23e+00
  21  2.105968e+01    3.77e-04    7.75e+01   3.20e+00   5.59e-01  1.08e+06        1    5.40e-02    1.28e+00
  22  2.105930e+01    3.80e-04    7.85e+01   3.21e+00   5.56e-01  1.08e+06        1    6.14e-02    1.34e+00
  23  2.105892e+01    3.83e-04    7.94e+01   3.23e+00   5.53e-01  1.08e+06        1    6.03e-02    1.40e+00
  24  2.105853e+01    3.86e-04    8.04e+01   3.24e+00   5.50e-01  1.08e+06        1    6.22e-02    1.47e+00
  25  2.105814e+01    3.89e-04    8.13e+01   3.25e+00   5.47e-01  1.08e+06        1    6.26e-02    1.53e+00
  26  2.105775e+01    3.92e-04    8.22e+01   3.26e+00   5.44e-01  1.08e+06        1    6.10e-02    1.59e+00
  27  2.105736e+01    3.95e-04    8.31e+01   3.27e+00   5.41e-01  1.08e+06        1    6.11e-02    1.65e+00
  28  2.105696e+01    3.98e-04    8.41e+01   3.28e+00   5.39e-01  1.08e+06        1    6.08e-02    1.71e+00
  29  2.105656e+01    4.00e-04    8.50e+01   3.29e+00   5.36e-01  1.08e+06        1    5.99e-02    1.77e+00
  30  2.105615e+01    4.03e-04    8.59e+01   3.30e+00   5.34e-01  1.09e+06        1    6.12e-02    1.83e+00
  31  2.105575e+01    4.06e-04    8.67e+01   3.31e+00   5.31e-01  1.09e+06        1    6.13e-02    1.89e+00
  32  2.105534e+01    4.09e-04    8.76e+01   3.32e+00   5.29e-01  1.09e+06        1    5.98e-02    1.95e+00
  33  2.105493e+01    4.11e-04    8.85e+01   3.33e+00   5.27e-01  1.09e+06        1    6.14e-02    2.01e+00
  34  2.105451e+01    4.14e-04    8.94e+01   3.34e+00   5.24e-01  1.09e+06        1    6.10e-02    2.08e+00
  35  2.105410e+01    4.17e-04    9.04e+01   3.35e+00   5.22e-01  1.09e+06        1    6.16e-02    2.14e+00
  36  2.105368e+01    4.20e-04    9.13e+01   3.36e+00   5.20e-01  1.09e+06        1    6.13e-02    2.20e+00
  37  2.105326e+01    4.22e-04    9.22e+01   3.37e+00   5.17e-01  1.09e+06        1    6.11e-02    2.26e+00
  38  2.105283e+01    4.25e-04    9.31e+01   3.38e+00   5.15e-01  1.09e+06        1    6.56e-02    2.33e+00
  39  2.105240e+01    4.28e-04    9.40e+01   3.39e+00   5.13e-01  1.09e+06        1    6.63e-02    2.39e+00
  40  2.105197e+01    4.31e-04    9.50e+01   3.40e+00   5.10e-01  1.09e+06        1    5.57e-02    2.45e+00
  41  2.105154e+01    4.33e-04    9.59e+01   3.41e+00   5.08e-01  1.09e+06        1    6.09e-02    2.51e+00
  42  2.105110e+01    4.36e-04    9.69e+01   3.42e+00   5.06e-01  1.09e+06        1    5.99e-02    2.57e+00
  43  2.105066e+01    4.39e-04    9.79e+01   3.42e+00   5.03e-01  1.09e+06        1    6.01e-02    2.63e+00
  44  2.105022e+01    4.42e-04    9.89e+01   3.43e+00   5.01e-01  1.09e+06        1    6.21e-02    2.69e+00
  45  2.104978e+01    4.45e-04    9.99e+01   3.44e+00   4.99e-01  1.09e+06        1    6.21e-02    2.75e+00
  46  2.104933e+01    4.48e-04    1.01e+02   3.45e+00   4.96e-01  1.09e+06        1    6.34e-02    2.82e+00
  47  2.104888e+01    4.51e-04    1.02e+02   3.46e+00   4.94e-01  1.09e+06        1    6.09e-02    2.88e+00
  48  2.104842e+01    4.53e-04    1.03e+02   3.47e+00   4.92e-01  1.09e+06        1    6.12e-02    2.94e+00
  49  2.104797e+01    4.56e-04    1.04e+02   3.48e+00   4.89e-01  1.09e+06        1    6.13e-02    3.00e+00
  50  2.104751e+01    4.59e-04    1.05e+02   3.49e+00   4.87e-01  1.09e+06        1    6.20e-02    3.06e+00
  51  2.104705e+01    4.62e-04    1.06e+02   3.50e+00   4.85e-01  1.09e+06        1    6.06e-02    3.12e+00
  52  2.104658e+01    4.65e-04    1.07e+02   3.51e+00   4.82e-01  1.09e+06        1    6.00e-02    3.18e+00
  53  2.104611e+01    4.68e-04    1.08e+02   3.52e+00   4.80e-01  1.09e+06        1    6.03e-02    3.24e+00
  54  2.104564e+01    4.72e-04    1.09e+02   3.53e+00   4.78e-01  1.09e+06        1    6.38e-02    3.31e+00
  55  2.104517e+01    4.75e-04    1.11e+02   3.54e+00   4.75e-01  1.09e+06        1    6.30e-02    3.37e+00
  56  2.104469e+01    4.78e-04    1.12e+02   3.54e+00   4.73e-01  1.09e+06        1    6.09e-02    3.43e+00
  57  2.104421e+01    4.81e-04    1.13e+02   3.55e+00   4.71e-01  1.09e+06        1    6.52e-02    3.50e+00
  58  2.104372e+01    4.84e-04    1.14e+02   3.56e+00   4.69e-01  1.09e+06        1    6.08e-02    3.56e+00
  59  2.104324e+01    4.87e-04    1.15e+02   3.57e+00   4.66e-01  1.08e+06        1    6.99e-02    3.63e+00
  60  2.104275e+01    4.90e-04    1.16e+02   3.58e+00   4.64e-01  1.08e+06        1    5.61e-02    3.68e+00
  61  2.104225e+01    4.94e-04    1.17e+02   3.59e+00   4.62e-01  1.08e+06        1    6.23e-02    3.74e+00
  62  2.104176e+01    4.97e-04    1.18e+02   3.60e+00   4.60e-01  1.08e+06        1    6.57e-02    3.81e+00
  63  2.104126e+01    5.00e-04    1.19e+02   3.60e+00   4.58e-01  1.08e+06        1    5.99e-02    3.87e+00
  64  2.104075e+01    5.03e-04    1.21e+02   3.61e+00   4.57e-01  1.08e+06        1    6.63e-02    3.94e+00
  65  2.104025e+01    5.06e-04    1.22e+02   3.62e+00   4.55e-01  1.08e+06        1    5.99e-02    4.00e+00
  66  2.103974e+01    5.10e-04    1.23e+02   3.63e+00   4.53e-01  1.08e+06        1    6.12e-02    4.06e+00
  67  2.103922e+01    5.13e-04    1.24e+02   3.63e+00   4.51e-01  1.08e+06        1    6.28e-02    4.12e+00
  68  2.103871e+01    5.16e-04    1.25e+02   3.64e+00   4.50e-01  1.08e+06        1    6.01e-02    4.18e+00
  69  2.103819e+01    5.19e-04    1.26e+02   3.64e+00   4.48e-01  1.08e+06        1    6.14e-02    4.24e+00
  70  2.103767e+01    5.22e-04    1.27e+02   3.65e+00   4.47e-01  1.08e+06        1    6.14e-02    4.30e+00
  71  2.103714e+01    5.25e-04    1.28e+02   3.66e+00   4.46e-01  1.07e+06        1    6.13e-02    4.37e+00
  72  2.103661e+01    5.29e-04    1.29e+02   3.66e+00   4.44e-01  1.07e+06        1    6.19e-02    4.43e+00
  73  2.103608e+01    5.32e-04    1.30e+02   3.67e+00   4.43e-01  1.07e+06        1    6.08e-02    4.49e+00
  74  2.103555e+01    5.35e-04    1.31e+02   3.67e+00   4.42e-01  1.07e+06        1    6.11e-02    4.55e+00
  75  2.103501e+01    5.38e-04    1.32e+02   3.67e+00   4.41e-01  1.07e+06        1    6.17e-02    4.61e+00
  76  2.103447e+01    5.41e-04    1.33e+02   3.68e+00   4.40e-01  1.07e+06        1    6.07e-02    4.67e+00
  77  2.103392e+01    5.44e-04    1.34e+02   3.68e+00   4.39e-01  1.06e+06        1    5.92e-02    4.73e+00
  78  2.103338e+01    5.46e-04    1.35e+02   3.68e+00   4.38e-01  1.06e+06        1    6.00e-02    4.79e+00
  79  2.103283e+01    5.49e-04    1.36e+02   3.69e+00   4.37e-01  1.06e+06        1    6.19e-02    4.85e+00
  80  2.103228e+01    5.52e-04    1.37e+02   3.69e+00   4.36e-01  1.06e+06        1    6.16e-02    4.91e+00
  81  2.103172e+01    5.55e-04    1.37e+02   3.69e+00   4.36e-01  1.06e+06        1    5.90e-02    4.97e+00
  82  2.103116e+01    5.58e-04    1.38e+02   3.69e+00   4.35e-01  1.05e+06        1    6.19e-02    5.04e+00
  83  2.103060e+01    5.60e-04    1.39e+02   3.69e+00   4.34e-01  1.05e+06        1    6.76e-02    5.10e+00
  84  2.103004e+01    5.63e-04    1.40e+02   3.69e+00   4.34e-01  1.05e+06        1    5.14e-02    5.15e+00
  85  2.102947e+01    5.66e-04    1.41e+02   3.69e+00   4.33e-01  1.05e+06        1    6.16e-02    5.22e+00
  86  2.102891e+01    5.68e-04    1.42e+02   3.69e+00   4.33e-01  1.04e+06        1    6.11e-02    5.28e+00
  87  2.102834e+01    5.71e-04    1.42e+02   3.70e+00   4.32e-01  1.04e+06        1    6.79e-02    5.34e+00
  88  2.102776e+01    5.73e-04    1.43e+02   3.70e+00   4.32e-01  1.04e+06        1    5.58e-02    5.40e+00
  89  2.102719e+01    5.76e-04    1.44e+02   3.70e+00   4.32e-01  1.04e+06        1    6.23e-02    5.46e+00
  90  2.102661e+01    5.78e-04    1.45e+02   3.69e+00   4.31e-01  1.03e+06        1    6.73e-02    5.53e+00
  91  2.102603e+01    5.81e-04    1.45e+02   3.69e+00   4.31e-01  1.03e+06        1    6.06e-02    5.59e+00
  92  2.102544e+01    5.83e-04    1.46e+02   3.69e+00   4.31e-01  1.03e+06        1    5.64e-02    5.65e+00
  93  2.102486e+01    5.86e-04    1.47e+02   3.69e+00   4.31e-01  1.02e+06        1    6.26e-02    5.71e+00
  94  2.102427e+01    5.88e-04    1.48e+02   3.69e+00   4.30e-01  1.02e+06        1    5.70e-02    5.77e+00
  95  2.102368e+01    5.90e-04    1.48e+02   3.69e+00   4.30e-01  1.02e+06        1    6.00e-02    5.83e+00
  96  2.102309e+01    5.92e-04    1.49e+02   3.69e+00   4.30e-01  1.02e+06        1    6.14e-02    5.89e+00
  97  2.102249e+01    5.95e-04    1.50e+02   3.69e+00   4.30e-01  1.01e+06        1    6.14e-02    5.95e+00
  98  2.102190e+01    5.97e-04    1.50e+02   3.69e+00   4.30e-01  1.01e+06        1    6.24e-02    6.01e+00
  99  2.102130e+01    5.99e-04    1.51e+02   3.69e+00   4.29e-01  1.01e+06        1    6.22e-02    6.07e+00
 100  2.102070e+01    6.02e-04    1.52e+02   3.68e+00   4.29e-01  1.01e+06        1    6.31e-02    6.14e+00


Bundle adjustment report
------------------------
    Residuals : 368
   Parameters : 287
   Iterations : 101
         Time : 6.13738 [s]
 Initial cost : 0.239257 [px]
   Final cost : 0.239001 [px]
  Termination : No convergence

  => Merged observations: 0
  => Completed observations: 0
  => Filtered observations: 0
  => Changed observations: 0.000000
  => Filtered images: 0

==============================================================================
Registering image #70 (3)
==============================================================================

  => Image sees 63 / 1113 points
  => Could not register, trying another image.

==============================================================================
Registering image #28 (3)
==============================================================================

  => Image sees 71 / 1064 points
  => Could not register, trying another image.

==============================================================================
Registering image #4 (3)
==============================================================================

  => Image sees 64 / 808 points
  => Could not register, trying another image.

==============================================================================
Registering image #16 (3)
==============================================================================

  => Image sees 53 / 1081 points
  => Could not register, trying another image.

==============================================================================
Registering image #71 (3)
==============================================================================

  => Image sees 55 / 1093 points
  => Could not register, trying another image.

==============================================================================
Registering image #58 (3)
==============================================================================

  => Image sees 49 / 1211 points
  => Could not register, trying another image.

==============================================================================
Registering image #90 (3)
==============================================================================

  => Image sees 48 / 953 points
  => Could not register, trying another image.

==============================================================================
Registering image #7 (3)
==============================================================================

  => Image sees 51 / 800 points
  => Could not register, trying another image.

==============================================================================
Registering image #14 (3)
==============================================================================

  => Image sees 55 / 812 points
  => Could not register, trying another image.

==============================================================================
Registering image #42 (3)
==============================================================================

  => Image sees 52 / 1093 points
  => Could not register, trying another image.

==============================================================================
Registering image #72 (3)
==============================================================================

  => Image sees 43 / 804 points
  => Could not register, trying another image.

==============================================================================
Registering image #46 (3)
==============================================================================

  => Image sees 36 / 728 points
  => Could not register, trying another image.

==============================================================================
Registering image #88 (3)
==============================================================================

  => Image sees 37 / 1113 points
  => Could not register, trying another image.

==============================================================================
Registering image #23 (3)
==============================================================================

  => Image sees 33 / 731 points
  => Could not register, trying another image.

==============================================================================
Registering image #25 (3)
==============================================================================

  => Image sees 31 / 681 points
  => Could not register, trying another image.

==============================================================================
Initializing with image pair #16 and #88
==============================================================================


==============================================================================
Global bundle adjustment
==============================================================================

iter      cost      cost_change  |gradient|   |step|    tr_ratio  tr_radius  ls_iter  iter_time  total_time
   0  9.195675e+01    0.00e+00    1.68e+03   0.00e+00   0.00e+00  1.00e+04        0    6.30e-03    6.67e-03
   1  7.874744e+02   -6.96e+02    0.00e+00   8.89e+01  -1.21e+01  5.00e+03        1    5.22e-02    5.89e-02
   2  3.592727e+02   -2.67e+02    0.00e+00   6.01e+01  -5.13e+00  1.25e+03        1    4.00e-02    9.89e-02
   3  7.888504e+01    1.31e+01    1.23e+04   1.83e+01   3.65e-01  1.23e+03        1    6.21e-02    1.61e-01
   4  4.908957e+01    2.98e+01    3.28e+03   1.68e+01   9.23e-01  3.11e+03        1    6.11e-02    2.22e-01
   5  4.438011e+01    4.71e+00    5.93e+03   3.13e+01   4.16e-01  3.09e+03        1    5.91e-02    2.81e-01
   6  3.538405e+01    9.00e+00    2.15e+03   2.13e+01   9.31e-01  8.57e+03        1    6.05e-02    3.42e-01
   7  3.358971e+01    1.79e+00    2.98e+03   3.19e+01   6.13e-01  8.67e+03        1    6.11e-02    4.03e-01
   8  3.193169e+01    1.66e+00    5.33e+02   1.82e+01   9.73e-01  2.60e+04        1    5.95e-02    4.62e-01
   9  3.158808e+01    3.44e-01    1.34e+03   2.39e+01   6.86e-01  2.74e+04        1    6.12e-02    5.24e-01
  10  3.132959e+01    2.58e-01    1.94e+03   1.64e+01   5.70e-01  2.75e+04        1    6.51e-02    5.89e-01
  11  3.108083e+01    2.49e-01    2.06e+03   1.40e+01   5.29e-01  2.75e+04        1    6.17e-02    6.51e-01
  12  3.081958e+01    2.61e-01    2.04e+03   1.30e+01   5.35e-01  2.75e+04        1    5.88e-02    7.09e-01
  13  3.055956e+01    2.60e-01    2.00e+03   1.24e+01   5.33e-01  2.75e+04        1    6.13e-02    7.71e-01
  14  3.030464e+01    2.55e-01    1.97e+03   1.18e+01   5.28e-01  2.75e+04        1    5.94e-02    8.30e-01
  15  3.005542e+01    2.49e-01    1.97e+03   1.13e+01   5.22e-01  2.75e+04        1    6.29e-02    8.93e-01
  16  2.981172e+01    2.44e-01    2.00e+03   1.08e+01   5.16e-01  2.75e+04        1    6.13e-02    9.54e-01
  17  2.957328e+01    2.38e-01    2.04e+03   1.03e+01   5.10e-01  2.75e+04        1    6.58e-02    1.02e+00
  18  2.933984e+01    2.33e-01    2.07e+03   9.87e+00   5.05e-01  2.75e+04        1    5.60e-02    1.08e+00
  19  2.911124e+01    2.29e-01    2.10e+03   9.42e+00   5.01e-01  2.75e+04        1    5.91e-02    1.14e+00
  20  2.888744e+01    2.24e-01    2.13e+03   8.97e+00   4.98e-01  2.75e+04        1    6.17e-02    1.20e+00
  21  2.866849e+01    2.19e-01    2.15e+03   8.52e+00   4.96e-01  2.75e+04        1    6.20e-02    1.26e+00
  22  2.845457e+01    2.14e-01    2.16e+03   8.07e+00   4.97e-01  2.75e+04        1    5.90e-02    1.32e+00
  23  2.824598e+01    2.09e-01    2.17e+03   7.62e+00   4.99e-01  2.75e+04        1    5.52e-02    1.37e+00
  24  2.804315e+01    2.03e-01    2.16e+03   7.17e+00   5.04e-01  2.75e+04        1    6.12e-02    1.43e+00
  25  2.784659e+01    1.97e-01    2.14e+03   6.72e+00   5.10e-01  2.75e+04        1    5.95e-02    1.49e+00
  26  2.765685e+01    1.90e-01    2.11e+03   6.27e+00   5.18e-01  2.75e+04        1    6.27e-02    1.56e+00
  27  2.747439e+01    1.82e-01    2.08e+03   5.82e+00   5.27e-01  2.76e+04        1    6.61e-02    1.62e+00
  28  2.729947e+01    1.75e-01    2.05e+03   5.40e+00   5.37e-01  2.76e+04        1    5.98e-02    1.68e+00
  29  2.713199e+01    1.67e-01    2.02e+03   5.00e+00   5.46e-01  2.76e+04        1    6.18e-02    1.74e+00
  30  2.697139e+01    1.61e-01    1.99e+03   4.63e+00   5.54e-01  2.76e+04        1    6.18e-02    1.81e+00
  31  2.681662e+01    1.55e-01    1.98e+03   4.31e+00   5.62e-01  2.77e+04        1    6.46e-02    1.87e+00
  32  2.666622e+01    1.50e-01    1.98e+03   4.04e+00   5.68e-01  2.77e+04        1    5.93e-02    1.93e+00
  33  2.651849e+01    1.48e-01    1.99e+03   3.82e+00   5.76e-01  2.78e+04        1    6.19e-02    1.99e+00
  34  2.637181e+01    1.47e-01    1.99e+03   3.65e+00   5.89e-01  2.80e+04        1    6.25e-02    2.05e+00
  35  2.622526e+01    1.47e-01    1.95e+03   3.49e+00   6.11e-01  2.83e+04        1    5.99e-02    2.11e+00
  36  2.607985e+01    1.45e-01    1.87e+03   3.33e+00   6.44e-01  2.90e+04        1    5.87e-02    2.17e+00
  37  2.593985e+01    1.40e-01    1.71e+03   3.12e+00   6.88e-01  3.06e+04        1    6.17e-02    2.23e+00
  38  2.581251e+01    1.27e-01    1.50e+03   2.86e+00   7.38e-01  3.43e+04        1    5.89e-02    2.29e+00
  39  2.570478e+01    1.08e-01    1.24e+03   2.54e+00   7.87e-01  4.23e+04        1    5.93e-02    2.35e+00
  40  2.562028e+01    8.45e-02    9.64e+02   2.21e+00   8.37e-01  6.10e+04        1    5.59e-02    2.42e+00
  41  2.555927e+01    6.10e-02    6.45e+02   2.44e+00   8.87e-01  1.14e+05        1    5.97e-02    2.47e+00
  42  2.552112e+01    3.82e-02    3.03e+02   5.24e+00   8.10e-01  1.50e+05        1    6.18e-02    2.54e+00
  43  2.549290e+01    2.82e-02    1.84e+02   7.35e+00   7.03e-01  1.60e+05        1    6.19e-02    2.60e+00
  44  2.547460e+01    1.83e-02    3.26e+02   9.15e+00   4.71e-01  1.60e+05        1    6.12e-02    2.66e+00
  45  2.544603e+01    2.86e-02    3.53e+02   8.37e+00   6.62e-01  1.66e+05        1    6.03e-02    2.72e+00
  46  2.543091e+01    1.51e-02    3.88e+02   9.73e+00   4.12e-01  1.65e+05        1    6.09e-02    2.78e+00
  47  2.540435e+01    2.66e-02    4.18e+02   8.13e+00   6.37e-01  1.69e+05        1    5.63e-02    2.84e+00
  48  2.539215e+01    1.22e-02    3.83e+02   9.89e+00   3.47e-01  1.64e+05        1    6.19e-02    2.91e+00
  49  2.536669e+01    2.55e-02    4.28e+02   7.24e+00   6.19e-01  1.66e+05        1    6.10e-02    2.97e+00
  50  2.535898e+01    7.71e-03    3.66e+02   9.89e+00   2.27e-01  1.43e+05        1    6.14e-02    3.03e+00
  51  2.533287e+01    2.61e-02    3.57e+02   5.41e+00   6.37e-01  1.46e+05        1    6.14e-02    3.09e+00
  52  2.532569e+01    7.18e-03    2.96e+02   8.89e+00   2.47e-01  1.29e+05        1    6.21e-02    3.15e+00
  53  2.530531e+01    2.04e-02    2.89e+02   4.42e+00   6.14e-01  1.31e+05        1    6.17e-02    3.21e+00
  54  2.529647e+01    8.84e-03    2.24e+02   7.79e+00   3.79e-01  1.29e+05        1    6.06e-02    3.27e+00
  55  2.528134e+01    1.51e-02    2.39e+02   4.40e+00   6.26e-01  1.31e+05        1    7.15e-02    3.35e+00
  56  2.527278e+01    8.56e-03    1.90e+02   7.30e+00   4.53e-01  1.31e+05        1    5.52e-02    3.40e+00
  57  2.525975e+01    1.30e-02    2.07e+02   4.47e+00   6.66e-01  1.36e+05        1    6.18e-02    3.46e+00
  58  2.525172e+01    8.03e-03    1.74e+02   7.08e+00   4.96e-01  1.36e+05        1    6.08e-02    3.52e+00
  59  2.523982e+01    1.19e-02    1.94e+02   4.61e+00   6.89e-01  1.44e+05        1    5.96e-02    3.58e+00
  60  2.523228e+01    7.54e-03    1.72e+02   7.08e+00   5.03e-01  1.44e+05        1    6.11e-02    3.64e+00
  61  2.522093e+01    1.14e-02    1.96e+02   4.75e+00   6.86e-01  1.51e+05        1    6.11e-02    3.71e+00
  62  2.521384e+01    7.08e-03    1.74e+02   7.18e+00   4.81e-01  1.51e+05        1    6.09e-02    3.77e+00
  63  2.520284e+01    1.10e-02    2.04e+02   4.78e+00   6.61e-01  1.57e+05        1    5.94e-02    3.83e+00
  64  2.519625e+01    6.59e-03    1.75e+02   7.25e+00   4.43e-01  1.56e+05        1    6.16e-02    3.89e+00
  65  2.518569e+01    1.06e-02    2.11e+02   4.62e+00   6.23e-01  1.59e+05        1    6.15e-02    3.95e+00
  66  2.517966e+01    6.02e-03    1.74e+02   7.27e+00   3.97e-01  1.57e+05        1    6.12e-02    4.01e+00
  67  2.516964e+01    1.00e-02    2.12e+02   4.30e+00   5.82e-01  1.58e+05        1    5.94e-02    4.07e+00
  68  2.516415e+01    5.48e-03    1.71e+02   7.19e+00   3.58e-01  1.55e+05        1    5.92e-02    4.13e+00
  69  2.515467e+01    9.49e-03    2.04e+02   3.90e+00   5.54e-01  1.55e+05        1    6.03e-02    4.19e+00
  70  2.514947e+01    5.20e-03    1.62e+02   6.97e+00   3.49e-01  1.51e+05        1    6.16e-02    4.25e+00
  71  2.514065e+01    8.82e-03    1.86e+02   3.57e+00   5.48e-01  1.51e+05        1    6.18e-02    4.31e+00
  72  2.513554e+01    5.12e-03    1.45e+02   6.63e+00   3.75e-01  1.48e+05        1    6.20e-02    4.38e+00
  73  2.512755e+01    7.98e-03    1.65e+02   3.40e+00   5.62e-01  1.49e+05        1    6.76e-02    4.44e+00
  74  2.512256e+01    5.00e-03    1.28e+02   6.28e+00   4.18e-01  1.48e+05        1    6.38e-02    4.51e+00
  75  2.511536e+01    7.19e-03    1.44e+02   3.35e+00   5.90e-01  1.49e+05        1    5.55e-02    4.56e+00
  76  2.511056e+01    4.80e-03    1.13e+02   5.99e+00   4.65e-01  1.49e+05        1    6.85e-02    4.63e+00
  77  2.510402e+01    6.54e-03    1.27e+02   3.35e+00   6.23e-01  1.51e+05        1    5.70e-02    4.69e+00
  78  2.509943e+01    4.59e-03    1.02e+02   5.76e+00   5.06e-01  1.51e+05        1    6.31e-02    4.75e+00
  79  2.509340e+01    6.04e-03    1.16e+02   3.38e+00   6.52e-01  1.56e+05        1    6.17e-02    4.81e+00
  80  2.508902e+01    4.38e-03    9.58e+01   5.65e+00   5.33e-01  1.56e+05        1    6.08e-02    4.87e+00
  81  2.508333e+01    5.69e-03    1.11e+02   3.43e+00   6.67e-01  1.62e+05        1    6.54e-02    4.94e+00
  82  2.507915e+01    4.18e-03    9.39e+01   5.63e+00   5.37e-01  1.62e+05        1    5.71e-02    5.00e+00
  83  2.507369e+01    5.47e-03    1.11e+02   3.47e+00   6.62e-01  1.67e+05        1    6.68e-02    5.06e+00
  84  2.506971e+01    3.97e-03    9.42e+01   5.67e+00   5.19e-01  1.67e+05        1    5.58e-02    5.12e+00
  85  2.506444e+01    5.27e-03    1.14e+02   3.45e+00   6.39e-01  1.71e+05        1    6.13e-02    5.18e+00
  86  2.506070e+01    3.75e-03    9.48e+01   5.70e+00   4.87e-01  1.71e+05        1    6.41e-02    5.24e+00
  87  2.505565e+01    5.05e-03    1.16e+02   3.33e+00   6.04e-01  1.73e+05        1    6.12e-02    5.31e+00
  88  2.505215e+01    3.50e-03    9.53e+01   5.70e+00   4.47e-01  1.73e+05        1    5.83e-02    5.36e+00
  89  2.504735e+01    4.80e-03    1.18e+02   3.14e+00   5.65e-01  1.73e+05        1    6.19e-02    5.43e+00
  90  2.504409e+01    3.26e-03    9.57e+01   5.67e+00   4.10e-01  1.72e+05        1    6.18e-02    5.49e+00
  91  2.503953e+01    4.56e-03    1.18e+02   2.92e+00   5.31e-01  1.72e+05        1    6.16e-02    5.55e+00
  92  2.503646e+01    3.06e-03    9.46e+01   5.60e+00   3.83e-01  1.70e+05        1    6.16e-02    5.61e+00
  93  2.503214e+01    4.33e-03    1.14e+02   2.71e+00   5.10e-01  1.70e+05        1    5.93e-02    5.67e+00
  94  2.502920e+01    2.93e-03    9.06e+01   5.46e+00   3.77e-01  1.67e+05        1    6.10e-02    5.73e+00
  95  2.502512e+01    4.08e-03    1.06e+02   2.55e+00   5.06e-01  1.67e+05        1    6.16e-02    5.79e+00
  96  2.502228e+01    2.84e-03    8.35e+01   5.26e+00   3.92e-01  1.66e+05        1    6.10e-02    5.85e+00
  97  2.501847e+01    3.81e-03    9.61e+01   2.46e+00   5.19e-01  1.66e+05        1    6.13e-02    5.92e+00
  98  2.501571e+01    2.76e-03    7.49e+01   5.03e+00   4.22e-01  1.65e+05        1    6.03e-02    5.98e+00
  99  2.501217e+01    3.54e-03    8.56e+01   2.43e+00   5.44e-01  1.65e+05        1    6.08e-02    6.04e+00
 100  2.500951e+01    2.66e-03    6.66e+01   4.81e+00   4.60e-01  1.65e+05        1    6.09e-02    6.10e+00


Bundle adjustment report
------------------------
    Residuals : 392
   Parameters : 305
   Iterations : 101
         Time : 6.09721 [s]
 Initial cost : 0.484338 [px]
   Final cost : 0.252586 [px]
  Termination : No convergence

  => Filtered observations: 0
  => Filtered images: 0

==============================================================================
Registering image #71 (3)
==============================================================================

  => Image sees 68 / 1093 points
  => Could not register, trying another image.

==============================================================================
Registering image #42 (3)
==============================================================================

  => Image sees 66 / 1093 points
  => Could not register, trying another image.

==============================================================================
Registering image #58 (3)
==============================================================================

  => Image sees 72 / 1211 points
  => Could not register, trying another image.

==============================================================================
Registering image #28 (3)
==============================================================================

  => Image sees 58 / 1064 points
  => Could not register, trying another image.

==============================================================================
Registering image #27 (3)
==============================================================================

  => Image sees 51 / 936 points
  => Could not register, trying another image.

==============================================================================
Registering image #72 (3)
==============================================================================

  => Image sees 41 / 804 points
  => Could not register, trying another image.

==============================================================================
Registering image #70 (3)
==============================================================================

  => Image sees 40 / 1113 points
  => Could not register, trying another image.

==============================================================================
Registering image #90 (3)
==============================================================================

  => Image sees 30 / 953 points
  => Could not register, trying another image.

==============================================================================
Registering image #4 (3)
==============================================================================

  => Image sees 30 / 808 points
  => Could not register, trying another image.

==============================================================================
Retriangulation
==============================================================================

  => Merged observations: 0
  => Completed observations: 0
  => Retriangulated observations: 0

==============================================================================
Global bundle adjustment
==============================================================================

iter      cost      cost_change  |gradient|   |step|    tr_ratio  tr_radius  ls_iter  iter_time  total_time
   0  2.500951e+01    0.00e+00    6.66e+01   0.00e+00   0.00e+00  1.00e+04        0    6.30e-03    6.72e-03
   1  2.500808e+01    1.44e-03    1.05e+00   7.63e-02   9.81e-01  3.00e+04        1    6.12e-02    6.79e-02
   2  2.500732e+01    7.57e-04    2.66e+00   3.08e-01   9.05e-01  6.42e+04        1    5.97e-02    1.28e-01
   3  2.500619e+01    1.13e-03    9.30e+00   1.20e+00   9.69e-01  1.93e+05        1    5.80e-02    1.86e-01
   4  2.500342e+01    2.76e-03    5.89e+01   4.06e+00   8.72e-01  3.27e+05        1    6.08e-02    2.46e-01
   5  2.500087e+01    2.56e-03    1.52e+02   6.66e+00   4.61e-01  3.27e+05        1    6.17e-02    3.08e-01
   6  2.499566e+01    5.21e-03    1.40e+02   6.48e+00   6.62e-01  3.38e+05        1    6.15e-02    3.70e-01
   7  2.499096e+01    4.71e-03    1.40e+02   6.54e+00   6.32e-01  3.44e+05        1    5.78e-02    4.28e-01
   8  2.498621e+01    4.74e-03    1.37e+02   6.47e+00   6.43e-01  3.53e+05        1    6.05e-02    4.88e-01
   9  2.498169e+01    4.52e-03    1.34e+02   6.49e+00   6.34e-01  3.60e+05        1    5.99e-02    5.48e-01
  10  2.497721e+01    4.48e-03    1.32e+02   6.40e+00   6.42e-01  3.68e+05        1    6.08e-02    6.09e-01
  11  2.497298e+01    4.23e-03    1.29e+02   6.46e+00   6.27e-01  3.74e+05        1    6.08e-02    6.70e-01
  12  2.496871e+01    4.27e-03    1.28e+02   6.28e+00   6.47e-01  3.84e+05        1    6.08e-02    7.30e-01
  13  2.496486e+01    3.85e-03    1.24e+02   6.48e+00   6.09e-01  3.88e+05        1    5.93e-02    7.90e-01
  14  2.496070e+01    4.15e-03    1.26e+02   6.04e+00   6.59e-01  4.01e+05        1    5.97e-02    8.49e-01
  15  2.495747e+01    3.23e-03    1.19e+02   6.65e+00   5.41e-01  4.01e+05        1    6.17e-02    9.11e-01
  16  2.495342e+01    4.04e-03    1.33e+02   5.55e+00   6.32e-01  4.09e+05        1    6.08e-02    9.72e-01
  17  2.495172e+01    1.70e-03    1.20e+02   7.11e+00   2.71e-01  3.73e+05        1    6.15e-02    1.03e+00
  18  2.494882e+01    2.90e-03    1.74e+02   3.92e+00   3.41e-01  3.61e+05        1    6.15e-02    1.09e+00
  19  2.495310e+01   -4.28e-03    0.00e+00   7.80e+00  -3.87e-01  1.81e+05        1    4.89e-02    1.14e+00
  20  2.494610e+01    2.73e-03    8.53e+01   4.63e+00   3.18e-01  1.72e+05        1    5.76e-02    1.20e+00
  21  2.494392e+01    2.18e-03    7.69e+01   1.13e+00   3.28e-01  1.66e+05        1    6.15e-02    1.26e+00
  22  2.494234e+01    1.58e-03    5.50e+01   3.96e+00   3.04e-01  1.56e+05        1    6.09e-02    1.32e+00
  23  2.494055e+01    1.79e-03    4.55e+01   1.08e+00   4.38e-01  1.56e+05        1    6.16e-02    1.39e+00
  24  2.493921e+01    1.34e-03    2.98e+01   3.25e+00   4.58e-01  1.56e+05        1    6.11e-02    1.45e+00
  25  2.493786e+01    1.35e-03    2.74e+01   1.34e+00   5.87e-01  1.57e+05        1    6.81e-02    1.51e+00
  26  2.493671e+01    1.15e-03    1.93e+01   2.83e+00   6.30e-01  1.59e+05        1    5.52e-02    1.57e+00
  27  2.493553e+01    1.18e-03    2.00e+01   1.60e+00   7.41e-01  1.80e+05        1    6.07e-02    1.63e+00
  28  2.493437e+01    1.17e-03    1.91e+01   2.88e+00   7.52e-01  2.06e+05        1    6.81e-02    1.70e+00
  29  2.493303e+01    1.34e-03    2.78e+01   2.24e+00   7.93e-01  2.58e+05        1    6.51e-02    1.76e+00
  30  2.493165e+01    1.38e-03    3.48e+01   3.89e+00   6.75e-01  2.69e+05        1    6.16e-02    1.83e+00
  31  2.493004e+01    1.61e-03    4.93e+01   2.77e+00   6.68e-01  2.80e+05        1    5.99e-02    1.89e+00
  32  2.492881e+01    1.23e-03    4.57e+01   4.43e+00   4.50e-01  2.80e+05        1    6.22e-02    1.95e+00
  33  2.492742e+01    1.39e-03    7.16e+01   2.38e+00   4.03e-01  2.78e+05        1    6.16e-02    2.01e+00
  34  2.492690e+01    5.25e-04    6.95e+01   4.95e+00   1.21e-01  1.94e+05        1    6.23e-02    2.07e+00
  35  2.492530e+01    1.59e-03    7.51e+01   1.09e+00   2.90e-01  1.80e+05        1    5.78e-02    2.13e+00
  36  2.492412e+01    1.19e-03    5.22e+01   3.83e+00   2.53e-01  1.61e+05        1    6.09e-02    2.19e+00
  37  2.492265e+01    1.47e-03    4.39e+01   8.64e-01   3.82e-01  1.59e+05        1    6.75e-02    2.26e+00
  38  2.492156e+01    1.09e-03    2.68e+01   3.01e+00   4.11e-01  1.58e+05        1    5.57e-02    2.31e+00
  39  2.492052e+01    1.04e-03    2.31e+01   1.05e+00   5.31e-01  1.58e+05        1    6.17e-02    2.38e+00
  40  2.491964e+01    8.77e-04    1.53e+01   2.53e+00   5.90e-01  1.59e+05        1    6.09e-02    2.44e+00
  41  2.491878e+01    8.68e-04    1.49e+01   1.29e+00   7.11e-01  1.72e+05        1    6.08e-02    2.50e+00
  42  2.491794e+01    8.37e-04    1.27e+01   2.39e+00   7.52e-01  1.97e+05        1    6.11e-02    2.56e+00
  43  2.491700e+01    9.41e-04    1.78e+01   1.81e+00   8.13e-01  2.61e+05        1    6.48e-02    2.62e+00
  44  2.491593e+01    1.07e-03    2.46e+01   3.33e+00   7.34e-01  2.91e+05        1    5.61e-02    2.68e+00
  45  2.491470e+01    1.23e-03    3.79e+01   2.62e+00   7.11e-01  3.14e+05        1    5.96e-02    2.74e+00
  46  2.491367e+01    1.03e-03    3.77e+01   4.14e+00   4.98e-01  3.14e+05        1    6.12e-02    2.80e+00
  47  2.491255e+01    1.12e-03    5.92e+01   2.36e+00   4.26e-01  3.13e+05        1    6.18e-02    2.86e+00
  48  2.491218e+01    3.76e-04    5.93e+01   4.70e+00   1.10e-01  2.12e+05        1    6.12e-02    2.92e+00
  49  2.491106e+01    1.12e-03    6.79e+01   1.01e+00   2.46e-01  1.88e+05        1    5.89e-02    2.98e+00
  50  2.491013e+01    9.26e-04    4.80e+01   3.59e+00   2.22e-01  1.60e+05        1    6.22e-02    3.05e+00
  51  2.490891e+01    1.22e-03    3.74e+01   7.06e-01   3.62e-01  1.57e+05        1    6.11e-02    3.11e+00
  52  2.490803e+01    8.76e-04    2.12e+01   2.66e+00   4.05e-01  1.56e+05        1    6.28e-02    3.17e+00
  53  2.490725e+01    7.79e-04    1.67e+01   8.47e-01   5.27e-01  1.56e+05        1    6.03e-02    3.23e+00
  54  2.490660e+01    6.50e-04    1.06e+01   2.15e+00   6.09e-01  1.57e+05        1    6.18e-02    3.29e+00
  55  2.490597e+01    6.28e-04    9.99e+00   1.11e+00   7.38e-01  1.76e+05        1    6.24e-02    3.35e+00
  56  2.490534e+01    6.33e-04    9.16e+00   2.07e+00   7.91e-01  2.20e+05        1    6.15e-02    3.42e+00
  57  2.490458e+01    7.58e-04    1.50e+01   1.79e+00   8.40e-01  3.20e+05        1    6.11e-02    3.48e+00
  58  2.490366e+01    9.20e-04    2.56e+01   3.44e+00   7.23e-01  3.51e+05        1    6.12e-02    3.54e+00
  59  2.490259e+01    1.07e-03    3.91e+01   2.73e+00   6.79e-01  3.68e+05        1    6.19e-02    3.60e+00
  60  2.490181e+01    7.77e-04    3.81e+01   4.21e+00   4.06e-01  3.66e+05        1    6.17e-02    3.66e+00
  61  2.490107e+01    7.40e-04    6.54e+01   2.21e+00   2.80e-01  3.37e+05        1    6.06e-02    3.72e+00
  62  2.490126e+01   -1.89e-04    0.00e+00   4.74e+00  -4.93e-02  1.69e+05        1    5.28e-02    3.77e+00
  63  2.490010e+01    9.79e-04    2.97e+01   2.84e+00   3.40e-01  1.63e+05        1    6.14e-02    3.84e+00
  64  2.489931e+01    7.83e-04    2.04e+01   6.33e-01   4.17e-01  1.62e+05        1    6.13e-02    3.90e+00
  65  2.489871e+01    6.00e-04    1.31e+01   2.23e+00   4.67e-01  1.62e+05        1    6.60e-02    3.96e+00
  66  2.489815e+01    5.64e-04    1.10e+01   8.62e-01   5.96e-01  1.64e+05        1    6.07e-02    4.02e+00
  67  2.489765e+01    5.03e-04    7.70e+00   1.89e+00   6.73e-01  1.71e+05        1    6.14e-02    4.09e+00
  68  2.489714e+01    5.07e-04    8.11e+00   1.12e+00   7.80e-01  2.07e+05        1    5.56e-02    4.14e+00
  69  2.489658e+01    5.59e-04    9.07e+00   2.09e+00   8.05e-01  2.68e+05        1    6.43e-02    4.21e+00
  70  2.489588e+01    6.95e-04    1.67e+01   1.93e+00   8.19e-01  3.62e+05        1    6.02e-02    4.27e+00
  71  2.489511e+01    7.71e-04    2.49e+01   3.46e+00   6.63e-01  3.75e+05        1    6.14e-02    4.33e+00
  72  2.489425e+01    8.59e-04    3.68e+01   2.44e+00   5.97e-01  3.77e+05        1    6.06e-02    4.39e+00
  73  2.489374e+01    5.10e-04    3.55e+01   4.01e+00   2.83e-01  3.49e+05        1    6.20e-02    4.45e+00
  74  2.489334e+01    4.05e-04    6.09e+01   1.60e+00   1.56e-01  2.63e+05        1    6.20e-02    4.51e+00
  75  2.489320e+01    1.43e-04    5.47e+01   3.81e+00   3.97e-02  1.48e+05        1    6.21e-02    4.57e+00
  76  2.489188e+01    1.32e-03    3.69e+01   7.92e-01   3.49e-01  1.44e+05        1    6.13e-02    4.64e+00
  77  2.489114e+01    7.38e-04    1.51e+01   2.18e+00   4.10e-01  1.43e+05        1    5.98e-02    4.70e+00
  78  2.489065e+01    4.90e-04    9.22e+00   5.38e-01   5.29e-01  1.43e+05        1    6.20e-02    4.76e+00
  79  2.489027e+01    3.74e-04    5.02e+00   1.53e+00   6.63e-01  1.48e+05        1    6.13e-02    4.82e+00
  80  2.488992e+01    3.49e-04    4.49e+00   8.54e-01   8.15e-01  1.98e+05        1    6.15e-02    4.88e+00
  81  2.488950e+01    4.21e-04    6.00e+00   1.71e+00   8.75e-01  3.42e+05        1    6.34e-02    4.94e+00
  82  2.488884e+01    6.67e-04    1.87e+01   2.31e+00   8.66e-01  5.62e+05        1    5.77e-02    5.00e+00
  83  2.488814e+01    6.91e-04    4.25e+01   4.48e+00   5.32e-01  5.62e+05        1    6.06e-02    5.06e+00
  84  2.488711e+01    1.04e-03    5.47e+01   3.37e+00   5.79e-01  5.64e+05        1    5.94e-02    5.12e+00
  85  2.488696e+01    1.44e-04    5.47e+01   5.09e+00   6.45e-02  3.40e+05        1    6.04e-02    5.18e+00
  86  2.488658e+01    3.85e-04    7.07e+01   1.10e+00   1.07e-01  2.29e+05        1    6.12e-02    5.24e+00
  87  2.488633e+01    2.43e-04    6.09e+01   3.56e+00   5.43e-02  1.34e+05        1    6.19e-02    5.31e+00
  88  2.488481e+01    1.52e-03    3.19e+01   9.26e-01   3.90e-01  1.33e+05        1    6.01e-02    5.37e+00
  89  2.488419e+01    6.27e-04    1.03e+01   1.83e+00   4.52e-01  1.32e+05        1    6.18e-02    5.43e+00
  90  2.488385e+01    3.42e-04    5.27e+00   4.45e-01   5.81e-01  1.33e+05        1    6.19e-02    5.49e+00
  91  2.488359e+01    2.56e-04    2.78e+00   1.19e+00   7.52e-01  1.52e+05        1    6.06e-02    5.55e+00
  92  2.488333e+01    2.62e-04    3.07e+00   8.35e-01   8.94e-01  2.99e+05        1    6.12e-02    5.61e+00
  93  2.488287e+01    4.62e-04    9.51e+00   2.12e+00   8.98e-01  6.03e+05        1    6.02e-02    5.67e+00
  94  2.488217e+01    6.94e-04    4.01e+01   3.63e+00   6.96e-01  6.41e+05        1    5.78e-02    5.73e+00
  95  2.488143e+01    7.40e-04    4.00e+01   4.44e+00   5.55e-01  6.42e+05        1    6.66e-02    5.80e+00
  96  2.488061e+01    8.21e-04    5.35e+01   3.22e+00   5.04e-01  6.42e+05        1    6.07e-02    5.86e+00
  97  2.488085e+01   -2.36e-04    0.00e+00   5.16e+00  -1.07e-01  3.21e+05        1    4.81e-02    5.91e+00
  98  2.488015e+01    4.60e-04    2.43e+01   2.99e+00   2.80e-01  2.96e+05        1    6.27e-02    5.97e+00
  99  2.487997e+01    1.84e-04    3.75e+01   8.02e-01   9.77e-02  1.95e+05        1    6.19e-02    6.03e+00
 100  2.487953e+01    4.41e-04    2.63e+01   2.50e+00   2.02e-01  1.61e+05        1    6.20e-02    6.09e+00


Bundle adjustment report
------------------------
    Residuals : 392
   Parameters : 305
   Iterations : 101
         Time : 6.09261 [s]
 Initial cost : 0.252586 [px]
   Final cost : 0.251929 [px]
  Termination : No convergence

  => Merged observations: 0
  => Completed observations: 0
  => Filtered observations: 0
  => Changed observations: 0.000000
  => Filtered images: 0

==============================================================================
Registering image #71 (3)
==============================================================================

  => Image sees 68 / 1093 points
  => Could not register, trying another image.

==============================================================================
Registering image #42 (3)
==============================================================================

  => Image sees 66 / 1093 points
  => Could not register, trying another image.

==============================================================================
Registering image #58 (3)
==============================================================================

  => Image sees 72 / 1211 points
  => Could not register, trying another image.

==============================================================================
Registering image #28 (3)
==============================================================================

  => Image sees 58 / 1064 points
  => Could not register, trying another image.

==============================================================================
Registering image #27 (3)
==============================================================================

  => Image sees 51 / 936 points
  => Could not register, trying another image.

==============================================================================
Registering image #72 (3)
==============================================================================

  => Image sees 41 / 804 points
  => Could not register, trying another image.

==============================================================================
Registering image #70 (3)
==============================================================================

  => Image sees 40 / 1113 points
  => Could not register, trying another image.

==============================================================================
Registering image #90 (3)
==============================================================================

  => Image sees 30 / 953 points
  => Could not register, trying another image.

==============================================================================
Registering image #4 (3)
==============================================================================

  => Image sees 30 / 808 points
  => Could not register, trying another image.

==============================================================================
Initializing with image pair #16 and #58
==============================================================================


==============================================================================
Global bundle adjustment
==============================================================================

iter      cost      cost_change  |gradient|   |step|    tr_ratio  tr_radius  ls_iter  iter_time  total_time
   0  3.260645e+01    0.00e+00    3.71e+03   0.00e+00   0.00e+00  1.00e+04        0    6.58e-03    7.07e-03
   1  4.322122e+02   -4.00e+02    0.00e+00   8.91e+01  -2.17e+01  5.00e+03        1    4.74e-02    5.45e-02
   2  1.510132e+02   -1.18e+02    0.00e+00   6.13e+01  -7.22e+00  1.25e+03        1    4.79e-02    1.03e-01
   3  2.525047e+01    7.36e+00    6.83e+03   2.67e+01   6.62e-01  1.29e+03        1    6.04e-02    1.63e-01
   4  1.977840e+01    5.47e+00    4.47e+03   2.04e+01   7.68e-01  1.53e+03        1    6.35e-02    2.27e-01
   5  1.702442e+01    2.75e+00    3.38e+03   1.79e+01   7.37e-01  1.71e+03        1    6.27e-02    2.89e-01
   6  1.516422e+01    1.86e+00    2.27e+03   1.53e+01   8.00e-01  2.19e+03        1    6.19e-02    3.51e-01
   7  1.400490e+01    1.16e+00    1.83e+03   1.49e+01   7.79e-01  2.65e+03        1    6.18e-02    4.13e-01
   8  1.309295e+01    9.12e-01    1.25e+03   1.43e+01   8.36e-01  3.81e+03        1    6.14e-02    4.74e-01
   9  1.242114e+01    6.72e-01    9.68e+02   1.66e+01   8.05e-01  4.93e+03        1    6.24e-02    5.37e-01
  10  1.187066e+01    5.50e-01    4.76e+02   1.79e+01   8.29e-01  6.91e+03        1    6.17e-02    5.99e-01
  11  1.148112e+01    3.90e-01    2.69e+02   2.14e+01   7.23e-01  7.58e+03        1    6.16e-02    6.60e-01
  12  1.112320e+01    3.58e-01    2.31e+02   2.06e+01   7.63e-01  8.88e+03        1    6.09e-02    7.21e-01
  13  1.085266e+01    2.71e-01    2.17e+02   2.15e+01   6.82e-01  9.33e+03        1    6.26e-02    7.84e-01
  14  1.059102e+01    2.62e-01    1.87e+02   2.01e+01   7.21e-01  1.02e+04        1    6.08e-02    8.45e-01
  15  1.038020e+01    2.11e-01    1.80e+02   1.96e+01   6.90e-01  1.08e+04        1    6.02e-02    9.05e-01
  16  1.019397e+01    1.86e-01    1.54e+02   1.83e+01   7.17e-01  1.18e+04        1    6.12e-02    9.66e-01
  17  1.004668e+01    1.47e-01    1.34e+02   1.73e+01   7.10e-01  1.27e+04        1    6.38e-02    1.03e+00
  18  9.926594e+00    1.20e-01    1.24e+02   1.60e+01   7.26e-01  1.40e+04        1    5.74e-02    1.09e+00
  19  9.833223e+00    9.34e-02    1.23e+02   1.50e+01   7.19e-01  1.53e+04        1    6.15e-02    1.15e+00
  20  9.757044e+00    7.62e-02    1.15e+02   1.40e+01   7.24e-01  1.68e+04        1    6.03e-02    1.21e+00
  21  9.693891e+00    6.32e-02    1.02e+02   1.32e+01   7.16e-01  1.82e+04        1    5.60e-02    1.26e+00
  22  9.636997e+00    5.69e-02    8.12e+01   1.25e+01   7.16e-01  1.98e+04        1    6.56e-02    1.33e+00
  23  9.583234e+00    5.38e-02    6.84e+01   1.21e+01   7.05e-01  2.13e+04        1    5.99e-02    1.39e+00
  24  9.528974e+00    5.43e-02    7.55e+01   1.20e+01   6.96e-01  2.27e+04        1    6.08e-02    1.45e+00
  25  9.472971e+00    5.60e-02    8.59e+01   1.20e+01   6.78e-01  2.38e+04        1    5.52e-02    1.51e+00
  26  9.413915e+00    5.91e-02    9.68e+01   1.21e+01   6.61e-01  2.46e+04        1    6.03e-02    1.57e+00
  27  9.351736e+00    6.22e-02    1.07e+02   1.23e+01   6.42e-01  2.52e+04        1    6.07e-02    1.63e+00
  28  9.286375e+00    6.54e-02    1.16e+02   1.25e+01   6.25e-01  2.56e+04        1    6.12e-02    1.69e+00
  29  9.218203e+00    6.82e-02    1.24e+02   1.26e+01   6.11e-01  2.59e+04        1    6.18e-02    1.75e+00
  30  9.147667e+00    7.05e-02    1.29e+02   1.27e+01   6.00e-01  2.61e+04        1    6.04e-02    1.81e+00
  31  9.075382e+00    7.23e-02    1.33e+02   1.27e+01   5.95e-01  2.62e+04        1    6.17e-02    1.87e+00
  32  9.002131e+00    7.33e-02    1.34e+02   1.27e+01   5.94e-01  2.64e+04        1    6.05e-02    1.93e+00
  33  8.928931e+00    7.32e-02    1.33e+02   1.25e+01   5.99e-01  2.66e+04        1    6.31e-02    2.00e+00
  34  8.857063e+00    7.19e-02    1.29e+02   1.22e+01   6.10e-01  2.69e+04        1    6.26e-02    2.06e+00
  35  8.787987e+00    6.91e-02    1.24e+02   1.18e+01   6.25e-01  2.73e+04        1    6.21e-02    2.12e+00
  36  8.723118e+00    6.49e-02    1.18e+02   1.14e+01   6.41e-01  2.80e+04        1    6.16e-02    2.18e+00
  37  8.663510e+00    5.96e-02    1.11e+02   1.10e+01   6.59e-01  2.89e+04        1    6.23e-02    2.24e+00
  38  8.609628e+00    5.39e-02    1.05e+02   1.05e+01   6.75e-01  3.02e+04        1    6.16e-02    2.31e+00
  39  8.561324e+00    4.83e-02    1.05e+02   1.01e+01   6.89e-01  3.19e+04        1    6.01e-02    2.37e+00
  40  8.517952e+00    4.34e-02    1.17e+02   9.71e+00   7.02e-01  3.42e+04        1    6.03e-02    2.43e+00
  41  8.478547e+00    3.94e-02    1.38e+02   9.39e+00   7.12e-01  3.70e+04        1    5.96e-02    2.49e+00
  42  8.441979e+00    3.66e-02    1.65e+02   9.16e+00   7.20e-01  4.04e+04        1    6.17e-02    2.55e+00
  43  8.407104e+00    3.49e-02    1.98e+02   9.01e+00   7.25e-01  4.45e+04        1    6.14e-02    2.61e+00
  44  8.372891e+00    3.42e-02    2.36e+02   8.97e+00   7.26e-01  4.90e+04        1    6.24e-02    2.67e+00
  45  8.338542e+00    3.43e-02    2.75e+02   9.02e+00   7.24e-01  5.38e+04        1    6.24e-02    2.73e+00
  46  8.303567e+00    3.50e-02    3.12e+02   9.16e+00   7.19e-01  5.87e+04        1    6.20e-02    2.80e+00
  47  8.267798e+00    3.58e-02    3.44e+02   9.34e+00   7.14e-01  6.37e+04        1    6.01e-02    2.86e+00
  48  8.231346e+00    3.65e-02    3.69e+02   9.56e+00   7.09e-01  6.87e+04        1    6.20e-02    2.92e+00
  49  8.194507e+00    3.68e-02    3.87e+02   9.76e+00   7.04e-01  7.37e+04        1    6.07e-02    2.98e+00
  50  8.157683e+00    3.68e-02    3.96e+02   9.90e+00   6.99e-01  7.87e+04        1    6.73e-02    3.05e+00
  51  8.121314e+00    3.64e-02    3.99e+02   9.97e+00   6.95e-01  8.37e+04        1    5.55e-02    3.10e+00
  52  8.085835e+00    3.55e-02    3.95e+02   9.94e+00   6.93e-01  8.87e+04        1    6.10e-02    3.16e+00
  53  8.051648e+00    3.42e-02    3.85e+02   9.80e+00   6.91e-01  9.40e+04        1    5.93e-02    3.22e+00
  54  8.019103e+00    3.25e-02    3.71e+02   9.54e+00   6.90e-01  9.94e+04        1    6.18e-02    3.28e+00
  55  7.988488e+00    3.06e-02    3.54e+02   9.15e+00   6.90e-01  1.05e+05        1    6.07e-02    3.35e+00
  56  7.960019e+00    2.85e-02    3.34e+02   8.63e+00   6.91e-01  1.11e+05        1    6.04e-02    3.41e+00
  57  7.933835e+00    2.62e-02    3.13e+02   7.98e+00   6.92e-01  1.18e+05        1    6.11e-02    3.47e+00
  58  7.909994e+00    2.38e-02    2.93e+02   7.19e+00   6.94e-01  1.26e+05        1    6.18e-02    3.53e+00
  59  7.888478e+00    2.15e-02    2.75e+02   6.28e+00   6.96e-01  1.34e+05        1    6.14e-02    3.59e+00
  60  7.869194e+00    1.93e-02    2.61e+02   5.27e+00   6.97e-01  1.42e+05        1    6.07e-02    3.65e+00
  61  7.851996e+00    1.72e-02    2.53e+02   4.21e+00   6.96e-01  1.51e+05        1    6.44e-02    3.72e+00
  62  7.836714e+00    1.53e-02    2.51e+02   3.23e+00   6.89e-01  1.60e+05        1    6.16e-02    3.78e+00
  63  7.823180e+00    1.35e-02    2.55e+02   2.62e+00   6.72e-01  1.67e+05        1    6.15e-02    3.84e+00
  64  7.811199e+00    1.20e-02    2.60e+02   2.73e+00   6.42e-01  1.71e+05        1    6.01e-02    3.90e+00
  65  7.800508e+00    1.07e-02    2.64e+02   3.38e+00   6.03e-01  1.72e+05        1    6.41e-02    3.96e+00
  66  7.790798e+00    9.71e-03    2.88e+02   4.15e+00   5.63e-01  1.73e+05        1    5.98e-02    4.02e+00
  67  7.781786e+00    9.01e-03    3.07e+02   4.84e+00   5.25e-01  1.73e+05        1    6.10e-02    4.08e+00
  68  7.773242e+00    8.54e-03    3.23e+02   5.42e+00   4.92e-01  1.73e+05        1    6.50e-02    4.15e+00
  69  7.764979e+00    8.26e-03    3.36e+02   5.87e+00   4.67e-01  1.73e+05        1    6.39e-02    4.21e+00
  70  7.756858e+00    8.12e-03    3.46e+02   6.22e+00   4.50e-01  1.72e+05        1    6.20e-02    4.27e+00
  71  7.748794e+00    8.06e-03    3.53e+02   6.48e+00   4.39e-01  1.72e+05        1    6.10e-02    4.34e+00
  72  7.740758e+00    8.04e-03    3.58e+02   6.65e+00   4.34e-01  1.72e+05        1    6.16e-02    4.40e+00
  73  7.732755e+00    8.00e-03    3.61e+02   6.77e+00   4.31e-01  1.71e+05        1    6.02e-02    4.46e+00
  74  7.724804e+00    7.95e-03    3.62e+02   6.84e+00   4.30e-01  1.71e+05        1    6.46e-02    4.52e+00
  75  7.716925e+00    7.88e-03    3.61e+02   6.87e+00   4.30e-01  1.70e+05        1    6.03e-02    4.58e+00
  76  7.709136e+00    7.79e-03    3.60e+02   6.87e+00   4.32e-01  1.70e+05        1    5.88e-02    4.64e+00
  77  7.701452e+00    7.68e-03    3.58e+02   6.86e+00   4.33e-01  1.70e+05        1    6.15e-02    4.70e+00
  78  7.693881e+00    7.57e-03    3.55e+02   6.83e+00   4.36e-01  1.69e+05        1    5.98e-02    4.76e+00
  79  7.686432e+00    7.45e-03    3.52e+02   6.78e+00   4.38e-01  1.69e+05        1    6.19e-02    4.82e+00
  80  7.679109e+00    7.32e-03    3.49e+02   6.73e+00   4.41e-01  1.69e+05        1    6.15e-02    4.89e+00
  81  7.671915e+00    7.19e-03    3.46e+02   6.68e+00   4.44e-01  1.68e+05        1    5.66e-02    4.94e+00
  82  7.664850e+00    7.06e-03    3.42e+02   6.62e+00   4.47e-01  1.68e+05        1    6.15e-02    5.00e+00
  83  7.657916e+00    6.93e-03    3.39e+02   6.55e+00   4.50e-01  1.68e+05        1    6.07e-02    5.06e+00
  84  7.651113e+00    6.80e-03    3.35e+02   6.49e+00   4.53e-01  1.68e+05        1    6.16e-02    5.13e+00
  85  7.644438e+00    6.67e-03    3.31e+02   6.42e+00   4.56e-01  1.68e+05        1    6.00e-02    5.19e+00
  86  7.637892e+00    6.55e-03    3.28e+02   6.35e+00   4.59e-01  1.68e+05        1    6.11e-02    5.25e+00
  87  7.631474e+00    6.42e-03    3.24e+02   6.28e+00   4.62e-01  1.68e+05        1    6.23e-02    5.31e+00
  88  7.625182e+00    6.29e-03    3.20e+02   6.21e+00   4.66e-01  1.68e+05        1    6.50e-02    5.38e+00
  89  7.619014e+00    6.17e-03    3.16e+02   6.14e+00   4.69e-01  1.67e+05        1    6.05e-02    5.44e+00
  90  7.612971e+00    6.04e-03    3.12e+02   6.07e+00   4.73e-01  1.67e+05        1    6.10e-02    5.50e+00
  91  7.607050e+00    5.92e-03    3.09e+02   6.00e+00   4.76e-01  1.67e+05        1    6.00e-02    5.56e+00
  92  7.601251e+00    5.80e-03    3.05e+02   5.93e+00   4.80e-01  1.67e+05        1    6.17e-02    5.62e+00
  93  7.595572e+00    5.68e-03    3.01e+02   5.86e+00   4.84e-01  1.67e+05        1    6.18e-02    5.68e+00
  94  7.590013e+00    5.56e-03    2.97e+02   5.79e+00   4.88e-01  1.67e+05        1    6.14e-02    5.74e+00
  95  7.584571e+00    5.44e-03    2.92e+02   5.72e+00   4.92e-01  1.67e+05        1    6.20e-02    5.80e+00
  96  7.579248e+00    5.32e-03    2.88e+02   5.65e+00   4.96e-01  1.67e+05        1    6.12e-02    5.86e+00
  97  7.574040e+00    5.21e-03    2.84e+02   5.58e+00   5.00e-01  1.67e+05        1    6.07e-02    5.93e+00
  98  7.568948e+00    5.09e-03    2.80e+02   5.51e+00   5.04e-01  1.67e+05        1    6.09e-02    5.99e+00
  99  7.563969e+00    4.98e-03    2.76e+02   5.44e+00   5.08e-01  1.67e+05        1    6.05e-02    6.05e+00
 100  7.559105e+00    4.86e-03    2.71e+02   5.37e+00   5.13e-01  1.67e+05        1    6.10e-02    6.11e+00


Bundle adjustment report
------------------------
    Residuals : 232
   Parameters : 185
   Iterations : 101
         Time : 6.10813 [s]
 Initial cost : 0.374893 [px]
   Final cost : 0.180506 [px]
  Termination : No convergence

  => Filtered observations: 0
  => Filtered images: 0

==============================================================================
Registering image #88 (3)
==============================================================================

  => Image sees 50 / 1113 points
  => Could not register, trying another image.

==============================================================================
Registering image #42 (3)
==============================================================================

  => Image sees 45 / 1093 points
  => Could not register, trying another image.

==============================================================================
Registering image #71 (3)
==============================================================================

  => Image sees 45 / 1093 points
  => Could not register, trying another image.

==============================================================================
Registering image #27 (3)
==============================================================================

  => Image sees 37 / 936 points
  => Could not register, trying another image.

==============================================================================
Registering image #72 (3)
==============================================================================

  => Image sees 34 / 804 points
  => Could not register, trying another image.

==============================================================================
Registering image #28 (3)
==============================================================================

  => Image sees 37 / 1064 points
  => Could not register, trying another image.

==============================================================================
Retriangulation
==============================================================================

  => Merged observations: 0
  => Completed observations: 0
  => Retriangulated observations: 0

==============================================================================
Global bundle adjustment
==============================================================================

iter      cost      cost_change  |gradient|   |step|    tr_ratio  tr_radius  ls_iter  iter_time  total_time
   0  7.559105e+00    0.00e+00    2.71e+02   0.00e+00   0.00e+00  1.00e+04        0    6.23e-03    6.53e-03
   1  7.554201e+00    4.90e-03    1.97e+00   3.22e-01   1.00e+00  3.00e+04        1    6.09e-02    6.75e-02
   2  7.553339e+00    8.62e-04    8.48e+00   9.77e-01   9.95e-01  9.00e+04        1    5.94e-02    1.27e-01
   3  7.551156e+00    2.18e-03    7.93e+01   2.85e+00   8.47e-01  1.35e+05        1    6.12e-02    1.88e-01
   4  7.548940e+00    2.22e-03    1.79e+02   4.26e+00   5.29e-01  1.35e+05        1    6.29e-02    2.51e-01
   5  7.545172e+00    3.77e-03    1.77e+02   4.26e+00   6.64e-01  1.40e+05        1    6.17e-02    3.13e-01
   6  7.541647e+00    3.52e-03    1.88e+02   4.40e+00   6.22e-01  1.42e+05        1    6.21e-02    3.75e-01
   7  7.537974e+00    3.67e-03    1.91e+02   4.44e+00   6.25e-01  1.45e+05        1    6.24e-02    4.37e-01
   8  7.534331e+00    3.64e-03    1.95e+02   4.48e+00   6.16e-01  1.46e+05        1    6.08e-02    4.98e-01
   9  7.530692e+00    3.64e-03    1.97e+02   4.50e+00   6.12e-01  1.48e+05        1    6.08e-02    5.59e-01
  10  7.527079e+00    3.61e-03    1.98e+02   4.50e+00   6.08e-01  1.50e+05        1    6.44e-02    6.23e-01
  11  7.523500e+00    3.58e-03    1.99e+02   4.50e+00   6.06e-01  1.51e+05        1    6.02e-02    6.84e-01
  12  7.519960e+00    3.54e-03    2.00e+02   4.49e+00   6.04e-01  1.52e+05        1    6.12e-02    7.45e-01
  13  7.516465e+00    3.50e-03    2.00e+02   4.47e+00   6.02e-01  1.54e+05        1    6.81e-02    8.13e-01
  14  7.513018e+00    3.45e-03    2.00e+02   4.45e+00   6.01e-01  1.55e+05        1    6.14e-02    8.74e-01
  15  7.509623e+00    3.40e-03    1.99e+02   4.43e+00   6.00e-01  1.56e+05        1    5.53e-02    9.30e-01
  16  7.506280e+00    3.34e-03    1.99e+02   4.41e+00   6.00e-01  1.57e+05        1    6.12e-02    9.91e-01
  17  7.502992e+00    3.29e-03    1.98e+02   4.38e+00   5.99e-01  1.59e+05        1    6.00e-02    1.05e+00
  18  7.499760e+00    3.23e-03    1.97e+02   4.35e+00   5.99e-01  1.60e+05        1    6.12e-02    1.11e+00
  19  7.496585e+00    3.18e-03    1.96e+02   4.32e+00   5.99e-01  1.61e+05        1    6.10e-02    1.17e+00
  20  7.493466e+00    3.12e-03    1.95e+02   4.29e+00   5.99e-01  1.62e+05        1    6.03e-02    1.23e+00
  21  7.490405e+00    3.06e-03    1.94e+02   4.26e+00   5.99e-01  1.64e+05        1    6.35e-02    1.30e+00
  22  7.487402e+00    3.00e-03    1.93e+02   4.23e+00   5.99e-01  1.65e+05        1    5.86e-02    1.36e+00
  23  7.484457e+00    2.95e-03    1.92e+02   4.20e+00   6.00e-01  1.66e+05        1    6.03e-02    1.42e+00
  24  7.481569e+00    2.89e-03    1.90e+02   4.17e+00   6.00e-01  1.68e+05        1    5.92e-02    1.48e+00
  25  7.478738e+00    2.83e-03    1.89e+02   4.13e+00   6.00e-01  1.69e+05        1    6.13e-02    1.54e+00
  26  7.475965e+00    2.77e-03    1.88e+02   4.10e+00   6.01e-01  1.70e+05        1    6.08e-02    1.60e+00
  27  7.473249e+00    2.72e-03    1.86e+02   4.07e+00   6.01e-01  1.72e+05        1    6.04e-02    1.66e+00
  28  7.470589e+00    2.66e-03    1.85e+02   4.04e+00   6.02e-01  1.73e+05        1    6.12e-02    1.72e+00
  29  7.467985e+00    2.60e-03    1.83e+02   4.00e+00   6.02e-01  1.75e+05        1    6.12e-02    1.78e+00
  30  7.465437e+00    2.55e-03    1.82e+02   3.97e+00   6.03e-01  1.76e+05        1    6.14e-02    1.84e+00
  31  7.462943e+00    2.49e-03    1.80e+02   3.94e+00   6.03e-01  1.78e+05        1    6.29e-02    1.90e+00
  32  7.460505e+00    2.44e-03    1.79e+02   3.90e+00   6.04e-01  1.79e+05        1    6.14e-02    1.97e+00
  33  7.458120e+00    2.38e-03    1.77e+02   3.87e+00   6.04e-01  1.81e+05        1    5.96e-02    2.03e+00
  34  7.455789e+00    2.33e-03    1.76e+02   3.84e+00   6.05e-01  1.83e+05        1    6.59e-02    2.09e+00
  35  7.453510e+00    2.28e-03    1.74e+02   3.80e+00   6.05e-01  1.84e+05        1    6.68e-02    2.16e+00
  36  7.451284e+00    2.23e-03    1.73e+02   3.77e+00   6.06e-01  1.86e+05        1    5.99e-02    2.22e+00
  37  7.449109e+00    2.17e-03    1.71e+02   3.74e+00   6.06e-01  1.88e+05        1    6.04e-02    2.28e+00
  38  7.446985e+00    2.12e-03    1.69e+02   3.70e+00   6.07e-01  1.90e+05        1    5.93e-02    2.34e+00
  39  7.444912e+00    2.07e-03    1.68e+02   3.67e+00   6.07e-01  1.92e+05        1    6.14e-02    2.40e+00
  40  7.442888e+00    2.02e-03    1.66e+02   3.64e+00   6.08e-01  1.94e+05        1    6.18e-02    2.46e+00
  41  7.440913e+00    1.98e-03    1.64e+02   3.60e+00   6.09e-01  1.96e+05        1    6.39e-02    2.52e+00
  42  7.438986e+00    1.93e-03    1.63e+02   3.57e+00   6.09e-01  1.98e+05        1    6.00e-02    2.59e+00
  43  7.437107e+00    1.88e-03    1.61e+02   3.54e+00   6.10e-01  2.00e+05        1    5.60e-02    2.64e+00
  44  7.435275e+00    1.83e-03    1.59e+02   3.51e+00   6.10e-01  2.02e+05        1    6.18e-02    2.70e+00
  45  7.433489e+00    1.79e-03    1.58e+02   3.47e+00   6.11e-01  2.04e+05        1    6.02e-02    2.76e+00
  46  7.431748e+00    1.74e-03    1.56e+02   3.44e+00   6.11e-01  2.07e+05        1    6.10e-02    2.82e+00
  47  7.430053e+00    1.70e-03    1.54e+02   3.41e+00   6.12e-01  2.09e+05        1    6.25e-02    2.89e+00
  48  7.428401e+00    1.65e-03    1.53e+02   3.38e+00   6.13e-01  2.11e+05        1    6.51e-02    2.95e+00
  49  7.426793e+00    1.61e-03    1.51e+02   3.34e+00   6.13e-01  2.14e+05        1    6.05e-02    3.01e+00
  50  7.425228e+00    1.57e-03    1.49e+02   3.31e+00   6.14e-01  2.16e+05        1    5.95e-02    3.07e+00
  51  7.423705e+00    1.52e-03    1.47e+02   3.28e+00   6.14e-01  2.19e+05        1    6.07e-02    3.13e+00
  52  7.422223e+00    1.48e-03    1.46e+02   3.25e+00   6.15e-01  2.22e+05        1    6.08e-02    3.19e+00
  53  7.420782e+00    1.44e-03    1.44e+02   3.22e+00   6.15e-01  2.24e+05        1    6.21e-02    3.26e+00
  54  7.419381e+00    1.40e-03    1.42e+02   3.19e+00   6.16e-01  2.27e+05        1    6.15e-02    3.32e+00
  55  7.418020e+00    1.36e-03    1.41e+02   3.15e+00   6.17e-01  2.30e+05        1    6.27e-02    3.38e+00
  56  7.416697e+00    1.32e-03    1.39e+02   3.12e+00   6.17e-01  2.33e+05        1    5.52e-02    3.43e+00
  57  7.415411e+00    1.29e-03    1.37e+02   3.09e+00   6.18e-01  2.36e+05        1    6.14e-02    3.50e+00
  58  7.414163e+00    1.25e-03    1.35e+02   3.06e+00   6.18e-01  2.39e+05        1    5.91e-02    3.56e+00
  59  7.412952e+00    1.21e-03    1.34e+02   3.03e+00   6.19e-01  2.43e+05        1    6.07e-02    3.62e+00
  60  7.411776e+00    1.18e-03    1.32e+02   3.00e+00   6.19e-01  2.46e+05        1    6.13e-02    3.68e+00
  61  7.410636e+00    1.14e-03    1.30e+02   2.97e+00   6.20e-01  2.49e+05        1    6.14e-02    3.74e+00
  62  7.409530e+00    1.11e-03    1.28e+02   2.94e+00   6.21e-01  2.53e+05        1    6.15e-02    3.80e+00
  63  7.408458e+00    1.07e-03    1.27e+02   2.90e+00   6.21e-01  2.57e+05        1    6.07e-02    3.86e+00
  64  7.407418e+00    1.04e-03    1.25e+02   2.87e+00   6.22e-01  2.60e+05        1    5.88e-02    3.92e+00
  65  7.406412e+00    1.01e-03    1.23e+02   2.84e+00   6.22e-01  2.64e+05        1    6.21e-02    3.98e+00
  66  7.405437e+00    9.75e-04    1.21e+02   2.81e+00   6.23e-01  2.68e+05        1    6.12e-02    4.04e+00
  67  7.404493e+00    9.44e-04    1.20e+02   2.78e+00   6.24e-01  2.72e+05        1    5.99e-02    4.10e+00
  68  7.403580e+00    9.13e-04    1.18e+02   2.75e+00   6.24e-01  2.77e+05        1    6.17e-02    4.16e+00
  69  7.402697e+00    8.83e-04    1.16e+02   2.72e+00   6.25e-01  2.81e+05        1    6.02e-02    4.23e+00
  70  7.401842e+00    8.54e-04    1.14e+02   2.69e+00   6.25e-01  2.86e+05        1    6.11e-02    4.29e+00
  71  7.401017e+00    8.26e-04    1.13e+02   2.66e+00   6.26e-01  2.90e+05        1    6.16e-02    4.35e+00
  72  7.400219e+00    7.98e-04    1.11e+02   2.63e+00   6.27e-01  2.95e+05        1    5.94e-02    4.41e+00
  73  7.399448e+00    7.71e-04    1.09e+02   2.60e+00   6.27e-01  3.00e+05        1    6.45e-02    4.47e+00
  74  7.398704e+00    7.44e-04    1.07e+02   2.57e+00   6.28e-01  3.05e+05        1    6.14e-02    4.53e+00
  75  7.397986e+00    7.18e-04    1.06e+02   2.54e+00   6.29e-01  3.10e+05        1    6.09e-02    4.59e+00
  76  7.397293e+00    6.93e-04    1.04e+02   2.51e+00   6.29e-01  3.16e+05        1    6.11e-02    4.66e+00
  77  7.396625e+00    6.68e-04    1.02e+02   2.49e+00   6.30e-01  3.21e+05        1    6.23e-02    4.72e+00
  78  7.395982e+00    6.44e-04    1.00e+02   2.46e+00   6.30e-01  3.27e+05        1    6.14e-02    4.78e+00
  79  7.395361e+00    6.20e-04    9.86e+01   2.43e+00   6.31e-01  3.33e+05        1    6.14e-02    4.84e+00
  80  7.394764e+00    5.97e-04    9.69e+01   2.40e+00   6.32e-01  3.39e+05        1    6.12e-02    4.90e+00
  81  7.394189e+00    5.75e-04    9.52e+01   2.37e+00   6.32e-01  3.46e+05        1    6.14e-02    4.96e+00
  82  7.393636e+00    5.53e-04    9.35e+01   2.34e+00   6.33e-01  3.52e+05        1    6.21e-02    5.03e+00
  83  7.393104e+00    5.32e-04    9.18e+01   2.31e+00   6.34e-01  3.59e+05        1    6.15e-02    5.09e+00
  84  7.392593e+00    5.11e-04    9.01e+01   2.28e+00   6.34e-01  3.66e+05        1    6.14e-02    5.15e+00
  85  7.392102e+00    4.91e-04    8.84e+01   2.25e+00   6.35e-01  3.74e+05        1    7.03e-02    5.22e+00
  86  7.391631e+00    4.72e-04    8.67e+01   2.23e+00   6.36e-01  3.82e+05        1    5.48e-02    5.27e+00
  87  7.391178e+00    4.53e-04    8.50e+01   2.20e+00   6.37e-01  3.89e+05        1    6.17e-02    5.34e+00
  88  7.390744e+00    4.34e-04    8.33e+01   2.17e+00   6.37e-01  3.98e+05        1    6.01e-02    5.40e+00
  89  7.390328e+00    4.16e-04    8.17e+01   2.14e+00   6.38e-01  4.06e+05        1    6.16e-02    5.46e+00
  90  7.389929e+00    3.99e-04    8.00e+01   2.11e+00   6.39e-01  4.15e+05        1    6.12e-02    5.52e+00
  91  7.389548e+00    3.82e-04    7.84e+01   2.09e+00   6.39e-01  4.24e+05        1    6.17e-02    5.58e+00
  92  7.389182e+00    3.65e-04    7.67e+01   2.06e+00   6.40e-01  4.34e+05        1    6.44e-02    5.64e+00
  93  7.388833e+00    3.49e-04    7.51e+01   2.03e+00   6.41e-01  4.44e+05        1    5.67e-02    5.70e+00
  94  7.388499e+00    3.34e-04    7.35e+01   2.00e+00   6.42e-01  4.54e+05        1    6.50e-02    5.77e+00
  95  7.388180e+00    3.19e-04    7.19e+01   1.97e+00   6.42e-01  4.65e+05        1    6.05e-02    5.83e+00
  96  7.387875e+00    3.05e-04    7.03e+01   1.95e+00   6.43e-01  4.76e+05        1    5.93e-02    5.89e+00
  97  7.387585e+00    2.91e-04    6.87e+01   1.92e+00   6.44e-01  4.88e+05        1    6.11e-02    5.95e+00
  98  7.387308e+00    2.77e-04    6.71e+01   1.89e+00   6.45e-01  5.00e+05        1    6.09e-02    6.01e+00
  99  7.387044e+00    2.64e-04    6.55e+01   1.86e+00   6.46e-01  5.12e+05        1    5.75e-02    6.07e+00
 100  7.386793e+00    2.51e-04    6.40e+01   1.84e+00   6.47e-01  5.26e+05        1    6.09e-02    6.13e+00


Bundle adjustment report
------------------------
    Residuals : 232
   Parameters : 185
   Iterations : 101
         Time : 6.12626 [s]
 Initial cost : 0.180506 [px]
   Final cost : 0.178437 [px]
  Termination : No convergence

  => Merged observations: 0
  => Completed observations: 0
  => Filtered observations: 0
  => Changed observations: 0.000000
  => Filtered images: 0

==============================================================================
Registering image #88 (3)
==============================================================================

  => Image sees 50 / 1113 points
  => Could not register, trying another image.

==============================================================================
Registering image #42 (3)
==============================================================================

  => Image sees 45 / 1093 points
  => Could not register, trying another image.

==============================================================================
Registering image #71 (3)
==============================================================================

  => Image sees 45 / 1093 points
  => Could not register, trying another image.

==============================================================================
Registering image #27 (3)
==============================================================================

  => Image sees 37 / 936 points
  => Could not register, trying another image.

==============================================================================
Registering image #72 (3)
==============================================================================

  => Image sees 34 / 804 points
  => Could not register, trying another image.

==============================================================================
Registering image #28 (3)
==============================================================================

  => Image sees 37 / 1064 points
  => Could not register, trying another image.
  => No good initial image pair found.
  => Relaxing the initialization constraints.

==============================================================================
Initializing with image pair #28 and #88
==============================================================================


==============================================================================
Global bundle adjustment
==============================================================================

iter      cost      cost_change  |gradient|   |step|    tr_ratio  tr_radius  ls_iter  iter_time  total_time
   0  3.545379e+01    0.00e+00    1.89e+03   0.00e+00   0.00e+00  1.00e+04        0    1.18e-02    1.21e-02
   1  3.003954e+01    5.41e+00    6.05e+03   5.78e+01   2.51e-01  8.90e+03        1    6.01e-02    7.22e-02
   2  1.315070e+01    1.69e+01    7.31e+02   2.87e+01   9.46e-01  2.67e+04        1    5.78e-02    1.30e-01
   3  1.200942e+01    1.14e+00    3.92e+02   2.11e+01   8.46e-01  3.99e+04        1    6.15e-02    1.92e-01
   4  1.174718e+01    2.62e-01    5.47e+02   1.00e+01   9.35e-01  1.17e+05        1    6.81e-02    2.60e-01
   5  1.192299e+01   -1.76e-01    0.00e+00   1.82e+01  -1.30e+00  5.86e+04        1    4.97e-02    3.09e-01
   6  1.169199e+01    5.52e-02    9.65e+02   1.05e+01   6.17e-01  5.93e+04        1    5.38e-02    3.63e-01
   7  1.162182e+01    7.02e-02    7.62e+02   9.46e+00   7.77e-01  7.15e+04        1    6.07e-02    4.24e-01
   8  1.157250e+01    4.93e-02    7.88e+02   9.72e+00   7.02e-01  7.65e+04        1    6.40e-02    4.88e-01
   9  1.152561e+01    4.69e-02    6.29e+02   8.75e+00   7.81e-01  9.31e+04        1    6.08e-02    5.49e-01
  10  1.149185e+01    3.38e-02    6.00e+02   8.48e+00   7.38e-01  1.04e+05        1    6.15e-02    6.10e-01
  11  1.146313e+01    2.87e-02    4.66e+02   7.36e+00   7.93e-01  1.31e+05        1    6.19e-02    6.72e-01
  12  1.144328e+01    1.98e-02    4.09e+02   6.63e+00   7.51e-01  1.50e+05        1    5.98e-02    7.32e-01
  13  1.142762e+01    1.57e-02    2.93e+02   5.29e+00   7.87e-01  1.84e+05        1    6.02e-02    7.92e-01
  14  1.141706e+01    1.06e-02    2.43e+02   4.47e+00   7.34e-01  2.06e+05        1    6.42e-02    8.56e-01
  15  1.140829e+01    8.77e-03    1.96e+02   4.00e+00   7.62e-01  2.40e+05        1    5.97e-02    9.16e-01
  16  1.140179e+01    6.51e-03    2.17e+02   4.64e+00   6.73e-01  2.51e+05        1    6.12e-02    9.77e-01
  17  1.139571e+01    6.07e-03    2.27e+02   5.22e+00   6.39e-01  2.56e+05        1    6.51e-02    1.04e+00
  18  1.139024e+01    5.47e-03    2.42e+02   5.71e+00   5.73e-01  2.57e+05        1    6.01e-02    1.10e+00
  19  1.138474e+01    5.50e-03    2.50e+02   6.00e+00   5.46e-01  2.57e+05        1    6.15e-02    1.16e+00
  20  1.137917e+01    5.56e-03    2.68e+02   6.17e+00   5.28e-01  2.57e+05        1    6.68e-02    1.23e+00
  21  1.137352e+01    5.66e-03    2.79e+02   6.28e+00   5.18e-01  2.57e+05        1    5.96e-02    1.29e+00
  22  1.136778e+01    5.74e-03    2.88e+02   6.34e+00   5.13e-01  2.57e+05        1    6.11e-02    1.35e+00
  23  1.136198e+01    5.80e-03    2.93e+02   6.37e+00   5.09e-01  2.57e+05        1    6.43e-02    1.42e+00
  24  1.135614e+01    5.84e-03    2.97e+02   6.38e+00   5.07e-01  2.57e+05        1    6.28e-02    1.48e+00
  25  1.135028e+01    5.86e-03    3.01e+02   6.39e+00   5.05e-01  2.57e+05        1    6.11e-02    1.54e+00
  26  1.134440e+01    5.88e-03    3.03e+02   6.38e+00   5.04e-01  2.57e+05        1    5.99e-02    1.60e+00
  27  1.133851e+01    5.89e-03    3.06e+02   6.37e+00   5.03e-01  2.57e+05        1    6.40e-02    1.66e+00
  28  1.133262e+01    5.89e-03    3.08e+02   6.36e+00   5.02e-01  2.57e+05        1    5.62e-02    1.72e+00
  29  1.132672e+01    5.90e-03    3.10e+02   6.35e+00   5.01e-01  2.57e+05        1    6.00e-02    1.78e+00
  30  1.132082e+01    5.90e-03    3.12e+02   6.33e+00   5.01e-01  2.57e+05        1    6.41e-02    1.84e+00
  31  1.131493e+01    5.89e-03    3.13e+02   6.32e+00   5.00e-01  2.57e+05        1    5.77e-02    1.90e+00
  32  1.130904e+01    5.89e-03    3.15e+02   6.30e+00   4.99e-01  2.57e+05        1    6.10e-02    1.96e+00
  33  1.130315e+01    5.89e-03    3.17e+02   6.28e+00   4.99e-01  2.57e+05        1    6.12e-02    2.02e+00
  34  1.129727e+01    5.88e-03    3.18e+02   6.27e+00   4.98e-01  2.57e+05        1    6.09e-02    2.09e+00
  35  1.129139e+01    5.88e-03    3.20e+02   6.25e+00   4.98e-01  2.57e+05        1    6.65e-02    2.15e+00
  36  1.128551e+01    5.87e-03    3.21e+02   6.23e+00   4.97e-01  2.57e+05        1    5.62e-02    2.21e+00
  37  1.127965e+01    5.87e-03    3.23e+02   6.21e+00   4.97e-01  2.57e+05        1    6.08e-02    2.27e+00
  38  1.127379e+01    5.86e-03    3.24e+02   6.19e+00   4.96e-01  2.57e+05        1    6.21e-02    2.33e+00
  39  1.126793e+01    5.85e-03    3.26e+02   6.17e+00   4.96e-01  2.57e+05        1    6.58e-02    2.40e+00
  40  1.126209e+01    5.84e-03    3.27e+02   6.15e+00   4.95e-01  2.57e+05        1    5.53e-02    2.45e+00
  41  1.125625e+01    5.84e-03    3.28e+02   6.13e+00   4.95e-01  2.57e+05        1    6.05e-02    2.51e+00
  42  1.125042e+01    5.83e-03    3.30e+02   6.11e+00   4.95e-01  2.57e+05        1    6.10e-02    2.57e+00
  43  1.124461e+01    5.82e-03    3.31e+02   6.09e+00   4.95e-01  2.57e+05        1    6.16e-02    2.64e+00
  44  1.123880e+01    5.81e-03    3.32e+02   6.07e+00   4.94e-01  2.57e+05        1    6.20e-02    2.70e+00
  45  1.123300e+01    5.80e-03    3.33e+02   6.05e+00   4.94e-01  2.57e+05        1    5.99e-02    2.76e+00
  46  1.122722e+01    5.78e-03    3.34e+02   6.03e+00   4.94e-01  2.57e+05        1    6.16e-02    2.82e+00
  47  1.122145e+01    5.77e-03    3.35e+02   6.01e+00   4.94e-01  2.57e+05        1    6.12e-02    2.88e+00
  48  1.121569e+01    5.76e-03    3.37e+02   5.98e+00   4.94e-01  2.57e+05        1    5.86e-02    2.94e+00
  49  1.120994e+01    5.75e-03    3.38e+02   5.96e+00   4.94e-01  2.57e+05        1    6.79e-02    3.01e+00
  50  1.120421e+01    5.73e-03    3.38e+02   5.94e+00   4.94e-01  2.57e+05        1    5.98e-02    3.07e+00
  51  1.119849e+01    5.72e-03    3.39e+02   5.92e+00   4.94e-01  2.57e+05        1    6.15e-02    3.13e+00
  52  1.119279e+01    5.70e-03    3.40e+02   5.89e+00   4.94e-01  2.57e+05        1    5.97e-02    3.19e+00
  53  1.118710e+01    5.69e-03    3.41e+02   5.87e+00   4.94e-01  2.57e+05        1    6.15e-02    3.25e+00
  54  1.118143e+01    5.67e-03    3.42e+02   5.84e+00   4.95e-01  2.57e+05        1    6.15e-02    3.31e+00
  55  1.117577e+01    5.66e-03    3.43e+02   5.82e+00   4.95e-01  2.57e+05        1    6.18e-02    3.37e+00
  56  1.117013e+01    5.64e-03    3.43e+02   5.80e+00   4.95e-01  2.57e+05        1    5.97e-02    3.43e+00
  57  1.116451e+01    5.62e-03    3.44e+02   5.77e+00   4.95e-01  2.57e+05        1    6.14e-02    3.49e+00
  58  1.115891e+01    5.60e-03    3.44e+02   5.75e+00   4.96e-01  2.57e+05        1    6.22e-02    3.56e+00
  59  1.115332e+01    5.58e-03    3.45e+02   5.72e+00   4.96e-01  2.57e+05        1    6.43e-02    3.62e+00
  60  1.114776e+01    5.56e-03    3.45e+02   5.69e+00   4.97e-01  2.57e+05        1    6.12e-02    3.68e+00
  61  1.114221e+01    5.55e-03    3.46e+02   5.67e+00   4.97e-01  2.57e+05        1    6.12e-02    3.74e+00
  62  1.113669e+01    5.52e-03    3.46e+02   5.64e+00   4.97e-01  2.57e+05        1    6.36e-02    3.81e+00
  63  1.113119e+01    5.50e-03    3.47e+02   5.62e+00   4.98e-01  2.57e+05        1    6.10e-02    3.87e+00
  64  1.112570e+01    5.48e-03    3.47e+02   5.59e+00   4.99e-01  2.57e+05        1    6.33e-02    3.93e+00
  65  1.112024e+01    5.46e-03    3.47e+02   5.56e+00   4.99e-01  2.57e+05        1    6.10e-02    3.99e+00
  66  1.111480e+01    5.44e-03    3.47e+02   5.53e+00   5.00e-01  2.57e+05        1    6.07e-02    4.05e+00
  67  1.110939e+01    5.42e-03    3.47e+02   5.51e+00   5.01e-01  2.57e+05        1    6.12e-02    4.11e+00
  68  1.110400e+01    5.39e-03    3.47e+02   5.48e+00   5.01e-01  2.57e+05        1    6.07e-02    4.17e+00
  69  1.109863e+01    5.37e-03    3.47e+02   5.45e+00   5.02e-01  2.57e+05        1    6.18e-02    4.24e+00
  70  1.109328e+01    5.34e-03    3.47e+02   5.42e+00   5.03e-01  2.57e+05        1    5.66e-02    4.29e+00
  71  1.108796e+01    5.32e-03    3.47e+02   5.39e+00   5.04e-01  2.57e+05        1    6.07e-02    4.35e+00
  72  1.108267e+01    5.29e-03    3.47e+02   5.37e+00   5.05e-01  2.57e+05        1    6.20e-02    4.42e+00
  73  1.107740e+01    5.27e-03    3.47e+02   5.34e+00   5.06e-01  2.57e+05        1    6.22e-02    4.48e+00
  74  1.107216e+01    5.24e-03    3.47e+02   5.31e+00   5.07e-01  2.57e+05        1    6.01e-02    4.54e+00
  75  1.106695e+01    5.21e-03    3.46e+02   5.28e+00   5.08e-01  2.57e+05        1    6.69e-02    4.61e+00
  76  1.106176e+01    5.19e-03    3.46e+02   5.25e+00   5.09e-01  2.57e+05        1    5.67e-02    4.67e+00
  77  1.105660e+01    5.16e-03    3.46e+02   5.22e+00   5.10e-01  2.57e+05        1    6.15e-02    4.73e+00
  78  1.105147e+01    5.13e-03    3.45e+02   5.19e+00   5.11e-01  2.57e+05        1    6.06e-02    4.79e+00
  79  1.104636e+01    5.10e-03    3.45e+02   5.16e+00   5.12e-01  2.57e+05        1    5.98e-02    4.85e+00
  80  1.104129e+01    5.07e-03    3.44e+02   5.13e+00   5.13e-01  2.57e+05        1    6.13e-02    4.91e+00
  81  1.103624e+01    5.05e-03    3.43e+02   5.10e+00   5.15e-01  2.57e+05        1    6.02e-02    4.97e+00
  82  1.103123e+01    5.02e-03    3.43e+02   5.07e+00   5.16e-01  2.57e+05        1    6.03e-02    5.03e+00
  83  1.102624e+01    4.99e-03    3.42e+02   5.04e+00   5.17e-01  2.57e+05        1    6.10e-02    5.09e+00
  84  1.102129e+01    4.96e-03    3.41e+02   5.01e+00   5.19e-01  2.57e+05        1    6.09e-02    5.15e+00
  85  1.101636e+01    4.92e-03    3.40e+02   4.98e+00   5.20e-01  2.57e+05        1    6.03e-02    5.21e+00
  86  1.101147e+01    4.89e-03    3.40e+02   4.95e+00   5.22e-01  2.57e+05        1    6.12e-02    5.27e+00
  87  1.100661e+01    4.86e-03    3.39e+02   4.92e+00   5.23e-01  2.57e+05        1    5.81e-02    5.33e+00
  88  1.100178e+01    4.83e-03    3.38e+02   4.89e+00   5.25e-01  2.57e+05        1    6.53e-02    5.40e+00
  89  1.099698e+01    4.80e-03    3.37e+02   4.86e+00   5.26e-01  2.57e+05        1    6.08e-02    5.46e+00
  90  1.099221e+01    4.77e-03    3.36e+02   4.83e+00   5.28e-01  2.57e+05        1    6.03e-02    5.52e+00
  91  1.098748e+01    4.73e-03    3.35e+02   4.79e+00   5.29e-01  2.57e+05        1    6.15e-02    5.58e+00
  92  1.098278e+01    4.70e-03    3.33e+02   4.76e+00   5.31e-01  2.58e+05        1    6.22e-02    5.64e+00
  93  1.097812e+01    4.67e-03    3.32e+02   4.73e+00   5.32e-01  2.58e+05        1    6.12e-02    5.70e+00
  94  1.097348e+01    4.63e-03    3.31e+02   4.70e+00   5.34e-01  2.58e+05        1    6.16e-02    5.77e+00
  95  1.096888e+01    4.60e-03    3.30e+02   4.67e+00   5.36e-01  2.58e+05        1    6.19e-02    5.83e+00
  96  1.096432e+01    4.57e-03    3.29e+02   4.64e+00   5.37e-01  2.58e+05        1    6.09e-02    5.89e+00
  97  1.095979e+01    4.53e-03    3.28e+02   4.61e+00   5.39e-01  2.58e+05        1    6.10e-02    5.95e+00
  98  1.095529e+01    4.50e-03    3.26e+02   4.58e+00   5.40e-01  2.58e+05        1    6.11e-02    6.01e+00
  99  1.095082e+01    4.46e-03    3.25e+02   4.55e+00   5.42e-01  2.58e+05        1    6.18e-02    6.07e+00
 100  1.094639e+01    4.43e-03    3.24e+02   4.52e+00   5.44e-01  2.58e+05        1    6.16e-02    6.13e+00


Bundle adjustment report
------------------------
    Residuals : 392
   Parameters : 305
   Iterations : 101
         Time : 6.13374 [s]
 Initial cost : 0.300738 [px]
   Final cost : 0.167106 [px]
  Termination : No convergence

  => Filtered observations: 0
  => Filtered images: 0

==============================================================================
Registering image #58 (3)
==============================================================================

  => Image sees 78 / 1211 points

Pose refinement report
----------------------
    Residuals : 156
   Parameters : 12
   Iterations : 18
         Time : 0.00445498 [s]
 Initial cost : 0.430246 [px]
   Final cost : 0.367712 [px]
  Termination : Convergence

  => Continued observations: 78
  => Added observations: 0

Bundle adjustment report
------------------------
    Residuals : 548
   Parameters : 311
   Iterations : 26
         Time : 1.52284 [s]
 Initial cost : 1.46524 [px]
   Final cost : 0.242226 [px]
  Termination : No convergence

  => Merged observations: 0
  => Completed observations: 0
  => Filtered observations: 0
  => Changed observations: 0.000000

==============================================================================
Retriangulation
==============================================================================

  => Merged observations: 0
  => Completed observations: 0
  => Retriangulated observations: 0

==============================================================================
Global bundle adjustment
==============================================================================

iter      cost      cost_change  |gradient|   |step|    tr_ratio  tr_radius  ls_iter  iter_time  total_time
   0  4.173337e+01    0.00e+00    5.51e+02   0.00e+00   0.00e+00  1.00e+04        0    1.02e-02    1.07e-02
   1  4.019092e+01    1.54e+00    5.61e+01   1.94e+00   9.97e-01  3.00e+04        1    6.15e-02    7.22e-02
   2  4.013130e+01    5.96e-02    7.89e+01   1.80e+00   9.68e-01  9.00e+04        1    6.02e-02    1.32e-01
   3  4.010961e+01    2.17e-02    6.40e+02   7.91e+00   1.55e-01  6.78e+04        1    6.03e-02    1.93e-01
   4  3.993071e+01    1.79e-01    3.58e+02   6.02e+00   8.72e-01  1.15e+05        1    6.16e-02    2.54e-01
   5  3.993119e+01   -4.86e-04    0.00e+00   1.01e+01  -3.28e-03  5.75e+04        1    4.92e-02    3.04e-01
   6  3.984978e+01    8.09e-02    2.61e+02   5.07e+00   8.83e-01  1.04e+05        1    6.50e-02    3.69e-01
   7  3.982480e+01    2.50e-02    9.06e+02   9.17e+00   2.23e-01  8.92e+04        1    6.12e-02    4.30e-01
   8  3.969867e+01    1.26e-01    6.49e+02   7.80e+00   7.78e-01  1.08e+05        1    6.06e-02    4.90e-01
   9  3.964578e+01    5.29e-02    9.37e+02   9.27e+00   4.58e-01  1.08e+05        1    6.27e-02    5.53e-01
  10  3.956417e+01    8.16e-02    8.90e+02   9.07e+00   6.17e-01  1.09e+05        1    6.13e-02    6.14e-01
  11  3.949481e+01    6.94e-02    8.57e+02   8.92e+00   6.13e-01  1.10e+05        1    6.25e-02    6.77e-01
  12  3.943231e+01    6.25e-02    8.12e+02   8.71e+00   6.23e-01  1.12e+05        1    6.19e-02    7.39e-01
  13  3.937629e+01    5.60e-02    7.67e+02   8.50e+00   6.30e-01  1.14e+05        1    6.13e-02    8.00e-01
  14  3.932562e+01    5.07e-02    7.23e+02   8.30e+00   6.37e-01  1.16e+05        1    6.16e-02    8.62e-01
  15  3.927962e+01    4.60e-02    6.81e+02   8.10e+00   6.43e-01  1.19e+05        1    6.11e-02    9.23e-01
  16  3.923765e+01    4.20e-02    6.44e+02   7.92e+00   6.48e-01  1.22e+05        1    6.12e-02    9.84e-01
  17  3.919921e+01    3.84e-02    6.09e+02   7.75e+00   6.53e-01  1.26e+05        1    6.51e-02    1.05e+00
  18  3.916388e+01    3.53e-02    5.78e+02   7.60e+00   6.56e-01  1.30e+05        1    6.22e-02    1.11e+00
  19  3.913131e+01    3.26e-02    5.49e+02   7.45e+00   6.59e-01  1.34e+05        1    6.35e-02    1.18e+00
  20  3.910124e+01    3.01e-02    5.23e+02   7.32e+00   6.61e-01  1.39e+05        1    6.37e-02    1.24e+00
  21  3.907343e+01    2.78e-02    4.99e+02   7.19e+00   6.63e-01  1.44e+05        1    6.30e-02    1.30e+00
  22  3.904769e+01    2.57e-02    4.76e+02   7.07e+00   6.65e-01  1.49e+05        1    6.14e-02    1.36e+00
  23  3.902384e+01    2.38e-02    4.54e+02   6.95e+00   6.66e-01  1.55e+05        1    6.47e-02    1.43e+00
  24  3.900175e+01    2.21e-02    4.34e+02   6.83e+00   6.67e-01  1.61e+05        1    6.06e-02    1.49e+00
  25  3.898130e+01    2.05e-02    4.14e+02   6.71e+00   6.68e-01  1.67e+05        1    6.17e-02    1.55e+00
  26  3.896237e+01    1.89e-02    3.96e+02   6.60e+00   6.69e-01  1.74e+05        1    6.56e-02    1.62e+00
  27  3.894486e+01    1.75e-02    3.78e+02   6.48e+00   6.70e-01  1.81e+05        1    5.87e-02    1.67e+00
  28  3.892868e+01    1.62e-02    3.61e+02   6.37e+00   6.71e-01  1.89e+05        1    6.03e-02    1.74e+00
  29  3.891374e+01    1.49e-02    3.44e+02   6.25e+00   6.72e-01  1.97e+05        1    5.93e-02    1.79e+00
  30  3.889998e+01    1.38e-02    3.28e+02   6.14e+00   6.73e-01  2.05e+05        1    6.16e-02    1.86e+00
  31  3.888731e+01    1.27e-02    3.13e+02   6.02e+00   6.74e-01  2.14e+05        1    6.11e-02    1.92e+00
  32  3.887566e+01    1.16e-02    2.98e+02   5.90e+00   6.75e-01  2.24e+05        1    6.25e-02    1.98e+00
  33  3.886498e+01    1.07e-02    2.83e+02   5.79e+00   6.77e-01  2.34e+05        1    6.07e-02    2.04e+00
  34  3.885519e+01    9.79e-03    2.69e+02   5.67e+00   6.78e-01  2.46e+05        1    6.18e-02    2.10e+00
  35  3.884625e+01    8.94e-03    2.56e+02   5.55e+00   6.79e-01  2.57e+05        1    5.95e-02    2.16e+00
  36  3.883809e+01    8.15e-03    2.42e+02   5.43e+00   6.81e-01  2.70e+05        1    6.09e-02    2.22e+00
  37  3.883067e+01    7.42e-03    2.29e+02   5.30e+00   6.82e-01  2.84e+05        1    6.16e-02    2.29e+00
  38  3.882394e+01    6.73e-03    2.17e+02   5.18e+00   6.84e-01  2.99e+05        1    6.13e-02    2.35e+00
  39  3.881785e+01    6.09e-03    2.05e+02   5.05e+00   6.86e-01  3.15e+05        1    6.21e-02    2.41e+00
  40  3.881236e+01    5.49e-03    1.93e+02   4.93e+00   6.87e-01  3.32e+05        1    6.09e-02    2.47e+00
  41  3.880742e+01    4.94e-03    1.82e+02   4.80e+00   6.89e-01  3.51e+05        1    6.17e-02    2.53e+00
  42  3.880300e+01    4.42e-03    1.70e+02   4.66e+00   6.92e-01  3.72e+05        1    6.10e-02    2.59e+00
  43  3.879905e+01    3.95e-03    1.60e+02   4.53e+00   6.94e-01  3.95e+05        1    6.12e-02    2.65e+00
  44  3.879555e+01    3.50e-03    1.49e+02   4.39e+00   6.96e-01  4.21e+05        1    6.19e-02    2.72e+00
  45  3.879245e+01    3.10e-03    1.39e+02   4.25e+00   6.99e-01  4.49e+05        1    5.91e-02    2.77e+00
  46  3.878973e+01    2.72e-03    1.29e+02   4.11e+00   7.02e-01  4.81e+05        1    6.10e-02    2.84e+00
  47  3.878736e+01    2.37e-03    1.19e+02   3.97e+00   7.06e-01  5.17e+05        1    6.18e-02    2.90e+00
  48  3.878530e+01    2.06e-03    1.10e+02   3.82e+00   7.09e-01  5.58e+05        1    6.15e-02    2.96e+00
  49  3.878353e+01    1.77e-03    1.01e+02   3.67e+00   7.13e-01  6.05e+05        1    6.15e-02    3.02e+00
  50  3.878202e+01    1.51e-03    9.18e+01   3.51e+00   7.18e-01  6.59e+05        1    5.98e-02    3.08e+00
  51  3.878075e+01    1.27e-03    8.32e+01   3.35e+00   7.23e-01  7.23e+05        1    6.20e-02    3.14e+00
  52  3.877968e+01    1.06e-03    7.48e+01   3.19e+00   7.28e-01  7.98e+05        1    5.83e-02    3.20e+00
  53  3.877881e+01    8.73e-04    6.67e+01   3.02e+00   7.34e-01  8.90e+05        1    6.22e-02    3.26e+00
  54  3.877811e+01    7.05e-04    5.89e+01   2.84e+00   7.42e-01  1.00e+06        1    6.14e-02    3.32e+00
  55  3.877755e+01    5.59e-04    5.13e+01   2.66e+00   7.50e-01  1.15e+06        1    5.99e-02    3.38e+00
  56  3.877712e+01    4.32e-04    4.40e+01   2.47e+00   7.60e-01  1.33e+06        1    6.41e-02    3.45e+00
  57  3.877679e+01    3.24e-04    3.70e+01   2.26e+00   7.71e-01  1.59e+06        1    6.29e-02    3.51e+00
  58  3.877656e+01    2.33e-04    3.03e+01   2.05e+00   7.85e-01  1.95e+06        1    5.80e-02    3.57e+00
  59  3.877640e+01    1.59e-04    2.39e+01   1.83e+00   8.03e-01  2.51e+06        1    6.21e-02    3.63e+00
  60  3.877630e+01    1.01e-04    1.79e+01   1.58e+00   8.26e-01  3.46e+06        1    6.00e-02    3.69e+00
  61  3.877624e+01    5.81e-05    1.24e+01   1.32e+00   8.56e-01  5.43e+06        1    6.00e-02    3.75e+00
  62  3.877621e+01    2.82e-05    7.55e+00   1.03e+00   9.00e-01  1.11e+07        1    6.12e-02    3.81e+00
  63  3.877620e+01    1.03e-05    3.53e+00   7.05e-01   9.65e-01  3.34e+07        1    6.24e-02    3.87e+00
  64  3.877620e+01    2.08e-06    1.32e+00   3.36e-01   1.05e+00  1.00e+08        1    6.50e-02    3.94e+00
  65  3.877620e+01    1.38e-07    2.76e-01   9.04e-02   1.11e+00  3.00e+08        1    6.18e-02    4.00e+00
  66  3.877620e+01    4.79e-09    1.70e-02   1.92e-02   1.18e+00  9.01e+08        1    6.06e-02    4.06e+00


Bundle adjustment report
------------------------
    Residuals : 548
   Parameters : 311
   Iterations : 67
         Time : 4.0626 [s]
 Initial cost : 0.275963 [px]
   Final cost : 0.266007 [px]
  Termination : Convergence

  => Merged observations: 0
  => Completed observations: 0
  => Filtered observations: 0
  => Changed observations: 0.000000
  => Filtered images: 0

==============================================================================
Registering image #42 (4)
==============================================================================

  => Image sees 67 / 1093 points
  => Could not register, trying another image.

==============================================================================
Registering image #27 (4)
==============================================================================

  => Image sees 70 / 936 points
  => Could not register, trying another image.

==============================================================================
Registering image #71 (4)
==============================================================================

  => Image sees 68 / 1093 points
  => Could not register, trying another image.

==============================================================================
Registering image #72 (4)
==============================================================================

  => Image sees 46 / 804 points
  => Could not register, trying another image.

==============================================================================
Registering image #16 (4)
==============================================================================

  => Image sees 49 / 1081 points
  => Could not register, trying another image.

==============================================================================
Registering image #70 (4)
==============================================================================

  => Image sees 38 / 1113 points
  => Could not register, trying another image.

==============================================================================
Registering image #4 (4)
==============================================================================

  => Image sees 31 / 808 points
  => Could not register, trying another image.

==============================================================================
Retriangulation
==============================================================================

  => Merged observations: 0
  => Completed observations: 0
  => Retriangulated observations: 0

==============================================================================
Global bundle adjustment
==============================================================================

iter      cost      cost_change  |gradient|   |step|    tr_ratio  tr_radius  ls_iter  iter_time  total_time
   0  3.877620e+01    0.00e+00    1.68e-02   0.00e+00   0.00e+00  1.00e+04        0    6.29e-03    6.74e-03


Bundle adjustment report
------------------------
    Residuals : 548
   Parameters : 311
   Iterations : 1
         Time : 0.00680513 [s]
 Initial cost : 0.266007 [px]
   Final cost : 0.266007 [px]
  Termination : Convergence

  => Merged observations: 0
  => Completed observations: 0
  => Filtered observations: 0
  => Changed observations: 0.000000
  => Filtered images: 0

==============================================================================
Registering image #42 (4)
==============================================================================

  => Image sees 67 / 1093 points
  => Could not register, trying another image.

==============================================================================
Registering image #27 (4)
==============================================================================

  => Image sees 70 / 936 points
  => Could not register, trying another image.

==============================================================================
Registering image #71 (4)
==============================================================================

  => Image sees 68 / 1093 points
  => Could not register, trying another image.

==============================================================================
Registering image #72 (4)
==============================================================================

  => Image sees 46 / 804 points
  => Could not register, trying another image.

==============================================================================
Registering image #16 (4)
==============================================================================

  => Image sees 49 / 1081 points
  => Could not register, trying another image.

==============================================================================
Registering image #70 (4)
==============================================================================

  => Image sees 38 / 1113 points
  => Could not register, trying another image.

==============================================================================
Registering image #4 (4)
==============================================================================

  => Image sees 31 / 808 points
  => Could not register, trying another image.

==============================================================================
Initializing with image pair #28 and #2
==============================================================================


==============================================================================
Global bundle adjustment
==============================================================================

iter      cost      cost_change  |gradient|   |step|    tr_ratio  tr_radius  ls_iter  iter_time  total_time
   0  3.973324e+01    0.00e+00    3.90e+03   0.00e+00   0.00e+00  1.00e+04        0    1.44e-02    1.48e-02
   1  3.501562e+01    4.72e+00    3.03e+03   2.59e+01   9.13e-01  2.28e+04        1    5.46e-02    6.93e-02
   2  4.068015e+01   -5.66e+00    0.00e+00   4.00e+01  -2.40e+00  1.14e+04        1    4.79e-02    1.17e-01
   3  3.423748e+01    7.78e-01    5.13e+03   2.29e+01   4.93e-01  1.14e+04        1    6.25e-02    1.80e-01
   4  3.309583e+01    1.14e+00    4.51e+03   1.84e+01   6.92e-01  1.21e+04        1    6.13e-02    2.41e-01
   5  3.226723e+01    8.29e-01    4.58e+03   1.67e+01   6.34e-01  1.23e+04        1    7.02e-02    3.11e-01
   6  3.145607e+01    8.11e-01    4.46e+03   1.56e+01   6.54e-01  1.27e+04        1    5.41e-02    3.65e-01
   7  3.070472e+01    7.51e-01    4.52e+03   1.52e+01   6.38e-01  1.30e+04        1    6.16e-02    4.27e-01
   8  2.995753e+01    7.47e-01    4.53e+03   1.51e+01   6.43e-01  1.33e+04        1    6.25e-02    4.89e-01
   9  2.922229e+01    7.35e-01    4.52e+03   1.50e+01   6.47e-01  1.36e+04        1    6.38e-02    5.53e-01
  10  2.849802e+01    7.24e-01    4.47e+03   1.50e+01   6.56e-01  1.41e+04        1    6.40e-02    6.17e-01
  11  2.779361e+01    7.04e-01    4.38e+03   1.50e+01   6.67e-01  1.46e+04        1    6.01e-02    6.77e-01
  12  2.711662e+01    6.77e-01    4.27e+03   1.49e+01   6.78e-01  1.53e+04        1    5.99e-02    7.37e-01
  13  2.647413e+01    6.42e-01    4.14e+03   1.49e+01   6.87e-01  1.61e+04        1    6.04e-02    7.98e-01
  14  2.587140e+01    6.03e-01    4.00e+03   1.48e+01   6.96e-01  1.72e+04        1    5.98e-02    8.58e-01
  15  2.531250e+01    5.59e-01    3.85e+03   1.46e+01   7.03e-01  1.84e+04        1    6.05e-02    9.18e-01
  16  2.480044e+01    5.12e-01    3.70e+03   1.44e+01   7.08e-01  1.98e+04        1    6.18e-02    9.80e-01
  17  2.433740e+01    4.63e-01    3.53e+03   1.41e+01   7.12e-01  2.14e+04        1    6.25e-02    1.04e+00
  18  2.392447e+01    4.13e-01    3.35e+03   1.37e+01   7.14e-01  2.33e+04        1    6.17e-02    1.10e+00
  19  2.356134e+01    3.63e-01    3.17e+03   1.32e+01   7.14e-01  2.53e+04        1    6.18e-02    1.17e+00
  20  2.324597e+01    3.15e-01    3.00e+03   1.27e+01   7.13e-01  2.74e+04        1    6.27e-02    1.23e+00
  21  2.297449e+01    2.71e-01    2.84e+03   1.23e+01   7.09e-01  2.95e+04        1    6.10e-02    1.29e+00
  22  2.274143e+01    2.33e-01    2.71e+03   1.21e+01   7.02e-01  3.16e+04        1    6.13e-02    1.35e+00
  23  2.254028e+01    2.01e-01    2.63e+03   1.23e+01   6.93e-01  3.36e+04        1    5.83e-02    1.41e+00
  24  2.236439e+01    1.76e-01    2.61e+03   1.29e+01   6.81e-01  3.52e+04        1    6.44e-02    1.47e+00
  25  2.220762e+01    1.57e-01    2.63e+03   1.37e+01   6.66e-01  3.66e+04        1    5.99e-02    1.53e+00
  26  2.206474e+01    1.43e-01    2.69e+03   1.46e+01   6.50e-01  3.76e+04        1    6.07e-02    1.59e+00
  27  2.193163e+01    1.33e-01    2.75e+03   1.54e+01   6.34e-01  3.83e+04        1    6.20e-02    1.66e+00
  28  2.180522e+01    1.26e-01    2.82e+03   1.61e+01   6.19e-01  3.88e+04        1    6.16e-02    1.72e+00
  29  2.168343e+01    1.22e-01    2.88e+03   1.67e+01   6.08e-01  3.92e+04        1    6.09e-02    1.78e+00
  30  2.156496e+01    1.18e-01    2.92e+03   1.72e+01   6.01e-01  3.96e+04        1    5.84e-02    1.84e+00
  31  2.144911e+01    1.16e-01    2.95e+03   1.75e+01   5.97e-01  3.99e+04        1    6.55e-02    1.90e+00
  32  2.133562e+01    1.13e-01    2.96e+03   1.77e+01   5.96e-01  4.01e+04        1    6.13e-02    1.96e+00
  33  2.122448e+01    1.11e-01    2.96e+03   1.79e+01   5.97e-01  4.04e+04        1    5.55e-02    2.02e+00
  34  2.111586e+01    1.09e-01    2.94e+03   1.80e+01   6.00e-01  4.08e+04        1    6.12e-02    2.08e+00
  35  2.100999e+01    1.06e-01    2.91e+03   1.80e+01   6.04e-01  4.11e+04        1    6.18e-02    2.14e+00
  36  2.090711e+01    1.03e-01    2.88e+03   1.80e+01   6.09e-01  4.16e+04        1    6.20e-02    2.20e+00
  37  2.080740e+01    9.97e-02    2.84e+03   1.80e+01   6.15e-01  4.21e+04        1    6.23e-02    2.27e+00
  38  2.071098e+01    9.64e-02    2.79e+03   1.79e+01   6.20e-01  4.27e+04        1    6.22e-02    2.33e+00
  39  2.061791e+01    9.31e-02    2.74e+03   1.78e+01   6.26e-01  4.33e+04        1    6.21e-02    2.39e+00
  40  2.052815e+01    8.98e-02    2.69e+03   1.78e+01   6.31e-01  4.41e+04        1    6.14e-02    2.45e+00
  41  2.044164e+01    8.65e-02    2.65e+03   1.77e+01   6.36e-01  4.50e+04        1    6.98e-02    2.52e+00
  42  2.035825e+01    8.34e-02    2.60e+03   1.77e+01   6.40e-01  4.61e+04        1    5.34e-02    2.58e+00
  43  2.027784e+01    8.04e-02    2.56e+03   1.76e+01   6.44e-01  4.72e+04        1    6.14e-02    2.64e+00
  44  2.020025e+01    7.76e-02    2.52e+03   1.76e+01   6.48e-01  4.85e+04        1    6.16e-02    2.70e+00
  45  2.012533e+01    7.49e-02    2.49e+03   1.75e+01   6.51e-01  4.98e+04        1    6.72e-02    2.77e+00
  46  2.005290e+01    7.24e-02    2.45e+03   1.75e+01   6.54e-01  5.13e+04        1    5.82e-02    2.83e+00
  47  1.998281e+01    7.01e-02    2.42e+03   1.75e+01   6.57e-01  5.30e+04        1    6.23e-02    2.89e+00
  48  1.991492e+01    6.79e-02    2.38e+03   1.75e+01   6.59e-01  5.47e+04        1    6.46e-02    2.96e+00
  49  1.984909e+01    6.58e-02    2.35e+03   1.75e+01   6.61e-01  5.66e+04        1    5.69e-02    3.01e+00
  50  1.978520e+01    6.39e-02    2.32e+03   1.75e+01   6.63e-01  5.87e+04        1    6.04e-02    3.07e+00
  51  1.972315e+01    6.20e-02    2.28e+03   1.74e+01   6.64e-01  6.08e+04        1    6.04e-02    3.14e+00
  52  1.966287e+01    6.03e-02    2.25e+03   1.74e+01   6.65e-01  6.31e+04        1    5.54e-02    3.19e+00
  53  1.960429e+01    5.86e-02    2.21e+03   1.73e+01   6.66e-01  6.55e+04        1    6.72e-02    3.26e+00
  54  1.954738e+01    5.69e-02    2.16e+03   1.72e+01   6.67e-01  6.81e+04        1    5.35e-02    3.31e+00
  55  1.949212e+01    5.53e-02    2.11e+03   1.70e+01   6.67e-01  7.07e+04        1    6.75e-02    3.38e+00
  56  1.943852e+01    5.36e-02    2.06e+03   1.68e+01   6.67e-01  7.34e+04        1    5.57e-02    3.44e+00
  57  1.938660e+01    5.19e-02    1.99e+03   1.66e+01   6.67e-01  7.63e+04        1    6.06e-02    3.50e+00
  58  1.933641e+01    5.02e-02    1.93e+03   1.63e+01   6.66e-01  7.91e+04        1    6.19e-02    3.56e+00
  59  1.928799e+01    4.84e-02    1.85e+03   1.59e+01   6.65e-01  8.21e+04        1    6.09e-02    3.62e+00
  60  1.924141e+01    4.66e-02    1.77e+03   1.54e+01   6.64e-01  8.51e+04        1    6.12e-02    3.68e+00
  61  1.919671e+01    4.47e-02    1.69e+03   1.49e+01   6.62e-01  8.81e+04        1    6.00e-02    3.74e+00
  62  1.915395e+01    4.28e-02    1.60e+03   1.43e+01   6.61e-01  9.11e+04        1    5.97e-02    3.80e+00
  63  1.911317e+01    4.08e-02    1.51e+03   1.37e+01   6.59e-01  9.41e+04        1    5.70e-02    3.86e+00
  64  1.907438e+01    3.88e-02    1.43e+03   1.30e+01   6.58e-01  9.71e+04        1    6.18e-02    3.92e+00
  65  1.903759e+01    3.68e-02    1.35e+03   1.23e+01   6.56e-01  1.00e+05        1    6.19e-02    3.98e+00
  66  1.900278e+01    3.48e-02    1.27e+03   1.16e+01   6.55e-01  1.03e+05        1    6.06e-02    4.04e+00
  67  1.896992e+01    3.29e-02    1.20e+03   1.08e+01   6.55e-01  1.06e+05        1    5.97e-02    4.10e+00
  68  1.893898e+01    3.09e-02    1.14e+03   1.01e+01   6.54e-01  1.10e+05        1    6.00e-02    4.16e+00
  69  1.890988e+01    2.91e-02    1.09e+03   9.37e+00   6.53e-01  1.13e+05        1    6.22e-02    4.22e+00
  70  1.888255e+01    2.73e-02    1.04e+03   8.66e+00   6.53e-01  1.16e+05        1    6.38e-02    4.29e+00
  71  1.885692e+01    2.56e-02    9.98e+02   7.98e+00   6.52e-01  1.20e+05        1    6.10e-02    4.35e+00
  72  1.883290e+01    2.40e-02    9.65e+02   7.33e+00   6.52e-01  1.23e+05        1    6.23e-02    4.41e+00
  73  1.881039e+01    2.25e-02    9.38e+02   6.71e+00   6.51e-01  1.27e+05        1    6.12e-02    4.47e+00
  74  1.878932e+01    2.11e-02    9.17e+02   6.13e+00   6.50e-01  1.30e+05        1    6.03e-02    4.53e+00
  75  1.876959e+01    1.97e-02    8.99e+02   5.58e+00   6.49e-01  1.34e+05        1    6.01e-02    4.59e+00
  76  1.875111e+01    1.85e-02    8.86e+02   5.07e+00   6.48e-01  1.37e+05        1    6.10e-02    4.65e+00
  77  1.873380e+01    1.73e-02    8.75e+02   4.60e+00   6.47e-01  1.41e+05        1    6.29e-02    4.72e+00
  78  1.871757e+01    1.62e-02    8.67e+02   4.16e+00   6.46e-01  1.44e+05        1    6.06e-02    4.78e+00
  79  1.870235e+01    1.52e-02    8.60e+02   3.77e+00   6.44e-01  1.48e+05        1    6.20e-02    4.84e+00
  80  1.868805e+01    1.43e-02    8.53e+02   3.41e+00   6.43e-01  1.51e+05        1    6.19e-02    4.90e+00
  81  1.867462e+01    1.34e-02    8.47e+02   3.10e+00   6.41e-01  1.55e+05        1    6.08e-02    4.96e+00
  82  1.866198e+01    1.26e-02    8.40e+02   2.82e+00   6.39e-01  1.58e+05        1    6.04e-02    5.02e+00
  83  1.865008e+01    1.19e-02    8.33e+02   2.58e+00   6.38e-01  1.62e+05        1    6.33e-02    5.09e+00
  84  1.863885e+01    1.12e-02    8.25e+02   2.37e+00   6.36e-01  1.65e+05        1    5.97e-02    5.15e+00
  85  1.862825e+01    1.06e-02    8.16e+02   2.20e+00   6.35e-01  1.68e+05        1    6.30e-02    5.21e+00
  86  1.861823e+01    1.00e-02    8.07e+02   2.06e+00   6.34e-01  1.72e+05        1    6.21e-02    5.27e+00
  87  1.860874e+01    9.49e-03    7.96e+02   1.94e+00   6.33e-01  1.75e+05        1    6.04e-02    5.33e+00
  88  1.859975e+01    9.00e-03    7.84e+02   1.85e+00   6.32e-01  1.78e+05        1    6.18e-02    5.39e+00
  89  1.859121e+01    8.54e-03    7.71e+02   1.78e+00   6.31e-01  1.82e+05        1    6.18e-02    5.46e+00
  90  1.858309e+01    8.12e-03    7.58e+02   1.72e+00   6.31e-01  1.85e+05        1    6.42e-02    5.52e+00
  91  1.857537e+01    7.72e-03    7.44e+02   1.67e+00   6.31e-01  1.88e+05        1    6.09e-02    5.58e+00
  92  1.856801e+01    7.36e-03    7.29e+02   1.63e+00   6.31e-01  1.92e+05        1    5.95e-02    5.64e+00
  93  1.856100e+01    7.02e-03    7.14e+02   1.59e+00   6.31e-01  1.95e+05        1    6.06e-02    5.70e+00
  94  1.855430e+01    6.70e-03    6.98e+02   1.57e+00   6.31e-01  1.99e+05        1    5.94e-02    5.76e+00
  95  1.854790e+01    6.40e-03    6.82e+02   1.54e+00   6.31e-01  2.02e+05        1    6.12e-02    5.82e+00
  96  1.854179e+01    6.12e-03    6.66e+02   1.52e+00   6.31e-01  2.06e+05        1    6.12e-02    5.88e+00
  97  1.853593e+01    5.85e-03    6.50e+02   1.51e+00   6.32e-01  2.10e+05        1    6.20e-02    5.94e+00
  98  1.853033e+01    5.60e-03    6.34e+02   1.50e+00   6.32e-01  2.14e+05        1    5.88e-02    6.00e+00
  99  1.852497e+01    5.36e-03    6.18e+02   1.49e+00   6.33e-01  2.18e+05        1    6.00e-02    6.06e+00
 100  1.851983e+01    5.14e-03    6.02e+02   1.49e+00   6.34e-01  2.22e+05        1    6.14e-02    6.12e+00


Bundle adjustment report
------------------------
    Residuals : 392
   Parameters : 305
   Iterations : 101
         Time : 6.125 [s]
 Initial cost : 0.318371 [px]
   Final cost : 0.217358 [px]
  Termination : No convergence

  => Filtered observations: 0
  => Filtered images: 0

==============================================================================
Registering image #27 (3)
==============================================================================

  => Image sees 80 / 936 points

Pose refinement report
----------------------
    Residuals : 160
   Parameters : 12
   Iterations : 8
         Time : 0.00152047 [s]
 Initial cost : 0.411434 [px]
   Final cost : 0.258849 [px]
  Termination : Convergence

  => Continued observations: 80
  => Added observations: 84

Bundle adjustment report
------------------------
    Residuals : 720
   Parameters : 419
   Iterations : 26
         Time : 1.52196 [s]
 Initial cost : 0.753711 [px]
   Final cost : 0.344777 [px]
  Termination : No convergence

  => Merged observations: 0
  => Completed observations: 5
  => Filtered observations: 5
  => Changed observations: 0.027778

Bundle adjustment report
------------------------
    Residuals : 718
   Parameters : 419
   Iterations : 26
         Time : 1.55596 [s]
 Initial cost : 0.288536 [px]
   Final cost : 0.2786 [px]
  Termination : No convergence

  => Merged observations: 0
  => Completed observations: 5
  => Filtered observations: 0
  => Changed observations: 0.013928

==============================================================================
Retriangulation
==============================================================================

  => Merged observations: 0
  => Completed observations: 0
  => Retriangulated observations: 1

==============================================================================
Global bundle adjustment
==============================================================================

iter      cost      cost_change  |gradient|   |step|    tr_ratio  tr_radius  ls_iter  iter_time  total_time
   0  8.140673e+02    0.00e+00    2.52e+03   0.00e+00   0.00e+00  1.00e+04        0    6.14e-03    7.04e-03
   1  4.207801e+02    3.93e+02    2.30e+03   4.43e+00   9.91e-01  3.00e+04        1    6.12e-02    6.83e-02
   2  4.175313e+02    3.25e+00    2.75e+03   2.92e+01   7.65e-01  3.52e+04        1    6.05e-02    1.29e-01
   3  4.167531e+02    7.78e-01    1.72e+03   2.61e+01   8.38e-01  5.11e+04        1    6.22e-02    1.91e-01
   4  4.167025e+02    5.06e-02    1.81e+03   3.08e+01   1.54e-01  3.84e+04        1    6.03e-02    2.51e-01
   5  4.163786e+02    3.24e-01    6.71e+02   1.92e+01   8.94e-01  7.53e+04        1    6.24e-02    3.14e-01
   6  4.163990e+02   -2.03e-02    0.00e+00   3.02e+01  -1.36e-01  3.76e+04        1    4.97e-02    3.63e-01
   7  4.162947e+02    8.40e-02    4.52e+02   1.65e+01   8.28e-01  5.24e+04        1    5.85e-02    4.22e-01
   8  4.162370e+02    5.77e-02    5.82e+02   1.98e+01   6.76e-01  5.48e+04        1    6.23e-02    4.84e-01
   9  4.161643e+02    7.26e-02    4.49e+02   1.85e+01   8.34e-01  7.82e+04        1    6.20e-02    5.46e-01
  10  4.161010e+02    6.33e-02    6.99e+02   2.39e+01   7.08e-01  8.43e+04        1    6.06e-02    6.07e-01
  11  4.160181e+02    8.29e-02    8.07e+02   2.40e+01   8.14e-01  1.12e+05        1    6.23e-02    6.69e-01
  12  4.159439e+02    7.42e-02    1.47e+03   3.01e+01   6.52e-01  1.15e+05        1    6.54e-02    7.34e-01
  13  4.158471e+02    9.68e-02    1.56e+03   2.97e+01   7.27e-01  1.27e+05        1    5.88e-02    7.93e-01
  14  4.157615e+02    8.56e-02    1.90e+03   3.14e+01   6.39e-01  1.30e+05        1    6.19e-02    8.55e-01
  15  4.156677e+02    9.37e-02    1.96e+03   3.08e+01   6.56e-01  1.34e+05        1    6.20e-02    9.17e-01
  16  4.155794e+02    8.83e-02    2.06e+03   3.05e+01   6.27e-01  1.36e+05        1    6.23e-02    9.79e-01
  17  4.154926e+02    8.68e-02    2.09e+03   2.97e+01   6.20e-01  1.38e+05        1    6.13e-02    1.04e+00
  18  4.154098e+02    8.28e-02    2.11e+03   2.88e+01   6.10e-01  1.39e+05        1    6.28e-02    1.10e+00
  19  4.153311e+02    7.87e-02    2.11e+03   2.77e+01   6.03e-01  1.41e+05        1    6.71e-02    1.17e+00
  20  4.152568e+02    7.43e-02    2.10e+03   2.66e+01   5.96e-01  1.42e+05        1    6.45e-02    1.24e+00
  21  4.151870e+02    6.98e-02    2.08e+03   2.55e+01   5.92e-01  1.43e+05        1    6.18e-02    1.30e+00
  22  4.151218e+02    6.52e-02    2.06e+03   2.44e+01   5.88e-01  1.43e+05        1    6.22e-02    1.36e+00
  23  4.150611e+02    6.07e-02    2.03e+03   2.32e+01   5.86e-01  1.44e+05        1    6.79e-02    1.43e+00
  24  4.150048e+02    5.63e-02    1.99e+03   2.21e+01   5.84e-01  1.45e+05        1    5.40e-02    1.48e+00
  25  4.149526e+02    5.22e-02    1.95e+03   2.10e+01   5.83e-01  1.45e+05        1    6.59e-02    1.55e+00
  26  4.149044e+02    4.83e-02    1.90e+03   2.00e+01   5.83e-01  1.46e+05        1    6.00e-02    1.61e+00
  27  4.148598e+02    4.46e-02    1.86e+03   1.89e+01   5.83e-01  1.47e+05        1    6.19e-02    1.67e+00
  28  4.148186e+02    4.12e-02    1.81e+03   1.80e+01   5.85e-01  1.48e+05        1    6.00e-02    1.73e+00
  29  4.147806e+02    3.80e-02    1.77e+03   1.70e+01   5.86e-01  1.48e+05        1    6.18e-02    1.79e+00
  30  4.147454e+02    3.52e-02    1.72e+03   1.61e+01   5.89e-01  1.49e+05        1    6.23e-02    1.85e+00
  31  4.147129e+02    3.25e-02    1.68e+03   1.53e+01   5.91e-01  1.50e+05        1    6.25e-02    1.92e+00
  32  4.146827e+02    3.02e-02    1.63e+03   1.45e+01   5.95e-01  1.51e+05        1    6.21e-02    1.98e+00
  33  4.146547e+02    2.81e-02    1.59e+03   1.38e+01   5.98e-01  1.52e+05        1    6.09e-02    2.04e+00
  34  4.146285e+02    2.61e-02    1.55e+03   1.31e+01   6.02e-01  1.53e+05        1    6.16e-02    2.10e+00
  35  4.146041e+02    2.44e-02    1.51e+03   1.25e+01   6.06e-01  1.55e+05        1    6.19e-02    2.16e+00
  36  4.145812e+02    2.29e-02    1.47e+03   1.19e+01   6.10e-01  1.57e+05        1    6.22e-02    2.23e+00
  37  4.145597e+02    2.15e-02    1.43e+03   1.13e+01   6.14e-01  1.58e+05        1    6.81e-02    2.29e+00
  38  4.145394e+02    2.03e-02    1.40e+03   1.08e+01   6.17e-01  1.61e+05        1    5.67e-02    2.35e+00
  39  4.145202e+02    1.92e-02    1.37e+03   1.04e+01   6.21e-01  1.63e+05        1    6.24e-02    2.41e+00
  40  4.145020e+02    1.82e-02    1.34e+03   9.97e+00   6.25e-01  1.65e+05        1    6.23e-02    2.47e+00
  41  4.144847e+02    1.73e-02    1.32e+03   9.58e+00   6.28e-01  1.68e+05        1    5.97e-02    2.53e+00
  42  4.144682e+02    1.65e-02    1.29e+03   9.22e+00   6.31e-01  1.71e+05        1    5.87e-02    2.59e+00
  43  4.144524e+02    1.58e-02    1.27e+03   8.89e+00   6.34e-01  1.75e+05        1    6.02e-02    2.65e+00
  44  4.144373e+02    1.51e-02    1.24e+03   8.59e+00   6.36e-01  1.78e+05        1    5.98e-02    2.71e+00
  45  4.144228e+02    1.45e-02    1.22e+03   8.30e+00   6.39e-01  1.82e+05        1    6.22e-02    2.78e+00
  46  4.144090e+02    1.39e-02    1.20e+03   8.04e+00   6.41e-01  1.86e+05        1    6.27e-02    2.84e+00
  47  4.143956e+02    1.33e-02    1.18e+03   7.80e+00   6.43e-01  1.91e+05        1    6.16e-02    2.90e+00
  48  4.143829e+02    1.28e-02    1.16e+03   7.57e+00   6.45e-01  1.96e+05        1    6.20e-02    2.96e+00
  49  4.143706e+02    1.23e-02    1.14e+03   7.35e+00   6.47e-01  2.01e+05        1    6.19e-02    3.02e+00
  50  4.143588e+02    1.18e-02    1.12e+03   7.15e+00   6.49e-01  2.06e+05        1    6.22e-02    3.09e+00
  51  4.143475e+02    1.13e-02    1.10e+03   6.96e+00   6.51e-01  2.12e+05        1    6.22e-02    3.15e+00
  52  4.143366e+02    1.08e-02    1.08e+03   6.78e+00   6.52e-01  2.18e+05        1    6.21e-02    3.21e+00
  53  4.143263e+02    1.04e-02    1.05e+03   6.60e+00   6.54e-01  2.25e+05        1    6.10e-02    3.27e+00
  54  4.143164e+02    9.90e-03    1.03e+03   6.43e+00   6.56e-01  2.32e+05        1    6.22e-02    3.33e+00
  55  4.143069e+02    9.44e-03    1.01e+03   6.27e+00   6.58e-01  2.39e+05        1    6.20e-02    3.40e+00
  56  4.142980e+02    8.98e-03    9.81e+02   6.11e+00   6.60e-01  2.47e+05        1    6.09e-02    3.46e+00
  57  4.142894e+02    8.52e-03    9.55e+02   5.95e+00   6.61e-01  2.56e+05        1    5.66e-02    3.51e+00
  58  4.142814e+02    8.07e-03    9.28e+02   5.80e+00   6.63e-01  2.65e+05        1    6.36e-02    3.58e+00
  59  4.142737e+02    7.62e-03    9.00e+02   5.65e+00   6.66e-01  2.75e+05        1    6.17e-02    3.64e+00
  60  4.142666e+02    7.17e-03    8.70e+02   5.50e+00   6.68e-01  2.86e+05        1    6.17e-02    3.70e+00
  61  4.142599e+02    6.72e-03    8.40e+02   5.35e+00   6.70e-01  2.98e+05        1    5.88e-02    3.76e+00
  62  4.142536e+02    6.28e-03    8.09e+02   5.21e+00   6.73e-01  3.11e+05        1    6.62e-02    3.83e+00
  63  4.142477e+02    5.84e-03    7.77e+02   5.06e+00   6.75e-01  3.25e+05        1    6.55e-02    3.89e+00
  64  4.142423e+02    5.42e-03    7.45e+02   4.91e+00   6.78e-01  3.40e+05        1    6.12e-02    3.95e+00
  65  4.142373e+02    4.99e-03    7.11e+02   4.76e+00   6.81e-01  3.57e+05        1    6.09e-02    4.01e+00
  66  4.142327e+02    4.58e-03    6.77e+02   4.61e+00   6.84e-01  3.76e+05        1    6.23e-02    4.08e+00
  67  4.142286e+02    4.18e-03    6.43e+02   4.46e+00   6.88e-01  3.96e+05        1    6.28e-02    4.14e+00
  68  4.142248e+02    3.79e-03    6.08e+02   4.31e+00   6.91e-01  4.20e+05        1    6.26e-02    4.20e+00
  69  4.142213e+02    3.42e-03    5.72e+02   4.15e+00   6.95e-01  4.47e+05        1    5.90e-02    4.26e+00
  70  4.142183e+02    3.06e-03    5.36e+02   3.99e+00   6.99e-01  4.77e+05        1    6.56e-02    4.33e+00
  71  4.142156e+02    2.71e-03    4.99e+02   3.83e+00   7.04e-01  5.11e+05        1    6.06e-02    4.39e+00
  72  4.142132e+02    2.38e-03    4.63e+02   3.67e+00   7.09e-01  5.52e+05        1    6.17e-02    4.45e+00
  73  4.142111e+02    2.07e-03    4.26e+02   3.50e+00   7.15e-01  5.99e+05        1    6.20e-02    4.51e+00
  74  4.142094e+02    1.78e-03    3.89e+02   3.33e+00   7.21e-01  6.55e+05        1    6.27e-02    4.57e+00
  75  4.142079e+02    1.50e-03    3.52e+02   3.15e+00   7.27e-01  7.23e+05        1    6.22e-02    4.64e+00
  76  4.142066e+02    1.25e-03    3.15e+02   2.97e+00   7.35e-01  8.07e+05        1    6.16e-02    4.70e+00
  77  4.142056e+02    1.02e-03    2.78e+02   2.78e+00   7.44e-01  9.13e+05        1    6.13e-02    4.76e+00
  78  4.142048e+02    8.14e-04    2.42e+02   2.58e+00   7.54e-01  1.05e+06        1    6.25e-02    4.82e+00
  79  4.142041e+02    6.30e-04    2.07e+02   2.37e+00   7.65e-01  1.23e+06        1    6.26e-02    4.88e+00
  80  4.142037e+02    4.70e-04    1.72e+02   2.15e+00   7.80e-01  1.50e+06        1    6.51e-02    4.95e+00
  81  4.142033e+02    3.34e-04    1.38e+02   1.92e+00   7.97e-01  1.89e+06        1    6.19e-02    5.01e+00
  82  4.142031e+02    2.22e-04    1.05e+02   1.67e+00   8.20e-01  2.57e+06        1    6.15e-02    5.07e+00
  83  4.142030e+02    1.34e-04    7.48e+01   1.40e+00   8.52e-01  3.94e+06        1    5.82e-02    5.13e+00
  84  4.142029e+02    7.03e-05    4.66e+01   1.11e+00   8.99e-01  8.02e+06        1    6.07e-02    5.19e+00
  85  4.142029e+02    2.89e-05    2.22e+01   7.62e-01   9.82e-01  2.41e+07        1    5.96e-02    5.25e+00
  86  4.142029e+02    7.55e-06    3.09e+00   3.03e-01   1.15e+00  7.22e+07        1    6.15e-02    5.31e+00
  87  4.142029e+02    9.31e-07    7.47e-01   7.73e-02   1.30e+00  2.17e+08        1    6.23e-02    5.38e+00
  88  4.142029e+02    1.25e-07    1.34e-01   4.18e-02   1.35e+00  6.50e+08        1    6.25e-02    5.44e+00
  89  4.142029e+02    1.78e-08    3.73e-02   9.68e-03   1.35e+00  1.95e+09        1    6.20e-02    5.50e+00


Bundle adjustment report
------------------------
    Residuals : 730
   Parameters : 425
   Iterations : 90
         Time : 5.49977 [s]
 Initial cost : 1.05601 [px]
   Final cost : 0.75326 [px]
  Termination : Convergence

  => Merged observations: 0
  => Completed observations: 0
  => Filtered observations: 3
  => Changed observations: 0.008219

==============================================================================
Global bundle adjustment
==============================================================================

iter      cost      cost_change  |gradient|   |step|    tr_ratio  tr_radius  ls_iter  iter_time  total_time
   0  7.220455e+01    0.00e+00    4.74e+02   0.00e+00   0.00e+00  1.00e+04        0    1.00e-02    1.07e-02
   1  6.649948e+01    5.71e+00    2.37e+02   3.78e+00   9.91e-01  3.00e+04        1    6.17e-02    7.24e-02
   2  6.635963e+01    1.40e-01    1.11e+03   9.35e+00   8.21e-01  4.07e+04        1    6.23e-02    1.35e-01
   3  6.630055e+01    5.91e-02    1.04e+03   9.91e+00   7.06e-01  4.38e+04        1    6.27e-02    1.97e-01
   4  6.625187e+01    4.87e-02    8.12e+02   8.63e+00   7.94e-01  5.49e+04        1    6.01e-02    2.58e-01
   5  6.621989e+01    3.20e-02    8.62e+02   8.77e+00   7.29e-01  6.07e+04        1    6.24e-02    3.20e-01
   6  6.619075e+01    2.91e-02    7.05e+02   7.97e+00   8.14e-01  8.07e+04        1    6.17e-02    3.82e-01
   7  6.616914e+01    2.16e-02    7.59e+02   8.69e+00   7.48e-01  9.19e+04        1    6.16e-02    4.43e-01
   8  6.614784e+01    2.13e-02    5.74e+02   8.29e+00   8.39e-01  1.33e+05        1    6.18e-02    5.05e-01
   9  6.613071e+01    1.71e-02    6.02e+02   1.01e+01   7.53e-01  1.53e+05        1    6.27e-02    5.68e-01
  10  6.611218e+01    1.85e-02    4.18e+02   9.98e+00   8.64e-01  2.49e+05        1    6.02e-02    6.28e-01
  11  6.609632e+01    1.59e-02    5.70e+02   1.38e+01   7.34e-01  2.78e+05        1    6.14e-02    6.89e-01
  12  6.607779e+01    1.85e-02    4.17e+02   1.32e+01   8.72e-01  4.73e+05        1    6.25e-02    7.52e-01
  13  6.606565e+01    1.21e-02    9.58e+02   1.85e+01   5.82e-01  4.75e+05        1    6.19e-02    8.14e-01
  14  6.604839e+01    1.73e-02    7.13e+02   1.53e+01   8.22e-01  6.48e+05        1    6.30e-02    8.77e-01
  15  6.604038e+01    8.02e-03    9.83e+02   1.66e+01   5.57e-01  6.49e+05        1    6.07e-02    9.38e-01
  16  6.603009e+01    1.03e-02    6.53e+02   1.32e+01   7.97e-01  8.20e+05        1    6.67e-02    1.00e+00
  17  6.602549e+01    4.60e-03    6.87e+02   1.27e+01   6.18e-01  8.31e+05        1    6.16e-02    1.07e+00
  18  6.602099e+01    4.50e-03    4.26e+02   9.69e+00   8.10e-01  1.09e+06        1    6.20e-02    1.13e+00
  19  6.601915e+01    1.84e-03    4.31e+02   9.08e+00   6.29e-01  1.11e+06        1    6.15e-02    1.19e+00
  20  6.601748e+01    1.68e-03    2.36e+02   6.49e+00   8.40e-01  1.62e+06        1    6.51e-02    1.25e+00
  21  6.601693e+01    5.42e-04    2.47e+02   6.06e+00   6.06e-01  1.64e+06        1    6.28e-02    1.32e+00
  22  6.601643e+01    5.03e-04    1.04e+02   3.77e+00   8.90e-01  3.12e+06        1    6.14e-02    1.38e+00
  23  6.601634e+01    9.64e-05    1.22e+02   3.62e+00   5.22e-01  3.12e+06        1    6.24e-02    1.44e+00
  24  6.601623e+01    1.03e-04    2.59e+01   1.59e+00   9.65e-01  9.35e+06        1    7.01e-02    1.51e+00
  25  6.601622e+01    9.11e-06    2.40e+01   1.35e+00   6.78e-01  9.79e+06        1    5.41e-02    1.57e+00
  26  6.601622e+01    4.06e-06    4.39e-01   1.25e-01   1.05e+00  2.94e+07        1    6.20e-02    1.63e+00
  27  6.601622e+01    1.85e-07    4.75e-01   1.42e-01   1.14e+00  8.81e+07        1    6.11e-02    1.69e+00
  28  6.601622e+01    3.81e-08    4.44e-02   2.80e-02   1.22e+00  2.64e+08        1    6.06e-02    1.75e+00


Bundle adjustment report
------------------------
    Residuals : 724
   Parameters : 422
   Iterations : 29
         Time : 1.74981 [s]
 Initial cost : 0.315801 [px]
   Final cost : 0.301965 [px]
  Termination : Convergence

  => Merged observations: 0
  => Completed observations: 0
  => Filtered observations: 0
  => Changed observations: 0.000000
  => Filtered images: 0

==============================================================================
Registering image #4 (4)
==============================================================================

  => Image sees 92 / 808 points

Pose refinement report
----------------------
    Residuals : 182
   Parameters : 6
   Iterations : 13
         Time : 0.00231985 [s]
 Initial cost : 0.595137 [px]
   Final cost : 0.519291 [px]
  Termination : Convergence

  => Continued observations: 91
  => Added observations: 269

Bundle adjustment report
------------------------
    Residuals : 1444
   Parameters : 785
   Iterations : 26
         Time : 1.56693 [s]
 Initial cost : 0.449523 [px]
   Final cost : 0.366683 [px]
  Termination : No convergence

  => Merged observations: 0
  => Completed observations: 225
  => Filtered observations: 6
  => Changed observations: 0.319945

Bundle adjustment report
------------------------
    Residuals : 1882
   Parameters : 1097
   Iterations : 26
         Time : 1.63107 [s]
 Initial cost : 0.364246 [px]
   Final cost : 0.343716 [px]
  Termination : No convergence

  => Merged observations: 0
  => Completed observations: 0
  => Filtered observations: 7
  => Changed observations: 0.007439

==============================================================================
Retriangulation
==============================================================================

  => Merged observations: 0
  => Completed observations: 0
  => Retriangulated observations: 0

==============================================================================
Global bundle adjustment
==============================================================================

iter      cost      cost_change  |gradient|   |step|    tr_ratio  tr_radius  ls_iter  iter_time  total_time
   0  2.193247e+02    0.00e+00    1.31e+04   0.00e+00   0.00e+00  1.00e+04        0    6.51e-03    8.00e-03
   1  2.180940e+02    1.23e+00    1.91e+02   1.87e+00   1.01e+00  3.00e+04        1    6.95e-02    7.75e-02
   2  2.179760e+02    1.18e-01    1.33e+03   3.14e+00   1.02e+00  9.00e+04        1    6.23e-02    1.40e-01
   3  2.179396e+02    3.64e-02    9.73e+03   8.91e+00   2.56e-01  8.06e+04        1    6.27e-02    2.03e-01
   4  2.177769e+02    1.63e-01    7.54e+03   7.66e+00   7.32e-01  8.96e+04        1    6.23e-02    2.65e-01
   5  2.176800e+02    9.69e-02    9.14e+03   8.22e+00   5.30e-01  8.96e+04        1    6.38e-02    3.29e-01
   6  2.175571e+02    1.23e-01    9.14e+03   7.98e+00   5.95e-01  9.02e+04        1    6.36e-02    3.92e-01
   7  2.174380e+02    1.19e-01    9.23e+03   7.85e+00   5.88e-01  9.07e+04        1    6.27e-02    4.55e-01
   8  2.173195e+02    1.19e-01    9.28e+03   7.73e+00   5.90e-01  9.13e+04        1    6.37e-02    5.19e-01
   9  2.172019e+02    1.18e-01    9.30e+03   7.64e+00   5.91e-01  9.18e+04        1    6.91e-02    5.88e-01
  10  2.170851e+02    1.17e-01    9.31e+03   7.55e+00   5.93e-01  9.24e+04        1    6.31e-02    6.51e-01
  11  2.169694e+02    1.16e-01    9.31e+03   7.48e+00   5.95e-01  9.30e+04        1    6.35e-02    7.15e-01
  12  2.168546e+02    1.15e-01    9.30e+03   7.41e+00   5.96e-01  9.37e+04        1    6.21e-02    7.77e-01
  13  2.167409e+02    1.14e-01    9.28e+03   7.35e+00   5.98e-01  9.44e+04        1    7.48e-02    8.51e-01
  14  2.166284e+02    1.12e-01    9.26e+03   7.29e+00   6.00e-01  9.52e+04        1    5.78e-02    9.09e-01
  15  2.165172e+02    1.11e-01    9.23e+03   7.23e+00   6.01e-01  9.60e+04        1    6.11e-02    9.71e-01
  16  2.164075e+02    1.10e-01    9.20e+03   7.16e+00   6.03e-01  9.68e+04        1    6.41e-02    1.03e+00
  17  2.162993e+02    1.08e-01    9.15e+03   7.09e+00   6.05e-01  9.77e+04        1    6.45e-02    1.10e+00
  18  2.161928e+02    1.06e-01    9.10e+03   7.02e+00   6.07e-01  9.87e+04        1    6.48e-02    1.16e+00
  19  2.160883e+02    1.05e-01    9.04e+03   6.95e+00   6.08e-01  9.97e+04        1    6.40e-02    1.23e+00
  20  2.159857e+02    1.03e-01    8.97e+03   6.88e+00   6.10e-01  1.01e+05        1    6.35e-02    1.29e+00
  21  2.158853e+02    1.00e-01    8.89e+03   6.80e+00   6.12e-01  1.02e+05        1    5.89e-02    1.35e+00
  22  2.157873e+02    9.81e-02    8.80e+03   6.72e+00   6.15e-01  1.03e+05        1    6.49e-02    1.42e+00
  23  2.156916e+02    9.56e-02    8.70e+03   6.63e+00   6.17e-01  1.04e+05        1    6.30e-02    1.48e+00
  24  2.155985e+02    9.31e-02    8.59e+03   6.55e+00   6.19e-01  1.06e+05        1    6.80e-02    1.55e+00
  25  2.155080e+02    9.05e-02    8.48e+03   6.46e+00   6.21e-01  1.07e+05        1    6.30e-02    1.61e+00
  26  2.154203e+02    8.77e-02    8.36e+03   6.37e+00   6.24e-01  1.09e+05        1    6.75e-02    1.68e+00
  27  2.153353e+02    8.49e-02    8.23e+03   6.28e+00   6.26e-01  1.11e+05        1    6.71e-02    1.74e+00
  28  2.152533e+02    8.21e-02    8.10e+03   6.19e+00   6.28e-01  1.13e+05        1    6.18e-02    1.81e+00
  29  2.151741e+02    7.92e-02    7.96e+03   6.10e+00   6.31e-01  1.15e+05        1    6.39e-02    1.87e+00
  30  2.150978e+02    7.62e-02    7.82e+03   6.00e+00   6.33e-01  1.17e+05        1    6.33e-02    1.93e+00
  31  2.150245e+02    7.33e-02    7.67e+03   5.91e+00   6.36e-01  1.19e+05        1    6.40e-02    2.00e+00
  32  2.149542e+02    7.03e-02    7.51e+03   5.81e+00   6.38e-01  1.22e+05        1    6.72e-02    2.07e+00
  33  2.148868e+02    6.74e-02    7.36e+03   5.72e+00   6.41e-01  1.25e+05        1    6.35e-02    2.13e+00
  34  2.148224e+02    6.44e-02    7.20e+03   5.63e+00   6.43e-01  1.28e+05        1    7.56e-02    2.20e+00
  35  2.147610e+02    6.15e-02    7.03e+03   5.53e+00   6.45e-01  1.31e+05        1    6.38e-02    2.27e+00
  36  2.147024e+02    5.85e-02    6.87e+03   5.44e+00   6.48e-01  1.34e+05        1    6.26e-02    2.33e+00
  37  2.146468e+02    5.57e-02    6.70e+03   5.34e+00   6.50e-01  1.38e+05        1    6.06e-02    2.39e+00
  38  2.145939e+02    5.28e-02    6.53e+03   5.25e+00   6.52e-01  1.42e+05        1    6.34e-02    2.46e+00
  39  2.145439e+02    5.00e-02    6.35e+03   5.15e+00   6.55e-01  1.47e+05        1    6.16e-02    2.52e+00
  40  2.144967e+02    4.73e-02    6.18e+03   5.06e+00   6.57e-01  1.51e+05        1    6.13e-02    2.58e+00
  41  2.144521e+02    4.45e-02    6.00e+03   4.96e+00   6.60e-01  1.56e+05        1    7.64e-02    2.66e+00
  42  2.144102e+02    4.19e-02    5.82e+03   4.87e+00   6.62e-01  1.62e+05        1    6.33e-02    2.72e+00
  43  2.143709e+02    3.93e-02    5.63e+03   4.77e+00   6.65e-01  1.68e+05        1    6.41e-02    2.78e+00
  44  2.143342e+02    3.68e-02    5.45e+03   4.67e+00   6.68e-01  1.75e+05        1    6.46e-02    2.85e+00
  45  2.142999e+02    3.43e-02    5.26e+03   4.57e+00   6.70e-01  1.82e+05        1    6.49e-02    2.91e+00
  46  2.142680e+02    3.19e-02    5.07e+03   4.48e+00   6.73e-01  1.90e+05        1    6.75e-02    2.98e+00
  47  2.142384e+02    2.96e-02    4.87e+03   4.38e+00   6.76e-01  1.98e+05        1    6.31e-02    3.04e+00
  48  2.142111e+02    2.73e-02    4.68e+03   4.27e+00   6.79e-01  2.08e+05        1    6.64e-02    3.11e+00
  49  2.141860e+02    2.51e-02    4.48e+03   4.17e+00   6.83e-01  2.19e+05        1    6.31e-02    3.17e+00
  50  2.141630e+02    2.30e-02    4.28e+03   4.07e+00   6.86e-01  2.31e+05        1    6.44e-02    3.24e+00
  51  2.141420e+02    2.10e-02    4.08e+03   3.96e+00   6.90e-01  2.44e+05        1    6.58e-02    3.30e+00
  52  2.141230e+02    1.90e-02    3.88e+03   3.85e+00   6.94e-01  2.59e+05        1    6.16e-02    3.36e+00
  53  2.141058e+02    1.72e-02    3.67e+03   3.74e+00   6.99e-01  2.77e+05        1    6.27e-02    3.43e+00
  54  2.140904e+02    1.54e-02    3.47e+03   3.62e+00   7.04e-01  2.97e+05        1    7.84e-02    3.51e+00
  55  2.140767e+02    1.37e-02    3.26e+03   3.50e+00   7.09e-01  3.20e+05        1    6.31e-02    3.57e+00
  56  2.140645e+02    1.21e-02    3.05e+03   3.38e+00   7.15e-01  3.48e+05        1    6.44e-02    3.63e+00
  57  2.140539e+02    1.06e-02    2.84e+03   3.26e+00   7.22e-01  3.81e+05        1    6.21e-02    3.70e+00
  58  2.140447e+02    9.21e-03    2.63e+03   3.13e+00   7.29e-01  4.21e+05        1    6.43e-02    3.76e+00
  59  2.140368e+02    7.89e-03    2.42e+03   2.99e+00   7.37e-01  4.72e+05        1    6.34e-02    3.82e+00
  60  2.140301e+02    6.68e-03    2.20e+03   2.85e+00   7.47e-01  5.37e+05        1    6.45e-02    3.89e+00
  61  2.140246e+02    5.56e-03    1.99e+03   2.71e+00   7.58e-01  6.23e+05        1    6.37e-02    3.95e+00
  62  2.140200e+02    4.55e-03    1.78e+03   2.56e+00   7.72e-01  7.42e+05        1    6.41e-02    4.02e+00
  63  2.140164e+02    3.64e-03    1.57e+03   2.39e+00   7.89e-01  9.19e+05        1    6.44e-02    4.08e+00
  64  2.140136e+02    2.83e-03    1.35e+03   2.22e+00   8.10e-01  1.21e+06        1    6.33e-02    4.14e+00
  65  2.140114e+02    2.13e-03    1.14e+03   2.04e+00   8.38e-01  1.75e+06        1    7.32e-02    4.22e+00
  66  2.140099e+02    1.53e-03    9.32e+02   1.84e+00   8.78e-01  3.08e+06        1    6.42e-02    4.28e+00
  67  2.140089e+02    1.03e-03    7.17e+02   1.61e+00   9.40e-01  9.24e+06        1    6.13e-02    4.34e+00
  68  2.140082e+02    6.43e-04    4.86e+02   1.33e+00   1.05e+00  2.77e+07        1    6.16e-02    4.40e+00
  69  2.140079e+02    3.41e-04    2.18e+02   8.87e-01   1.21e+00  8.32e+07        1    6.40e-02    4.47e+00
  70  2.140078e+02    1.26e-04    9.29e+01   5.79e-01   1.39e+00  2.49e+08        1    6.32e-02    4.53e+00
  71  2.140077e+02    4.98e-05    3.99e+01   3.79e-01   1.53e+00  7.48e+08        1    6.43e-02    4.59e+00
  72  2.140077e+02    2.08e-05    1.73e+01   2.49e-01   1.60e+00  2.25e+09        1    6.39e-02    4.66e+00
  73  2.140077e+02    8.90e-06    7.51e+00   1.64e-01   1.63e+00  6.74e+09        1    6.42e-02    4.72e+00
  74  2.140077e+02    3.85e-06    3.27e+00   1.08e-01   1.65e+00  2.02e+10        1    7.15e-02    4.79e+00
  75  2.140077e+02    1.68e-06    1.42e+00   7.16e-02   1.66e+00  6.06e+10        1    5.76e-02    4.85e+00
  76  2.140077e+02    7.31e-07    6.20e-01   4.73e-02   1.66e+00  1.82e+11        1    6.35e-02    4.92e+00
  77  2.140077e+02    3.19e-07    2.93e-01   3.12e-02   1.66e+00  5.46e+11        1    6.35e-02    4.98e+00
  78  2.140077e+02    1.39e-07    1.72e-01   2.07e-02   1.66e+00  1.64e+12        1    6.34e-02    5.04e+00
  79  2.140077e+02    6.09e-08    1.04e-01   1.36e-02   1.66e+00  4.91e+12        1    6.28e-02    5.11e+00
  80  2.140077e+02    2.66e-08    6.39e-02   9.02e-03   1.66e+00  1.47e+13        1    6.36e-02    5.17e+00


Bundle adjustment report
------------------------
    Residuals : 1854
   Parameters : 1076
   Iterations : 81
         Time : 5.16943 [s]
 Initial cost : 0.343945 [px]
   Final cost : 0.33975 [px]
  Termination : Convergence

  => Merged observations: 0
  => Completed observations: 0
  => Filtered observations: 14
  => Changed observations: 0.015102

==============================================================================
Global bundle adjustment
==============================================================================

iter      cost      cost_change  |gradient|   |step|    tr_ratio  tr_radius  ls_iter  iter_time  total_time
   0  2.056401e+02    0.00e+00    1.63e+02   0.00e+00   0.00e+00  1.00e+04        0    7.35e-03    8.92e-03
   1  2.056082e+02    3.19e-02    1.77e+02   5.64e-01   1.01e+00  3.00e+04        1    6.41e-02    7.31e-02
   2  2.055939e+02    1.43e-02    7.27e+01   1.06e+00   1.02e+00  9.00e+04        1    6.40e-02    1.37e-01
   3  2.055713e+02    2.26e-02    2.36e+02   2.23e+00   9.95e-01  2.70e+05        1    6.39e-02    2.01e-01
   4  2.055524e+02    1.89e-02    1.88e+03   4.24e+00   6.02e-01  2.72e+05        1    6.09e-02    2.62e-01
   5  2.055259e+02    2.65e-02    2.70e+03   3.73e+00   7.74e-01  3.26e+05        1    6.79e-02    3.30e-01
   6  2.055102e+02    1.57e-02    3.64e+03   3.92e+00   6.07e-01  3.29e+05        1    6.38e-02    3.94e-01
   7  2.054925e+02    1.77e-02    3.29e+03   3.57e+00   7.16e-01  3.58e+05        1    6.35e-02    4.57e-01
   8  2.054793e+02    1.32e-02    3.19e+03   3.44e+00   6.81e-01  3.76e+05        1    6.37e-02    5.21e-01
   9  2.054674e+02    1.19e-02    2.82e+03   3.19e+00   7.26e-01  4.14e+05        1    6.74e-02    5.88e-01
  10  2.054579e+02    9.44e-03    2.60e+03   3.04e+00   7.19e-01  4.51e+05        1    7.20e-02    6.60e-01
  11  2.054498e+02    8.10e-03    2.29e+03   2.83e+00   7.49e-01  5.15e+05        1    6.14e-02    7.22e-01
  12  2.054434e+02    6.44e-03    2.08e+03   2.69e+00   7.50e-01  5.88e+05        1    6.20e-02    7.84e-01
  13  2.054380e+02    5.35e-03    1.81e+03   2.50e+00   7.79e-01  7.11e+05        1    6.23e-02    8.46e-01
  14  2.054339e+02    4.13e-03    1.62e+03   2.35e+00   7.84e-01  8.71e+05        1    6.38e-02    9.10e-01
  15  2.054306e+02    3.30e-03    1.36e+03   2.16e+00   8.23e-01  1.19e+06        1    6.42e-02    9.74e-01
  16  2.054282e+02    2.38e-03    1.18e+03   2.00e+00   8.36e-01  1.71e+06        1    6.38e-02    1.04e+00
  17  2.054264e+02    1.78e-03    9.16e+02   1.76e+00   9.03e-01  3.60e+06        1    6.37e-02    1.10e+00
  18  2.054253e+02    1.13e-03    7.37e+02   1.58e+00   9.45e-01  1.08e+07        1    6.39e-02    1.17e+00
  19  2.054246e+02    7.52e-04    4.38e+02   1.22e+00   1.09e+00  3.24e+07        1    6.88e-02    1.23e+00
  20  2.054242e+02    3.53e-04    1.97e+02   8.22e-01   1.26e+00  9.71e+07        1    6.39e-02    1.30e+00
  21  2.054241e+02    1.37e-04    8.75e+01   5.48e-01   1.43e+00  2.91e+08        1    6.34e-02    1.36e+00
  22  2.054240e+02    5.68e-05    3.89e+01   3.65e-01   1.55e+00  8.74e+08        1    6.22e-02    1.42e+00
  23  2.054240e+02    2.46e-05    1.74e+01   2.44e-01   1.61e+00  2.62e+09        1    6.33e-02    1.49e+00
  24  2.054240e+02    1.09e-05    7.80e+00   1.64e-01   1.64e+00  7.86e+09        1    6.31e-02    1.55e+00
  25  2.054240e+02    4.84e-06    3.49e+00   1.10e-01   1.66e+00  2.36e+10        1    6.36e-02    1.61e+00
  26  2.054240e+02    2.17e-06    1.56e+00   7.34e-02   1.66e+00  7.08e+10        1    6.24e-02    1.68e+00
  27  2.054240e+02    9.71e-07    6.99e-01   4.92e-02   1.67e+00  2.12e+11        1    6.19e-02    1.74e+00
  28  2.054240e+02    4.36e-07    3.35e-01   3.29e-02   1.67e+00  6.37e+11        1    6.75e-02    1.81e+00
  29  2.054240e+02    1.96e-07    2.01e-01   2.21e-02   1.67e+00  1.91e+12        1    6.34e-02    1.87e+00
  30  2.054240e+02    8.78e-08    1.23e-01   1.48e-02   1.67e+00  5.73e+12        1    6.44e-02    1.93e+00
  31  2.054240e+02    3.94e-08    7.75e-02   9.91e-03   1.67e+00  1.72e+13        1    6.51e-02    2.00e+00


Bundle adjustment report
------------------------
    Residuals : 1798
   Parameters : 1034
   Iterations : 32
         Time : 1.99921 [s]
 Initial cost : 0.338189 [px]
   Final cost : 0.338011 [px]
  Termination : Convergence

  => Merged observations: 0
  => Completed observations: 0
  => Filtered observations: 1
  => Changed observations: 0.001112

==============================================================================
Global bundle adjustment
==============================================================================

iter      cost      cost_change  |gradient|   |step|    tr_ratio  tr_radius  ls_iter  iter_time  total_time
   0  2.051836e+02    0.00e+00    6.64e+00   0.00e+00   0.00e+00  1.00e+04        0    7.98e-03    9.54e-03
   1  2.051788e+02    4.81e-03    1.99e+00   1.61e-01   1.03e+00  3.00e+04        1    6.39e-02    7.34e-02
   2  2.051783e+02    5.36e-04    1.93e+00   1.75e-01   1.12e+00  9.00e+04        1    6.20e-02    1.35e-01
   3  2.051778e+02    5.24e-04    1.58e+00   3.48e-01   1.03e+00  2.70e+05        1    6.51e-02    2.01e-01
   4  2.051772e+02    5.96e-04    5.86e+01   5.59e-01   1.02e+00  8.10e+05        1    6.30e-02    2.64e-01
   5  2.051767e+02    5.02e-04    2.53e+02   8.40e-01   1.06e+00  2.43e+06        1    6.76e-02    3.31e-01
   6  2.051763e+02    3.88e-04    3.45e+02   1.04e+00   1.10e+00  7.29e+06        1    6.38e-02    3.95e-01
   7  2.051760e+02    2.91e-04    2.14e+02   8.40e-01   1.24e+00  2.19e+07        1    6.40e-02    4.59e-01
   8  2.051758e+02    1.44e-04    9.60e+01   5.69e-01   1.39e+00  6.56e+07        1    6.33e-02    5.22e-01
   9  2.051758e+02    6.03e-05    4.17e+01   3.76e-01   1.53e+00  1.97e+08        1    6.39e-02    5.86e-01
  10  2.051758e+02    2.59e-05    1.83e+01   2.49e-01   1.60e+00  5.90e+08        1    6.43e-02    6.51e-01
  11  2.051757e+02    1.14e-05    8.09e+00   1.66e-01   1.64e+00  1.77e+09        1    6.40e-02    7.15e-01
  12  2.051757e+02    5.02e-06    3.58e+00   1.10e-01   1.65e+00  5.31e+09        1    6.41e-02    7.79e-01
  13  2.051757e+02    2.23e-06    1.59e+00   7.36e-02   1.66e+00  1.59e+10        1    6.04e-02    8.39e-01
  14  2.051757e+02    9.90e-07    7.04e-01   4.91e-02   1.66e+00  4.78e+10        1    6.39e-02    9.03e-01
  15  2.051757e+02    4.40e-07    3.31e-01   3.27e-02   1.67e+00  1.43e+11        1    6.40e-02    9.67e-01
  16  2.051757e+02    1.96e-07    1.97e-01   2.18e-02   1.67e+00  4.30e+11        1    6.97e-02    1.04e+00
  17  2.051757e+02    8.71e-08    1.20e-01   1.46e-02   1.67e+00  1.29e+12        1    5.69e-02    1.10e+00
  18  2.051757e+02    3.88e-08    7.52e-02   9.71e-03   1.67e+00  3.87e+12        1    5.95e-02    1.16e+00


Bundle adjustment report
------------------------
    Residuals : 1794
   Parameters : 1031
   Iterations : 19
         Time : 1.15934 [s]
 Initial cost : 0.33819 [px]
   Final cost : 0.338183 [px]
  Termination : Convergence

  => Merged observations: 0
  => Completed observations: 0
  => Filtered observations: 0
  => Changed observations: 0.000000
  => Filtered images: 0

==============================================================================
Registering image #7 (5)
==============================================================================

  => Image sees 154 / 800 points

Pose refinement report
----------------------
    Residuals : 282
   Parameters : 6
   Iterations : 10
         Time : 0.00392754 [s]
 Initial cost : 0.666742 [px]
   Final cost : 0.576128 [px]
  Termination : Convergence

  => Continued observations: 141
  => Added observations: 295

Bundle adjustment report
------------------------
    Residuals : 2666
   Parameters : 1442
   Iterations : 26
         Time : 1.64272 [s]
 Initial cost : 0.642217 [px]
   Final cost : 0.447789 [px]
  Termination : No convergence

  => Merged observations: 0
  => Completed observations: 28
  => Filtered observations: 20
  => Changed observations: 0.036009

Bundle adjustment report
------------------------
    Residuals : 2680
   Parameters : 1454
   Iterations : 26
         Time : 1.62161 [s]
 Initial cost : 0.431677 [px]
   Final cost : 0.395658 [px]
  Termination : No convergence

  => Merged observations: 0
  => Completed observations: 13
  => Filtered observations: 0
  => Changed observations: 0.009701

==============================================================================
Retriangulation
==============================================================================

  => Merged observations: 0
  => Completed observations: 0
  => Retriangulated observations: 0

==============================================================================
Global bundle adjustment
==============================================================================

iter      cost      cost_change  |gradient|   |step|    tr_ratio  tr_radius  ls_iter  iter_time  total_time
   0  4.427378e+02    0.00e+00    9.51e+03   0.00e+00   0.00e+00  1.00e+04        0    6.76e-03    9.79e-03
   1  4.356161e+02    7.12e+00    9.38e+02   3.68e+00   9.97e-01  3.00e+04        1    6.53e-02    7.51e-02
   2  4.354804e+02    1.36e-01    1.44e+03   5.58e+00   9.88e-01  9.00e+04        1    6.25e-02    1.38e-01
   3  4.353925e+02    8.79e-02    8.46e+03   1.24e+01   4.65e-01  9.00e+04        1    6.63e-02    2.04e-01
   4  4.352111e+02    1.81e-01    7.56e+03   1.02e+01   7.06e-01  9.67e+04        1    6.47e-02    2.69e-01
   5  4.350634e+02    1.48e-01    7.78e+03   1.00e+01   6.45e-01  9.91e+04        1    6.25e-02    3.31e-01
   6  4.349109e+02    1.52e-01    7.33e+03   9.57e+00   6.74e-01  1.04e+05        1    6.54e-02    3.97e-01
   7  4.347705e+02    1.40e-01    7.17e+03   9.43e+00   6.61e-01  1.07e+05        1    6.74e-02    4.64e-01
   8  4.346347e+02    1.36e-01    6.89e+03   9.22e+00   6.66e-01  1.11e+05        1    6.48e-02    5.29e-01
   9  4.345066e+02    1.28e-01    6.67e+03   9.04e+00   6.63e-01  1.15e+05        1    6.54e-02    5.94e-01
  10  4.343848e+02    1.22e-01    6.43e+03   8.85e+00   6.64e-01  1.19e+05        1    6.12e-02    6.56e-01
  11  4.342700e+02    1.15e-01    6.20e+03   8.67e+00   6.64e-01  1.24e+05        1    6.52e-02    7.21e-01
  12  4.341617e+02    1.08e-01    5.97e+03   8.48e+00   6.65e-01  1.28e+05        1    6.35e-02    7.84e-01
  13  4.340600e+02    1.02e-01    5.73e+03   8.29e+00   6.66e-01  1.33e+05        1    6.57e-02    8.50e-01
  14  4.339648e+02    9.52e-02    5.50e+03   8.11e+00   6.67e-01  1.38e+05        1    6.57e-02    9.16e-01
  15  4.338759e+02    8.89e-02    5.27e+03   7.92e+00   6.68e-01  1.44e+05        1    6.74e-02    9.83e-01
  16  4.337931e+02    8.28e-02    5.03e+03   7.73e+00   6.70e-01  1.50e+05        1    6.57e-02    1.05e+00
  17  4.337164e+02    7.68e-02    4.80e+03   7.55e+00   6.72e-01  1.56e+05        1    6.51e-02    1.11e+00
  18  4.336454e+02    7.10e-02    4.58e+03   7.36e+00   6.74e-01  1.63e+05        1    6.72e-02    1.18e+00
  19  4.335799e+02    6.54e-02    4.35e+03   7.18e+00   6.76e-01  1.70e+05        1    5.96e-02    1.25e+00
  20  4.335199e+02    6.01e-02    4.13e+03   6.99e+00   6.78e-01  1.78e+05        1    7.25e-02    1.32e+00
  21  4.334649e+02    5.49e-02    3.91e+03   6.80e+00   6.81e-01  1.87e+05        1    6.47e-02    1.38e+00
  22  4.334149e+02    5.00e-02    3.69e+03   6.61e+00   6.84e-01  1.97e+05        1    6.57e-02    1.45e+00
  23  4.333696e+02    4.53e-02    3.48e+03   6.42e+00   6.86e-01  2.08e+05        1    6.77e-02    1.52e+00
  24  4.333287e+02    4.09e-02    3.27e+03   6.23e+00   6.90e-01  2.20e+05        1    6.48e-02    1.58e+00
  25  4.332921e+02    3.66e-02    3.06e+03   6.04e+00   6.93e-01  2.33e+05        1    6.51e-02    1.65e+00
  26  4.332594e+02    3.27e-02    2.85e+03   5.84e+00   6.97e-01  2.48e+05        1    6.99e-02    1.72e+00
  27  4.332305e+02    2.89e-02    2.65e+03   5.63e+00   7.01e-01  2.65e+05        1    6.21e-02    1.78e+00
  28  4.332051e+02    2.54e-02    2.45e+03   5.43e+00   7.05e-01  2.85e+05        1    6.41e-02    1.84e+00
  29  4.331830e+02    2.21e-02    2.26e+03   5.21e+00   7.10e-01  3.08e+05        1    6.40e-02    1.91e+00
  30  4.331640e+02    1.91e-02    2.07e+03   5.00e+00   7.15e-01  3.35e+05        1    6.62e-02    1.97e+00
  31  4.331477e+02    1.62e-02    1.88e+03   4.77e+00   7.21e-01  3.66e+05        1    6.42e-02    2.04e+00
  32  4.331341e+02    1.37e-02    1.70e+03   4.54e+00   7.28e-01  4.05e+05        1    7.12e-02    2.11e+00
  33  4.331227e+02    1.13e-02    1.52e+03   4.30e+00   7.35e-01  4.52e+05        1    6.56e-02    2.18e+00
  34  4.331135e+02    9.22e-03    1.34e+03   4.05e+00   7.44e-01  5.11e+05        1    6.55e-02    2.24e+00
  35  4.331061e+02    7.35e-03    1.17e+03   3.78e+00   7.54e-01  5.88e+05        1    6.85e-02    2.31e+00
  36  4.331004e+02    5.70e-03    1.01e+03   3.51e+00   7.66e-01  6.92e+05        1    6.50e-02    2.37e+00
  37  4.330962e+02    4.28e-03    8.47e+02   3.22e+00   7.80e-01  8.39e+05        1    6.51e-02    2.44e+00
  38  4.330931e+02    3.08e-03    6.93e+02   2.91e+00   7.97e-01  1.06e+06        1    7.04e-02    2.51e+00
  39  4.330910e+02    2.10e-03    5.46e+02   2.58e+00   8.20e-01  1.44e+06        1    6.58e-02    2.58e+00
  40  4.330897e+02    1.32e-03    4.06e+02   2.22e+00   8.52e-01  2.21e+06        1    7.13e-02    2.65e+00
  41  4.330889e+02    7.38e-04    2.77e+02   1.83e+00   8.98e-01  4.44e+06        1    6.89e-02    2.72e+00
  42  4.330886e+02    3.44e-04    1.60e+02   1.38e+00   9.73e-01  1.33e+07        1    6.54e-02    2.78e+00
  43  4.330885e+02    1.15e-04    5.53e+01   7.87e-01   1.11e+00  4.00e+07        1    6.55e-02    2.85e+00
  44  4.330885e+02    1.95e-05    9.94e+00   3.20e-01   1.23e+00  1.20e+08        1    6.47e-02    2.91e+00
  45  4.330884e+02    2.59e-06    1.72e+00   1.32e-01   1.35e+00  3.60e+08        1    6.48e-02    2.98e+00
  46  4.330884e+02    4.09e-07    2.65e-01   4.87e-02   1.39e+00  1.08e+09        1    6.56e-02    3.04e+00
  47  4.330884e+02    6.69e-08    1.14e-01   2.19e-02   1.39e+00  3.24e+09        1    6.53e-02    3.11e+00
  48  4.330884e+02    1.10e-08    3.79e-02   6.98e-03   1.36e+00  9.72e+09        1    6.46e-02    3.17e+00


Bundle adjustment report
------------------------
    Residuals : 2706
   Parameters : 1469
   Iterations : 49
         Time : 3.17318 [s]
 Initial cost : 0.404492 [px]
   Final cost : 0.400059 [px]
  Termination : Convergence

  => Merged observations: 1
  => Completed observations: 0
  => Filtered observations: 0
  => Changed observations: 0.000739

==============================================================================
Global bundle adjustment
==============================================================================

iter      cost      cost_change  |gradient|   |step|    tr_ratio  tr_radius  ls_iter  iter_time  total_time
   0  4.406363e+02    0.00e+00    5.48e+02   0.00e+00   0.00e+00  1.00e+04        0    8.80e-03    1.11e-02
   1  4.373664e+02    3.27e+00    1.61e+02   1.00e+00   9.96e-01  3.00e+04        1    6.60e-02    7.71e-02
   2  4.373510e+02    1.54e-02    7.05e+01   7.32e-01   9.90e-01  9.00e+04        1    6.44e-02    1.42e-01
   3  4.373444e+02    6.62e-03    2.38e+02   1.53e+00   9.83e-01  2.70e+05        1    7.30e-02    2.15e-01
   4  4.373365e+02    7.86e-03    1.22e+03   3.54e+00   7.72e-01  3.22e+05        1    6.60e-02    2.81e-01
   5  4.373276e+02    8.96e-03    1.14e+03   3.47e+00   8.10e-01  4.23e+05        1    6.52e-02    3.46e-01
   6  4.373202e+02    7.36e-03    1.26e+03   3.74e+00   7.24e-01  4.64e+05        1    6.65e-02    4.13e-01
   7  4.373131e+02    7.14e-03    9.99e+02   3.35e+00   8.01e-01  5.94e+05        1    6.90e-02    4.82e-01
   8  4.373081e+02    4.96e-03    9.75e+02   3.36e+00   7.37e-01  6.64e+05        1    6.52e-02    5.47e-01
   9  4.373039e+02    4.23e-03    7.18e+02   2.86e+00   8.23e-01  9.10e+05        1    6.45e-02    6.11e-01
  10  4.373013e+02    2.56e-03    6.57e+02   2.78e+00   7.64e-01  1.07e+06        1    6.88e-02    6.80e-01
  11  4.372994e+02    1.91e-03    4.19e+02   2.18e+00   8.76e-01  1.86e+06        1    6.44e-02    7.45e-01
  12  4.372985e+02    9.07e-04    3.66e+02   2.09e+00   8.03e-01  2.40e+06        1    6.62e-02    8.11e-01
  13  4.372980e+02    5.54e-04    1.54e+02   1.29e+00   9.86e-01  7.19e+06        1    6.94e-02    8.80e-01
  14  4.372978e+02    1.46e-04    8.85e+01   1.02e+00   1.00e+00  2.16e+07        1    6.08e-02    9.47e-01
  15  4.372978e+02    3.80e-05    1.36e+01   3.44e-01   1.13e+00  6.47e+07        1    6.62e-02    1.01e+00
  16  4.372978e+02    3.48e-06    2.65e+00   1.78e-01   1.16e+00  1.94e+08        1    6.56e-02    1.08e+00
  17  4.372978e+02    4.77e-07    4.63e-01   2.35e-02   9.06e-01  4.16e+08        1    6.51e-02    1.14e+00
  18  4.372978e+02    8.22e-08    4.40e-01   4.25e-02   5.03e-01  4.16e+08        1    6.39e-02    1.21e+00
  19  4.372978e+02    2.39e-08    2.83e-01   1.59e-02   3.02e-01  3.92e+08        1    6.61e-02    1.27e+00
  20  4.372978e+02    1.09e-08    2.37e-01   1.80e-02   2.44e-01  3.45e+08        1    6.55e-02    1.34e+00
  21  4.372978e+02    6.11e-09    1.76e-01   1.18e-02   2.30e-01  2.98e+08        1    6.49e-02    1.40e+00
  22  4.372978e+02    3.60e-09    1.40e-01   9.87e-03   2.28e-01  2.57e+08        1    6.37e-02    1.47e+00
  23  4.372978e+02    2.15e-09    1.07e-01   7.34e-03   2.28e-01  2.21e+08        1    6.26e-02    1.53e+00
  24  4.372978e+02    1.28e-09    8.32e-02   5.76e-03   2.28e-01  1.91e+08        1    6.59e-02    1.60e+00


Bundle adjustment report
------------------------
    Residuals : 2708
   Parameters : 1469
   Iterations : 25
         Time : 1.59676 [s]
 Initial cost : 0.403381 [px]
   Final cost : 0.40185 [px]
  Termination : Convergence

  => Merged observations: 0
  => Completed observations: 0
  => Filtered observations: 0
  => Changed observations: 0.000000
  => Filtered images: 0

==============================================================================
Registering image #25 (6)
==============================================================================

  => Image sees 192 / 681 points

Pose refinement report
----------------------
    Residuals : 368
   Parameters : 6
   Iterations : 14
         Time : 0.0107726 [s]
 Initial cost : 0.814722 [px]
   Final cost : 0.538244 [px]
  Termination : Convergence

  => Continued observations: 181
  => Added observations: 377

Bundle adjustment report
------------------------
    Residuals : 3824
   Parameters : 1973
   Iterations : 26
         Time : 1.61698 [s]
 Initial cost : 0.532932 [px]
   Final cost : 0.474153 [px]
  Termination : No convergence

  => Merged observations: 12
  => Completed observations: 11
  => Filtered observations: 36
  => Changed observations: 0.030858

Bundle adjustment report
------------------------
    Residuals : 3774
   Parameters : 1955
   Iterations : 15
         Time : 0.941087 [s]
 Initial cost : 0.449015 [px]
   Final cost : 0.42927 [px]
  Termination : Convergence

  => Merged observations: 0
  => Completed observations: 7
  => Filtered observations: 0
  => Changed observations: 0.003710

==============================================================================
Retriangulation
==============================================================================

  => Merged observations: 0
  => Completed observations: 0
  => Retriangulated observations: 0

==============================================================================
Global bundle adjustment
==============================================================================

iter      cost      cost_change  |gradient|   |step|    tr_ratio  tr_radius  ls_iter  iter_time  total_time
   0  6.967426e+02    0.00e+00    3.41e+01   0.00e+00   0.00e+00  1.00e+04        0    6.91e-03    9.88e-03
   1  6.966174e+02    1.25e-01    6.18e+00   6.00e-01   1.00e+00  3.00e+04        1    6.69e-02    7.69e-02
   2  6.966161e+02    1.27e-03    5.98e+00   1.23e-01   1.01e+00  9.00e+04        1    6.73e-02    1.44e-01
   3  6.966160e+02    9.78e-05    2.61e+00   6.60e-02   1.00e+00  2.70e+05        1    7.07e-02    2.15e-01
   4  6.966159e+02    8.00e-05    5.22e+00   1.99e-01   1.02e+00  8.10e+05        1    6.63e-02    2.81e-01
   5  6.966158e+02    1.18e-04    2.47e+01   4.71e-01   1.01e+00  2.43e+06        1    6.49e-02    3.46e-01
   6  6.966157e+02    9.13e-05    4.16e+01   5.99e-01   1.03e+00  7.29e+06        1    6.75e-02    4.14e-01
   7  6.966157e+02    3.11e-05    1.67e+01   3.69e-01   1.15e+00  2.19e+07        1    6.76e-02    4.81e-01
   8  6.966157e+02    5.05e-06    2.24e+00   1.32e-01   1.26e+00  6.56e+07        1    6.72e-02    5.49e-01
   9  6.966157e+02    6.04e-07    5.31e-01   4.46e-02   1.32e+00  1.97e+08        1    6.63e-02    6.15e-01
  10  6.966157e+02    7.25e-08    1.68e-01   1.37e-02   1.34e+00  5.90e+08        1    6.73e-02    6.82e-01
  11  6.966157e+02    8.59e-09    6.70e-02   5.11e-03   1.34e+00  1.77e+09        1    6.98e-02    7.52e-01


Bundle adjustment report
------------------------
    Residuals : 3788
   Parameters : 1964
   Iterations : 12
         Time : 0.752331 [s]
 Initial cost : 0.428875 [px]
   Final cost : 0.428836 [px]
  Termination : Convergence

  => Merged observations: 0
  => Completed observations: 0
  => Filtered observations: 0
  => Changed observations: 0.000000
  => Filtered images: 0

==============================================================================
Registering image #23 (7)
==============================================================================

  => Image sees 242 / 731 points

Pose refinement report
----------------------
    Residuals : 424
   Parameters : 6
   Iterations : 11
         Time : 0.00433637 [s]
 Initial cost : 0.616868 [px]
   Final cost : 0.517679 [px]
  Termination : Convergence

  => Continued observations: 208
  => Added observations: 316

Bundle adjustment report
------------------------
    Residuals : 4618
   Parameters : 2060
   Iterations : 22
         Time : 1.42852 [s]
 Initial cost : 0.583241 [px]
   Final cost : 0.506077 [px]
  Termination : Convergence

  => Merged observations: 22
  => Completed observations: 16
  => Filtered observations: 49
  => Changed observations: 0.037679

Bundle adjustment report
------------------------
    Residuals : 4550
   Parameters : 2027
   Iterations : 3
         Time : 0.14334 [s]
 Initial cost : 0.474342 [px]
   Final cost : 0.457652 [px]
  Termination : Convergence

  => Merged observations: 0
  => Completed observations: 10
  => Filtered observations: 0
  => Changed observations: 0.004396

==============================================================================
Retriangulation
==============================================================================

  => Merged observations: 2
  => Completed observations: 0
  => Retriangulated observations: 0

==============================================================================
Global bundle adjustment
==============================================================================

iter      cost      cost_change  |gradient|   |step|    tr_ratio  tr_radius  ls_iter  iter_time  total_time
   0  1.013554e+03    0.00e+00    1.85e+04   0.00e+00   0.00e+00  1.00e+04        0    1.33e-02    1.78e-02
   1  9.987164e+02    1.48e+01    5.80e+04   7.67e+00   7.78e-01  1.21e+04        1    6.23e-02    8.01e-02
   2  9.939574e+02    4.76e+00    3.76e+03   4.10e+00   9.98e-01  3.62e+04        1    6.57e-02    1.46e-01
   3  9.934815e+02    4.76e-01    4.09e+03   7.27e+00   9.40e-01  1.09e+05        1    6.34e-02    2.09e-01
   4  9.933249e+02    1.57e-01    9.93e+03   1.41e+01   2.63e-01  9.81e+04        1    6.81e-02    2.77e-01
   5  9.926722e+02    6.53e-01    6.05e+03   9.34e+00   8.42e-01  1.45e+05        1    6.83e-02    3.46e-01
   6  9.924598e+02    2.12e-01    8.92e+03   1.11e+01   4.80e-01  1.45e+05        1    6.64e-02    4.12e-01
   7  9.921194e+02    3.40e-01    6.02e+03   8.33e+00   8.00e-01  1.84e+05        1    6.43e-02    4.77e-01
   8  9.919618e+02    1.58e-01    5.75e+03   7.98e+00   6.82e-01  1.93e+05        1    6.76e-02    5.44e-01
   9  9.918314e+02    1.30e-01    3.61e+03   6.03e+00   8.30e-01  2.72e+05        1    6.76e-02    6.12e-01
  10  9.917702e+02    6.12e-02    3.31e+03   5.75e+00   7.32e-01  3.02e+05        1    6.58e-02    6.78e-01
  11  9.917271e+02    4.30e-02    1.75e+03   4.03e+00   8.78e-01  5.32e+05        1    6.90e-02    7.47e-01
  12  9.917109e+02    1.62e-02    1.46e+03   3.73e+00   7.83e-01  6.51e+05        1    6.80e-02    8.15e-01
  13  9.917032e+02    7.74e-03    4.57e+02   1.98e+00   9.51e-01  1.95e+06        1    6.75e-02    8.82e-01
  14  9.917019e+02    1.30e-03    2.04e+02   1.38e+00   9.15e-01  4.57e+06        1    6.60e-02    9.48e-01
  15  9.917018e+02    1.39e-04    8.72e+00   2.25e-01   1.03e+00  1.37e+07        1    6.65e-02    1.01e+00
  16  9.917018e+02    2.22e-06    1.50e+00   5.63e-02   1.01e+00  4.11e+07        1    6.76e-02    1.08e+00
  17  9.917018e+02    1.21e-07    2.85e-01   6.98e-03   7.49e-01  4.69e+07        1    6.77e-02    1.15e+00
  18  9.917018e+02    1.62e-08    2.66e-01   7.09e-03   5.59e-01  4.70e+07        1    6.87e-02    1.22e+00
  19  9.917018e+02    3.49e-09    1.06e-01   2.97e-03   5.12e-01  4.70e+07        1    6.69e-02    1.29e+00
  20  9.917018e+02    8.43e-10    6.11e-02   1.63e-03   4.96e-01  4.70e+07        1    6.76e-02    1.35e+00


Bundle adjustment report
------------------------
    Residuals : 4788
   Parameters : 2366
   Iterations : 21
         Time : 1.35361 [s]
 Initial cost : 0.460094 [px]
   Final cost : 0.455107 [px]
  Termination : Convergence

  => Merged observations: 1
  => Completed observations: 0
  => Filtered observations: 0
  => Changed observations: 0.000418
  => Filtered images: 0

==============================================================================
Registering image #14 (8)
==============================================================================

  => Image sees 228 / 812 points

Pose refinement report
----------------------
    Residuals : 436
   Parameters : 6
   Iterations : 10
         Time : 0.00575204 [s]
 Initial cost : 0.582578 [px]
   Final cost : 0.564252 [px]
  Termination : Convergence

  => Continued observations: 212
  => Added observations: 225

Bundle adjustment report
------------------------
    Residuals : 4992
   Parameters : 1733
   Iterations : 13
         Time : 0.816756 [s]
 Initial cost : 0.515958 [px]
   Final cost : 0.473861 [px]
  Termination : Convergence

  => Merged observations: 13
  => Completed observations: 20
  => Filtered observations: 44
  => Changed observations: 0.030849

Bundle adjustment report
------------------------
    Residuals : 4946
   Parameters : 1694
   Iterations : 4
         Time : 0.210365 [s]
 Initial cost : 0.507181 [px]
   Final cost : 0.493221 [px]
  Termination : Convergence

  => Merged observations: 0
  => Completed observations: 5
  => Filtered observations: 4
  => Changed observations: 0.003639

==============================================================================
Retriangulation
==============================================================================

  => Merged observations: 1
  => Completed observations: 0
  => Retriangulated observations: 0

==============================================================================
Global bundle adjustment
==============================================================================

iter      cost      cost_change  |gradient|   |step|    tr_ratio  tr_radius  ls_iter  iter_time  total_time
   0  1.322860e+03    0.00e+00    8.63e+03   0.00e+00   0.00e+00  1.00e+04        0    7.34e-03    1.15e-02
   1  1.308324e+03    1.45e+01    1.23e+03   2.90e+00   1.00e+00  3.00e+04        1    7.39e-02    8.55e-02
   2  1.307585e+03    7.40e-01    8.37e+03   6.84e+00   9.04e-01  6.36e+04        1    6.70e-02    1.52e-01
   3  1.307276e+03    3.08e-01    2.58e+04   1.09e+01   3.23e-01  6.09e+04        1    6.84e-02    2.21e-01
   4  1.306329e+03    9.47e-01    1.50e+04   8.17e+00   8.18e-01  8.20e+04        1    6.79e-02    2.89e-01
   5  1.305934e+03    3.95e-01    1.63e+04   8.50e+00   6.19e-01  8.31e+04        1    6.74e-02    3.56e-01
   6  1.305507e+03    4.27e-01    1.02e+04   6.86e+00   8.20e-01  1.13e+05        1    6.68e-02    4.23e-01
   7  1.305281e+03    2.26e-01    1.05e+04   7.19e+00   6.88e-01  1.19e+05        1    6.86e-02    4.92e-01
   8  1.305068e+03    2.13e-01    6.60e+03   5.89e+00   8.31e-01  1.68e+05        1    6.79e-02    5.59e-01
   9  1.304948e+03    1.20e-01    6.54e+03   6.09e+00   7.18e-01  1.83e+05        1    6.83e-02    6.28e-01
  10  1.304847e+03    1.01e-01    3.85e+03   4.76e+00   8.50e-01  2.78e+05        1    6.63e-02    6.94e-01
  11  1.304796e+03    5.09e-02    3.49e+03   4.67e+00   7.55e-01  3.21e+05        1    7.41e-02    7.68e-01
  12  1.304762e+03    3.38e-02    1.67e+03   3.23e+00   8.94e-01  6.28e+05        1    6.63e-02    8.34e-01
  13  1.304750e+03    1.19e-02    1.25e+03   2.87e+00   8.21e-01  8.55e+05        1    6.35e-02    8.98e-01
  14  1.304746e+03    4.28e-03    3.06e+02   1.36e+00   9.66e-01  2.56e+06        1    6.86e-02    9.67e-01
  15  1.304746e+03    4.33e-04    6.97e+01   6.68e-01   9.65e-01  7.69e+06        1    6.37e-02    1.03e+00
  16  1.304746e+03    1.75e-05    1.50e+00   7.48e-02   1.03e+00  2.31e+07        1    6.92e-02    1.10e+00
  17  1.304746e+03    2.74e-07    4.99e-01   1.74e-02   8.32e-01  3.27e+07        1    6.64e-02    1.17e+00
  18  1.304746e+03    2.33e-08    1.94e-01   4.29e-03   5.78e-01  3.28e+07        1    6.79e-02    1.23e+00
  19  1.304746e+03    4.52e-09    1.08e-01   2.68e-03   5.22e-01  3.28e+07        1    6.87e-02    1.30e+00
  20  1.304746e+03    1.03e-09    4.91e-02   1.21e-03   5.14e-01  3.28e+07        1    6.85e-02    1.37e+00


Bundle adjustment report
------------------------
    Residuals : 5620
   Parameters : 2627
   Iterations : 21
         Time : 1.37133 [s]
 Initial cost : 0.485164 [px]
   Final cost : 0.481831 [px]
  Termination : Convergence

  => Merged observations: 1
  => Completed observations: 9
  => Filtered observations: 0
  => Changed observations: 0.003559

==============================================================================
Global bundle adjustment
==============================================================================

iter      cost      cost_change  |gradient|   |step|    tr_ratio  tr_radius  ls_iter  iter_time  total_time
   0  1.323220e+03    0.00e+00    4.92e+03   0.00e+00   0.00e+00  1.00e+04        0    1.09e-02    1.50e-02
   1  1.314921e+03    8.30e+00    2.53e+02   6.21e-01   1.00e+00  3.00e+04        1    6.37e-02    7.88e-02
   2  1.314905e+03    1.59e-02    1.10e+02   3.95e-01   9.96e-01  9.00e+04        1    6.81e-02    1.47e-01
   3  1.314900e+03    5.09e-03    5.00e+01   4.25e-01   9.95e-01  2.70e+05        1    6.88e-02    2.16e-01
   4  1.314896e+03    4.24e-03    1.45e+02   1.14e+00   9.55e-01  8.10e+05        1    6.74e-02    2.83e-01
   5  1.314893e+03    2.41e-03    2.58e+02   1.43e+00   9.03e-01  1.70e+06        1    6.87e-02    3.52e-01
   6  1.314893e+03    5.27e-04    5.94e+01   6.20e-01   9.87e-01  5.11e+06        1    6.74e-02    4.19e-01
   7  1.314893e+03    2.59e-05    3.08e+00   1.45e-01   1.04e+00  1.53e+07        1    7.30e-02    4.92e-01
   8  1.314893e+03    5.50e-07    1.44e-01   7.34e-03   1.13e+00  4.60e+07        1    6.78e-02    5.60e-01
   9  1.314893e+03    2.32e-08    1.71e-01   4.13e-03   1.00e+00  1.38e+08        1    6.44e-02    6.25e-01
  10  1.314893e+03    1.97e-09    2.73e-02   9.31e-04   7.56e-01  1.59e+08        1    6.95e-02    6.94e-01


Bundle adjustment report
------------------------
    Residuals : 5622
   Parameters : 2624
   Iterations : 11
         Time : 0.694578 [s]
 Initial cost : 0.485144 [px]
   Final cost : 0.483615 [px]
  Termination : Convergence

  => Merged observations: 0
  => Completed observations: 0
  => Filtered observations: 0
  => Changed observations: 0.000000
  => Filtered images: 0

==============================================================================
Registering image #46 (9)
==============================================================================

  => Image sees 184 / 728 points

Pose refinement report
----------------------
    Residuals : 336
   Parameters : 6
   Iterations : 9
         Time : 0.00284883 [s]
 Initial cost : 0.600968 [px]
   Final cost : 0.591625 [px]
  Termination : Convergence

  => Continued observations: 161
  => Added observations: 399

Bundle adjustment report
------------------------
    Residuals : 5578
   Parameters : 1916
   Iterations : 26
         Time : 1.66382 [s]
 Initial cost : 0.554042 [px]
   Final cost : 0.507419 [px]
  Termination : No convergence

  => Merged observations: 15
  => Completed observations: 25
  => Filtered observations: 67
  => Changed observations: 0.038365

Bundle adjustment report
------------------------
    Residuals : 5490
   Parameters : 1853
   Iterations : 4
         Time : 0.211651 [s]
 Initial cost : 0.516925 [px]
   Final cost : 0.49639 [px]
  Termination : Convergence

  => Merged observations: 0
  => Completed observations: 23
  => Filtered observations: 2
  => Changed observations: 0.009107

==============================================================================
Retriangulation
==============================================================================

  => Merged observations: 2
  => Completed observations: 0
  => Retriangulated observations: 0

==============================================================================
Global bundle adjustment
==============================================================================

iter      cost      cost_change  |gradient|   |step|    tr_ratio  tr_radius  ls_iter  iter_time  total_time
   0  1.701722e+03    0.00e+00    1.22e+04   0.00e+00   0.00e+00  1.00e+04        0    8.34e-03    1.40e-02
   1  1.669456e+03    3.23e+01    1.81e+03   4.11e+00   9.99e-01  3.00e+04        1    6.99e-02    8.39e-02
   2  1.669143e+03    3.13e-01    2.25e+02   2.05e+00   1.03e+00  9.00e+04        1    7.71e-02    1.61e-01
   3  1.669117e+03    2.67e-02    9.47e+01   1.10e+00   1.02e+00  2.70e+05        1    6.97e-02    2.31e-01
   4  1.669110e+03    6.78e-03    3.56e+02   1.29e+00   1.05e+00  8.10e+05        1    6.89e-02    3.00e-01
   5  1.669108e+03    1.81e-03    1.99e+02   9.29e-01   1.10e+00  2.43e+06        1    6.86e-02    3.69e-01
   6  1.669108e+03    2.57e-04    3.83e+01   3.96e-01   1.12e+00  7.29e+06        1    7.02e-02    4.39e-01
   7  1.669108e+03    1.74e-05    1.96e+00   8.06e-02   1.21e+00  2.19e+07        1    6.99e-02    5.09e-01
   8  1.669108e+03    1.17e-06    6.15e-01   1.57e-02   1.27e+00  6.56e+07        1    7.00e-02    5.79e-01
   9  1.669108e+03    9.19e-08    2.39e-01   4.07e-03   1.28e+00  1.97e+08        1    7.30e-02    6.52e-01
  10  1.669108e+03    7.46e-09    5.99e-02   1.08e-03   1.28e+00  5.90e+08        1    7.04e-02    7.23e-01


Bundle adjustment report
------------------------
    Residuals : 6696
   Parameters : 3134
   Iterations : 11
         Time : 0.723483 [s]
 Initial cost : 0.504123 [px]
   Final cost : 0.499269 [px]
  Termination : Convergence

  => Merged observations: 2
  => Completed observations: 0
  => Filtered observations: 0
  => Changed observations: 0.000597

==============================================================================
Global bundle adjustment
==============================================================================

iter      cost      cost_change  |gradient|   |step|    tr_ratio  tr_radius  ls_iter  iter_time  total_time
   0  1.684087e+03    0.00e+00    4.74e+03   0.00e+00   0.00e+00  1.00e+04        0    1.52e-02    2.07e-02
   1  1.679316e+03    4.77e+00    2.07e+01   4.39e-01   1.00e+00  3.00e+04        1    6.56e-02    8.63e-02
   2  1.679291e+03    2.53e-02    2.71e+01   6.78e-01   1.02e+00  9.00e+04        1    7.38e-02    1.60e-01
   3  1.679276e+03    1.42e-02    7.38e+01   1.13e+00   1.01e+00  2.70e+05        1    7.30e-02    2.33e-01
   4  1.679269e+03    7.71e-03    1.11e+02   1.17e+00   1.05e+00  8.10e+05        1    7.11e-02    3.05e-01
   5  1.679267e+03    1.86e-03    5.15e+01   6.52e-01   1.14e+00  2.43e+06        1    7.57e-02    3.81e-01
   6  1.679266e+03    2.40e-04    8.40e+00   2.54e-01   1.21e+00  7.29e+06        1    6.95e-02    4.50e-01
   7  1.679266e+03    2.06e-05    1.91e+00   6.28e-02   1.26e+00  2.19e+07        1    7.02e-02    5.20e-01
   8  1.679266e+03    1.69e-06    7.93e-01   1.65e-02   1.28e+00  6.56e+07        1    6.88e-02    5.89e-01
   9  1.679266e+03    1.41e-07    2.90e-01   4.68e-03   1.29e+00  1.97e+08        1    7.06e-02    6.60e-01
  10  1.679266e+03    1.17e-08    8.66e-02   1.37e-03   1.29e+00  5.90e+08        1    6.97e-02    7.30e-01


Bundle adjustment report
------------------------
    Residuals : 6700
   Parameters : 3134
   Iterations : 11
         Time : 0.730244 [s]
 Initial cost : 0.501354 [px]
   Final cost : 0.500636 [px]
  Termination : Convergence

  => Merged observations: 0
  => Completed observations: 0
  => Filtered observations: 0
  => Changed observations: 0.000000
  => Filtered images: 0

==============================================================================
Registering image #90 (10)
==============================================================================

  => Image sees 216 / 953 points

Pose refinement report
----------------------
    Residuals : 358
   Parameters : 6
   Iterations : 24
         Time : 0.00786351 [s]
 Initial cost : 0.93627 [px]
   Final cost : 0.798083 [px]
  Termination : Convergence

  => Continued observations: 171
  => Added observations: 349

Bundle adjustment report
------------------------
    Residuals : 5484
   Parameters : 1538
   Iterations : 26
         Time : 1.6481 [s]
 Initial cost : 0.754694 [px]
   Final cost : 0.700475 [px]
  Termination : No convergence

  => Merged observations: 44
  => Completed observations: 14
  => Filtered observations: 184
  => Changed observations: 0.088257

Bundle adjustment report
------------------------
    Residuals : 4806
   Parameters : 1364
   Iterations : 3
         Time : 0.137573 [s]
 Initial cost : 0.597019 [px]
   Final cost : 0.557663 [px]
  Termination : Convergence

  => Merged observations: 8
  => Completed observations: 34
  => Filtered observations: 0
  => Changed observations: 0.017478

==============================================================================
Retriangulation
==============================================================================

  => Merged observations: 2
  => Completed observations: 0
  => Retriangulated observations: 0

==============================================================================
Global bundle adjustment
==============================================================================

iter      cost      cost_change  |gradient|   |step|    tr_ratio  tr_radius  ls_iter  iter_time  total_time
   0  2.208330e+03    0.00e+00    5.51e+03   0.00e+00   0.00e+00  1.00e+04        0    1.09e-02    1.65e-02
   1  2.191716e+03    1.66e+01    3.54e+05   5.30e+01   6.90e-02  6.10e+03        1    7.38e-02    9.04e-02
   2  1.948419e+03    2.43e+02    2.35e+04   1.47e+01   9.95e-01  1.83e+04        1    7.17e-02    1.62e-01
   3  1.938267e+03    1.02e+01    2.98e+04   1.26e+01   9.00e-01  3.74e+04        1    7.33e-02    2.35e-01
   4  1.934118e+03    4.15e+00    1.22e+04   1.09e+01   9.53e-01  1.12e+05        1    7.32e-02    3.09e-01
   5  1.933044e+03    1.07e+00    1.46e+04   1.29e+01   8.28e-01  1.56e+05        1    7.22e-02    3.81e-01
   6  1.932666e+03    3.78e-01    7.34e+03   7.93e+00   8.80e-01  2.77e+05        1    7.47e-02    4.56e-01
   7  1.932563e+03    1.04e-01    6.10e+03   6.85e+00   7.15e-01  3.02e+05        1    7.14e-02    5.27e-01
   8  1.932490e+03    7.30e-02    2.32e+03   4.17e+00   9.32e-01  8.51e+05        1    7.60e-02    6.03e-01
   9  1.932470e+03    1.94e-02    2.27e+03   4.11e+00   7.72e-01  1.01e+06        1    7.27e-02    6.76e-01
  10  1.932460e+03    1.01e-02    3.36e+02   1.57e+00   1.03e+00  3.04e+06        1    7.33e-02    7.50e-01
  11  1.932460e+03    7.69e-04    8.36e+01   7.85e-01   1.12e+00  9.12e+06        1    7.41e-02    8.24e-01
  12  1.932459e+03    7.32e-05    4.82e+00   1.88e-01   1.23e+00  2.74e+07        1    6.95e-02    8.93e-01
  13  1.932459e+03    5.87e-06    6.33e-01   5.73e-02   1.28e+00  8.21e+07        1    7.19e-02    9.65e-01


Bundle adjustment report
------------------------
    Residuals : 7468
   Parameters : 3467
   Iterations : 14
         Time : 0.966005 [s]
 Initial cost : 0.543788 [px]
   Final cost : 0.50869 [px]
  Termination : Convergence

  => Merged observations: 20
  => Completed observations: 12
  => Filtered observations: 3
  => Changed observations: 0.009373

==============================================================================
Global bundle adjustment
==============================================================================

iter      cost      cost_change  |gradient|   |step|    tr_ratio  tr_radius  ls_iter  iter_time  total_time
   0  2.005644e+03    0.00e+00    1.48e+04   0.00e+00   0.00e+00  1.00e+04        0    8.32e-03    1.41e-02
   1  1.951839e+03    5.38e+01    8.21e+03   9.88e+00   9.89e-01  3.00e+04        1    6.99e-02    8.41e-02
   2  1.950428e+03    1.41e+00    1.92e+03   5.72e+00   9.95e-01  9.00e+04        1    7.12e-02    1.55e-01
   3  1.950151e+03    2.77e-01    1.90e+03   3.96e+00   9.53e-01  2.70e+05        1    7.73e-02    2.33e-01
   4  1.950061e+03    8.93e-02    8.11e+03   7.96e+00   4.52e-01  2.70e+05        1    7.15e-02    3.04e-01
   5  1.949900e+03    1.61e-01    3.67e+03   5.41e+00   9.14e-01  6.27e+05        1    7.10e-02    3.75e-01
   6  1.949862e+03    3.79e-02    3.65e+03   5.44e+00   7.12e-01  6.78e+05        1    7.22e-02    4.47e-01
   7  1.949837e+03    2.48e-02    7.20e+02   2.45e+00   1.01e+00  2.03e+06        1    7.18e-02    5.19e-01
   8  1.949835e+03    2.63e-03    2.75e+02   1.51e+00   1.07e+00  6.10e+06        1    7.01e-02    5.89e-01
   9  1.949834e+03    3.47e-04    2.13e+01   4.21e-01   1.18e+00  1.83e+07        1    7.12e-02    6.61e-01
  10  1.949834e+03    2.62e-05    1.90e+00   1.27e-01   1.29e+00  5.49e+07        1    7.58e-02    7.36e-01
  11  1.949834e+03    2.56e-06    2.53e-01   3.27e-02   1.31e+00  1.65e+08        1    6.59e-02    8.02e-01


Bundle adjustment report
------------------------
    Residuals : 7502
   Parameters : 3461
   Iterations : 12
         Time : 0.802743 [s]
 Initial cost : 0.517057 [px]
   Final cost : 0.509812 [px]
  Termination : Convergence

  => Merged observations: 9
  => Completed observations: 9
  => Filtered observations: 4
  => Changed observations: 0.005865

==============================================================================
Global bundle adjustment
==============================================================================

iter      cost      cost_change  |gradient|   |step|    tr_ratio  tr_radius  ls_iter  iter_time  total_time
   0  2.020600e+03    0.00e+00    1.55e+03   0.00e+00   0.00e+00  1.00e+04        0    8.04e-03    1.33e-02
   1  1.988730e+03    3.19e+01    3.10e+03   7.26e+00   9.98e-01  3.00e+04        1    6.73e-02    8.07e-02
   2  1.988117e+03    6.13e-01    1.26e+03   4.15e+00   9.84e-01  9.00e+04        1    7.40e-02    1.55e-01
   3  1.987813e+03    3.04e-01    2.61e+03   5.39e+00   9.11e-01  2.02e+05        1    7.82e-02    2.33e-01
   4  1.987676e+03    1.37e-01    1.01e+04   9.67e+00   4.82e-01  2.02e+05        1    7.24e-02    3.05e-01
   5  1.987442e+03    2.34e-01    5.23e+03   7.22e+00   8.82e-01  3.65e+05        1    7.46e-02    3.80e-01
   6  1.987368e+03    7.38e-02    5.17e+03   7.29e+00   7.08e-01  3.93e+05        1    6.76e-02    4.48e-01
   7  1.987314e+03    5.37e-02    1.66e+03   4.27e+00   9.69e-01  1.18e+06        1    7.26e-02    5.20e-01
   8  1.987303e+03    1.10e-02    1.13e+03   3.54e+00   9.35e-01  3.43e+06        1    7.40e-02    5.94e-01
   9  1.987300e+03    2.96e-03    1.46e+02   1.29e+00   1.09e+00  1.03e+07        1    7.32e-02    6.68e-01
  10  1.987300e+03    1.81e-04    1.17e+01   3.69e-01   1.24e+00  3.09e+07        1    7.23e-02    7.40e-01
  11  1.987300e+03    1.62e-05    9.05e-01   1.03e-01   1.31e+00  9.27e+07        1    7.27e-02    8.13e-01


Bundle adjustment report
------------------------
    Residuals : 7504
   Parameters : 3446
   Iterations : 12
         Time : 0.813031 [s]
 Initial cost : 0.518912 [px]
   Final cost : 0.514618 [px]
  Termination : Convergence

  => Merged observations: 0
  => Completed observations: 0
  => Filtered observations: 3
  => Changed observations: 0.000800

==============================================================================
Global bundle adjustment
==============================================================================

iter      cost      cost_change  |gradient|   |step|    tr_ratio  tr_radius  ls_iter  iter_time  total_time
   0  1.972594e+03    0.00e+00    2.41e+02   0.00e+00   0.00e+00  1.00e+04        0    7.95e-03    1.58e-02
   1  1.971491e+03    1.10e+00    2.71e+02   1.90e+00   9.85e-01  3.00e+04        1    7.20e-02    8.78e-02
   2  1.971446e+03    4.53e-02    8.16e+01   9.68e-01   1.02e+00  9.00e+04        1    7.31e-02    1.61e-01
   3  1.971436e+03    9.91e-03    6.51e+01   6.96e-01   1.03e+00  2.70e+05        1    7.15e-02    2.32e-01
   4  1.971430e+03    5.90e-03    2.60e+02   1.34e+00   1.02e+00  8.10e+05        1    7.28e-02    3.05e-01
   5  1.971427e+03    2.90e-03    3.12e+02   1.45e+00   1.03e+00  2.43e+06        1    7.34e-02    3.79e-01
   6  1.971426e+03    6.87e-04    6.73e+01   6.77e-01   1.15e+00  7.29e+06        1    7.17e-02    4.50e-01
   7  1.971426e+03    7.46e-05    5.38e+00   1.93e-01   1.27e+00  2.19e+07        1    8.48e-02    5.35e-01
   8  1.971426e+03    7.62e-06    6.10e-01   5.77e-02   1.31e+00  6.56e+07        1    7.30e-02    6.08e-01


Bundle adjustment report
------------------------
    Residuals : 7496
   Parameters : 3440
   Iterations : 9
         Time : 0.608754 [s]
 Initial cost : 0.512984 [px]
   Final cost : 0.512832 [px]
  Termination : Convergence

  => Merged observations: 0
  => Completed observations: 0
  => Filtered observations: 4
  => Changed observations: 0.001067

==============================================================================
Global bundle adjustment
==============================================================================

iter      cost      cost_change  |gradient|   |step|    tr_ratio  tr_radius  ls_iter  iter_time  total_time
   0  1.939936e+03    0.00e+00    2.71e+02   0.00e+00   0.00e+00  1.00e+04        0    9.67e-03    1.49e-02
   1  1.937948e+03    1.99e+00    4.06e+02   1.13e+00   9.92e-01  3.00e+04        1    7.02e-02    8.51e-02
   2  1.937558e+03    3.89e-01    1.48e+02   1.39e+00   1.00e+00  9.00e+04        1    7.16e-02    1.57e-01
   3  1.937529e+03    2.88e-02    3.12e+01   6.76e-01   1.06e+00  2.70e+05        1    7.17e-02    2.29e-01
   4  1.937528e+03    1.21e-03    4.31e+00   1.16e-01   1.16e+00  8.10e+05        1    7.13e-02    3.00e-01
   5  1.937528e+03    1.66e-04    1.25e+01   2.74e-01   1.16e+00  2.43e+06        1    7.23e-02    3.72e-01
   6  1.937528e+03    3.14e-05    3.24e+00   1.45e-01   1.22e+00  7.29e+06        1    7.11e-02    4.44e-01
   7  1.937528e+03    3.88e-06    5.10e-01   4.30e-02   1.30e+00  2.19e+07        1    7.30e-02    5.17e-01


Bundle adjustment report
------------------------
    Residuals : 7488
   Parameters : 3434
   Iterations : 8
         Time : 0.517147 [s]
 Initial cost : 0.508992 [px]
   Final cost : 0.508676 [px]
  Termination : Convergence

  => Merged observations: 0
  => Completed observations: 0
  => Filtered observations: 0
  => Changed observations: 0.000000
  => Filtered images: 0

==============================================================================
Registering image #70 (11)
==============================================================================

  => Image sees 277 / 1113 points

Pose refinement report
----------------------
    Residuals : 516
   Parameters : 6
   Iterations : 16
         Time : 0.0110046 [s]
 Initial cost : 0.719767 [px]
   Final cost : 0.640713 [px]
  Termination : Convergence

  => Continued observations: 252
  => Added observations: 321

Bundle adjustment report
------------------------
    Residuals : 5890
   Parameters : 1682
   Iterations : 17
         Time : 1.07339 [s]
 Initial cost : 0.68216 [px]
   Final cost : 0.622991 [px]
  Termination : Convergence

  => Merged observations: 46
  => Completed observations: 30
  => Filtered observations: 154
  => Changed observations: 0.078098

Bundle adjustment report
------------------------
    Residuals : 5588
   Parameters : 1490
   Iterations : 4
         Time : 0.206366 [s]
 Initial cost : 0.564403 [px]
   Final cost : 0.542132 [px]
  Termination : Convergence

  => Merged observations: 0
  => Completed observations: 35
  => Filtered observations: 1
  => Changed observations: 0.012885

==============================================================================
Retriangulation
==============================================================================

  => Merged observations: 2
  => Completed observations: 0
  => Retriangulated observations: 0

==============================================================================
Global bundle adjustment
==============================================================================

iter      cost      cost_change  |gradient|   |step|    tr_ratio  tr_radius  ls_iter  iter_time  total_time
   0  2.473461e+03    0.00e+00    9.58e+04   0.00e+00   0.00e+00  1.00e+04        0    1.43e-02    2.04e-02
   1  2.303131e+03    1.70e+02    2.58e+05   2.38e+01   7.58e-01  1.16e+04        1    6.63e-02    8.67e-02
   2  2.235548e+03    6.76e+01    2.59e+04   9.46e+00   9.96e-01  3.48e+04        1    7.18e-02    1.59e-01
   3  2.232140e+03    3.41e+00    5.47e+03   6.88e+00   1.02e+00  1.04e+05        1    7.42e-02    2.33e-01
   4  2.231671e+03    4.69e-01    1.82e+03   4.47e+00   1.00e+00  3.13e+05        1    7.31e-02    3.06e-01
   5  2.231570e+03    1.01e-01    3.50e+03   5.59e+00   8.67e-01  5.16e+05        1    7.25e-02    3.78e-01
   6  2.231526e+03    4.39e-02    1.63e+03   3.74e+00   9.69e-01  1.55e+06        1    7.23e-02    4.51e-01
   7  2.231518e+03    7.88e-03    4.30e+02   1.94e+00   1.04e+00  4.65e+06        1    7.60e-02    5.27e-01
   8  2.231518e+03    5.86e-04    2.95e+01   5.15e-01   1.10e+00  1.39e+07        1    7.21e-02    5.99e-01
   9  2.231518e+03    2.00e-05    1.32e+00   1.08e-01   1.19e+00  4.18e+07        1    7.70e-02    6.76e-01
  10  2.231518e+03    9.02e-07    4.20e-01   2.21e-02   1.21e+00  1.25e+08        1    7.49e-02    7.51e-01


Bundle adjustment report
------------------------
    Residuals : 8388
   Parameters : 3665
   Iterations : 11
         Time : 0.751933 [s]
 Initial cost : 0.543029 [px]
   Final cost : 0.515788 [px]
  Termination : Convergence

  => Merged observations: 13
  => Completed observations: 0
  => Filtered observations: 10
  => Changed observations: 0.005484

==============================================================================
Global bundle adjustment
==============================================================================

iter      cost      cost_change  |gradient|   |step|    tr_ratio  tr_radius  ls_iter  iter_time  total_time
   0  2.240812e+03    0.00e+00    5.02e+03   0.00e+00   0.00e+00  1.00e+04        0    8.29e-03    1.47e-02
   1  2.203024e+03    3.78e+01    1.68e+04   6.54e+00   9.94e-01  3.00e+04        1    6.98e-02    8.46e-02
   2  2.201751e+03    1.27e+00    1.29e+03   3.50e+00   1.03e+00  9.00e+04        1    7.10e-02    1.56e-01
   3  2.201552e+03    1.99e-01    9.92e+02   2.49e+00   1.02e+00  2.70e+05        1    7.81e-02    2.34e-01
   4  2.201477e+03    7.51e-02    2.97e+03   3.95e+00   9.03e-01  5.66e+05        1    7.87e-02    3.13e-01
   5  2.201441e+03    3.58e-02    1.73e+03   3.03e+00   9.66e-01  1.70e+06        1    6.83e-02    3.81e-01
   6  2.201433e+03    8.08e-03    3.98e+02   1.46e+00   1.06e+00  5.10e+06        1    7.32e-02    4.54e-01
   7  2.201432e+03    5.79e-04    2.98e+01   4.05e-01   1.13e+00  1.53e+07        1    7.22e-02    5.27e-01
   8  2.201432e+03    2.58e-05    1.68e+00   9.56e-02   1.22e+00  4.59e+07        1    7.34e-02    6.00e-01
   9  2.201432e+03    1.44e-06    5.44e-01   2.21e-02   1.23e+00  1.38e+08        1    7.11e-02    6.72e-01


Bundle adjustment report
------------------------
    Residuals : 8392
   Parameters : 3650
   Iterations : 10
         Time : 0.672227 [s]
 Initial cost : 0.516738 [px]
   Final cost : 0.512177 [px]
  Termination : Convergence

  => Merged observations: 4
  => Completed observations: 0
  => Filtered observations: 4
  => Changed observations: 0.001907

==============================================================================
Global bundle adjustment
==============================================================================

iter      cost      cost_change  |gradient|   |step|    tr_ratio  tr_radius  ls_iter  iter_time  total_time
   0  2.196823e+03    0.00e+00    6.44e+02   0.00e+00   0.00e+00  1.00e+04        0    8.57e-03    1.50e-02
   1  2.187652e+03    9.17e+00    1.92e+03   2.83e+00   1.00e+00  3.00e+04        1    6.79e-02    8.30e-02
   2  2.187433e+03    2.19e-01    6.33e+02   1.19e+00   1.03e+00  9.00e+04        1    7.29e-02    1.56e-01
   3  2.187394e+03    3.85e-02    7.89e+02   1.72e+00   9.99e-01  2.70e+05        1    7.23e-02    2.28e-01
   4  2.187370e+03    2.43e-02    1.29e+03   2.58e+00   9.70e-01  8.10e+05        1    7.09e-02    2.99e-01
   5  2.187360e+03    1.01e-02    6.84e+02   1.92e+00   1.03e+00  2.43e+06        1    7.17e-02    3.71e-01
   6  2.187358e+03    1.71e-03    9.62e+01   7.29e-01   1.11e+00  7.29e+06        1    8.30e-02    4.54e-01
   7  2.187358e+03    1.01e-04    6.12e+00   1.89e-01   1.19e+00  2.19e+07        1    7.08e-02    5.25e-01
   8  2.187358e+03    5.80e-06    9.34e-01   4.53e-02   1.24e+00  6.56e+07        1    6.99e-02    5.95e-01


Bundle adjustment report
------------------------
    Residuals : 8390
   Parameters : 3644
   Iterations : 9
         Time : 0.595475 [s]
 Initial cost : 0.511701 [px]
   Final cost : 0.510598 [px]
  Termination : Convergence

  => Merged observations: 7
  => Completed observations: 0
  => Filtered observations: 2
  => Changed observations: 0.002145

==============================================================================
Global bundle adjustment
==============================================================================

iter      cost      cost_change  |gradient|   |step|    tr_ratio  tr_radius  ls_iter  iter_time  total_time
   0  2.221395e+03    0.00e+00    1.16e+03   0.00e+00   0.00e+00  1.00e+04        0    8.32e-03    1.71e-02
   1  2.193331e+03    2.81e+01    3.92e+03   4.13e+00   1.00e+00  3.00e+04        1    7.39e-02    9.10e-02
   2  2.192810e+03    5.21e-01    1.15e+03   2.65e+00   1.04e+00  9.00e+04        1    7.78e-02    1.69e-01
   3  2.192745e+03    6.55e-02    1.80e+02   1.95e+00   1.02e+00  2.70e+05        1    7.81e-02    2.47e-01
   4  2.192741e+03    4.30e-03    1.42e+01   6.74e-01   1.02e+00  8.10e+05        1    7.23e-02    3.19e-01
   5  2.192740e+03    7.11e-05    1.49e+00   8.69e-02   1.05e+00  2.43e+06        1    7.47e-02    3.94e-01
   6  2.192740e+03    6.65e-07    2.32e-01   3.85e-03   1.12e+00  7.29e+06        1    6.67e-02    4.61e-01


Bundle adjustment report
------------------------
    Residuals : 8400
   Parameters : 3641
   Iterations : 7
         Time : 0.461433 [s]
 Initial cost : 0.514249 [px]
   Final cost : 0.510921 [px]
  Termination : Convergence

  => Merged observations: 4
  => Completed observations: 0
  => Filtered observations: 4
  => Changed observations: 0.001905

==============================================================================
Global bundle adjustment
==============================================================================

iter      cost      cost_change  |gradient|   |step|    tr_ratio  tr_radius  ls_iter  iter_time  total_time
   0  2.191881e+03    0.00e+00    8.27e+02   0.00e+00   0.00e+00  1.00e+04        0    7.96e-03    1.66e-02
   1  2.174238e+03    1.76e+01    4.09e+03   3.32e+00   1.00e+00  3.00e+04        1    7.14e-02    8.81e-02
   2  2.173710e+03    5.29e-01    2.70e+03   3.18e+00   1.02e+00  9.00e+04        1    7.01e-02    1.58e-01
   3  2.173566e+03    1.44e-01    3.68e+03   4.67e+00   9.19e-01  2.20e+05        1    7.15e-02    2.30e-01
   4  2.173485e+03    8.10e-02    4.01e+03   4.82e+00   8.45e-01  3.28e+05        1    7.53e-02    3.05e-01
   5  2.173439e+03    4.56e-02    1.60e+03   3.02e+00   9.81e-01  9.84e+05        1    7.25e-02    3.78e-01
   6  2.173427e+03    1.15e-02    6.94e+02   1.98e+00   1.04e+00  2.95e+06        1    6.90e-02    4.47e-01
   7  2.173426e+03    1.69e-03    8.31e+01   6.95e-01   1.12e+00  8.85e+06        1    7.07e-02    5.18e-01
   8  2.173426e+03    9.50e-05    5.40e+00   1.82e-01   1.21e+00  2.66e+07        1    7.35e-02    5.91e-01
   9  2.173426e+03    5.96e-06    9.53e-01   4.51e-02   1.25e+00  7.97e+07        1    7.09e-02    6.62e-01


Bundle adjustment report
------------------------
    Residuals : 8396
   Parameters : 3635
   Iterations : 10
         Time : 0.66305 [s]
 Initial cost : 0.510943 [px]
   Final cost : 0.508787 [px]
  Termination : Convergence

  => Merged observations: 3
  => Completed observations: 0
  => Filtered observations: 6
  => Changed observations: 0.002144
  => Filtered images: 0

==============================================================================
Registering image #42 (12)
==============================================================================

  => Image sees 301 / 1093 points

Pose refinement report
----------------------
    Residuals : 550
   Parameters : 6
   Iterations : 8
         Time : 0.00420079 [s]
 Initial cost : 0.583701 [px]
   Final cost : 0.509011 [px]
  Termination : Convergence

  => Continued observations: 267
  => Added observations: 556

Bundle adjustment report
------------------------
    Residuals : 6286
   Parameters : 1742
   Iterations : 26
         Time : 1.73299 [s]
 Initial cost : 0.740154 [px]
   Final cost : 0.667205 [px]
  Termination : No convergence

  => Merged observations: 43
  => Completed observations: 61
  => Filtered observations: 191
  => Changed observations: 0.093859

Bundle adjustment report
------------------------
    Residuals : 6128
   Parameters : 1406
   Iterations : 4
         Time : 0.203045 [s]
 Initial cost : 0.561247 [px]
   Final cost : 0.537353 [px]
  Termination : Convergence

  => Merged observations: 4
  => Completed observations: 23
  => Filtered observations: 0
  => Changed observations: 0.008812

==============================================================================
Retriangulation
==============================================================================

  => Merged observations: 2
  => Completed observations: 0
  => Retriangulated observations: 0

==============================================================================
Global bundle adjustment
==============================================================================

iter      cost      cost_change  |gradient|   |step|    tr_ratio  tr_radius  ls_iter  iter_time  total_time
   0  2.812093e+03    0.00e+00    1.28e+05   0.00e+00   0.00e+00  1.00e+04        0    1.03e-02    1.75e-02
   1  2.630988e+03    1.81e+02    1.04e+05   1.01e+01   9.41e-01  3.00e+04        1    7.46e-02    9.22e-02
   2  2.610875e+03    2.01e+01    1.29e+04   1.07e+01   9.96e-01  9.00e+04        1    7.59e-02    1.68e-01
   3  2.610459e+03    4.16e-01    4.31e+04   1.62e+01   1.43e-01  6.61e+04        1    7.45e-02    2.43e-01
   4  2.607202e+03    3.26e+00    1.45e+04   9.15e+00   9.31e-01  1.84e+05        1    7.71e-02    3.20e-01
   5  2.607015e+03    1.87e-01    2.74e+04   1.23e+01   1.77e-01  1.45e+05        1    7.00e-02    3.90e-01
   6  2.605943e+03    1.07e+00    5.90e+03   5.88e+00   9.71e-01  4.34e+05        1    7.70e-02    4.67e-01
   7  2.605836e+03    1.07e-01    4.62e+03   5.19e+00   8.49e-01  6.58e+05        1    7.63e-02    5.43e-01
   8  2.605799e+03    3.68e-02    6.52e+02   1.98e+00   1.02e+00  1.97e+06        1    7.66e-02    6.20e-01
   9  2.605797e+03    1.67e-03    7.54e+01   6.73e-01   1.09e+00  5.92e+06        1    8.01e-02    7.00e-01
  10  2.605797e+03    6.28e-05    3.29e+00   1.39e-01   1.15e+00  1.78e+07        1    7.19e-02    7.72e-01
  11  2.605797e+03    2.09e-06    4.46e-01   2.64e-02   1.17e+00  5.33e+07        1    7.58e-02    8.48e-01


Bundle adjustment report
------------------------
    Residuals : 9670
   Parameters : 3998
   Iterations : 12
         Time : 0.848276 [s]
 Initial cost : 0.539264 [px]
   Final cost : 0.519107 [px]
  Termination : Convergence

  => Merged observations: 1
  => Completed observations: 0
  => Filtered observations: 18
  => Changed observations: 0.003930

==============================================================================
Global bundle adjustment
==============================================================================

iter      cost      cost_change  |gradient|   |step|    tr_ratio  tr_radius  ls_iter  iter_time  total_time
   0  2.531754e+03    0.00e+00    3.76e+03   0.00e+00   0.00e+00  1.00e+04        0    8.64e-03    1.87e-02
   1  2.526026e+03    5.73e+00    5.13e+02   2.73e+00   9.95e-01  3.00e+04        1    7.06e-02    8.93e-02
   2  2.525697e+03    3.29e-01    7.04e+02   2.66e+00   1.00e+00  9.00e+04        1    7.25e-02    1.62e-01
   3  2.525623e+03    7.41e-02    3.41e+02   1.68e+00   1.00e+00  2.70e+05        1    9.21e-02    2.54e-01
   4  2.525615e+03    7.92e-03    6.43e+01   6.26e-01   1.03e+00  8.10e+05        1    6.96e-02    3.24e-01
   5  2.525614e+03    7.59e-04    3.50e+01   4.11e-01   1.09e+00  2.43e+06        1    7.34e-02    3.97e-01
   6  2.525614e+03    5.30e-05    2.93e+00   1.24e-01   1.14e+00  7.29e+06        1    7.65e-02    4.74e-01
   7  2.525614e+03    2.13e-06    5.17e-01   2.46e-02   1.16e+00  2.19e+07        1    7.24e-02    5.46e-01


Bundle adjustment report
------------------------
    Residuals : 9604
   Parameters : 3959
   Iterations : 8
         Time : 0.546655 [s]
 Initial cost : 0.513434 [px]
   Final cost : 0.512811 [px]
  Termination : Convergence

  => Merged observations: 3
  => Completed observations: 0
  => Filtered observations: 2
  => Changed observations: 0.001041

==============================================================================
Global bundle adjustment
==============================================================================

iter      cost      cost_change  |gradient|   |step|    tr_ratio  tr_radius  ls_iter  iter_time  total_time
   0  2.532897e+03    0.00e+00    1.16e+03   0.00e+00   0.00e+00  1.00e+04        0    8.38e-03    1.78e-02
   1  2.528911e+03    3.99e+00    2.23e+02   9.94e-01   9.96e-01  3.00e+04        1    7.29e-02    9.07e-02
   2  2.528826e+03    8.54e-02    2.23e+02   1.18e+00   1.01e+00  9.00e+04        1    6.99e-02    1.61e-01
   3  2.528811e+03    1.48e-02    7.81e+01   7.51e-01   1.00e+00  2.70e+05        1    7.27e-02    2.33e-01
   4  2.528810e+03    1.33e-03    1.04e+01   2.46e-01   1.03e+00  8.10e+05        1    6.99e-02    3.03e-01
   5  2.528810e+03    1.13e-04    4.94e+00   1.56e-01   1.09e+00  2.43e+06        1    7.38e-02    3.77e-01
   6  2.528810e+03    7.62e-06    8.58e-01   4.73e-02   1.14e+00  7.29e+06        1    7.85e-02    4.56e-01


Bundle adjustment report
------------------------
    Residuals : 9606
   Parameters : 3956
   Iterations : 7
         Time : 0.456561 [s]
 Initial cost : 0.513496 [px]
   Final cost : 0.513082 [px]
  Termination : Convergence

  => Merged observations: 0
  => Completed observations: 0
  => Filtered observations: 0
  => Changed observations: 0.000000
  => Filtered images: 0

==============================================================================
Registering image #58 (13)
==============================================================================

  => Image sees 345 / 1211 points

Pose refinement report
----------------------
    Residuals : 608
   Parameters : 6
   Iterations : 10
         Time : 0.00569772 [s]
 Initial cost : 0.595184 [px]
   Final cost : 0.479293 [px]
  Termination : Convergence

  => Continued observations: 294
  => Added observations: 593

Bundle adjustment report
------------------------
    Residuals : 7134
   Parameters : 1805
   Iterations : 26
         Time : 1.72619 [s]
 Initial cost : 0.697938 [px]
   Final cost : 0.656692 [px]
  Termination : No convergence

  => Merged observations: 70
  => Completed observations: 68
  => Filtered observations: 210
  => Changed observations: 0.097561

Bundle adjustment report
------------------------
    Residuals : 6948
   Parameters : 1457
   Iterations : 4
         Time : 0.201371 [s]
 Initial cost : 0.546246 [px]
   Final cost : 0.524001 [px]
  Termination : Convergence

  => Merged observations: 0
  => Completed observations: 93
  => Filtered observations: 1
  => Changed observations: 0.027058

==============================================================================
Retriangulation
==============================================================================

  => Merged observations: 4
  => Completed observations: 0
  => Retriangulated observations: 0

==============================================================================
Global bundle adjustment
==============================================================================

iter      cost      cost_change  |gradient|   |step|    tr_ratio  tr_radius  ls_iter  iter_time  total_time
   0  3.061608e+03    0.00e+00    8.36e+04   0.00e+00   0.00e+00  1.00e+04        0    9.62e-03    1.87e-02
   1  2.990744e+03    7.09e+01    9.51e+03   4.06e+00   1.00e+00  3.00e+04        1    7.15e-02    9.03e-02
   2  2.989667e+03    1.08e+00    4.52e+02   2.81e+00   1.06e+00  9.00e+04        1    7.89e-02    1.69e-01
   3  2.989580e+03    8.65e-02    6.41e+02   2.64e+00   1.04e+00  2.70e+05        1    7.74e-02    2.47e-01
   4  2.989564e+03    1.66e-02    6.15e+02   1.82e+00   1.03e+00  8.10e+05        1    8.08e-02    3.28e-01
   5  2.989561e+03    2.81e-03    1.37e+02   8.03e-01   1.07e+00  2.43e+06        1    8.41e-02    4.12e-01
   6  2.989561e+03    1.68e-04    7.81e+00   1.89e-01   1.12e+00  7.29e+06        1    7.89e-02    4.91e-01
   7  2.989561e+03    5.78e-06    6.64e-01   3.27e-02   1.17e+00  2.19e+07        1    8.63e-02    5.78e-01


Bundle adjustment report
------------------------
    Residuals : 11076
   Parameters : 4394
   Iterations : 8
         Time : 0.578295 [s]
 Initial cost : 0.525755 [px]
   Final cost : 0.519532 [px]
  Termination : Convergence

  => Merged observations: 1
  => Completed observations: 18
  => Filtered observations: 9
  => Changed observations: 0.005056

==============================================================================
Global bundle adjustment
==============================================================================

iter      cost      cost_change  |gradient|   |step|    tr_ratio  tr_radius  ls_iter  iter_time  total_time
   0  3.018129e+03    0.00e+00    8.79e+02   0.00e+00   0.00e+00  1.00e+04        0    9.07e-03    1.98e-02
   1  3.004615e+03    1.35e+01    4.39e+01   1.18e+00   9.99e-01  3.00e+04        1    9.12e-02    1.11e-01
   2  3.004568e+03    4.73e-02    2.67e+01   1.20e+00   1.03e+00  9.00e+04        1    7.42e-02    1.85e-01
   3  3.004556e+03    1.21e-02    8.46e+01   1.09e+00   1.00e+00  2.70e+05        1    7.75e-02    2.63e-01
   4  3.004554e+03    1.94e-03    7.09e+01   6.34e-01   1.03e+00  8.10e+05        1    7.85e-02    3.41e-01
   5  3.004553e+03    2.41e-04    1.37e+01   2.50e-01   1.08e+00  2.43e+06        1    7.83e-02    4.20e-01
   6  3.004553e+03    1.37e-05    8.70e-01   5.76e-02   1.13e+00  7.29e+06        1    7.36e-02    4.93e-01


Bundle adjustment report
------------------------
    Residuals : 11028
   Parameters : 4361
   Iterations : 7
         Time : 0.493748 [s]
 Initial cost : 0.523143 [px]
   Final cost : 0.521965 [px]
  Termination : Convergence

  => Merged observations: 0
  => Completed observations: 0
  => Filtered observations: 1
  => Changed observations: 0.000181
  => Filtered images: 0

==============================================================================
Registering image #88 (14)
==============================================================================

  => Image sees 423 / 1113 points

Pose refinement report
----------------------
    Residuals : 800
   Parameters : 6
   Iterations : 8
         Time : 0.0059477 [s]
 Initial cost : 0.630485 [px]
   Final cost : 0.447148 [px]
  Termination : Convergence

  => Continued observations: 387
  => Added observations: 455

Bundle adjustment report
------------------------
    Residuals : 7866
   Parameters : 1874
   Iterations : 26
         Time : 1.73541 [s]
 Initial cost : 0.600205 [px]
   Final cost : 0.560776 [px]
  Termination : No convergence

  => Merged observations: 37
  => Completed observations: 58
  => Filtered observations: 150
  => Changed observations: 0.062293

Bundle adjustment report
------------------------
    Residuals : 7518
   Parameters : 1661
   Iterations : 4
         Time : 0.213695 [s]
 Initial cost : 0.51686 [px]
   Final cost : 0.491311 [px]
  Termination : Convergence

  => Merged observations: 8
  => Completed observations: 17
  => Filtered observations: 3
  => Changed observations: 0.007449

==============================================================================
Registering image #71 (15)
==============================================================================

  => Image sees 362 / 1093 points

Pose refinement report
----------------------
    Residuals : 688
   Parameters : 6
   Iterations : 11
         Time : 0.00970557 [s]
 Initial cost : 0.60246 [px]
   Final cost : 0.525572 [px]
  Termination : Convergence

  => Continued observations: 332
  => Added observations: 215

Bundle adjustment report
------------------------
    Residuals : 8330
   Parameters : 1508
   Iterations : 20
         Time : 1.3064 [s]
 Initial cost : 0.595066 [px]
   Final cost : 0.535507 [px]
  Termination : Convergence

  => Merged observations: 40
  => Completed observations: 36
  => Filtered observations: 113
  => Changed observations: 0.045378

Bundle adjustment report
------------------------
    Residuals : 8174
   Parameters : 1418
   Iterations : 7
         Time : 0.414333 [s]
 Initial cost : 0.539963 [px]
   Final cost : 0.52609 [px]
  Termination : Convergence

  => Merged observations: 8
  => Completed observations: 21
  => Filtered observations: 0
  => Changed observations: 0.007096

==============================================================================
Retriangulation
==============================================================================

  => Merged observations: 6
  => Completed observations: 0
  => Retriangulated observations: 0

==============================================================================
Global bundle adjustment
==============================================================================

iter      cost      cost_change  |gradient|   |step|    tr_ratio  tr_radius  ls_iter  iter_time  total_time
   0  3.701043e+03    0.00e+00    4.07e+04   0.00e+00   0.00e+00  1.00e+04        0    9.25e-03    1.97e-02
   1  3.566901e+03    1.34e+02    5.59e+03   7.55e+00   1.00e+00  3.00e+04        1    7.74e-02    9.72e-02
   2  3.563467e+03    3.43e+00    2.05e+03   5.03e+00   1.04e+00  9.00e+04        1    8.11e-02    1.78e-01
   3  3.562898e+03    5.70e-01    6.00e+03   1.05e+01   9.27e-01  2.39e+05        1    8.03e-02    2.59e-01
   4  3.562666e+03    2.32e-01    7.60e+03   9.63e+00   8.04e-01  3.09e+05        1    7.95e-02    3.38e-01
   5  3.562568e+03    9.78e-02    1.40e+03   3.78e+00   9.95e-01  9.26e+05        1    8.15e-02    4.20e-01
   6  3.562561e+03    6.72e-03    2.58e+02   1.64e+00   1.03e+00  2.78e+06        1    8.99e-02    5.10e-01
   7  3.562561e+03    2.56e-04    9.58e+00   3.19e-01   1.07e+00  8.33e+06        1    7.41e-02    5.84e-01
   8  3.562561e+03    4.26e-06    1.81e+00   4.32e-02   1.12e+00  2.50e+07        1    7.66e-02    6.61e-01
   9  3.562561e+03    8.56e-08    7.03e-01   5.45e-03   1.14e+00  7.50e+07        1    7.83e-02    7.39e-01


Bundle adjustment report
------------------------
    Residuals : 13340
   Parameters : 4745
   Iterations : 10
         Time : 0.739513 [s]
 Initial cost : 0.526725 [px]
   Final cost : 0.516777 [px]
  Termination : Convergence

  => Merged observations: 2
  => Completed observations: 16
  => Filtered observations: 5
  => Changed observations: 0.003448

==============================================================================
Global bundle adjustment
==============================================================================

iter      cost      cost_change  |gradient|   |step|    tr_ratio  tr_radius  ls_iter  iter_time  total_time
   0  3.575228e+03    0.00e+00    2.39e+03   0.00e+00   0.00e+00  1.00e+04        0    8.80e-03    1.83e-02
   1  3.549790e+03    2.54e+01    8.13e+01   1.29e+00   1.00e+00  3.00e+04        1    7.62e-02    9.45e-02
   2  3.549614e+03    1.76e-01    2.76e+02   1.54e+00   1.05e+00  9.00e+04        1    7.74e-02    1.72e-01
   3  3.549551e+03    6.30e-02    1.09e+03   3.33e+00   9.92e-01  2.70e+05        1    7.89e-02    2.51e-01
   4  3.549519e+03    3.13e-02    1.17e+03   3.37e+00   9.81e-01  8.10e+05        1    7.69e-02    3.28e-01
   5  3.549514e+03    5.95e-03    2.45e+02   1.51e+00   1.03e+00  2.43e+06        1    7.83e-02    4.06e-01
   6  3.549513e+03    2.57e-04    1.02e+01   3.11e-01   1.07e+00  7.29e+06        1    7.89e-02    4.85e-01
   7  3.549513e+03    4.37e-06    2.00e+00   4.13e-02   1.12e+00  2.19e+07        1    7.97e-02    5.65e-01
   8  3.549513e+03    8.52e-08    6.22e-01   5.11e-03   1.14e+00  6.56e+07        1    8.57e-02    6.51e-01


Bundle adjustment report
------------------------
    Residuals : 13332
   Parameters : 4733
   Iterations : 9
         Time : 0.651598 [s]
 Initial cost : 0.51785 [px]
   Final cost : 0.515985 [px]
  Termination : Convergence

  => Merged observations: 4
  => Completed observations: 0
  => Filtered observations: 1
  => Changed observations: 0.000750

==============================================================================
Global bundle adjustment
==============================================================================

iter      cost      cost_change  |gradient|   |step|    tr_ratio  tr_radius  ls_iter  iter_time  total_time
   0  3.555571e+03    0.00e+00    2.14e+03   0.00e+00   0.00e+00  1.00e+04        0    8.71e-03    1.83e-02
   1  3.541926e+03    1.36e+01    8.28e+01   1.39e+00   9.99e-01  3.00e+04        1    8.05e-02    9.88e-02
   2  3.541853e+03    7.31e-02    1.11e+02   7.93e-01   1.03e+00  9.00e+04        1    7.88e-02    1.78e-01
   3  3.541846e+03    6.97e-03    9.12e+01   8.26e-01   1.01e+00  2.70e+05        1    8.07e-02    2.58e-01
   4  3.541844e+03    1.39e-03    5.38e+01   6.71e-01   1.03e+00  8.10e+05        1    8.09e-02    3.39e-01
   5  3.541844e+03    1.75e-04    9.16e+00   2.90e-01   1.06e+00  2.43e+06        1    7.85e-02    4.18e-01
   6  3.541844e+03    7.37e-06    1.86e+00   5.95e-02   1.10e+00  7.29e+06        1    8.83e-02    5.06e-01
   7  3.541844e+03    1.66e-07    5.96e-01   7.89e-03   1.13e+00  2.19e+07        1    7.60e-02    5.82e-01


Bundle adjustment report
------------------------
    Residuals : 13338
   Parameters : 4733
   Iterations : 8
         Time : 0.582726 [s]
 Initial cost : 0.516309 [px]
   Final cost : 0.515311 [px]
  Termination : Convergence

  => Merged observations: 0
  => Completed observations: 0
  => Filtered observations: 2
  => Changed observations: 0.000300
  => Filtered images: 0

==============================================================================
Registering image #72 (16)
==============================================================================

  => Image sees 339 / 804 points

Pose refinement report
----------------------
    Residuals : 624
   Parameters : 6
   Iterations : 9
         Time : 0.00539875 [s]
 Initial cost : 0.63886 [px]
   Final cost : 0.53271 [px]
  Termination : Convergence

  => Continued observations: 300
  => Added observations: 235

Bundle adjustment report
------------------------
    Residuals : 8480
   Parameters : 1457
   Iterations : 26
         Time : 1.7244 [s]
 Initial cost : 0.571363 [px]
   Final cost : 0.537481 [px]
  Termination : No convergence

  => Merged observations: 89
  => Completed observations: 48
  => Filtered observations: 105
  => Changed observations: 0.057075

Bundle adjustment report
------------------------
    Residuals : 8344
   Parameters : 1364
   Iterations : 3
         Time : 0.149921 [s]
 Initial cost : 0.549104 [px]
   Final cost : 0.535027 [px]
  Termination : Convergence

  => Merged observations: 0
  => Completed observations: 17
  => Filtered observations: 1
  => Changed observations: 0.004314

==============================================================================
Registering image #16 (17)
==============================================================================

  => Image sees 387 / 1081 points

Pose refinement report
----------------------
    Residuals : 710
   Parameters : 6
   Iterations : 12
         Time : 0.00773749 [s]
 Initial cost : 0.57427 [px]
   Final cost : 0.485134 [px]
  Termination : Convergence

  => Continued observations: 344
  => Added observations: 239

Bundle adjustment report
------------------------
    Residuals : 9236
   Parameters : 1475
   Iterations : 26
         Time : 1.72126 [s]
 Initial cost : 0.611403 [px]
   Final cost : 0.563303 [px]
  Termination : No convergence

  => Merged observations: 29
  => Completed observations: 46
  => Filtered observations: 109
  => Changed observations: 0.039844

Bundle adjustment report
------------------------
    Residuals : 8994
   Parameters : 1424
   Iterations : 3
         Time : 0.143946 [s]
 Initial cost : 0.561751 [px]
   Final cost : 0.548803 [px]
  Termination : Convergence

  => Merged observations: 0
  => Completed observations: 32
  => Filtered observations: 1
  => Changed observations: 0.007338

==============================================================================
Retriangulation
==============================================================================

  => Merged observations: 12
  => Completed observations: 0
  => Retriangulated observations: 0

==============================================================================
Global bundle adjustment
==============================================================================

iter      cost      cost_change  |gradient|   |step|    tr_ratio  tr_radius  ls_iter  iter_time  total_time
   0  4.656478e+03    0.00e+00    6.49e+04   0.00e+00   0.00e+00  1.00e+04        0    9.57e-03    2.14e-02
   1  4.537194e+03    1.19e+02    1.24e+04   9.17e+00   9.92e-01  3.00e+04        1    7.65e-02    9.79e-02
   2  4.527631e+03    9.56e+00    7.54e+03   1.54e+01   9.70e-01  9.00e+04        1    8.31e-02    1.81e-01
   3  4.525254e+03    2.38e+00    1.47e+04   1.33e+01   9.23e-01  2.28e+05        1    7.99e-02    2.61e-01
   4  4.524828e+03    4.27e-01    8.64e+03   7.77e+00   8.97e-01  4.56e+05        1    7.84e-02    3.40e-01
   5  4.524741e+03    8.69e-02    1.52e+03   3.29e+00   1.00e+00  1.37e+06        1    8.00e-02    4.20e-01
   6  4.524737e+03    4.28e-03    1.36e+02   9.94e-01   1.05e+00  4.10e+06        1    7.82e-02    4.98e-01
   7  4.524737e+03    9.75e-05    3.76e+00   1.64e-01   1.12e+00  1.23e+07        1    8.05e-02    5.79e-01
   8  4.524737e+03    2.46e-06    1.35e+00   2.35e-02   1.18e+00  3.69e+07        1    8.12e-02    6.60e-01
   9  4.524737e+03    8.86e-08    4.57e-01   3.51e-03   1.20e+00  1.11e+08        1    8.03e-02    7.40e-01


Bundle adjustment report
------------------------
    Residuals : 15356
   Parameters : 5078
   Iterations : 10
         Time : 0.741109 [s]
 Initial cost : 0.550668 [px]
   Final cost : 0.542822 [px]
  Termination : Convergence

  => Merged observations: 2
  => Completed observations: 9
  => Filtered observations: 9
  => Changed observations: 0.002605

==============================================================================
Global bundle adjustment
==============================================================================

iter      cost      cost_change  |gradient|   |step|    tr_ratio  tr_radius  ls_iter  iter_time  total_time
   0  4.484809e+03    0.00e+00    9.08e+03   0.00e+00   0.00e+00  1.00e+04        0    9.34e-03    2.06e-02
   1  4.464753e+03    2.01e+01    7.36e+02   1.90e+00   1.00e+00  3.00e+04        1    7.20e-02    9.27e-02
   2  4.464335e+03    4.18e-01    1.72e+03   2.57e+00   1.02e+00  9.00e+04        1    8.04e-02    1.73e-01
   3  4.464162e+03    1.73e-01    3.97e+03   4.22e+00   9.49e-01  2.70e+05        1    8.59e-02    2.59e-01
   4  4.464075e+03    8.68e-02    3.40e+03   3.94e+00   9.28e-01  7.28e+05        1    8.20e-02    3.41e-01
   5  4.464054e+03    2.06e-02    6.21e+02   1.68e+00   1.02e+00  2.18e+06        1    7.86e-02    4.20e-01
   6  4.464053e+03    8.81e-04    2.92e+01   3.70e-01   1.06e+00  6.55e+06        1    7.99e-02    5.00e-01
   7  4.464053e+03    1.64e-05    2.00e+00   5.24e-02   1.14e+00  1.97e+07        1    8.00e-02    5.80e-01
   8  4.464053e+03    4.81e-07    7.30e-01   7.28e-03   1.19e+00  5.90e+07        1    8.09e-02    6.61e-01


Bundle adjustment report
------------------------
    Residuals : 15328
   Parameters : 5060
   Iterations : 9
         Time : 0.661991 [s]
 Initial cost : 0.540915 [px]
   Final cost : 0.539662 [px]
  Termination : Convergence

  => Merged observations: 2
  => Completed observations: 0
  => Filtered observations: 2
  => Changed observations: 0.000522

==============================================================================
Global bundle adjustment
==============================================================================

iter      cost      cost_change  |gradient|   |step|    tr_ratio  tr_radius  ls_iter  iter_time  total_time
   0  4.454583e+03    0.00e+00    5.62e+03   0.00e+00   0.00e+00  1.00e+04        0    9.20e-03    1.99e-02
   1  4.445424e+03    9.16e+00    2.77e+01   3.81e-01   1.00e+00  3.00e+04        1    8.06e-02    1.00e-01
   2  4.445398e+03    2.66e-02    3.89e+01   3.10e-01   1.03e+00  9.00e+04        1    8.71e-02    1.88e-01
   3  4.445393e+03    4.38e-03    2.35e+01   4.16e-01   1.02e+00  2.70e+05        1    8.39e-02    2.72e-01
   4  4.445392e+03    1.42e-03    4.57e+01   4.61e-01   1.03e+00  8.10e+05        1    8.31e-02    3.55e-01
   5  4.445392e+03    1.91e-04    9.65e+00   2.12e-01   1.06e+00  2.43e+06        1    8.11e-02    4.36e-01
   6  4.445392e+03    8.22e-06    8.79e-01   4.39e-02   1.11e+00  7.29e+06        1    7.96e-02    5.15e-01


Bundle adjustment report
------------------------
    Residuals : 15328
   Parameters : 5060
   Iterations : 7
         Time : 0.516315 [s]
 Initial cost : 0.539089 [px]
   Final cost : 0.538533 [px]
  Termination : Convergence

  => Merged observations: 0
  => Completed observations: 0
  => Filtered observations: 0
  => Changed observations: 0.000000
  => Filtered images: 0

==============================================================================
Registering image #18 (18)
==============================================================================

  => Image sees 252 / 658 points

Pose refinement report
----------------------
    Residuals : 450
   Parameters : 6
   Iterations : 10
         Time : 0.00424726 [s]
 Initial cost : 0.645218 [px]
   Final cost : 0.566203 [px]
  Termination : Convergence

  => Continued observations: 215
  => Added observations: 425

Bundle adjustment report
------------------------
    Residuals : 7306
   Parameters : 1136
   Iterations : 26
         Time : 1.68913 [s]
 Initial cost : 0.631086 [px]
   Final cost : 0.610441 [px]
  Termination : No convergence

  => Merged observations: 32
  => Completed observations: 110
  => Filtered observations: 131
  => Changed observations: 0.074733

Bundle adjustment report
------------------------
    Residuals : 7132
   Parameters : 1025
   Iterations : 4
         Time : 0.201879 [s]
 Initial cost : 0.627781 [px]
   Final cost : 0.607252 [px]
  Termination : Convergence

  => Merged observations: 0
  => Completed observations: 34
  => Filtered observations: 4
  => Changed observations: 0.010656

==============================================================================
Registering image #12 (19)
==============================================================================

  => Image sees 293 / 642 points

Pose refinement report
----------------------
    Residuals : 526
   Parameters : 6
   Iterations : 7
         Time : 0.00341329 [s]
 Initial cost : 0.595476 [px]
   Final cost : 0.566084 [px]
  Termination : Convergence

  => Continued observations: 250
  => Added observations: 300

Bundle adjustment report
------------------------
    Residuals : 7158
   Parameters : 1193
   Iterations : 26
         Time : 1.65884 [s]
 Initial cost : 0.664064 [px]
   Final cost : 0.636915 [px]
  Termination : No convergence

  => Merged observations: 80
  => Completed observations: 41
  => Filtered observations: 127
  => Changed observations: 0.069293

Bundle adjustment report
------------------------
    Residuals : 7162
   Parameters : 1070
   Iterations : 3
         Time : 0.138281 [s]
 Initial cost : 0.58074 [px]
   Final cost : 0.568011 [px]
  Termination : Convergence

  => Merged observations: 10
  => Completed observations: 33
  => Filtered observations: 2
  => Changed observations: 0.012566

==============================================================================
Retriangulation
==============================================================================

  => Merged observations: 7
  => Completed observations: 0
  => Retriangulated observations: 0

==============================================================================
Global bundle adjustment
==============================================================================

iter      cost      cost_change  |gradient|   |step|    tr_ratio  tr_radius  ls_iter  iter_time  total_time
   0  5.502725e+03    0.00e+00    2.07e+04   0.00e+00   0.00e+00  1.00e+04        0    1.03e-02    2.36e-02
   1  5.321833e+03    1.81e+02    1.84e+03   3.82e+00   1.00e+00  3.00e+04        1    8.52e-02    1.09e-01
   2  5.320928e+03    9.05e-01    2.66e+03   3.98e+00   1.09e+00  9.00e+04        1    8.43e-02    1.93e-01
   3  5.320622e+03    3.06e-01    6.35e+03   5.19e+00   9.59e-01  2.70e+05        1    8.24e-02    2.76e-01
   4  5.320483e+03    1.40e-01    5.78e+03   4.66e+00   8.90e-01  5.12e+05        1    8.90e-02    3.65e-01
   5  5.320441e+03    4.20e-02    1.04e+03   1.95e+00   1.01e+00  1.54e+06        1    7.46e-02    4.39e-01
   6  5.320438e+03    2.37e-03    9.24e+01   5.86e-01   1.06e+00  4.61e+06        1    7.86e-02    5.18e-01
   7  5.320438e+03    6.92e-05    2.06e+00   9.26e-02   1.16e+00  1.38e+07        1    8.28e-02    6.01e-01
   8  5.320438e+03    3.11e-06    1.75e+00   1.35e-02   1.25e+00  4.15e+07        1    8.00e-02    6.81e-01
   9  5.320438e+03    2.16e-07    6.52e-01   2.27e-03   1.28e+00  1.24e+08        1    8.44e-02    7.66e-01


Bundle adjustment report
------------------------
    Residuals : 17568
   Parameters : 5693
   Iterations : 10
         Time : 0.766504 [s]
 Initial cost : 0.559664 [px]
   Final cost : 0.550317 [px]
  Termination : Convergence

  => Merged observations: 4
  => Completed observations: 0
  => Filtered observations: 4
  => Changed observations: 0.000911

==============================================================================
Global bundle adjustment
==============================================================================

iter      cost      cost_change  |gradient|   |step|    tr_ratio  tr_radius  ls_iter  iter_time  total_time
   0  5.308137e+03    0.00e+00    6.07e+03   0.00e+00   0.00e+00  1.00e+04        0    9.74e-03    2.22e-02
   1  5.289121e+03    1.90e+01    6.84e+02   3.13e+00   1.00e+00  3.00e+04        1    8.44e-02    1.07e-01
   2  5.288879e+03    2.43e-01    6.56e+02   1.65e+00   1.01e+00  9.00e+04        1    9.04e-02    1.97e-01
   3  5.288756e+03    1.23e-01    2.54e+03   2.99e+00   9.73e-01  2.70e+05        1    8.37e-02    2.81e-01
   4  5.288689e+03    6.70e-02    2.83e+03   3.15e+00   9.41e-01  8.10e+05        1    8.35e-02    3.64e-01
   5  5.288673e+03    1.58e-02    6.28e+02   1.48e+00   1.01e+00  2.43e+06        1    8.81e-02    4.53e-01
   6  5.288672e+03    7.35e-04    2.65e+01   3.07e-01   1.06e+00  7.29e+06        1    8.70e-02    5.40e-01
   7  5.288672e+03    1.33e-05    1.94e+00   4.02e-02   1.17e+00  2.19e+07        1    8.51e-02    6.25e-01
   8  5.288672e+03    5.71e-07    7.73e-01   5.49e-03   1.25e+00  6.56e+07        1    8.77e-02    7.13e-01


Bundle adjustment report
------------------------
    Residuals : 17566
   Parameters : 5690
   Iterations : 9
         Time : 0.713907 [s]
 Initial cost : 0.549711 [px]
   Final cost : 0.548702 [px]
  Termination : Convergence

  => Merged observations: 0
  => Completed observations: 0
  => Filtered observations: 0
  => Changed observations: 0.000000
  => Filtered images: 0

==============================================================================
Registering image #15 (20)
==============================================================================

  => Image sees 239 / 438 points

Pose refinement report
----------------------
    Residuals : 438
   Parameters : 6
   Iterations : 11
         Time : 0.0045316 [s]
 Initial cost : 0.686446 [px]
   Final cost : 0.655593 [px]
  Termination : Convergence

  => Continued observations: 200
  => Added observations: 154

Bundle adjustment report
------------------------
    Residuals : 6576
   Parameters : 1106
   Iterations : 21
         Time : 1.30975 [s]
 Initial cost : 0.636156 [px]
   Final cost : 0.611801 [px]
  Termination : Convergence

  => Merged observations: 64
  => Completed observations: 19
  => Filtered observations: 125
  => Changed observations: 0.063260

Bundle adjustment report
------------------------
    Residuals : 6220
   Parameters : 1022
   Iterations : 3
         Time : 0.137963 [s]
 Initial cost : 0.603919 [px]
   Final cost : 0.587251 [px]
  Termination : Convergence

  => Merged observations: 0
  => Completed observations: 18
  => Filtered observations: 1
  => Changed observations: 0.006109

==============================================================================
Registering image #44 (21)
==============================================================================

  => Image sees 224 / 440 points

Pose refinement report
----------------------
    Residuals : 382
   Parameters : 6
   Iterations : 12
         Time : 0.00424264 [s]
 Initial cost : 0.632921 [px]
   Final cost : 0.624572 [px]
  Termination : Convergence

  => Continued observations: 179
  => Added observations: 171

Bundle adjustment report
------------------------
    Residuals : 6562
   Parameters : 920
   Iterations : 26
         Time : 1.61798 [s]
 Initial cost : 0.665925 [px]
   Final cost : 0.640025 [px]
  Termination : No convergence

  => Merged observations: 74
  => Completed observations: 16
  => Filtered observations: 104
  => Changed observations: 0.059128

Bundle adjustment report
------------------------
    Residuals : 6420
   Parameters : 821
   Iterations : 3
         Time : 0.131739 [s]
 Initial cost : 0.598947 [px]
   Final cost : 0.590728 [px]
  Termination : Convergence

  => Merged observations: 0
  => Completed observations: 15
  => Filtered observations: 0
  => Changed observations: 0.004673

==============================================================================
Retriangulation
==============================================================================

  => Merged observations: 3
  => Completed observations: 11
  => Retriangulated observations: 0

==============================================================================
Global bundle adjustment
==============================================================================

iter      cost      cost_change  |gradient|   |step|    tr_ratio  tr_radius  ls_iter  iter_time  total_time
   0  5.989599e+03    0.00e+00    7.27e+04   0.00e+00   0.00e+00  1.00e+04        0    1.05e-02    2.75e-02
   1  5.869343e+03    1.20e+02    4.37e+03   5.78e+00   1.00e+00  3.00e+04        1    7.93e-02    1.07e-01
   2  5.867385e+03    1.96e+00    1.40e+04   8.19e+00   9.41e-01  9.00e+04        1    8.60e-02    1.93e-01
   3  5.866231e+03    1.15e+00    2.99e+04   1.05e+01   6.63e-01  9.32e+04        1    8.57e-02    2.79e-01
   4  5.865247e+03    9.83e-01    7.66e+03   5.39e+00   9.68e-01  2.80e+05        1    8.33e-02    3.62e-01
   5  5.865088e+03    1.59e-01    4.10e+03   3.94e+00   9.49e-01  8.39e+05        1    8.45e-02    4.47e-01
   6  5.865066e+03    2.16e-02    3.87e+02   1.23e+00   1.02e+00  2.52e+06        1    8.45e-02    5.31e-01
   7  5.865066e+03    3.71e-04    8.00e+00   1.76e-01   1.08e+00  7.55e+06        1    8.93e-02    6.21e-01
   8  5.865066e+03    6.86e-06    1.65e+00   2.01e-02   1.19e+00  2.27e+07        1    8.87e-02    7.09e-01
   9  5.865066e+03    3.22e-07    6.64e-01   2.63e-03   1.25e+00  6.80e+07        1    8.10e-02    7.90e-01


Bundle adjustment report
------------------------
    Residuals : 18628
   Parameters : 5879
   Iterations : 10
         Time : 0.791526 [s]
 Initial cost : 0.567043 [px]
   Final cost : 0.561117 [px]
  Termination : Convergence

  => Merged observations: 0
  => Completed observations: 6
  => Filtered observations: 4
  => Changed observations: 0.001074

==============================================================================
Global bundle adjustment
==============================================================================

iter      cost      cost_change  |gradient|   |step|    tr_ratio  tr_radius  ls_iter  iter_time  total_time
   0  5.860247e+03    0.00e+00    7.32e+03   0.00e+00   0.00e+00  1.00e+04        0    9.87e-03    2.74e-02
   1  5.843453e+03    1.68e+01    2.45e+01   7.48e-01   1.00e+00  3.00e+04        1    8.27e-02    1.10e-01
   2  5.843428e+03    2.41e-02    4.32e+01   4.32e-01   1.00e+00  9.00e+04        1    8.02e-02    1.90e-01
   3  5.843424e+03    4.68e-03    1.52e+01   3.28e-01   1.00e+00  2.70e+05        1    8.42e-02    2.75e-01
   4  5.843423e+03    7.38e-04    1.15e+01   2.35e-01   1.02e+00  8.10e+05        1    8.06e-02    3.55e-01
   5  5.843423e+03    4.76e-05    1.80e+00   7.77e-02   1.04e+00  2.43e+06        1    8.43e-02    4.40e-01
   6  5.843423e+03    1.04e-06    2.58e-01   1.09e-02   1.09e+00  7.29e+06        1    8.44e-02    5.24e-01


Bundle adjustment report
------------------------
    Residuals : 18618
   Parameters : 5873
   Iterations : 7
         Time : 0.524666 [s]
 Initial cost : 0.561037 [px]
   Final cost : 0.560231 [px]
  Termination : Convergence

  => Merged observations: 1
  => Completed observations: 0
  => Filtered observations: 0
  => Changed observations: 0.000107
  => Filtered images: 0

==============================================================================
Registering image #56 (22)
==============================================================================

  => Image sees 222 / 494 points

Pose refinement report
----------------------
    Residuals : 368
   Parameters : 6
   Iterations : 10
         Time : 0.00351852 [s]
 Initial cost : 0.656784 [px]
   Final cost : 0.633802 [px]
  Termination : Convergence

  => Continued observations: 172
  => Added observations: 184

Bundle adjustment report
------------------------
    Residuals : 5978
   Parameters : 932
   Iterations : 26
         Time : 1.60274 [s]
 Initial cost : 0.700626 [px]
   Final cost : 0.646548 [px]
  Termination : No convergence

  => Merged observations: 47
  => Completed observations: 17
  => Filtered observations: 84
  => Changed observations: 0.049515

Bundle adjustment report
------------------------
    Residuals : 5756
   Parameters : 887
   Iterations : 3
         Time : 0.130969 [s]
 Initial cost : 0.584777 [px]
   Final cost : 0.573447 [px]
  Termination : Convergence

  => Merged observations: 0
  => Completed observations: 9
  => Filtered observations: 0
  => Changed observations: 0.003127

==============================================================================
Registering image #81 (23)
==============================================================================

  => Image sees 222 / 458 points

Pose refinement report
----------------------
    Residuals : 350
   Parameters : 6
   Iterations : 19
         Time : 0.00614134 [s]
 Initial cost : 0.760694 [px]
   Final cost : 0.674535 [px]
  Termination : Convergence

  => Continued observations: 169
  => Added observations: 179

Bundle adjustment report
------------------------
    Residuals : 6632
   Parameters : 1097
   Iterations : 26
         Time : 1.62731 [s]
 Initial cost : 0.694297 [px]
   Final cost : 0.655739 [px]
  Termination : No convergence

  => Merged observations: 5
  => Completed observations: 15
  => Filtered observations: 119
  => Changed observations: 0.041918

Bundle adjustment report
------------------------
    Residuals : 6424
   Parameters : 968
   Iterations : 4
         Time : 0.204134 [s]
 Initial cost : 0.580152 [px]
   Final cost : 0.566751 [px]
  Termination : Convergence

  => Merged observations: 0
  => Completed observations: 13
  => Filtered observations: 0
  => Changed observations: 0.004047

==============================================================================
Registering image #3 (24)
==============================================================================

  => Image sees 171 / 341 points

Pose refinement report
----------------------
    Residuals : 264
   Parameters : 6
   Iterations : 11
         Time : 0.0041037 [s]
 Initial cost : 0.71655 [px]
   Final cost : 0.704928 [px]
  Termination : Convergence

  => Continued observations: 127
  => Added observations: 145

Bundle adjustment report
------------------------
    Residuals : 5252
   Parameters : 998
   Iterations : 20
         Time : 1.21639 [s]
 Initial cost : 0.648757 [px]
   Final cost : 0.61694 [px]
  Termination : Convergence

  => Merged observations: 0
  => Completed observations: 13
  => Filtered observations: 87
  => Changed observations: 0.038081

Bundle adjustment report
------------------------
    Residuals : 5212
   Parameters : 749
   Iterations : 3
         Time : 0.131497 [s]
 Initial cost : 0.604301 [px]
   Final cost : 0.591462 [px]
  Termination : Convergence

  => Merged observations: 0
  => Completed observations: 13
  => Filtered observations: 0
  => Changed observations: 0.004988

==============================================================================
Retriangulation
==============================================================================

  => Merged observations: 7
  => Completed observations: 0
  => Retriangulated observations: 0

==============================================================================
Global bundle adjustment
==============================================================================

iter      cost      cost_change  |gradient|   |step|    tr_ratio  tr_radius  ls_iter  iter_time  total_time
   0  6.780985e+03    0.00e+00    9.64e+04   0.00e+00   0.00e+00  1.00e+04        0    1.03e-02    2.51e-02
   1  6.671107e+03    1.10e+02    1.02e+03   1.34e+01   1.00e+00  3.00e+04        1    8.48e-02    1.10e-01
   2  6.670462e+03    6.45e-01    1.07e+03   1.15e+01   1.03e+00  9.00e+04        1    8.54e-02    1.95e-01
   3  6.670307e+03    1.56e-01    1.60e+03   9.22e+00   9.93e-01  2.70e+05        1    8.68e-02    2.82e-01
   4  6.670279e+03    2.72e-02    4.10e+02   4.60e+00   1.01e+00  8.10e+05        1    8.37e-02    3.66e-01
   5  6.670278e+03    1.07e-03    1.63e+01   9.40e-01   1.04e+00  2.43e+06        1    8.50e-02    4.51e-01
   6  6.670278e+03    1.20e-05    4.43e-01   8.79e-02   1.09e+00  7.29e+06        1    8.43e-02    5.35e-01


Bundle adjustment report
------------------------
    Residuals : 20154
   Parameters : 6266
   Iterations : 7
         Time : 0.536589 [s]
 Initial cost : 0.58005 [px]
   Final cost : 0.575296 [px]
  Termination : Convergence

  => Merged observations: 2
  => Completed observations: 4
  => Filtered observations: 1
  => Changed observations: 0.000695

==============================================================================
Global bundle adjustment
==============================================================================

iter      cost      cost_change  |gradient|   |step|    tr_ratio  tr_radius  ls_iter  iter_time  total_time
   0  6.695949e+03    0.00e+00    3.41e+03   0.00e+00   0.00e+00  1.00e+04        0    1.00e-02    2.45e-02
   1  6.676034e+03    1.99e+01    2.92e+01   2.49e+00   1.00e+00  3.00e+04        1    8.08e-02    1.05e-01
   2  6.676025e+03    9.94e-03    1.11e+01   1.19e+00   1.01e+00  9.00e+04        1    9.70e-02    2.02e-01
   3  6.676024e+03    6.40e-04    6.89e+00   5.86e-01   1.02e+00  2.70e+05        1    8.41e-02    2.87e-01
   4  6.676024e+03    7.01e-05    1.37e+00   2.32e-01   1.02e+00  8.10e+05        1    8.69e-02    3.73e-01
   5  6.676024e+03    2.62e-06    8.48e-01   4.50e-02   1.06e+00  2.43e+06        1    8.52e-02    4.59e-01


Bundle adjustment report
------------------------
    Residuals : 20156
   Parameters : 6263
   Iterations : 6
         Time : 0.459562 [s]
 Initial cost : 0.576373 [px]
   Final cost : 0.575515 [px]
  Termination : Convergence

  => Merged observations: 1
  => Completed observations: 0
  => Filtered observations: 0
  => Changed observations: 0.000099
  => Filtered images: 0

==============================================================================
Registering image #35 (25)
==============================================================================

  => Image sees 218 / 499 points

Pose refinement report
----------------------
    Residuals : 392
   Parameters : 6
   Iterations : 14
         Time : 0.00518698 [s]
 Initial cost : 0.801813 [px]
   Final cost : 0.643073 [px]
  Termination : Convergence

  => Continued observations: 180
  => Added observations: 205

Bundle adjustment report
------------------------
    Residuals : 5984
   Parameters : 938
   Iterations : 24
         Time : 1.47379 [s]
 Initial cost : 0.674572 [px]
   Final cost : 0.641904 [px]
  Termination : Convergence

  => Merged observations: 82
  => Completed observations: 15
  => Filtered observations: 106
  => Changed observations: 0.067848

Bundle adjustment report
------------------------
    Residuals : 5840
   Parameters : 830
   Iterations : 3
         Time : 0.134696 [s]
 Initial cost : 0.609404 [px]
   Final cost : 0.598351 [px]
  Termination : Convergence

  => Merged observations: 0
  => Completed observations: 11
  => Filtered observations: 0
  => Changed observations: 0.003767

==============================================================================
Registering image #22 (26)
==============================================================================

  => Image sees 200 / 552 points

Pose refinement report
----------------------
    Residuals : 344
   Parameters : 6
   Iterations : 12
         Time : 0.00386672 [s]
 Initial cost : 0.611428 [px]
   Final cost : 0.601267 [px]
  Termination : Convergence

  => Continued observations: 162
  => Added observations: 232

Bundle adjustment report
------------------------
    Residuals : 5322
   Parameters : 968
   Iterations : 26
         Time : 1.60914 [s]
 Initial cost : 0.623695 [px]
   Final cost : 0.599669 [px]
  Termination : No convergence

  => Merged observations: 63
  => Completed observations: 12
  => Filtered observations: 85
  => Changed observations: 0.060128

Bundle adjustment report
------------------------
    Residuals : 5166
   Parameters : 872
   Iterations : 3
         Time : 0.13037 [s]
 Initial cost : 0.620986 [px]
   Final cost : 0.610373 [px]
  Termination : Convergence

  => Merged observations: 0
  => Completed observations: 7
  => Filtered observations: 1
  => Changed observations: 0.003097

==============================================================================
Registering image #1 (27)
==============================================================================

  => Image sees 221 / 593 points

Pose refinement report
----------------------
    Residuals : 366
   Parameters : 6
   Iterations : 11
         Time : 0.00389764 [s]
 Initial cost : 0.815959 [px]
   Final cost : 0.608315 [px]
  Termination : Convergence

  => Continued observations: 175
  => Added observations: 271

Bundle adjustment report
------------------------
    Residuals : 5088
   Parameters : 1013
   Iterations : 26
         Time : 1.6056 [s]
 Initial cost : 0.683961 [px]
   Final cost : 0.640733 [px]
  Termination : No convergence

  => Merged observations: 23
  => Completed observations: 14
  => Filtered observations: 77
  => Changed observations: 0.044811

Bundle adjustment report
------------------------
    Residuals : 4962
   Parameters : 950
   Iterations : 3
         Time : 0.13034 [s]
 Initial cost : 0.627232 [px]
   Final cost : 0.616134 [px]
  Termination : Convergence

  => Merged observations: 0
  => Completed observations: 15
  => Filtered observations: 2
  => Changed observations: 0.006852

==============================================================================
Retriangulation
==============================================================================

  => Merged observations: 10
  => Completed observations: 0
  => Retriangulated observations: 0

==============================================================================
Global bundle adjustment
==============================================================================

iter      cost      cost_change  |gradient|   |step|    tr_ratio  tr_radius  ls_iter  iter_time  total_time
   0  7.713570e+03    0.00e+00    1.83e+05   0.00e+00   0.00e+00  1.00e+04        0    1.35e-02    3.47e-02
   1  7.430737e+03    2.83e+02    2.58e+03   1.38e+01   1.00e+00  3.00e+04        1    8.83e-02    1.23e-01
   2  7.429761e+03    9.76e-01    9.24e+02   7.10e+00   1.02e+00  9.00e+04        1    8.76e-02    2.11e-01
   3  7.429565e+03    1.95e-01    1.74e+03   6.93e+00   9.91e-01  2.70e+05        1    8.18e-02    2.93e-01
   4  7.429537e+03    2.80e-02    3.75e+02   2.98e+00   1.01e+00  8.10e+05        1    8.58e-02    3.79e-01
   5  7.429536e+03    8.30e-04    1.13e+01   5.06e-01   1.03e+00  2.43e+06        1    8.72e-02    4.66e-01
   6  7.429536e+03    7.46e-06    2.00e+00   4.08e-02   1.09e+00  7.29e+06        1    8.93e-02    5.55e-01
   7  7.429536e+03    1.05e-07    5.11e-01   2.83e-03   1.15e+00  2.19e+07        1    8.55e-02    6.41e-01


Bundle adjustment report
------------------------
    Residuals : 22230
   Parameters : 6965
   Iterations : 8
         Time : 0.641984 [s]
 Initial cost : 0.589058 [px]
   Final cost : 0.578111 [px]
  Termination : Convergence

  => Merged observations: 5
  => Completed observations: 0
  => Filtered observations: 4
  => Changed observations: 0.000810

==============================================================================
Global bundle adjustment
==============================================================================

iter      cost      cost_change  |gradient|   |step|    tr_ratio  tr_radius  ls_iter  iter_time  total_time
   0  7.439928e+03    0.00e+00    1.85e+03   0.00e+00   0.00e+00  1.00e+04        0    1.04e-02    2.69e-02
   1  7.429085e+03    1.08e+01    4.59e+01   1.02e+00   1.00e+00  3.00e+04        1    8.59e-02    1.13e-01
   2  7.429059e+03    2.55e-02    2.96e+01   3.01e-01   1.01e+00  9.00e+04        1    8.91e-02    2.02e-01
   3  7.429055e+03    4.37e-03    1.17e+01   4.81e-01   1.01e+00  2.70e+05        1    8.62e-02    2.88e-01
   4  7.429055e+03    4.03e-04    4.03e+00   2.78e-01   1.01e+00  8.10e+05        1    8.63e-02    3.75e-01
   5  7.429055e+03    1.02e-05    1.04e+00   4.97e-02   1.04e+00  2.43e+06        1    8.93e-02    4.64e-01
   6  7.429055e+03    1.01e-07    3.06e-01   3.93e-03   1.09e+00  7.29e+06        1    9.64e-02    5.60e-01


Bundle adjustment report
------------------------
    Residuals : 22230
   Parameters : 6959
   Iterations : 7
         Time : 0.561674 [s]
 Initial cost : 0.578515 [px]
   Final cost : 0.578092 [px]
  Termination : Convergence

  => Merged observations: 2
  => Completed observations: 0
  => Filtered observations: 0
  => Changed observations: 0.000180
  => Filtered images: 0

==============================================================================
Registering image #41 (28)
==============================================================================

  => Image sees 253 / 560 points

Pose refinement report
----------------------
    Residuals : 462
   Parameters : 6
   Iterations : 11
         Time : 0.00476028 [s]
 Initial cost : 0.85954 [px]
   Final cost : 0.58371 [px]
  Termination : Convergence

  => Continued observations: 216
  => Added observations: 208

Bundle adjustment report
------------------------
    Residuals : 5400
   Parameters : 1085
   Iterations : 26
         Time : 1.64668 [s]
 Initial cost : 0.631914 [px]
   Final cost : 0.588183 [px]
  Termination : No convergence

  => Merged observations: 51
  => Completed observations: 14
  => Filtered observations: 60
  => Changed observations: 0.046296

Bundle adjustment report
------------------------
    Residuals : 5294
   Parameters : 1034
   Iterations : 3
         Time : 0.136248 [s]
 Initial cost : 0.608312 [px]
   Final cost : 0.59476 [px]
  Termination : Convergence

  => Merged observations: 8
  => Completed observations: 11
  => Filtered observations: 0
  => Changed observations: 0.007178

==============================================================================
Registering image #61 (29)
==============================================================================

  => Image sees 175 / 370 points

Pose refinement report
----------------------
    Residuals : 306
   Parameters : 6
   Iterations : 14
         Time : 0.00404418 [s]
 Initial cost : 0.69301 [px]
   Final cost : 0.669225 [px]
  Termination : Convergence

  => Continued observations: 146
  => Added observations: 94

Bundle adjustment report
------------------------
    Residuals : 5016
   Parameters : 854
   Iterations : 17
         Time : 1.02948 [s]
 Initial cost : 0.562182 [px]
   Final cost : 0.518423 [px]
  Termination : Convergence

  => Merged observations: 23
  => Completed observations: 7
  => Filtered observations: 38
  => Changed observations: 0.027113

Bundle adjustment report
------------------------
    Residuals : 4480
   Parameters : 920
   Iterations : 3
         Time : 0.137191 [s]
 Initial cost : 0.627864 [px]
   Final cost : 0.613895 [px]
  Termination : Convergence

  => Merged observations: 12
  => Completed observations: 2
  => Filtered observations: 0
  => Changed observations: 0.006250

==============================================================================
Registering image #51 (30)
==============================================================================

  => Image sees 170 / 365 points

Pose refinement report
----------------------
    Residuals : 324
   Parameters : 6
   Iterations : 11
         Time : 0.00495953 [s]
 Initial cost : 0.651482 [px]
   Final cost : 0.610869 [px]
  Termination : Convergence

  => Continued observations: 152
  => Added observations: 152

Bundle adjustment report
------------------------
    Residuals : 4584
   Parameters : 917
   Iterations : 12
         Time : 0.718563 [s]
 Initial cost : 0.545466 [px]
   Final cost : 0.511076 [px]
  Termination : Convergence

  => Merged observations: 35
  => Completed observations: 15
  => Filtered observations: 30
  => Changed observations: 0.034904

Bundle adjustment report
------------------------
    Residuals : 4588
   Parameters : 896
   Iterations : 3
         Time : 0.138744 [s]
 Initial cost : 0.591604 [px]
   Final cost : 0.580792 [px]
  Termination : Convergence

  => Merged observations: 14
  => Completed observations: 4
  => Filtered observations: 0
  => Changed observations: 0.007847

==============================================================================
Retriangulation
==============================================================================

  => Merged observations: 13
  => Completed observations: 40
  => Retriangulated observations: 0

==============================================================================
Global bundle adjustment
==============================================================================

iter      cost      cost_change  |gradient|   |step|    tr_ratio  tr_radius  ls_iter  iter_time  total_time
   0  8.400528e+03    0.00e+00    2.72e+05   0.00e+00   0.00e+00  1.00e+04        0    1.50e-02    4.10e-02
   1  8.128862e+03    2.72e+02    2.71e+03   8.08e+00   1.00e+00  3.00e+04        1    8.71e-02    1.28e-01
   2  8.127491e+03    1.37e+00    4.25e+03   8.32e+00   9.93e-01  9.00e+04        1    1.00e-01    2.28e-01
   3  8.126999e+03    4.93e-01    4.48e+03   7.13e+00   9.79e-01  2.70e+05        1    9.69e-02    3.25e-01
   4  8.126927e+03    7.13e-02    7.73e+02   2.74e+00   1.01e+00  8.10e+05        1    9.88e-02    4.24e-01
   5  8.126925e+03    1.87e-03    2.02e+01   4.40e-01   1.03e+00  2.43e+06        1    9.60e-02    5.20e-01
   6  8.126925e+03    1.54e-05    7.00e-01   3.61e-02   1.09e+00  7.29e+06        1    9.94e-02    6.19e-01


Bundle adjustment report
------------------------
    Residuals : 24046
   Parameters : 7463
   Iterations : 7
         Time : 0.620668 [s]
 Initial cost : 0.59106 [px]
   Final cost : 0.581355 [px]
  Termination : Convergence

  => Merged observations: 8
  => Completed observations: 0
  => Filtered observations: 3
  => Changed observations: 0.000915

==============================================================================
Global bundle adjustment
==============================================================================

iter      cost      cost_change  |gradient|   |step|    tr_ratio  tr_radius  ls_iter  iter_time  total_time
   0  8.160640e+03    0.00e+00    3.47e+03   0.00e+00   0.00e+00  1.00e+04        0    1.09e-02    2.88e-02
   1  8.147053e+03    1.36e+01    8.90e+01   7.34e-01   1.00e+00  3.00e+04        1    9.14e-02    1.20e-01
   2  8.146987e+03    6.53e-02    2.86e+01   3.12e-01   1.01e+00  9.00e+04        1    9.07e-02    2.11e-01
   3  8.146977e+03    1.06e-02    5.69e+01   5.36e-01   1.01e+00  2.70e+05        1    9.08e-02    3.02e-01
   4  8.146976e+03    1.04e-03    1.13e+01   2.59e-01   1.02e+00  8.10e+05        1    9.44e-02    3.96e-01
   5  8.146976e+03    2.50e-05    8.55e-01   4.32e-02   1.05e+00  2.43e+06        1    9.17e-02    4.88e-01


Bundle adjustment report
------------------------
    Residuals : 24056
   Parameters : 7460
   Iterations : 6
         Time : 0.489313 [s]
 Initial cost : 0.582439 [px]
   Final cost : 0.581951 [px]
  Termination : Convergence

  => Merged observations: 1
  => Completed observations: 0
  => Filtered observations: 0
  => Changed observations: 0.000083
  => Filtered images: 0

==============================================================================
Registering image #47 (31)
==============================================================================

  => Image sees 169 / 446 points

Pose refinement report
----------------------
    Residuals : 290
   Parameters : 6
   Iterations : 10
         Time : 0.00284687 [s]
 Initial cost : 0.630445 [px]
   Final cost : 0.623332 [px]
  Termination : Convergence

  => Continued observations: 141
  => Added observations: 97

Bundle adjustment report
------------------------
    Residuals : 4114
   Parameters : 938
   Iterations : 26
         Time : 1.63189 [s]
 Initial cost : 0.547885 [px]
   Final cost : 0.514012 [px]
  Termination : No convergence

  => Merged observations: 69
  => Completed observations: 11
  => Filtered observations: 27
  => Changed observations: 0.052018

Bundle adjustment report
------------------------
    Residuals : 4054
   Parameters : 806
   Iterations : 3
         Time : 0.132644 [s]
 Initial cost : 0.630123 [px]
   Final cost : 0.621506 [px]
  Termination : Convergence

  => Merged observations: 0
  => Completed observations: 0
  => Filtered observations: 0
  => Changed observations: 0.000000

==============================================================================
Registering image #8 (32)
==============================================================================

  => Image sees 175 / 385 points

Pose refinement report
----------------------
    Residuals : 312
   Parameters : 6
   Iterations : 11
         Time : 0.00766355 [s]
 Initial cost : 0.593884 [px]
   Final cost : 0.585017 [px]
  Termination : Convergence

  => Continued observations: 150
  => Added observations: 161

Bundle adjustment report
------------------------
    Residuals : 3802
   Parameters : 869
   Iterations : 13
         Time : 0.765535 [s]
 Initial cost : 0.555844 [px]
   Final cost : 0.523619 [px]
  Termination : Convergence

  => Merged observations: 37
  => Completed observations: 3
  => Filtered observations: 30
  => Changed observations: 0.036823

Bundle adjustment report
------------------------
    Residuals : 3732
   Parameters : 842
   Iterations : 3
         Time : 0.145805 [s]
 Initial cost : 0.587061 [px]
   Final cost : 0.575348 [px]
  Termination : Convergence

  => Merged observations: 0
  => Completed observations: 7
  => Filtered observations: 0
  => Changed observations: 0.003751

==============================================================================
Registering image #74 (33)
==============================================================================

  => Image sees 133 / 276 points

Pose refinement report
----------------------
    Residuals : 228
   Parameters : 6
   Iterations : 19
         Time : 0.00414637 [s]
 Initial cost : 0.825782 [px]
   Final cost : 0.766695 [px]
  Termination : Convergence

  => Continued observations: 102
  => Added observations: 107

Bundle adjustment report
------------------------
    Residuals : 5702
   Parameters : 641
   Iterations : 16
         Time : 0.954696 [s]
 Initial cost : 0.658404 [px]
   Final cost : 0.631941 [px]
  Termination : Convergence

  => Merged observations: 18
  => Completed observations: 20
  => Filtered observations: 87
  => Changed observations: 0.043844

Bundle adjustment report
------------------------
    Residuals : 5090
   Parameters : 617
   Iterations : 3
         Time : 0.131572 [s]
 Initial cost : 0.631832 [px]
   Final cost : 0.621717 [px]
  Termination : Convergence

  => Merged observations: 0
  => Completed observations: 11
  => Filtered observations: 1
  => Changed observations: 0.004715

==============================================================================
Retriangulation
==============================================================================

  => Merged observations: 5
  => Completed observations: 49
  => Retriangulated observations: 0

==============================================================================
Global bundle adjustment
==============================================================================

iter      cost      cost_change  |gradient|   |step|    tr_ratio  tr_radius  ls_iter  iter_time  total_time
   0  8.976174e+03    0.00e+00    1.16e+05   0.00e+00   0.00e+00  1.00e+04        0    1.61e-02    3.52e-02
   1  8.784161e+03    1.92e+02    5.98e+03   1.26e+00   9.99e-01  3.00e+04        1    8.81e-02    1.23e-01
   2  8.783901e+03    2.60e-01    4.01e+02   7.93e-01   1.02e+00  9.00e+04        1    1.00e-01    2.23e-01
   3  8.783893e+03    7.92e-03    2.10e+01   2.31e-01   1.04e+00  2.70e+05        1    9.95e-02    3.23e-01
   4  8.783893e+03    1.59e-04    1.76e+00   3.03e-02   1.09e+00  8.10e+05        1    9.90e-02    4.22e-01
   5  8.783893e+03    4.82e-06    1.57e+00   4.44e-03   1.18e+00  2.43e+06        1    9.91e-02    5.21e-01
   6  8.783893e+03    2.87e-07    9.11e-01   5.20e-04   1.23e+00  7.29e+06        1    9.75e-02    6.19e-01


Bundle adjustment report
------------------------
    Residuals : 25392
   Parameters : 7856
   Iterations : 7
         Time : 0.620184 [s]
 Initial cost : 0.594562 [px]
   Final cost : 0.588159 [px]
  Termination : Convergence

  => Merged observations: 2
  => Completed observations: 0
  => Filtered observations: 4
  => Changed observations: 0.000473
  => Filtered images: 0

==============================================================================
Registering image #59 (34)
==============================================================================

  => Image sees 139 / 297 points

Pose refinement report
----------------------
    Residuals : 240
   Parameters : 6
   Iterations : 12
         Time : 0.002854 [s]
 Initial cost : 0.713744 [px]
   Final cost : 0.68146 [px]
  Termination : Convergence

  => Continued observations: 113
  => Added observations: 96

Bundle adjustment report
------------------------
    Residuals : 5434
   Parameters : 650
   Iterations : 23
         Time : 1.3923 [s]
 Initial cost : 0.559247 [px]
   Final cost : 0.535964 [px]
  Termination : Convergence

  => Merged observations: 27
  => Completed observations: 6
  => Filtered observations: 38
  => Changed observations: 0.026132

Bundle adjustment report
------------------------
    Residuals : 5364
   Parameters : 614
   Iterations : 3
         Time : 0.130076 [s]
 Initial cost : 0.604639 [px]
   Final cost : 0.59969 [px]
  Termination : Convergence

  => Merged observations: 0
  => Completed observations: 3
  => Filtered observations: 0
  => Changed observations: 0.001119

==============================================================================
Registering image #6 (35)
==============================================================================

  => Image sees 144 / 240 points

Pose refinement report
----------------------
    Residuals : 250
   Parameters : 6
   Iterations : 11
         Time : 0.0026162 [s]
 Initial cost : 0.623855 [px]
   Final cost : 0.619278 [px]
  Termination : Convergence

  => Continued observations: 122
  => Added observations: 58

Bundle adjustment report
------------------------
    Residuals : 3420
   Parameters : 659
   Iterations : 26
         Time : 1.59848 [s]
 Initial cost : 0.588292 [px]
   Final cost : 0.544443 [px]
  Termination : No convergence

  => Merged observations: 37
  => Completed observations: 4
  => Filtered observations: 26
  => Changed observations: 0.039181

Bundle adjustment report
------------------------
    Residuals : 3366
   Parameters : 638
   Iterations : 3
         Time : 0.1358 [s]
 Initial cost : 0.60286 [px]
   Final cost : 0.590296 [px]
  Termination : Convergence

  => Merged observations: 0
  => Completed observations: 1
  => Filtered observations: 0
  => Changed observations: 0.000594

==============================================================================
Registering image #57 (36)
==============================================================================

  => Image sees 108 / 217 points

Pose refinement report
----------------------
    Residuals : 178
   Parameters : 6
   Iterations : 40
         Time : 0.0104168 [s]
 Initial cost : 0.768029 [px]
   Final cost : 0.744037 [px]
  Termination : Convergence

  => Continued observations: 84
  => Added observations: 78

Bundle adjustment report
------------------------
    Residuals : 4360
   Parameters : 473
   Iterations : 26
         Time : 1.55741 [s]
 Initial cost : 0.693204 [px]
   Final cost : 0.657252 [px]
  Termination : No convergence

  => Merged observations: 10
  => Completed observations: 10
  => Filtered observations: 65
  => Changed observations: 0.038991

Bundle adjustment report
------------------------
    Residuals : 4724
   Parameters : 401
   Iterations : 3
         Time : 0.129586 [s]
 Initial cost : 0.650513 [px]
   Final cost : 0.640145 [px]
  Termination : Convergence

  => Merged observations: 0
  => Completed observations: 10
  => Filtered observations: 2
  => Changed observations: 0.005080

==============================================================================
Registering image #37 (37)
==============================================================================

  => Image sees 74 / 190 points

Pose refinement report
----------------------
    Residuals : 130
   Parameters : 6
   Iterations : 19
         Time : 0.00250526 [s]
 Initial cost : 0.712895 [px]
   Final cost : 0.663777 [px]
  Termination : Convergence

  => Continued observations: 64
  => Added observations: 48

Bundle adjustment report
------------------------
    Residuals : 2844
   Parameters : 470
   Iterations : 15
         Time : 0.872126 [s]
 Initial cost : 0.536303 [px]
   Final cost : 0.49688 [px]
  Termination : Convergence

  => Merged observations: 0
  => Completed observations: 2
  => Filtered observations: 8
  => Changed observations: 0.007032

Bundle adjustment report
------------------------
    Residuals : 2832
   Parameters : 464
   Iterations : 3
         Time : 0.129706 [s]
 Initial cost : 0.593225 [px]
   Final cost : 0.588533 [px]
  Termination : Convergence

  => Merged observations: 0
  => Completed observations: 4
  => Filtered observations: 0
  => Changed observations: 0.002825

==============================================================================
Retriangulation
==============================================================================

  => Merged observations: 3
  => Completed observations: 0
  => Retriangulated observations: 0

==============================================================================
Global bundle adjustment
==============================================================================

iter      cost      cost_change  |gradient|   |step|    tr_ratio  tr_radius  ls_iter  iter_time  total_time
   0  9.756114e+03    0.00e+00    9.01e+04   0.00e+00   0.00e+00  1.00e+04        0    1.67e-02    3.82e-02
   1  9.506792e+03    2.49e+02    5.69e+03   2.73e+00   1.00e+00  3.00e+04        1    9.96e-02    1.38e-01
   2  9.506382e+03    4.10e-01    1.75e+03   1.76e+00   1.01e+00  9.00e+04        1    1.00e-01    2.38e-01
   3  9.506332e+03    5.01e-02    5.31e+02   1.22e+00   1.01e+00  2.70e+05        1    9.99e-02    3.38e-01
   4  9.506328e+03    3.48e-03    4.65e+01   3.99e-01   1.03e+00  8.10e+05        1    9.92e-02    4.37e-01
   5  9.506328e+03    7.75e-05    1.73e+00   5.52e-02   1.06e+00  2.43e+06        1    1.01e-01    5.38e-01
   6  9.506328e+03    1.24e-06    1.75e+00   4.13e-03   1.15e+00  7.29e+06        1    1.00e-01    6.38e-01
   7  9.506328e+03    4.33e-08    5.09e-01   2.84e-04   1.20e+00  2.19e+07        1    9.50e-02    7.33e-01


Bundle adjustment report
------------------------
    Residuals : 26514
   Parameters : 8144
   Iterations : 8
         Time : 0.734597 [s]
 Initial cost : 0.606598 [px]
   Final cost : 0.598782 [px]
  Termination : Convergence

  => Merged observations: 1
  => Completed observations: 0
  => Filtered observations: 4
  => Changed observations: 0.000377
  => Filtered images: 0

==============================================================================
Registering image #73 (38)
==============================================================================

  => Image sees 97 / 313 points

Pose refinement report
----------------------
    Residuals : 142
   Parameters : 6
   Iterations : 9
         Time : 0.00134604 [s]
 Initial cost : 0.743296 [px]
   Final cost : 0.721599 [px]
  Termination : Convergence

  => Continued observations: 71
  => Added observations: 42

Bundle adjustment report
------------------------
    Residuals : 5238
   Parameters : 248
   Iterations : 12
         Time : 0.668915 [s]
 Initial cost : 0.534141 [px]
   Final cost : 0.507559 [px]
  Termination : Convergence

  => Merged observations: 15
  => Completed observations: 8
  => Filtered observations: 27
  => Changed observations: 0.019091

Bundle adjustment report
------------------------
    Residuals : 5250
   Parameters : 221
   Iterations : 4
         Time : 0.192205 [s]
 Initial cost : 0.633327 [px]
   Final cost : 0.625614 [px]
  Termination : Convergence

  => Merged observations: 0
  => Completed observations: 0
  => Filtered observations: 0
  => Changed observations: 0.000000

==============================================================================
Registering image #21 (39)
==============================================================================

  => Image sees 99 / 308 points

Pose refinement report
----------------------
    Residuals : 164
   Parameters : 6
   Iterations : 8
         Time : 0.0013665 [s]
 Initial cost : 0.608843 [px]
   Final cost : 0.589703 [px]
  Termination : Convergence

  => Continued observations: 81
  => Added observations: 128

Bundle adjustment report
------------------------
    Residuals : 4654
   Parameters : 368
   Iterations : 12
         Time : 0.681473 [s]
 Initial cost : 0.574645 [px]
   Final cost : 0.542883 [px]
  Termination : Convergence

  => Merged observations: 11
  => Completed observations: 5
  => Filtered observations: 32
  => Changed observations: 0.020627

Bundle adjustment report
------------------------
    Residuals : 4718
   Parameters : 353
   Iterations : 5
         Time : 0.253827 [s]
 Initial cost : 0.642385 [px]
   Final cost : 0.624464 [px]
  Termination : Convergence

  => Merged observations: 0
  => Completed observations: 6
  => Filtered observations: 1
  => Changed observations: 0.002967

==============================================================================
Registering image #26 (40)
==============================================================================

  => Image sees 82 / 202 points

Pose refinement report
----------------------
    Residuals : 144
   Parameters : 6
   Iterations : 14
         Time : 0.00198964 [s]
 Initial cost : 0.718758 [px]
   Final cost : 0.618242 [px]
  Termination : Convergence

  => Continued observations: 68
  => Added observations: 54

Bundle adjustment report
------------------------
    Residuals : 2262
   Parameters : 428
   Iterations : 26
         Time : 1.54699 [s]
 Initial cost : 0.581624 [px]
   Final cost : 0.538675 [px]
  Termination : No convergence

  => Merged observations: 41
  => Completed observations: 2
  => Filtered observations: 18
  => Changed observations: 0.053935

Bundle adjustment report
------------------------
    Residuals : 2232
   Parameters : 404
   Iterations : 3
         Time : 0.131604 [s]
 Initial cost : 0.603146 [px]
   Final cost : 0.590964 [px]
  Termination : Convergence

  => Merged observations: 0
  => Completed observations: 0
  => Filtered observations: 1
  => Changed observations: 0.000896

==============================================================================
Registering image #64 (41)
==============================================================================

  => Image sees 69 / 175 points

Pose refinement report
----------------------
    Residuals : 140
   Parameters : 6
   Iterations : 14
         Time : 0.0019865 [s]
 Initial cost : 0.81187 [px]
   Final cost : 0.694261 [px]
  Termination : Convergence

  => Continued observations: 65
  => Added observations: 64

Bundle adjustment report
------------------------
    Residuals : 2156
   Parameters : 467
   Iterations : 26
         Time : 1.56301 [s]
 Initial cost : 0.646085 [px]
   Final cost : 0.613765 [px]
  Termination : No convergence

  => Merged observations: 16
  => Completed observations: 1
  => Filtered observations: 25
  => Changed observations: 0.038961

Bundle adjustment report
------------------------
    Residuals : 2108
   Parameters : 440
   Iterations : 3
         Time : 0.135709 [s]
 Initial cost : 0.646283 [px]
   Final cost : 0.629398 [px]
  Termination : Convergence

  => Merged observations: 0
  => Completed observations: 2
  => Filtered observations: 0
  => Changed observations: 0.001898

==============================================================================
Retriangulation
==============================================================================

  => Merged observations: 6
  => Completed observations: 44
  => Retriangulated observations: 0

==============================================================================
Global bundle adjustment
==============================================================================

iter      cost      cost_change  |gradient|   |step|    tr_ratio  tr_radius  ls_iter  iter_time  total_time
   0  9.965691e+03    0.00e+00    1.28e+05   0.00e+00   0.00e+00  1.00e+04        0    1.30e-02    3.68e-02
   1  9.823088e+03    1.43e+02    3.77e+02   9.84e-01   1.00e+00  3.00e+04        1    9.73e-02    1.34e-01
   2  9.822795e+03    2.93e-01    1.54e+02   1.14e+00   1.01e+00  9.00e+04        1    9.85e-02    2.33e-01
   3  9.822739e+03    5.59e-02    2.33e+02   8.83e-01   1.01e+00  2.70e+05        1    1.06e-01    3.38e-01
   4  9.822731e+03    7.55e-03    4.30e+01   3.45e-01   1.01e+00  8.10e+05        1    9.90e-02    4.37e-01
   5  9.822731e+03    2.40e-04    3.44e+00   5.75e-02   1.04e+00  2.43e+06        1    1.12e-01    5.49e-01
   6  9.822731e+03    3.17e-06    8.29e-01   4.19e-03   1.13e+00  7.29e+06        1    9.95e-02    6.49e-01


Bundle adjustment report
------------------------
    Residuals : 27502
   Parameters : 8447
   Iterations : 7
         Time : 0.650258 [s]
 Initial cost : 0.601965 [px]
   Final cost : 0.597632 [px]
  Termination : Convergence

  => Merged observations: 3
  => Completed observations: 0
  => Filtered observations: 0
  => Changed observations: 0.000218
  => Filtered images: 0

==============================================================================
Registering image #36 (42)
==============================================================================

  => Image sees 91 / 157 points

Pose refinement report
----------------------
    Residuals : 158
   Parameters : 6
   Iterations : 21
         Time : 0.00327953 [s]
 Initial cost : 0.580148 [px]
   Final cost : 0.543249 [px]
  Termination : Convergence

  => Continued observations: 76
  => Added observations: 55

Bundle adjustment report
------------------------
    Residuals : 2424
   Parameters : 404
   Iterations : 20
         Time : 1.17893 [s]
 Initial cost : 0.591591 [px]
   Final cost : 0.561308 [px]
  Termination : Convergence

  => Merged observations: 21
  => Completed observations: 11
  => Filtered observations: 23
  => Changed observations: 0.045380

Bundle adjustment report
------------------------
    Residuals : 2176
   Parameters : 398
   Iterations : 4
         Time : 0.191611 [s]
 Initial cost : 0.596365 [px]
   Final cost : 0.580328 [px]
  Termination : Convergence

  => Merged observations: 0
  => Completed observations: 1
  => Filtered observations: 0
  => Changed observations: 0.000919

==============================================================================
Registering image #17 (43)
==============================================================================

  => Image sees 78 / 153 points

Pose refinement report
----------------------
    Residuals : 140
   Parameters : 6
   Iterations : 13
         Time : 0.00286706 [s]
 Initial cost : 0.648709 [px]
   Final cost : 0.615141 [px]
  Termination : Convergence

  => Continued observations: 65
  => Added observations: 45

Bundle adjustment report
------------------------
    Residuals : 1726
   Parameters : 371
   Iterations : 21
         Time : 1.23211 [s]
 Initial cost : 0.610474 [px]
   Final cost : 0.573073 [px]
  Termination : Convergence

  => Merged observations: 26
  => Completed observations: 10
  => Filtered observations: 20
  => Changed observations: 0.064890

Bundle adjustment report
------------------------
    Residuals : 1714
   Parameters : 350
   Iterations : 3
         Time : 0.131508 [s]
 Initial cost : 0.588027 [px]
   Final cost : 0.561447 [px]
  Termination : Convergence

  => Merged observations: 0
  => Completed observations: 2
  => Filtered observations: 0
  => Changed observations: 0.002334

==============================================================================
Registering image #60 (44)
==============================================================================

  => Image sees 54 / 107 points

Pose refinement report
----------------------
    Residuals : 100
   Parameters : 6
   Iterations : 23
         Time : 0.002352 [s]
 Initial cost : 0.688003 [px]
   Final cost : 0.630479 [px]
  Termination : Convergence

  => Continued observations: 49
  => Added observations: 21

Bundle adjustment report
------------------------
    Residuals : 3134
   Parameters : 224
   Iterations : 20
         Time : 1.17208 [s]
 Initial cost : 0.509785 [px]
   Final cost : 0.486912 [px]
  Termination : Convergence

  => Merged observations: 16
  => Completed observations: 4
  => Filtered observations: 14
  => Changed observations: 0.021698

Bundle adjustment report
------------------------
    Residuals : 3098
   Parameters : 206
   Iterations : 4
         Time : 0.190892 [s]
 Initial cost : 0.546109 [px]
   Final cost : 0.540244 [px]
  Termination : Convergence

  => Merged observations: 0
  => Completed observations: 3
  => Filtered observations: 1
  => Changed observations: 0.002582

==============================================================================
Registering image #52 (45)
==============================================================================

  => Image sees 44 / 101 points

Pose refinement report
----------------------
    Residuals : 76
   Parameters : 6
   Iterations : 21
         Time : 0.00173769 [s]
 Initial cost : 0.786385 [px]
   Final cost : 0.757178 [px]
  Termination : Convergence

  => Continued observations: 38
  => Added observations: 35

Bundle adjustment report
------------------------
    Residuals : 2810
   Parameters : 269
   Iterations : 11
         Time : 0.624095 [s]
 Initial cost : 0.571068 [px]
   Final cost : 0.549614 [px]
  Termination : Convergence

  => Merged observations: 0
  => Completed observations: 4
  => Filtered observations: 11
  => Changed observations: 0.010676

Bundle adjustment report
------------------------
    Residuals : 2824
   Parameters : 272
   Iterations : 3
         Time : 0.129557 [s]
 Initial cost : 0.693389 [px]
   Final cost : 0.686078 [px]
  Termination : Convergence

  => Merged observations: 0
  => Completed observations: 0
  => Filtered observations: 0
  => Changed observations: 0.000000

==============================================================================
Registering image #30 (46)
==============================================================================

  => Image sees 42 / 382 points

Pose refinement report
----------------------
    Residuals : 62
   Parameters : 6
   Iterations : 16
         Time : 0.00133739 [s]
 Initial cost : 0.618052 [px]
   Final cost : 0.597603 [px]
  Termination : Convergence

  => Continued observations: 31
  => Added observations: 43

Bundle adjustment report
------------------------
    Residuals : 3400
   Parameters : 215
   Iterations : 26
         Time : 1.53106 [s]
 Initial cost : 0.58511 [px]
   Final cost : 0.555372 [px]
  Termination : No convergence

  => Merged observations: 0
  => Completed observations: 10
  => Filtered observations: 25
  => Changed observations: 0.020588

Bundle adjustment report
------------------------
    Residuals : 3412
   Parameters : 197
   Iterations : 4
         Time : 0.187692 [s]
 Initial cost : 0.622055 [px]
   Final cost : 0.617476 [px]
  Termination : Convergence

  => Merged observations: 0
  => Completed observations: 0
  => Filtered observations: 0
  => Changed observations: 0.000000

==============================================================================
Retriangulation
==============================================================================

  => Merged observations: 7
  => Completed observations: 0
  => Retriangulated observations: 0

==============================================================================
Global bundle adjustment
==============================================================================

iter      cost      cost_change  |gradient|   |step|    tr_ratio  tr_radius  ls_iter  iter_time  total_time
   0  1.056972e+04    0.00e+00    4.47e+05   0.00e+00   0.00e+00  1.00e+04        0    1.20e-02    3.36e-02
   1  1.019190e+04    3.78e+02    2.14e+03   2.16e+00   1.00e+00  3.00e+04        1    9.49e-02    1.29e-01
   2  1.019142e+04    4.89e-01    4.98e+02   1.19e+00   1.01e+00  9.00e+04        1    9.69e-02    2.26e-01
   3  1.019136e+04    5.40e-02    3.14e+01   5.02e-01   1.01e+00  2.70e+05        1    9.87e-02    3.24e-01
   4  1.019136e+04    4.87e-03    1.03e+01   1.04e-01   1.02e+00  8.10e+05        1    9.69e-02    4.21e-01
   5  1.019136e+04    1.52e-04    3.17e+00   2.04e-02   1.04e+00  2.43e+06        1    9.65e-02    5.18e-01
   6  1.019136e+04    2.12e-06    1.25e+00   1.74e-03   1.11e+00  7.29e+06        1    9.68e-02    6.15e-01
   7  1.019136e+04    5.54e-08    8.67e-01   1.22e-04   1.18e+00  2.19e+07        1    9.34e-02    7.08e-01


Bundle adjustment report
------------------------
    Residuals : 28336
   Parameters : 8654
   Iterations : 8
         Time : 0.709434 [s]
 Initial cost : 0.610748 [px]
   Final cost : 0.599717 [px]
  Termination : Convergence

  => Merged observations: 5
  => Completed observations: 0
  => Filtered observations: 0
  => Changed observations: 0.000353
  => Filtered images: 0

==============================================================================
Registering image #86 (47)
==============================================================================

  => Image sees 35 / 195 points

Pose refinement report
----------------------
    Residuals : 60
   Parameters : 6
   Iterations : 8
         Time : 0.000679791 [s]
 Initial cost : 0.575987 [px]
   Final cost : 0.497369 [px]
  Termination : Convergence

  => Continued observations: 30
  => Added observations: 110

Bundle adjustment report
------------------------
    Residuals : 3042
   Parameters : 362
   Iterations : 26
         Time : 1.54269 [s]
 Initial cost : 0.588836 [px]
   Final cost : 0.566936 [px]
  Termination : No convergence

  => Merged observations: 0
  => Completed observations: 5
  => Filtered observations: 15
  => Changed observations: 0.013149

Bundle adjustment report
------------------------
    Residuals : 2460
   Parameters : 347
   Iterations : 4
         Time : 0.185691 [s]
 Initial cost : 0.679665 [px]
   Final cost : 0.673481 [px]
  Termination : Convergence

  => Merged observations: 0
  => Completed observations: 2
  => Filtered observations: 0
  => Changed observations: 0.001626

==============================================================================
Registering image #45 (48)
==============================================================================

  => Image sees 55 / 317 points

Pose refinement report
----------------------
    Residuals : 102
   Parameters : 6
   Iterations : 13
         Time : 0.00144878 [s]
 Initial cost : 0.792661 [px]
   Final cost : 0.666256 [px]
  Termination : Convergence

  => Continued observations: 51
  => Added observations: 118

Bundle adjustment report
------------------------
    Residuals : 2664
   Parameters : 437
   Iterations : 14
         Time : 0.797796 [s]
 Initial cost : 0.525445 [px]
   Final cost : 0.498378 [px]
  Termination : Convergence

  => Merged observations: 0
  => Completed observations: 9
  => Filtered observations: 17
  => Changed observations: 0.019520

Bundle adjustment report
------------------------
    Residuals : 3234
   Parameters : 389
   Iterations : 3
         Time : 0.129825 [s]
 Initial cost : 0.628481 [px]
   Final cost : 0.613767 [px]
  Termination : Convergence

  => Merged observations: 0
  => Completed observations: 2
  => Filtered observations: 17
  => Changed observations: 0.011750

==============================================================================
Registering image #82 (49)
==============================================================================

  => Image sees 44 / 170 points

Pose refinement report
----------------------
    Residuals : 86
   Parameters : 6
   Iterations : 13
         Time : 0.00129782 [s]
 Initial cost : 0.690488 [px]
   Final cost : 0.664016 [px]
  Termination : Convergence

  => Continued observations: 43
  => Added observations: 47

Bundle adjustment report
------------------------
    Residuals : 2272
   Parameters : 386
   Iterations : 10
         Time : 0.553862 [s]
 Initial cost : 0.512226 [px]
   Final cost : 0.475724 [px]
  Termination : Convergence

  => Merged observations: 0
  => Completed observations: 1
  => Filtered observations: 7
  => Changed observations: 0.007042

Bundle adjustment report
------------------------
    Residuals : 2262
   Parameters : 386
   Iterations : 3
         Time : 0.128266 [s]
 Initial cost : 0.587683 [px]
   Final cost : 0.579423 [px]
  Termination : Convergence

  => Merged observations: 0
  => Completed observations: 1
  => Filtered observations: 0
  => Changed observations: 0.000884

==============================================================================
Registering image #85 (50)
==============================================================================

  => Image sees 44 / 214 points

Pose refinement report
----------------------
    Residuals : 82
   Parameters : 6
   Iterations : 19
         Time : 0.0016747 [s]
 Initial cost : 0.743681 [px]
   Final cost : 0.719035 [px]
  Termination : Convergence

  => Continued observations: 41
  => Added observations: 35

Bundle adjustment report
------------------------
    Residuals : 2042
   Parameters : 428
   Iterations : 9
         Time : 0.505178 [s]
 Initial cost : 0.50746 [px]
   Final cost : 0.443189 [px]
  Termination : Convergence

  => Merged observations: 0
  => Completed observations: 1
  => Filtered observations: 4
  => Changed observations: 0.004897

Bundle adjustment report
------------------------
    Residuals : 2034
   Parameters : 425
   Iterations : 3
         Time : 0.12806 [s]
 Initial cost : 0.54936 [px]
   Final cost : 0.541071 [px]
  Termination : Convergence

  => Merged observations: 0
  => Completed observations: 5
  => Filtered observations: 1
  => Changed observations: 0.005900

==============================================================================
Registering image #87 (51)
==============================================================================

  => Image sees 50 / 168 points

Pose refinement report
----------------------
    Residuals : 86
   Parameters : 6
   Iterations : 8
         Time : 0.000803339 [s]
 Initial cost : 0.680491 [px]
   Final cost : 0.658658 [px]
  Termination : Convergence

  => Continued observations: 43
  => Added observations: 50

Bundle adjustment report
------------------------
    Residuals : 1168
   Parameters : 491
   Iterations : 14
         Time : 0.817247 [s]
 Initial cost : 0.602168 [px]
   Final cost : 0.56455 [px]
  Termination : Convergence

  => Merged observations: 5
  => Completed observations: 3
  => Filtered observations: 28
  => Changed observations: 0.061644

Bundle adjustment report
------------------------
    Residuals : 1144
   Parameters : 482
   Iterations : 3
         Time : 0.123732 [s]
 Initial cost : 0.641442 [px]
   Final cost : 0.619144 [px]
  Termination : Convergence

  => Merged observations: 0
  => Completed observations: 4
  => Filtered observations: 9
  => Changed observations: 0.022727

==============================================================================
Retriangulation
==============================================================================

  => Merged observations: 51
  => Completed observations: 5
  => Retriangulated observations: 0

==============================================================================
Global bundle adjustment
==============================================================================

iter      cost      cost_change  |gradient|   |step|    tr_ratio  tr_radius  ls_iter  iter_time  total_time
   0  2.492126e+04    0.00e+00    4.10e+06   0.00e+00   0.00e+00  1.00e+04        0    1.32e-02    4.51e-02

CHOLMOD version 3.0.14, Oct 22, 2019: Symbolic Analysis: status: OK
  Architecture: Linux
    sizeof(int):      4
    sizeof(SuiteSparse_long):  8
    sizeof(void *):   8
    sizeof(double):   8
    sizeof(Int):      4 (CHOLMOD's basic integer)
    sizeof(BLAS_INT): 4 (integer used in the BLAS)
  Results from most recent analysis:
    Cholesky flop count: 7.5958e+06
    Nonzeros in L:       42033
  memory blocks in use:          11
  memory in use (MB):           0.0
  peak memory usage (MB):       0.2
  maxrank:    update/downdate rank:   8
  supernodal control: 1 40 (supernodal if flops/lnz >= 40)
  nmethods:   number of ordering methods to try: 1
    method 0: natural
        flop count: 7.5958e+06
        nnz(L):     42033
  OK
   1  1.084467e+04    1.41e+04    7.64e+03   4.03e+00   1.00e+00  3.00e+04        1    1.30e-01    1.75e-01
   2  1.084283e+04    1.84e+00    5.10e+02   1.77e+00   9.98e-01  9.00e+04        1    1.14e-01    2.89e-01
   3  1.084266e+04    1.62e-01    1.51e+02   7.73e-01   1.01e+00  2.70e+05        1    1.15e-01    4.04e-01
   4  1.084265e+04    1.32e-02    2.68e+01   2.08e-01   1.02e+00  8.10e+05        1    1.13e-01    5.17e-01
   5  1.084265e+04    3.91e-04    5.72e+00   3.48e-02   1.06e+00  2.43e+06        1    1.12e-01    6.28e-01
   6  1.084265e+04    6.36e-06    1.66e+00   2.69e-03   1.14e+00  7.29e+06        1    1.27e-01    7.56e-01
   7  1.084265e+04    2.11e-07    1.80e+00   1.80e-04   1.21e+00  2.19e+07        1    1.08e-01    8.64e-01
   8  1.084265e+04    1.12e-08    5.87e-01   4.36e-05   1.23e+00  6.56e+07        1    1.12e-01    9.76e-01


Bundle adjustment report
------------------------
    Residuals : 29432
   Parameters : 9143
   Iterations : 9
         Time : 0.977923 [s]
 Initial cost : 0.920185 [px]
   Final cost : 0.606957 [px]
  Termination : Convergence

  => Merged observations: 24
  => Completed observations: 0
  => Filtered observations: 19
  => Changed observations: 0.002922

==============================================================================
Global bundle adjustment
==============================================================================

iter      cost      cost_change  |gradient|   |step|    tr_ratio  tr_radius  ls_iter  iter_time  total_time
   0  1.076170e+04    0.00e+00    2.29e+04   0.00e+00   0.00e+00  1.00e+04        0    1.27e-02    5.13e-02

CHOLMOD version 3.0.14, Oct 22, 2019: Symbolic Analysis: status: OK
  Architecture: Linux
    sizeof(int):      4
    sizeof(SuiteSparse_long):  8
    sizeof(void *):   8
    sizeof(double):   8
    sizeof(Int):      4 (CHOLMOD's basic integer)
    sizeof(BLAS_INT): 4 (integer used in the BLAS)
  Results from most recent analysis:
    Cholesky flop count: 7.6662e+06
    Nonzeros in L:       42249
  memory blocks in use:          11
  memory in use (MB):           0.0
  peak memory usage (MB):       0.2
  maxrank:    update/downdate rank:   8
  supernodal control: 1 40 (supernodal if flops/lnz >= 40)
  nmethods:   number of ordering methods to try: 1
    method 0: natural
        flop count: 7.6662e+06
        nnz(L):     42249
  OK
   1  1.072231e+04    3.94e+01    3.54e+02   7.33e-01   1.00e+00  3.00e+04        1    1.32e-01    1.83e-01
   2  1.072223e+04    8.41e-02    6.00e+01   2.20e-01   1.02e+00  9.00e+04        1    1.13e-01    2.97e-01
   3  1.072223e+04    4.68e-03    9.17e+00   7.88e-02   1.01e+00  2.70e+05        1    1.07e-01    4.04e-01
   4  1.072223e+04    4.08e-04    3.87e+00   3.31e-02   1.02e+00  8.10e+05        1    1.09e-01    5.13e-01
   5  1.072223e+04    1.18e-05    8.80e-01   6.23e-03   1.05e+00  2.43e+06        1    1.08e-01    6.21e-01


Bundle adjustment report
------------------------
    Residuals : 29442
   Parameters : 9137
   Iterations : 6
         Time : 0.622303 [s]
 Initial cost : 0.604584 [px]
   Final cost : 0.603474 [px]
  Termination : Convergence

  => Merged observations: 2
  => Completed observations: 0
  => Filtered observations: 7
  => Changed observations: 0.000611

==============================================================================
Global bundle adjustment
==============================================================================

iter      cost      cost_change  |gradient|   |step|    tr_ratio  tr_radius  ls_iter  iter_time  total_time
   0  1.068050e+04    0.00e+00    1.43e+03   0.00e+00   0.00e+00  1.00e+04        0    1.26e-02    4.45e-02

CHOLMOD version 3.0.14, Oct 22, 2019: Symbolic Analysis: status: OK
  Architecture: Linux
    sizeof(int):      4
    sizeof(SuiteSparse_long):  8
    sizeof(void *):   8
    sizeof(double):   8
    sizeof(Int):      4 (CHOLMOD's basic integer)
    sizeof(BLAS_INT): 4 (integer used in the BLAS)
  Results from most recent analysis:
    Cholesky flop count: 7.7205e+06
    Nonzeros in L:       42357
  memory blocks in use:          11
  memory in use (MB):           0.0
  peak memory usage (MB):       0.2
  maxrank:    update/downdate rank:   8
  supernodal control: 1 40 (supernodal if flops/lnz >= 40)
  nmethods:   number of ordering methods to try: 1
    method 0: natural
        flop count: 7.7205e+06
        nnz(L):     42357
  OK
   1  1.067491e+04    5.59e+00    8.42e+01   3.41e-01   1.01e+00  3.00e+04        1    1.35e-01    1.80e-01
   2  1.067478e+04    1.34e-01    1.19e+01   1.81e-01   1.04e+00  9.00e+04        1    1.12e-01    2.92e-01
   3  1.067474e+04    3.99e-02    3.06e+01   2.47e-01   1.01e+00  2.70e+05        1    1.13e-01    4.05e-01
   4  1.067473e+04    5.31e-03    1.43e+01   1.37e-01   1.02e+00  8.10e+05        1    1.26e-01    5.31e-01
   5  1.067473e+04    1.60e-04    3.63e+00   2.59e-02   1.04e+00  2.43e+06        1    1.12e-01    6.43e-01
   6  1.067473e+04    2.07e-06    7.99e-01   1.87e-03   1.13e+00  7.29e+06        1    1.18e-01    7.62e-01


Bundle adjustment report
------------------------
    Residuals : 29432
   Parameters : 9128
   Iterations : 7
         Time : 0.763345 [s]
 Initial cost : 0.602401 [px]
   Final cost : 0.602239 [px]
  Termination : Convergence

  => Merged observations: 2
  => Completed observations: 0
  => Filtered observations: 0
  => Changed observations: 0.000136
  => Filtered images: 0

==============================================================================
Registering image #84 (52)
==============================================================================

  => Image sees 38 / 204 points

Pose refinement report
----------------------
    Residuals : 74
   Parameters : 6
   Iterations : 15
         Time : 0.00127154 [s]
 Initial cost : 0.69303 [px]
   Final cost : 0.654532 [px]
  Termination : Convergence

  => Continued observations: 37
  => Added observations: 35

Bundle adjustment report
------------------------
    Residuals : 1834
   Parameters : 554
   Iterations : 26
         Time : 1.5745 [s]
 Initial cost : 0.666529 [px]
   Final cost : 0.643717 [px]
  Termination : No convergence

  => Merged observations: 0
  => Completed observations: 1
  => Filtered observations: 20
  => Changed observations: 0.022901

Bundle adjustment report
------------------------
    Residuals : 1796
   Parameters : 548
   Iterations : 3
         Time : 0.14211 [s]
 Initial cost : 0.717738 [px]
   Final cost : 0.701045 [px]
  Termination : Convergence

  => Merged observations: 0
  => Completed observations: 0
  => Filtered observations: 0
  => Changed observations: 0.000000

==============================================================================
Registering image #67 (53)
==============================================================================

  => Image sees 37 / 257 points

Pose refinement report
----------------------
    Residuals : 66
   Parameters : 6
   Iterations : 26
         Time : 0.00187342 [s]
 Initial cost : 0.740059 [px]
   Final cost : 0.65918 [px]
  Termination : Convergence

  => Continued observations: 33
  => Added observations: 101

Bundle adjustment report
------------------------
    Residuals : 1178
   Parameters : 347
   Iterations : 10
         Time : 0.554712 [s]
 Initial cost : 0.586996 [px]
   Final cost : 0.549461 [px]
  Termination : Convergence

  => Merged observations: 0
  => Completed observations: 3
  => Filtered observations: 4
  => Changed observations: 0.011885

Bundle adjustment report
------------------------
    Residuals : 1110
   Parameters : 359
   Iterations : 3
         Time : 0.130712 [s]
 Initial cost : 0.657654 [px]
   Final cost : 0.642869 [px]
  Termination : Convergence

  => Merged observations: 0
  => Completed observations: 0
  => Filtered observations: 0
  => Changed observations: 0.000000

==============================================================================
Registering image #31 (54)
==============================================================================

  => Image sees 55 / 398 points

Pose refinement report
----------------------
    Residuals : 104
   Parameters : 6
   Iterations : 11
         Time : 0.00121568 [s]
 Initial cost : 0.684209 [px]
   Final cost : 0.675191 [px]
  Termination : Convergence

  => Continued observations: 52
  => Added observations: 122

Bundle adjustment report
------------------------
    Residuals : 1218
   Parameters : 452
   Iterations : 15
         Time : 0.874651 [s]
 Initial cost : 0.617791 [px]
   Final cost : 0.576318 [px]
  Termination : Convergence

  => Merged observations: 0
  => Completed observations: 1
  => Filtered observations: 9
  => Changed observations: 0.016420

Bundle adjustment report
------------------------
    Residuals : 1202
   Parameters : 452
   Iterations : 3
         Time : 0.132412 [s]
 Initial cost : 0.664488 [px]
   Final cost : 0.651697 [px]
  Termination : Convergence

  => Merged observations: 0
  => Completed observations: 1
  => Filtered observations: 0
  => Changed observations: 0.001664

==============================================================================
Registering image #40 (55)
==============================================================================

  => Image sees 71 / 444 points

Pose refinement report
----------------------
    Residuals : 134
   Parameters : 6
   Iterations : 15
         Time : 0.00209424 [s]
 Initial cost : 0.706658 [px]
   Final cost : 0.664686 [px]
  Termination : Convergence

  => Continued observations: 67
  => Added observations: 105

Bundle adjustment report
------------------------
    Residuals : 1340
   Parameters : 515
   Iterations : 10
         Time : 0.564426 [s]
 Initial cost : 0.632588 [px]
   Final cost : 0.585481 [px]
  Termination : Convergence

  => Merged observations: 0
  => Completed observations: 5
  => Filtered observations: 16
  => Changed observations: 0.031343

Bundle adjustment report
------------------------
    Residuals : 1330
   Parameters : 509
   Iterations : 4
         Time : 0.19435 [s]
 Initial cost : 0.645021 [px]
   Final cost : 0.628555 [px]
  Termination : Convergence

  => Merged observations: 0
  => Completed observations: 0
  => Filtered observations: 0
  => Changed observations: 0.000000

==============================================================================
Registering image #83 (56)
==============================================================================

  => Image sees 65 / 432 points

Pose refinement report
----------------------
    Residuals : 122
   Parameters : 6
   Iterations : 14
         Time : 0.00280297 [s]
 Initial cost : 0.687153 [px]
   Final cost : 0.662871 [px]
  Termination : Convergence

  => Continued observations: 61
  => Added observations: 85

Bundle adjustment report
------------------------
    Residuals : 1480
   Parameters : 569
   Iterations : 26
         Time : 1.57325 [s]
 Initial cost : 0.583258 [px]
   Final cost : 0.543748 [px]
  Termination : No convergence

  => Merged observations: 0
  => Completed observations: 2
  => Filtered observations: 12
  => Changed observations: 0.018919

Bundle adjustment report
------------------------
    Residuals : 1460
   Parameters : 560
   Iterations : 3
         Time : 0.134372 [s]
 Initial cost : 0.612103 [px]
   Final cost : 0.594644 [px]
  Termination : Convergence

  => Merged observations: 0
  => Completed observations: 2
  => Filtered observations: 0
  => Changed observations: 0.002740

==============================================================================
Registering image #69 (57)
==============================================================================

  => Image sees 70 / 435 points

Pose refinement report
----------------------
    Residuals : 140
   Parameters : 6
   Iterations : 10
         Time : 0.00145547 [s]
 Initial cost : 0.6103 [px]
   Final cost : 0.588661 [px]
  Termination : Convergence

  => Continued observations: 70
  => Added observations: 139

Bundle adjustment report
------------------------
    Residuals : 1654
   Parameters : 650
   Iterations : 26
         Time : 1.60108 [s]
 Initial cost : 0.549519 [px]
   Final cost : 0.517166 [px]
  Termination : No convergence

  => Merged observations: 0
  => Completed observations: 1
  => Filtered observations: 10
  => Changed observations: 0.013301

Bundle adjustment report
------------------------
    Residuals : 1624
   Parameters : 638
   Iterations : 3
         Time : 0.133211 [s]
 Initial cost : 0.571494 [px]
   Final cost : 0.56062 [px]
  Termination : Convergence

  => Merged observations: 0
  => Completed observations: 6
  => Filtered observations: 1
  => Changed observations: 0.008621

==============================================================================
Retriangulation
==============================================================================

  => Merged observations: 19
  => Completed observations: 0
  => Retriangulated observations: 0

==============================================================================
Global bundle adjustment
==============================================================================

iter      cost      cost_change  |gradient|   |step|    tr_ratio  tr_radius  ls_iter  iter_time  total_time
   0  1.713960e+04    0.00e+00    2.53e+06   0.00e+00   0.00e+00  1.00e+04        0    1.41e-02    6.47e-02

CHOLMOD version 3.0.14, Oct 22, 2019: Symbolic Analysis: status: OK
  Architecture: Linux
    sizeof(int):      4
    sizeof(SuiteSparse_long):  8
    sizeof(void *):   8
    sizeof(double):   8
    sizeof(Int):      4 (CHOLMOD's basic integer)
    sizeof(BLAS_INT): 4 (integer used in the BLAS)
  Results from most recent analysis:
    Cholesky flop count: 7.9392e+06
    Nonzeros in L:       44607
  memory blocks in use:          11
  memory in use (MB):           0.0
  peak memory usage (MB):       0.2
  maxrank:    update/downdate rank:   8
  supernodal control: 1 40 (supernodal if flops/lnz >= 40)
  nmethods:   number of ordering methods to try: 1
    method 0: natural
        flop count: 7.9392e+06
        nnz(L):     44607
  OK
   1  1.128484e+04    5.85e+03    4.72e+03   5.82e+00   1.00e+00  3.00e+04        1    1.37e-01    2.02e-01
   2  1.128282e+04    2.01e+00    1.68e+03   6.99e+00   8.65e-01  4.90e+04        1    1.20e-01    3.21e-01
   3  1.128184e+04    9.90e-01    1.65e+03   7.09e+00   7.46e-01  5.57e+04        1    1.11e-01    4.32e-01
   4  1.128112e+04    7.14e-01    8.22e+02   5.51e+00   8.73e-01  9.53e+04        1    1.11e-01    5.44e-01
   5  1.128080e+04    3.19e-01    6.88e+02   5.49e+00   7.99e-01  1.21e+05        1    1.17e-01    6.61e-01
   6  1.128063e+04    1.71e-01    2.88e+02   3.79e+00   9.20e-01  2.96e+05        1    1.15e-01    7.76e-01
   7  1.128058e+04    4.72e-02    1.67e+02   3.00e+00   9.03e-01  6.24e+05        1    1.16e-01    8.92e-01
   8  1.128058e+04    8.95e-03    2.50e+01   1.20e+00   9.89e-01  1.87e+06        1    1.16e-01    1.01e+00
   9  1.128057e+04    2.70e-04    1.99e+00   2.54e-01   1.01e+00  5.62e+06        1    1.13e-01    1.12e+00
  10  1.128057e+04    1.71e-06    5.78e-01   1.94e-02   1.06e+00  1.68e+07        1    1.03e-01    1.22e+00


Bundle adjustment report
------------------------
    Residuals : 31174
   Parameters : 9914
   Iterations : 11
         Time : 1.22539 [s]
 Initial cost : 0.741488 [px]
   Final cost : 0.601547 [px]
  Termination : Convergence

  => Merged observations: 5
  => Completed observations: 0
  => Filtered observations: 18
  => Changed observations: 0.001476

==============================================================================
Global bundle adjustment
==============================================================================

iter      cost      cost_change  |gradient|   |step|    tr_ratio  tr_radius  ls_iter  iter_time  total_time
   0  1.125593e+04    0.00e+00    2.73e+03   0.00e+00   0.00e+00  1.00e+04        0    1.27e-02    4.70e-02

CHOLMOD version 3.0.14, Oct 22, 2019: Symbolic Analysis: status: OK
  Architecture: Linux
    sizeof(int):      4
    sizeof(SuiteSparse_long):  8
    sizeof(void *):   8
    sizeof(double):   8
    sizeof(Int):      4 (CHOLMOD's basic integer)
    sizeof(BLAS_INT): 4 (integer used in the BLAS)
  Results from most recent analysis:
    Cholesky flop count: 7.9392e+06
    Nonzeros in L:       44607
  memory blocks in use:          11
  memory in use (MB):           0.0
  peak memory usage (MB):       0.2
  maxrank:    update/downdate rank:   8
  supernodal control: 1 40 (supernodal if flops/lnz >= 40)
  nmethods:   number of ordering methods to try: 1
    method 0: natural
        flop count: 7.9392e+06
        nnz(L):     44607
  OK
   1  1.124756e+04    8.36e+00    2.62e+01   4.77e-01   1.00e+00  3.00e+04        1    1.36e-01    1.83e-01
   2  1.124751e+04    4.61e-02    2.18e+01   6.15e-01   1.03e+00  9.00e+04        1    1.10e-01    2.93e-01
   3  1.124750e+04    1.56e-02    1.83e+01   8.52e-01   9.94e-01  2.70e+05        1    1.14e-01    4.08e-01
   4  1.124749e+04    5.08e-03    1.50e+01   7.09e-01   9.87e-01  8.10e+05        1    1.19e-01    5.27e-01
   5  1.124749e+04    5.21e-04    2.02e+00   2.59e-01   1.00e+00  2.43e+06        1    1.13e-01    6.40e-01
   6  1.124749e+04    9.72e-06    9.63e-01   3.51e-02   1.03e+00  7.29e+06        1    1.12e-01    7.52e-01


Bundle adjustment report
------------------------
    Residuals : 31082
   Parameters : 9863
   Iterations : 7
         Time : 0.753735 [s]
 Initial cost : 0.601778 [px]
   Final cost : 0.601552 [px]
  Termination : Convergence

  => Merged observations: 0
  => Completed observations: 0
  => Filtered observations: 1
  => Changed observations: 0.000064
  => Filtered images: 0

==============================================================================
Registering image #66 (58)
==============================================================================

  => Image sees 94 / 447 points

Pose refinement report
----------------------
    Residuals : 190
   Parameters : 6
   Iterations : 33
         Time : 0.00603071 [s]
 Initial cost : 0.671377 [px]
   Final cost : 0.654643 [px]
  Termination : Convergence

  => Continued observations: 94
  => Added observations: 129

Bundle adjustment report
------------------------
    Residuals : 1994
   Parameters : 734
   Iterations : 9
         Time : 0.505071 [s]
 Initial cost : 0.579342 [px]
   Final cost : 0.530421 [px]
  Termination : Convergence

  => Merged observations: 6
  => Completed observations: 7
  => Filtered observations: 21
  => Changed observations: 0.034102

Bundle adjustment report
------------------------
    Residuals : 1888
   Parameters : 683
   Iterations : 3
         Time : 0.133956 [s]
 Initial cost : 0.607833 [px]
   Final cost : 0.596464 [px]
  Termination : Convergence

  => Merged observations: 0
  => Completed observations: 4
  => Filtered observations: 0
  => Changed observations: 0.004237

==============================================================================
Registering image #34 (59)
==============================================================================

  => Image sees 77 / 395 points

Pose refinement report
----------------------
    Residuals : 150
   Parameters : 6
   Iterations : 19
         Time : 0.00294068 [s]
 Initial cost : 0.711959 [px]
   Final cost : 0.644388 [px]
  Termination : Convergence

  => Continued observations: 75
  => Added observations: 68

Bundle adjustment report
------------------------
    Residuals : 1804
   Parameters : 641
   Iterations : 9
         Time : 0.51023 [s]
 Initial cost : 0.532184 [px]
   Final cost : 0.49382 [px]
  Termination : Convergence

  => Merged observations: 0
  => Completed observations: 64
  => Filtered observations: 8
  => Changed observations: 0.079823

Bundle adjustment report
------------------------
    Residuals : 1914
   Parameters : 686
   Iterations : 3
         Time : 0.132819 [s]
 Initial cost : 0.590825 [px]
   Final cost : 0.578323 [px]
  Termination : Convergence

  => Merged observations: 0
  => Completed observations: 10
  => Filtered observations: 0
  => Changed observations: 0.010449

==============================================================================
Registering image #49 (60)
==============================================================================

  => Image sees 68 / 296 points

Pose refinement report
----------------------
    Residuals : 134
   Parameters : 6
   Iterations : 12
         Time : 0.00363647 [s]
 Initial cost : 0.69401 [px]
   Final cost : 0.636487 [px]
  Termination : Convergence

  => Continued observations: 67
  => Added observations: 76

Bundle adjustment report
------------------------
    Residuals : 1934
   Parameters : 656
   Iterations : 26
         Time : 1.5839 [s]
 Initial cost : 0.540045 [px]
   Final cost : 0.505859 [px]
  Termination : No convergence

  => Merged observations: 0
  => Completed observations: 5
  => Filtered observations: 10
  => Changed observations: 0.015512

Bundle adjustment report
------------------------
    Residuals : 1914
   Parameters : 647
   Iterations : 3
         Time : 0.142175 [s]
 Initial cost : 0.596425 [px]
   Final cost : 0.585687 [px]
  Termination : Convergence

  => Merged observations: 0
  => Completed observations: 5
  => Filtered observations: 0
  => Changed observations: 0.005225

==============================================================================
Registering image #55 (61)
==============================================================================

  => Image sees 36 / 166 points

Pose refinement report
----------------------
    Residuals : 74
   Parameters : 6
   Iterations : 14
         Time : 0.00166868 [s]
 Initial cost : 0.881071 [px]
   Final cost : 0.791441 [px]
  Termination : Convergence

  => Continued observations: 33
  => Added observations: 30

Bundle adjustment report
------------------------
    Residuals : 2324
   Parameters : 251
   Iterations : 8
         Time : 0.431544 [s]
 Initial cost : 0.600257 [px]
   Final cost : 0.546395 [px]
  Termination : Convergence

  => Merged observations: 0
  => Completed observations: 1
  => Filtered observations: 22
  => Changed observations: 0.019793

Bundle adjustment report
------------------------
    Residuals : 2166
   Parameters : 188
   Iterations : 3
         Time : 0.129809 [s]
 Initial cost : 0.648378 [px]
   Final cost : 0.637163 [px]
  Termination : Convergence

  => Merged observations: 0
  => Completed observations: 1
  => Filtered observations: 2
  => Changed observations: 0.002770

==============================================================================
Registering image #29 (62)
==============================================================================

  => Image sees 44 / 158 points

Pose refinement report
----------------------
    Residuals : 94
   Parameters : 6
   Iterations : 25
         Time : 0.00237356 [s]
 Initial cost : 0.83834 [px]
   Final cost : 0.782775 [px]
  Termination : Convergence

  => Continued observations: 44
  => Added observations: 19

Bundle adjustment report
------------------------
    Residuals : 1300
   Parameters : 320
   Iterations : 10
         Time : 0.554706 [s]
 Initial cost : 0.636914 [px]
   Final cost : 0.593535 [px]
  Termination : Convergence

  => Merged observations: 0
  => Completed observations: 5
  => Filtered observations: 21
  => Changed observations: 0.040000

Bundle adjustment report
------------------------
    Residuals : 1436
   Parameters : 269
   Iterations : 3
         Time : 0.133479 [s]
 Initial cost : 0.739841 [px]
   Final cost : 0.718582 [px]
  Termination : Convergence

  => Merged observations: 0
  => Completed observations: 0
  => Filtered observations: 4
  => Changed observations: 0.005571

==============================================================================
Registering image #65 (63)
==============================================================================

  => Image sees 35 / 194 points

Pose refinement report
----------------------
    Residuals : 68
   Parameters : 6
   Iterations : 23
         Time : 0.00169495 [s]
 Initial cost : 0.612884 [px]
   Final cost : 0.585885 [px]
  Termination : Convergence

  => Continued observations: 34
  => Added observations: 112

Bundle adjustment report
------------------------
    Residuals : 1902
   Parameters : 599
   Iterations : 26
         Time : 1.59761 [s]
 Initial cost : 0.596607 [px]
   Final cost : 0.511594 [px]
  Termination : No convergence

  => Merged observations: 0
  => Completed observations: 3
  => Filtered observations: 10
  => Changed observations: 0.013670

Bundle adjustment report
------------------------
    Residuals : 1866
   Parameters : 584
   Iterations : 3
         Time : 0.134279 [s]
 Initial cost : 0.599542 [px]
   Final cost : 0.58757 [px]
  Termination : Convergence

  => Merged observations: 0
  => Completed observations: 10
  => Filtered observations: 1
  => Changed observations: 0.011790

==============================================================================
Retriangulation
==============================================================================

  => Merged observations: 24
  => Completed observations: 0
  => Retriangulated observations: 8

==============================================================================
Global bundle adjustment
==============================================================================

iter      cost      cost_change  |gradient|   |step|    tr_ratio  tr_radius  ls_iter  iter_time  total_time
   0  2.136145e+04    0.00e+00    2.42e+06   0.00e+00   0.00e+00  1.00e+04        0    1.34e-02    5.16e-02

CHOLMOD version 3.0.14, Oct 22, 2019: Symbolic Analysis: status: OK
  Architecture: Linux
    sizeof(int):      4
    sizeof(SuiteSparse_long):  8
    sizeof(void *):   8
    sizeof(double):   8
    sizeof(Int):      4 (CHOLMOD's basic integer)
    sizeof(BLAS_INT): 4 (integer used in the BLAS)
  Results from most recent analysis:
    Cholesky flop count: 8.6954e+06
    Nonzeros in L:       49077
  memory blocks in use:          11
  memory in use (MB):           0.0
  peak memory usage (MB):       0.2
  maxrank:    update/downdate rank:   8
  supernodal control: 1 40 (supernodal if flops/lnz >= 40)
  nmethods:   number of ordering methods to try: 1
    method 0: natural
        flop count: 8.6954e+06
        nnz(L):     49077
  OK
   1  1.209131e+04    9.27e+03    2.38e+04   6.16e+00   1.00e+00  3.00e+04        1    1.33e-01    1.85e-01
   2  1.208500e+04    6.31e+00    2.82e+03   6.91e+00   7.92e-01  3.75e+04        1    1.07e-01    2.92e-01
   3  1.208163e+04    3.36e+00    3.30e+03   7.77e+00   7.38e-01  4.20e+04        1    1.06e-01    3.98e-01
   4  1.207922e+04    2.41e+00    2.74e+03   7.81e+00   7.84e-01  5.14e+04        1    1.06e-01    5.04e-01
   5  1.207764e+04    1.58e+00    2.56e+03   8.26e+00   7.51e-01  5.88e+04        1    1.08e-01    6.12e-01
   6  1.207641e+04    1.23e+00    2.05e+03   7.98e+00   7.91e-01  7.33e+04        1    1.03e-01    7.16e-01
   7  1.207556e+04    8.50e-01    1.84e+03   8.08e+00   7.68e-01  8.67e+04        1    1.07e-01    8.23e-01
   8  1.207492e+04    6.40e-01    1.44e+03   7.54e+00   8.04e-01  1.12e+05        1    1.05e-01    9.28e-01
   9  1.207450e+04    4.21e-01    1.22e+03   7.29e+00   7.91e-01  1.39e+05        1    1.07e-01    1.04e+00
  10  1.207422e+04    2.83e-01    8.85e+02   6.47e+00   8.29e-01  1.95e+05        1    1.04e-01    1.14e+00
  11  1.207406e+04    1.61e-01    6.71e+02   5.83e+00   8.29e-01  2.73e+05        1    1.08e-01    1.25e+00
  12  1.207397e+04    8.54e-02    4.03e+02   4.66e+00   8.77e-01  4.77e+05        1    1.09e-01    1.36e+00
  13  1.207394e+04    3.33e-02    2.26e+02   3.56e+00   9.00e-01  9.74e+05        1    1.15e-01    1.47e+00
  14  1.207393e+04    8.82e-03    7.12e+01   2.04e+00   9.61e-01  2.92e+06        1    1.07e-01    1.58e+00
  15  1.207393e+04    8.34e-04    8.40e+00   7.07e-01   9.99e-01  8.77e+06        1    1.07e-01    1.68e+00
  16  1.207393e+04    1.31e-05    4.51e-01   9.13e-02   1.02e+00  2.63e+07        1    1.10e-01    1.79e+00


Bundle adjustment report
------------------------
    Residuals : 32616
   Parameters : 10364
   Iterations : 17
         Time : 1.79694 [s]
 Initial cost : 0.809282 [px]
   Final cost : 0.608428 [px]
  Termination : Convergence

  => Merged observations: 10
  => Completed observations: 15
  => Filtered observations: 39
  => Changed observations: 0.003924

==============================================================================
Global bundle adjustment
==============================================================================

iter      cost      cost_change  |gradient|   |step|    tr_ratio  tr_radius  ls_iter  iter_time  total_time
   0  1.198170e+04    0.00e+00    3.33e+04   0.00e+00   0.00e+00  1.00e+04        0    2.13e-02    6.91e-02

CHOLMOD version 3.0.14, Oct 22, 2019: Symbolic Analysis: status: OK
  Architecture: Linux
    sizeof(int):      4
    sizeof(SuiteSparse_long):  8
    sizeof(void *):   8
    sizeof(double):   8
    sizeof(Int):      4 (CHOLMOD's basic integer)
    sizeof(BLAS_INT): 4 (integer used in the BLAS)
  Results from most recent analysis:
    Cholesky flop count: 8.7682e+06
    Nonzeros in L:       49257
  memory blocks in use:          11
  memory in use (MB):           0.0
  peak memory usage (MB):       0.2
  maxrank:    update/downdate rank:   8
  supernodal control: 1 40 (supernodal if flops/lnz >= 40)
  nmethods:   number of ordering methods to try: 1
    method 0: natural
        flop count: 8.7682e+06
        nnz(L):     49257
  OK
   1  1.191000e+04    7.17e+01    5.48e+02   2.41e+00   1.01e+00  3.00e+04        1    1.23e-01    1.92e-01
   2  1.190920e+04    7.98e-01    1.46e+02   1.60e+00   1.05e+00  9.00e+04        1    1.08e-01    3.00e-01
   3  1.190912e+04    8.76e-02    5.84e+01   1.24e+00   1.04e+00  2.70e+05        1    1.08e-01    4.08e-01
   4  1.190910e+04    1.22e-02    4.31e+01   1.24e+00   1.00e+00  8.10e+05        1    1.12e-01    5.20e-01
   5  1.190910e+04    2.35e-03    1.81e+01   7.77e-01   9.98e-01  2.43e+06        1    1.05e-01    6.26e-01
   6  1.190910e+04    1.55e-04    1.88e+00   2.01e-01   1.02e+00  7.29e+06        1    1.08e-01    7.33e-01
   7  1.190910e+04    2.13e-06    8.28e-01   2.12e-02   1.08e+00  2.19e+07        1    1.08e-01    8.42e-01


Bundle adjustment report
------------------------
    Residuals : 32344
   Parameters : 10268
   Iterations : 8
         Time : 0.843422 [s]
 Initial cost : 0.608643 [px]
   Final cost : 0.606796 [px]
  Termination : Convergence

  => Merged observations: 6
  => Completed observations: 10
  => Filtered observations: 5
  => Changed observations: 0.001299

==============================================================================
Global bundle adjustment
==============================================================================

iter      cost      cost_change  |gradient|   |step|    tr_ratio  tr_radius  ls_iter  iter_time  total_time
   0  1.191170e+04    0.00e+00    8.11e+03   0.00e+00   0.00e+00  1.00e+04        0    1.35e-02    5.84e-02

CHOLMOD version 3.0.14, Oct 22, 2019: Symbolic Analysis: status: OK
  Architecture: Linux
    sizeof(int):      4
    sizeof(SuiteSparse_long):  8
    sizeof(void *):   8
    sizeof(double):   8
    sizeof(Int):      4 (CHOLMOD's basic integer)
    sizeof(BLAS_INT): 4 (integer used in the BLAS)
  Results from most recent analysis:
    Cholesky flop count: 8.7682e+06
    Nonzeros in L:       49257
  memory blocks in use:          11
  memory in use (MB):           0.0
  peak memory usage (MB):       0.2
  maxrank:    update/downdate rank:   8
  supernodal control: 1 40 (supernodal if flops/lnz >= 40)
  nmethods:   number of ordering methods to try: 1
    method 0: natural
        flop count: 8.7682e+06
        nnz(L):     49257
  OK
   1  1.187473e+04    3.70e+01    1.67e+02   1.73e+00   1.01e+00  3.00e+04        1    1.31e-01    1.89e-01
   2  1.187420e+04    5.32e-01    4.17e+02   1.99e+00   1.03e+00  9.00e+04        1    1.09e-01    2.99e-01
   3  1.187406e+04    1.36e-01    3.38e+02   2.70e+00   9.93e-01  2.70e+05        1    1.07e-01    4.06e-01
   4  1.187402e+04    4.66e-02    1.88e+02   2.92e+00   9.10e-01  6.00e+05        1    1.07e-01    5.12e-01
   5  1.187400e+04    1.42e-02    7.59e+01   1.69e+00   9.58e-01  1.80e+06        1    1.11e-01    6.24e-01
   6  1.187400e+04    1.62e-03    9.37e+00   5.84e-01   1.01e+00  5.40e+06        1    1.15e-01    7.38e-01
   7  1.187400e+04    2.94e-05    9.53e-01   8.24e-02   1.03e+00  1.62e+07        1    1.10e-01    8.48e-01


Bundle adjustment report
------------------------
    Residuals : 32332
   Parameters : 10259
   Iterations : 8
         Time : 0.850128 [s]
 Initial cost : 0.606975 [px]
   Final cost : 0.606013 [px]
  Termination : Convergence

  => Merged observations: 1
  => Completed observations: 0
  => Filtered observations: 8
  => Changed observations: 0.000557

==============================================================================
Global bundle adjustment
==============================================================================

iter      cost      cost_change  |gradient|   |step|    tr_ratio  tr_radius  ls_iter  iter_time  total_time
   0  1.182533e+04    0.00e+00    3.35e+03   0.00e+00   0.00e+00  1.00e+04        0    1.41e-02    5.00e-02

CHOLMOD version 3.0.14, Oct 22, 2019: Symbolic Analysis: status: OK
  Architecture: Linux
    sizeof(int):      4
    sizeof(SuiteSparse_long):  8
    sizeof(void *):   8
    sizeof(double):   8
    sizeof(Int):      4 (CHOLMOD's basic integer)
    sizeof(BLAS_INT): 4 (integer used in the BLAS)
  Results from most recent analysis:
    Cholesky flop count: 8.5872e+06
    Nonzeros in L:       48897
  memory blocks in use:          11
  memory in use (MB):           0.0
  peak memory usage (MB):       0.2
  maxrank:    update/downdate rank:   8
  supernodal control: 1 40 (supernodal if flops/lnz >= 40)
  nmethods:   number of ordering methods to try: 1
    method 0: natural
        flop count: 8.5872e+06
        nnz(L):     48897
  OK
   1  1.176545e+04    5.99e+01    1.46e+03   3.06e+00   9.99e-01  3.00e+04        1    1.50e-01    2.00e-01
   2  1.176466e+04    7.89e-01    3.23e+02   8.86e-01   1.02e+00  9.00e+04        1    1.14e-01    3.14e-01
   3  1.176451e+04    1.54e-01    8.32e+01   6.45e-01   1.01e+00  2.70e+05        1    1.17e-01    4.31e-01
   4  1.176448e+04    3.34e-02    1.94e+01   1.22e+00   9.95e-01  8.10e+05        1    1.11e-01    5.43e-01
   5  1.176447e+04    4.20e-03    2.04e+01   8.45e-01   9.96e-01  2.43e+06        1    1.13e-01    6.56e-01
   6  1.176447e+04    2.33e-04    1.61e+00   2.09e-01   1.02e+00  7.29e+06        1    1.11e-01    7.67e-01
   7  1.176447e+04    2.16e-06    1.85e+00   2.18e-02   1.06e+00  2.19e+07        1    1.07e-01    8.74e-01
   8  1.176447e+04    1.72e-08    4.13e-01   1.53e-03   1.12e+00  6.56e+07        1    1.04e-01    9.78e-01


Bundle adjustment report
------------------------
    Residuals : 32286
   Parameters : 10247
   Iterations : 9
         Time : 0.979708 [s]
 Initial cost : 0.605201 [px]
   Final cost : 0.603642 [px]
  Termination : Convergence

  => Merged observations: 1
  => Completed observations: 8
  => Filtered observations: 2
  => Changed observations: 0.000681

==============================================================================
Global bundle adjustment
==============================================================================

iter      cost      cost_change  |gradient|   |step|    tr_ratio  tr_radius  ls_iter  iter_time  total_time
   0  1.176205e+04    0.00e+00    2.70e+03   0.00e+00   0.00e+00  1.00e+04        0    1.40e-02    5.19e-02

CHOLMOD version 3.0.14, Oct 22, 2019: Symbolic Analysis: status: OK
  Architecture: Linux
    sizeof(int):      4
    sizeof(SuiteSparse_long):  8
    sizeof(void *):   8
    sizeof(double):   8
    sizeof(Int):      4 (CHOLMOD's basic integer)
    sizeof(BLAS_INT): 4 (integer used in the BLAS)
  Results from most recent analysis:
    Cholesky flop count: 8.6054e+06
    Nonzeros in L:       49005
  memory blocks in use:          11
  memory in use (MB):           0.0
  peak memory usage (MB):       0.2
  maxrank:    update/downdate rank:   8
  supernodal control: 1 40 (supernodal if flops/lnz >= 40)
  nmethods:   number of ordering methods to try: 1
    method 0: natural
        flop count: 8.6054e+06
        nnz(L):     49005
  OK
   1  1.174432e+04    1.77e+01    1.32e+02   5.80e-01   1.00e+00  3.00e+04        1    1.36e-01    1.88e-01
   2  1.174429e+04    3.09e-02    2.99e+01   1.93e-01   1.01e+00  9.00e+04        1    1.18e-01    3.06e-01
   3  1.174428e+04    7.62e-03    8.19e+00   1.96e-01   1.01e+00  2.70e+05        1    1.18e-01    4.24e-01
   4  1.174428e+04    1.12e-03    6.54e+00   1.11e-01   1.01e+00  8.10e+05        1    1.22e-01    5.46e-01
   5  1.174428e+04    3.95e-05    1.86e+00   3.13e-02   1.03e+00  2.43e+06        1    1.24e-01    6.70e-01
   6  1.174428e+04    4.77e-07    2.00e+00   4.85e-03   1.10e+00  7.29e+06        1    1.19e-01    7.89e-01
   7  1.174428e+04    1.00e-08    5.40e-01   4.56e-04   1.20e+00  2.19e+07        1    1.16e-01    9.05e-01


Bundle adjustment report
------------------------
    Residuals : 32284
   Parameters : 10244
   Iterations : 8
         Time : 0.907192 [s]
 Initial cost : 0.603598 [px]
   Final cost : 0.603142 [px]
  Termination : Convergence

  => Merged observations: 2
  => Completed observations: 0
  => Filtered observations: 0
  => Changed observations: 0.000124
  => Filtered images: 0
  => No good initial image pair found.

Elapsed time: 4.091 [minutes]

==============================================================================
Image undistortion
==============================================================================

Undistorting image [1/63]
Undistorting image [2/63]
Undistorting image [3/63]
Undistorting image [4/63]
Undistorting image [5/63]
Undistorting image [6/63]
Undistorting image [7/63]
Undistorting image [8/63]
Undistorting image [9/63]
Undistorting image [10/63]
Undistorting image [11/63]
Undistorting image [12/63]
Undistorting image [13/63]
Undistorting image [14/63]
Undistorting image [15/63]
Undistorting image [16/63]
Undistorting image [17/63]
Undistorting image [18/63]
Undistorting image [19/63]
Undistorting image [20/63]
Undistorting image [21/63]
Undistorting image [22/63]
Undistorting image [23/63]
Undistorting image [24/63]
Undistorting image [25/63]
Undistorting image [26/63]
Undistorting image [27/63]
Undistorting image [28/63]
Undistorting image [29/63]
Undistorting image [30/63]
Undistorting image [31/63]
Undistorting image [32/63]
Undistorting image [33/63]
Undistorting image [34/63]
Undistorting image [35/63]
Undistorting image [36/63]
Undistorting image [37/63]
Undistorting image [38/63]
Undistorting image [39/63]
Undistorting image [40/63]
Undistorting image [41/63]
Undistorting image [42/63]
Undistorting image [43/63]
Undistorting image [44/63]
Undistorting image [45/63]
Undistorting image [46/63]
Undistorting image [47/63]
Undistorting image [48/63]
Undistorting image [49/63]
Undistorting image [50/63]
Undistorting image [51/63]
Undistorting image [52/63]
Undistorting image [53/63]
Undistorting image [54/63]
Undistorting image [55/63]
Undistorting image [56/63]
Undistorting image [57/63]
Undistorting image [58/63]
Undistorting image [59/63]
Undistorting image [60/63]
Undistorting image [61/63]
Undistorting image [62/63]
Undistorting image [63/63]
Writing reconstruction...
Writing configuration...
Writing scripts...
Elapsed time: 0.006 [minutes]
Copying and resizing...
convert-im6.q16: unable to open image `mogrify': No such file or directory @ error/blob.c/OpenBlob/2874.
convert-im6.q16: no decode delegate for this image format `' @ error/constitute.c/ReadImage/565.
convert-im6.q16: no images defined `../../data/object_A_video/images_2/0074.jpg' @ error/convert.c/ConvertImageCommand/3258.
ERROR:root:50% resize failed with code 256. Exiting.


	Command being timed: "bash -lc cd third_party/gaussian-splatting && PYTHONPATH="/home/zhangzhiwei/homework/shenduxuexi /hw3_spatial_intelligence_project/local_pkgs/3dgs" /home/zhangzhiwei/miniconda3/bin/conda run -n base python convert.py -s ../../data/object_A_video --resize --no_gpu --magick_executable convert"
	User time (seconds): 29055.24
	System time (seconds): 1469.51
	Percent of CPU this job got: 11372%
	Elapsed (wall clock) time (h:mm:ss or m:ss): 4:28.40
	Average shared text size (kbytes): 0
	Average unshared data size (kbytes): 0
	Average stack size (kbytes): 0
	Average total size (kbytes): 0
	Maximum resident set size (kbytes): 10077452
	Average resident set size (kbytes): 0
	Major (requiring I/O) page faults: 0
	Minor (reclaiming a frame) page faults: 10048898
	Voluntary context switches: 8058891
	Involuntary context switches: 3045433
	Swaps: 0
	File system inputs: 0
	File system outputs: 93496
	Socket messages sent: 0
	Socket messages received: 0
	Signals delivered: 0
	Page size (bytes): 4096
	Exit status: 0

## nvidia-smi after
Mon Jun 22 10:13:08 2026       
+-----------------------------------------------------------------------------------------+
| NVIDIA-SMI 550.54.14              Driver Version: 550.54.14      CUDA Version: 12.4     |
|-----------------------------------------+------------------------+----------------------+
| GPU  Name                 Persistence-M | Bus-Id          Disp.A | Volatile Uncorr. ECC |
| Fan  Temp   Perf          Pwr:Usage/Cap |           Memory-Usage | GPU-Util  Compute M. |
|                                         |                        |               MIG M. |
|=========================================+========================+======================|
|   0  NVIDIA RTX A6000               Off |   00000000:01:00.0 Off |                  Off |
| 35%   62C    P2            123W /  300W |    4908MiB /  49140MiB |      0%      Default |
|                                         |                        |                  N/A |
+-----------------------------------------+------------------------+----------------------+
|   1  NVIDIA RTX A6000               Off |   00000000:25:00.0 Off |                  Off |
| 30%   34C    P8              8W /  300W |       3MiB /  49140MiB |      0%      Default |
|                                         |                        |                  N/A |
+-----------------------------------------+------------------------+----------------------+
|   2  NVIDIA RTX A6000               Off |   00000000:E1:00.0 Off |                  Off |
| 30%   31C    P8             11W /  300W |       3MiB /  49140MiB |      0%      Default |
|                                         |                        |                  N/A |
+-----------------------------------------+------------------------+----------------------+
                                                                                         
+-----------------------------------------------------------------------------------------+
| Processes:                                                                              |
|  GPU   GI   CI        PID   Type   Process name                              GPU Memory |
|        ID   ID                                                               Usage      |
|=========================================================================================|
|    0   N/A  N/A   1088867      C   python                                       4902MiB |
+-----------------------------------------------------------------------------------------+

status: 0
end: 2026-06-22T10:13:08+00:00
duration_sec: 269
