# object_A_colmap_mapper
start: 2026-06-22T09:28:35+00:00
project_root: /home/zhangzhiwei/homework/shenduxuexi /hw3_spatial_intelligence_project
git_commit: no-git
expected_output: data/object_A/sparse
command: colmap mapper --database_path data/object_A/database.db --image_path data/object_A/input --output_path data/object_A/sparse 

## nvidia-smi before
NVIDIA-SMI has failed because it couldn't communicate with the NVIDIA driver. Make sure that the latest NVIDIA driver is installed and running.


## command output

==============================================================================
Loading database
==============================================================================

Loading cameras... 1 in 0.000s
Loading matches... 6 in 0.000s
Loading images... 5 in 0.002s (connected 5)
Building correspondence graph... in 0.000s (ignored 0)

Elapsed time: 0.000 [minutes]


==============================================================================
Initializing with image pair #2 and #3
==============================================================================


==============================================================================
Global bundle adjustment
==============================================================================

iter      cost      cost_change  |gradient|   |step|    tr_ratio  tr_radius  ls_iter  iter_time  total_time
   0  7.982126e+03    0.00e+00    4.58e+04   0.00e+00   0.00e+00  1.00e+04        0    2.91e-02    3.00e-02
   1  1.174328e+04   -3.76e+03    0.00e+00   1.15e+02  -4.87e-01  5.00e+03        1    4.54e-02    7.55e-02
   2  7.415363e+03    5.67e+02    6.52e+05   1.27e+02   7.67e-02  3.11e+03        1    5.84e-02    1.34e-01
   3  1.824575e+02    7.23e+03    4.26e+03   1.72e+01   9.98e-01  9.34e+03        1    6.02e-02    1.94e-01
   4  9.927608e+01    8.32e+01    1.45e+04   4.90e+01   8.92e-01  1.80e+04        1    6.30e-02    2.57e-01
   5  8.333770e+01    1.59e+01    2.86e+03   2.70e+01   9.45e-01  5.39e+04        1    6.17e-02    3.19e-01
   6  8.213255e+01    1.21e+00    1.05e+02   6.52e+00   9.92e-01  1.62e+05        1    6.20e-02    3.81e-01
   7  8.212026e+01    1.23e-02    6.08e+01   2.77e+00   9.40e-01  4.85e+05        1    6.32e-02    4.44e-01
   8  8.215544e+01   -3.52e-02    0.00e+00   9.94e+00  -1.97e+00  2.42e+05        1    5.13e-02    4.96e-01
   9  8.211429e+01    5.97e-03    3.69e+02   5.03e+00   6.29e-01  2.47e+05        1    6.14e-02    5.57e-01
  10  8.210583e+01    8.47e-03    3.62e+02   5.00e+00   7.16e-01  2.68e+05        1    6.23e-02    6.19e-01
  11  8.209812e+01    7.70e-03    4.04e+02   5.29e+00   6.49e-01  2.76e+05        1    6.15e-02    6.81e-01
  12  8.208984e+01    8.28e-03    4.00e+02   5.28e+00   6.69e-01  2.87e+05        1    5.76e-02    7.39e-01
  13  8.208196e+01    7.88e-03    4.06e+02   5.33e+00   6.51e-01  2.95e+05        1    6.22e-02    8.01e-01
  14  8.207417e+01    7.79e-03    4.02e+02   5.32e+00   6.53e-01  3.04e+05        1    6.09e-02    8.62e-01
  15  8.206667e+01    7.50e-03    3.98e+02   5.31e+00   6.48e-01  3.12e+05        1    6.17e-02    9.24e-01
  16  8.205942e+01    7.25e-03    3.92e+02   5.28e+00   6.47e-01  3.20e+05        1    6.24e-02    9.86e-01
  17  8.205245e+01    6.97e-03    3.86e+02   5.25e+00   6.45e-01  3.28e+05        1    6.86e-02    1.05e+00
  18  8.204576e+01    6.69e-03    3.78e+02   5.21e+00   6.44e-01  3.36e+05        1    5.19e-02    1.11e+00
  19  8.203936e+01    6.40e-03    3.70e+02   5.17e+00   6.44e-01  3.44e+05        1    6.27e-02    1.17e+00
  20  8.203323e+01    6.12e-03    3.62e+02   5.12e+00   6.43e-01  3.52e+05        1    6.20e-02    1.23e+00
  21  8.202738e+01    5.85e-03    3.53e+02   5.07e+00   6.43e-01  3.61e+05        1    5.92e-02    1.29e+00
  22  8.202180e+01    5.58e-03    3.45e+02   5.02e+00   6.43e-01  3.70e+05        1    6.30e-02    1.35e+00
  23  8.201648e+01    5.32e-03    3.36e+02   4.97e+00   6.44e-01  3.78e+05        1    6.09e-02    1.41e+00
  24  8.201141e+01    5.07e-03    3.28e+02   4.92e+00   6.44e-01  3.88e+05        1    6.02e-02    1.48e+00
  25  8.200659e+01    4.82e-03    3.19e+02   4.87e+00   6.44e-01  3.97e+05        1    6.15e-02    1.54e+00
  26  8.200200e+01    4.59e-03    3.11e+02   4.81e+00   6.44e-01  4.07e+05        1    6.28e-02    1.60e+00
  27  8.199764e+01    4.36e-03    3.02e+02   4.76e+00   6.45e-01  4.17e+05        1    6.07e-02    1.66e+00
  28  8.199350e+01    4.14e-03    2.94e+02   4.70e+00   6.45e-01  4.28e+05        1    6.53e-02    1.73e+00
  29  8.198957e+01    3.93e-03    2.86e+02   4.65e+00   6.46e-01  4.39e+05        1    5.91e-02    1.78e+00
  30  8.198584e+01    3.73e-03    2.77e+02   4.59e+00   6.47e-01  4.50e+05        1    6.12e-02    1.85e+00
  31  8.198231e+01    3.53e-03    2.69e+02   4.53e+00   6.47e-01  4.62e+05        1    6.82e-02    1.91e+00
  32  8.197897e+01    3.34e-03    2.61e+02   4.48e+00   6.48e-01  4.74e+05        1    5.18e-02    1.97e+00
  33  8.197581e+01    3.16e-03    2.53e+02   4.42e+00   6.48e-01  4.87e+05        1    6.41e-02    2.03e+00
  34  8.197282e+01    2.99e-03    2.46e+02   4.36e+00   6.49e-01  5.00e+05        1    6.04e-02    2.09e+00
  35  8.197000e+01    2.82e-03    2.38e+02   4.30e+00   6.50e-01  5.14e+05        1    6.35e-02    2.15e+00
  36  8.196734e+01    2.66e-03    2.31e+02   4.24e+00   6.51e-01  5.28e+05        1    6.24e-02    2.22e+00
  37  8.196483e+01    2.51e-03    2.23e+02   4.18e+00   6.51e-01  5.43e+05        1    6.22e-02    2.28e+00
  38  8.196247e+01    2.36e-03    2.16e+02   4.12e+00   6.52e-01  5.59e+05        1    5.94e-02    2.34e+00
  39  8.196025e+01    2.22e-03    2.09e+02   4.06e+00   6.53e-01  5.76e+05        1    6.50e-02    2.40e+00
  40  8.195817e+01    2.09e-03    2.01e+02   4.00e+00   6.54e-01  5.93e+05        1    5.92e-02    2.46e+00
  41  8.195621e+01    1.96e-03    1.94e+02   3.94e+00   6.55e-01  6.11e+05        1    5.94e-02    2.52e+00
  42  8.195438e+01    1.83e-03    1.88e+02   3.87e+00   6.56e-01  6.30e+05        1    6.40e-02    2.59e+00
  43  8.195266e+01    1.71e-03    1.81e+02   3.81e+00   6.57e-01  6.51e+05        1    6.23e-02    2.65e+00
  44  8.195106e+01    1.60e-03    1.74e+02   3.75e+00   6.58e-01  6.72e+05        1    6.13e-02    2.71e+00
  45  8.194957e+01    1.49e-03    1.67e+02   3.68e+00   6.59e-01  6.95e+05        1    6.44e-02    2.77e+00
  46  8.194818e+01    1.39e-03    1.61e+02   3.62e+00   6.61e-01  7.18e+05        1    6.08e-02    2.83e+00
  47  8.194688e+01    1.29e-03    1.54e+02   3.55e+00   6.62e-01  7.44e+05        1    6.19e-02    2.90e+00
  48  8.194568e+01    1.20e-03    1.48e+02   3.48e+00   6.63e-01  7.71e+05        1    6.32e-02    2.96e+00
  49  8.194457e+01    1.11e-03    1.42e+02   3.41e+00   6.65e-01  7.99e+05        1    6.19e-02    3.02e+00
  50  8.194355e+01    1.03e-03    1.36e+02   3.35e+00   6.66e-01  8.30e+05        1    6.26e-02    3.08e+00
  51  8.194260e+01    9.46e-04    1.30e+02   3.28e+00   6.68e-01  8.62e+05        1    6.20e-02    3.15e+00
  52  8.194173e+01    8.70e-04    1.24e+02   3.20e+00   6.69e-01  8.97e+05        1    6.00e-02    3.21e+00
  53  8.194093e+01    7.98e-04    1.18e+02   3.13e+00   6.71e-01  9.35e+05        1    5.97e-02    3.27e+00
  54  8.194020e+01    7.30e-04    1.12e+02   3.06e+00   6.73e-01  9.75e+05        1    6.12e-02    3.33e+00
  55  8.193954e+01    6.65e-04    1.06e+02   2.99e+00   6.75e-01  1.02e+06        1    6.32e-02    3.39e+00
  56  8.193894e+01    6.04e-04    1.01e+02   2.91e+00   6.77e-01  1.07e+06        1    6.17e-02    3.45e+00
  57  8.193839e+01    5.47e-04    9.50e+01   2.83e+00   6.79e-01  1.12e+06        1    6.33e-02    3.52e+00
  58  8.193790e+01    4.93e-04    8.96e+01   2.76e+00   6.82e-01  1.17e+06        1    5.95e-02    3.58e+00
  59  8.193745e+01    4.43e-04    8.42e+01   2.68e+00   6.84e-01  1.24e+06        1    6.58e-02    3.64e+00
  60  8.193706e+01    3.96e-04    7.89e+01   2.59e+00   6.87e-01  1.30e+06        1    5.99e-02    3.70e+00
  61  8.193670e+01    3.52e-04    7.38e+01   2.51e+00   6.90e-01  1.38e+06        1    6.11e-02    3.76e+00
  62  8.193639e+01    3.11e-04    6.87e+01   2.43e+00   6.93e-01  1.46e+06        1    6.20e-02    3.82e+00
  63  8.193612e+01    2.73e-04    6.37e+01   2.34e+00   6.96e-01  1.56e+06        1    6.11e-02    3.89e+00
  64  8.193588e+01    2.38e-04    5.88e+01   2.25e+00   6.99e-01  1.66e+06        1    6.24e-02    3.95e+00
  65  8.193568e+01    2.06e-04    5.40e+01   2.16e+00   7.03e-01  1.78e+06        1    6.18e-02    4.01e+00
  66  8.193550e+01    1.76e-04    4.93e+01   2.07e+00   7.07e-01  1.92e+06        1    6.15e-02    4.07e+00
  67  8.193535e+01    1.49e-04    4.47e+01   1.97e+00   7.12e-01  2.08e+06        1    6.06e-02    4.13e+00
  68  8.193523e+01    1.25e-04    4.03e+01   1.87e+00   7.17e-01  2.26e+06        1    6.58e-02    4.20e+00
  69  8.193512e+01    1.03e-04    3.59e+01   1.77e+00   7.22e-01  2.48e+06        1    6.12e-02    4.26e+00
  70  8.193504e+01    8.36e-05    3.17e+01   1.67e+00   7.29e-01  2.74e+06        1    6.28e-02    4.32e+00
  71  8.193497e+01    6.65e-05    2.75e+01   1.56e+00   7.35e-01  3.06e+06        1    6.43e-02    4.39e+00
  72  8.193492e+01    5.16e-05    2.36e+01   1.44e+00   7.43e-01  3.46e+06        1    6.26e-02    4.45e+00
  73  8.193488e+01    3.88e-05    1.98e+01   1.32e+00   7.52e-01  3.97e+06        1    6.18e-02    4.51e+00
  74  8.193486e+01    2.81e-05    1.61e+01   1.20e+00   7.62e-01  4.63e+06        1    6.36e-02    4.57e+00
  75  8.193484e+01    1.94e-05    1.27e+01   1.06e+00   7.73e-01  5.54e+06        1    6.24e-02    4.64e+00
  76  8.193482e+01    1.25e-05    9.52e+00   9.22e-01   7.87e-01  6.83e+06        1    6.15e-02    4.70e+00
  77  8.193482e+01    7.35e-06    6.63e+00   7.71e-01   8.02e-01  8.76e+06        1    6.22e-02    4.76e+00
  78  8.193481e+01    3.75e-06    4.12e+00   6.10e-01   8.19e-01  1.18e+07        1    6.25e-02    4.82e+00
  79  8.193481e+01    1.53e-06    2.11e+00   4.39e-01   8.36e-01  1.70e+07        1    6.29e-02    4.89e+00
  80  8.193481e+01    4.22e-07    1.40e+00   2.65e-01   8.48e-01  2.57e+07        1    6.35e-02    4.95e+00
  81  8.193481e+01    5.75e-08    5.17e-01   1.12e-01   8.46e-01  3.84e+07        1    6.39e-02    5.01e+00
  82  8.193481e+01    2.23e-09    2.74e-02   2.33e-02   8.65e-01  6.30e+07        1    6.34e-02    5.08e+00


Bundle adjustment report
------------------------
    Residuals : 476
   Parameters : 364
   Iterations : 83
         Time : 5.07814 [s]
 Initial cost : 4.09502 [px]
   Final cost : 0.414888 [px]
  Termination : Convergence

  => Filtered observations: 4
  => Filtered images: 0
  => No good initial image pair found.
  => Relaxing the initialization constraints.

==============================================================================
Initializing with image pair #5 and #4
==============================================================================


==============================================================================
Global bundle adjustment
==============================================================================

iter      cost      cost_change  |gradient|   |step|    tr_ratio  tr_radius  ls_iter  iter_time  total_time
   0  1.417763e+03    0.00e+00    6.01e+04   0.00e+00   0.00e+00  1.00e+04        0    6.37e-03    6.75e-03
   1  6.505385e+02    7.67e+02    1.06e+05   1.17e+02   6.76e-01  1.05e+04        1    5.89e-02    6.57e-02
   2  2.090491e+02    4.41e+02    8.25e+04   6.80e+01   8.82e-01  1.89e+04        1    6.00e-02    1.26e-01
   3  2.458847e+02   -3.68e+01    0.00e+00   5.04e+01  -3.14e-01  9.43e+03        1    4.79e-02    1.74e-01
   4  1.375965e+02    7.15e+01    5.28e+04   3.25e+01   6.95e-01  1.00e+04        1    5.87e-02    2.32e-01
   5  9.496523e+01    4.26e+01    2.35e+04   2.24e+01   8.52e-01  1.54e+04        1    6.40e-02    2.96e-01
   6  8.233789e+01    1.26e+01    1.42e+04   1.92e+01   7.63e-01  1.80e+04        1    6.05e-02    3.57e-01
   7  7.622248e+01    6.12e+00    4.63e+03   1.29e+01   8.89e-01  3.41e+04        1    6.13e-02    4.18e-01
   8  7.525884e+01    9.64e-01    6.17e+03   1.50e+01   4.20e-01  3.40e+04        1    6.39e-02    4.82e-01
   9  7.377743e+01    1.48e+00    5.90e+03   1.23e+01   6.75e-01  3.55e+04        1    5.85e-02    5.41e-01
  10  7.300329e+01    7.74e-01    6.75e+03   1.22e+01   4.99e-01  3.55e+04        1    6.46e-02    6.05e-01
  11  7.217001e+01    8.33e-01    6.86e+03   1.21e+01   5.18e-01  3.55e+04        1    6.04e-02    6.66e-01
  12  7.134229e+01    8.28e-01    6.85e+03   1.20e+01   5.14e-01  3.55e+04        1    5.93e-02    7.25e-01
  13  7.051106e+01    8.31e-01    6.78e+03   1.19e+01   5.12e-01  3.55e+04        1    6.20e-02    7.87e-01
  14  6.967591e+01    8.35e-01    6.70e+03   1.19e+01   5.11e-01  3.55e+04        1    6.26e-02    8.50e-01
  15  6.883756e+01    8.38e-01    6.60e+03   1.18e+01   5.11e-01  3.55e+04        1    6.35e-02    9.13e-01
  16  6.799688e+01    8.41e-01    6.50e+03   1.18e+01   5.11e-01  3.55e+04        1    5.96e-02    9.73e-01
  17  6.715472e+01    8.42e-01    6.39e+03   1.17e+01   5.11e-01  3.55e+04        1    6.14e-02    1.03e+00
  18  6.631194e+01    8.43e-01    6.27e+03   1.16e+01   5.11e-01  3.55e+04        1    6.43e-02    1.10e+00
  19  6.546947e+01    8.42e-01    6.15e+03   1.15e+01   5.12e-01  3.55e+04        1    6.33e-02    1.16e+00
  20  6.462824e+01    8.41e-01    6.02e+03   1.14e+01   5.14e-01  3.55e+04        1    6.12e-02    1.22e+00
  21  6.378924e+01    8.39e-01    5.89e+03   1.13e+01   5.15e-01  3.55e+04        1    6.22e-02    1.29e+00
  22  6.295351e+01    8.36e-01    5.75e+03   1.12e+01   5.17e-01  3.55e+04        1    6.01e-02    1.35e+00
  23  6.212211e+01    8.31e-01    5.60e+03   1.11e+01   5.20e-01  3.55e+04        1    6.20e-02    1.41e+00
  24  6.129614e+01    8.26e-01    5.46e+03   1.10e+01   5.22e-01  3.55e+04        1    6.29e-02    1.47e+00
  25  6.047674e+01    8.19e-01    5.31e+03   1.08e+01   5.26e-01  3.55e+04        1    6.40e-02    1.53e+00
  26  5.966505e+01    8.12e-01    5.15e+03   1.07e+01   5.29e-01  3.55e+04        1    6.01e-02    1.59e+00
  27  5.886223e+01    8.03e-01    4.99e+03   1.05e+01   5.33e-01  3.55e+04        1    6.35e-02    1.66e+00
  28  5.806946e+01    7.93e-01    4.83e+03   1.04e+01   5.37e-01  3.55e+04        1    6.24e-02    1.72e+00
  29  5.728788e+01    7.82e-01    4.67e+03   1.02e+01   5.42e-01  3.56e+04        1    6.36e-02    1.78e+00
  30  5.651863e+01    7.69e-01    4.51e+03   1.01e+01   5.46e-01  3.56e+04        1    6.24e-02    1.85e+00
  31  5.576279e+01    7.56e-01    4.35e+03   9.93e+00   5.51e-01  3.56e+04        1    6.32e-02    1.91e+00
  32  5.502140e+01    7.41e-01    4.19e+03   9.77e+00   5.57e-01  3.57e+04        1    6.27e-02    1.97e+00
  33  5.429542e+01    7.26e-01    4.03e+03   9.60e+00   5.62e-01  3.58e+04        1    6.29e-02    2.04e+00
  34  5.358572e+01    7.10e-01    3.88e+03   9.44e+00   5.67e-01  3.58e+04        1    6.22e-02    2.10e+00
  35  5.289307e+01    6.93e-01    3.72e+03   9.27e+00   5.73e-01  3.60e+04        1    6.00e-02    2.16e+00
  36  5.221814e+01    6.75e-01    3.58e+03   9.10e+00   5.78e-01  3.61e+04        1    6.20e-02    2.22e+00
  37  5.156146e+01    6.57e-01    3.43e+03   8.93e+00   5.84e-01  3.63e+04        1    6.20e-02    2.28e+00
  38  5.092348e+01    6.38e-01    3.29e+03   8.77e+00   5.89e-01  3.65e+04        1    6.38e-02    2.35e+00
  39  5.030454e+01    6.19e-01    3.16e+03   8.60e+00   5.94e-01  3.67e+04        1    6.23e-02    2.41e+00
  40  4.970489e+01    6.00e-01    3.03e+03   8.44e+00   5.99e-01  3.70e+04        1    6.16e-02    2.47e+00
  41  4.912470e+01    5.80e-01    2.90e+03   8.28e+00   6.03e-01  3.73e+04        1    6.12e-02    2.53e+00
  42  4.856408e+01    5.61e-01    2.78e+03   8.13e+00   6.08e-01  3.77e+04        1    6.13e-02    2.59e+00
  43  4.802311e+01    5.41e-01    2.67e+03   7.97e+00   6.12e-01  3.81e+04        1    6.02e-02    2.65e+00
  44  4.750184e+01    5.21e-01    2.56e+03   7.82e+00   6.16e-01  3.86e+04        1    6.37e-02    2.72e+00
  45  4.700030e+01    5.02e-01    2.45e+03   7.67e+00   6.20e-01  3.92e+04        1    6.25e-02    2.78e+00
  46  4.651850e+01    4.82e-01    2.34e+03   7.52e+00   6.24e-01  3.98e+04        1    6.11e-02    2.84e+00
  47  4.605645e+01    4.62e-01    2.25e+03   7.38e+00   6.27e-01  4.04e+04        1    6.04e-02    2.90e+00
  48  4.561417e+01    4.42e-01    2.15e+03   7.23e+00   6.31e-01  4.12e+04        1    6.17e-02    2.96e+00
  49  4.519166e+01    4.23e-01    2.05e+03   7.08e+00   6.34e-01  4.20e+04        1    5.52e-02    3.02e+00
  50  4.478892e+01    4.03e-01    1.96e+03   6.94e+00   6.37e-01  4.29e+04        1    6.17e-02    3.08e+00
  51  4.440593e+01    3.83e-01    1.87e+03   6.79e+00   6.41e-01  4.38e+04        1    6.24e-02    3.14e+00
  52  4.404266e+01    3.63e-01    1.79e+03   6.65e+00   6.44e-01  4.49e+04        1    6.48e-02    3.21e+00
  53  4.369907e+01    3.44e-01    1.70e+03   6.50e+00   6.47e-01  4.61e+04        1    5.97e-02    3.27e+00
  54  4.337506e+01    3.24e-01    1.62e+03   6.35e+00   6.50e-01  4.74e+04        1    6.21e-02    3.33e+00
  55  4.307052e+01    3.05e-01    1.56e+03   6.20e+00   6.54e-01  4.88e+04        1    6.20e-02    3.39e+00
  56  4.278531e+01    2.85e-01    1.51e+03   6.05e+00   6.57e-01  5.03e+04        1    6.04e-02    3.45e+00
  57  4.251923e+01    2.66e-01    1.47e+03   5.89e+00   6.61e-01  5.21e+04        1    6.13e-02    3.51e+00
  58  4.227204e+01    2.47e-01    1.42e+03   5.74e+00   6.64e-01  5.40e+04        1    6.50e-02    3.58e+00
  59  4.204344e+01    2.29e-01    1.37e+03   5.58e+00   6.68e-01  5.61e+04        1    6.06e-02    3.64e+00
  60  4.183309e+01    2.10e-01    1.32e+03   5.42e+00   6.71e-01  5.85e+04        1    6.24e-02    3.70e+00
  61  4.164058e+01    1.93e-01    1.26e+03   5.25e+00   6.75e-01  6.11e+04        1    6.16e-02    3.76e+00
  62  4.146547e+01    1.75e-01    1.20e+03   5.08e+00   6.80e-01  6.41e+04        1    6.27e-02    3.82e+00
  63  4.130721e+01    1.58e-01    1.14e+03   4.91e+00   6.84e-01  6.74e+04        1    6.25e-02    3.89e+00
  64  4.116525e+01    1.42e-01    1.08e+03   4.74e+00   6.88e-01  7.12e+04        1    6.35e-02    3.95e+00
  65  4.103893e+01    1.26e-01    1.02e+03   4.56e+00   6.93e-01  7.56e+04        1    6.21e-02    4.01e+00
  66  4.092755e+01    1.11e-01    9.52e+02   4.37e+00   6.99e-01  8.06e+04        1    6.63e-02    4.08e+00
  67  4.083036e+01    9.72e-02    8.85e+02   4.19e+00   7.04e-01  8.65e+04        1    5.79e-02    4.14e+00
  68  4.074653e+01    8.38e-02    8.17e+02   3.99e+00   7.10e-01  9.35e+04        1    6.18e-02    4.20e+00
  69  4.067521e+01    7.13e-02    7.47e+02   3.79e+00   7.17e-01  1.02e+05        1    6.55e-02    4.26e+00
  70  4.061547e+01    5.97e-02    6.77e+02   3.58e+00   7.24e-01  1.12e+05        1    6.09e-02    4.32e+00
  71  4.056635e+01    4.91e-02    6.06e+02   3.37e+00   7.32e-01  1.24e+05        1    6.23e-02    4.39e+00
  72  4.052683e+01    3.95e-02    5.34e+02   3.15e+00   7.41e-01  1.40e+05        1    6.13e-02    4.45e+00
  73  4.049588e+01    3.09e-02    4.63e+02   2.91e+00   7.51e-01  1.60e+05        1    6.18e-02    4.51e+00
  74  4.047243e+01    2.34e-02    3.92e+02   2.67e+00   7.63e-01  1.87e+05        1    7.01e-02    4.58e+00
  75  4.045540e+01    1.70e-02    3.23e+02   2.41e+00   7.77e-01  2.26e+05        1    5.62e-02    4.64e+00
  76  4.044371e+01    1.17e-02    2.56e+02   2.14e+00   7.94e-01  2.83e+05        1    6.06e-02    4.70e+00
  77  4.043626e+01    7.45e-03    1.92e+02   1.84e+00   8.15e-01  3.78e+05        1    6.22e-02    4.76e+00
  78  4.043202e+01    4.24e-03    1.32e+02   1.53e+00   8.42e-01  5.56e+05        1    6.50e-02    4.82e+00
  79  4.042999e+01    2.03e-03    7.93e+01   1.18e+00   8.78e-01  9.76e+05        1    6.14e-02    4.89e+00
  80  4.042927e+01    7.21e-04    3.66e+01   7.99e-01   9.25e-01  2.54e+06        1    6.56e-02    4.95e+00
  81  4.042913e+01    1.42e-04    9.34e+00   4.03e-01   9.81e-01  7.62e+06        1    5.84e-02    5.01e+00
  82  4.042912e+01    8.01e-06    1.91e+00   9.14e-02   1.03e+00  2.29e+07        1    6.24e-02    5.07e+00
  83  4.042912e+01    8.50e-08    3.81e-02   9.84e-03   1.09e+00  6.86e+07        1    6.01e-02    5.13e+00


Bundle adjustment report
------------------------
    Residuals : 380
   Parameters : 292
   Iterations : 84
         Time : 5.13229 [s]
 Initial cost : 1.93157 [px]
   Final cost : 0.326178 [px]
  Termination : Convergence

  => Filtered observations: 0
  => Filtered images: 0

==============================================================================
Initializing with image pair #5 and #1
==============================================================================


==============================================================================
Global bundle adjustment
==============================================================================

iter      cost      cost_change  |gradient|   |step|    tr_ratio  tr_radius  ls_iter  iter_time  total_time
   0  3.056632e+04    0.00e+00    2.50e+05   0.00e+00   0.00e+00  1.00e+04        0    1.25e-02    1.28e-02
   1  1.263393e+06   -1.23e+06    0.00e+00   9.22e+02  -6.08e+01  5.00e+03        1    4.26e-02    5.54e-02
   2  5.849949e+05   -5.54e+05    0.00e+00   7.01e+02  -2.82e+01  1.25e+03        1    4.83e-02    1.04e-01
   3  6.680500e+04   -3.62e+04    0.00e+00   3.13e+02  -2.06e+00  1.56e+02        1    4.98e-02    1.54e-01
   4  1.896121e+04    1.16e+04    3.66e+04   6.12e+01   9.11e-01  3.51e+02        1    6.05e-02    2.14e-01
   5  1.367247e+04    5.29e+03    3.10e+04   9.07e+01   1.03e+00  1.05e+03        1    6.15e-02    2.76e-01
   6  1.376217e+04   -8.97e+01    0.00e+00   2.46e+02  -3.89e-02  5.26e+02        1    5.62e-02    3.32e-01
   7  1.219503e+04    1.48e+03    1.76e+04   1.27e+02   9.41e-01  1.58e+03        1    5.72e-02    3.89e-01
   8  1.580591e+04   -3.61e+03    0.00e+00   3.20e+02  -1.75e+00  7.89e+02        1    4.89e-02    4.38e-01
   9  1.129365e+04    9.01e+02    6.74e+04   1.68e+02   7.27e-01  8.71e+02        1    6.47e-02    5.03e-01
  10  1.031747e+04    9.76e+02    1.09e+05   1.51e+02   8.17e-01  1.17e+03        1    6.11e-02    5.64e-01
  11  9.707959e+03    6.10e+02    2.17e+05   1.63e+02   5.53e-01  1.17e+03        1    6.28e-02    6.27e-01
  12  8.824634e+03    8.83e+02    1.98e+05   1.27e+02   7.37e-01  1.31e+03        1    6.15e-02    6.88e-01
  13  8.239045e+03    5.86e+02    2.30e+05   1.15e+02   6.06e-01  1.32e+03        1    6.50e-02    7.53e-01
  14  7.592387e+03    6.47e+02    2.05e+05   9.32e+01   6.96e-01  1.40e+03        1    6.07e-02    8.14e-01
  15  7.083228e+03    5.09e+02    2.01e+05   8.12e+01   6.59e-01  1.45e+03        1    6.23e-02    8.76e-01
  16  6.600686e+03    4.83e+02    1.80e+05   6.89e+01   7.00e-01  1.55e+03        1    6.17e-02    9.38e-01
  17  6.191633e+03    4.09e+02    1.69e+05   6.09e+01   6.93e-01  1.64e+03        1    6.17e-02    1.00e+00
  18  5.815943e+03    3.76e+02    1.52e+05   5.35e+01   7.18e-01  1.79e+03        1    6.28e-02    1.06e+00
  19  5.486693e+03    3.29e+02    1.42e+05   4.84e+01   7.18e-01  1.95e+03        1    6.36e-02    1.13e+00
  20  5.185020e+03    3.02e+02    1.29e+05   4.37e+01   7.36e-01  2.18e+03        1    5.96e-02    1.19e+00
  21  4.917631e+03    2.67e+02    1.19e+05   4.03e+01   7.34e-01  2.43e+03        1    6.22e-02    1.25e+00
  22  4.675255e+03    2.42e+02    1.09e+05   3.70e+01   7.41e-01  2.74e+03        1    6.34e-02    1.31e+00
  23  4.465460e+03    2.10e+02    1.05e+05   3.42e+01   7.24e-01  3.01e+03        1    6.12e-02    1.37e+00
  24  4.283271e+03    1.82e+02    9.80e+04   3.08e+01   7.10e-01  3.25e+03        1    6.15e-02    1.43e+00
  25  4.133682e+03    1.50e+02    9.20e+04   2.73e+01   6.72e-01  3.39e+03        1    5.95e-02    1.49e+00
  26  4.009135e+03    1.25e+02    8.50e+04   2.36e+01   6.44e-01  3.48e+03        1    6.20e-02    1.56e+00
  27  3.907788e+03    1.01e+02    7.96e+04   2.03e+01   6.09e-01  3.51e+03        1    6.10e-02    1.62e+00
  28  3.823383e+03    8.44e+01    7.51e+04   1.74e+01   5.84e-01  3.53e+03        1    5.87e-02    1.68e+00
  29  3.752136e+03    7.12e+01    7.24e+04   1.50e+01   5.64e-01  3.54e+03        1    6.33e-02    1.74e+00
  30  3.690631e+03    6.15e+01    7.00e+04   1.31e+01   5.52e-01  3.54e+03        1    6.13e-02    1.80e+00
  31  3.636455e+03    5.42e+01    6.77e+04   1.15e+01   5.45e-01  3.54e+03        1    6.22e-02    1.86e+00
  32  3.587910e+03    4.85e+01    6.54e+04   1.02e+01   5.44e-01  3.54e+03        1    6.18e-02    1.92e+00
  33  3.543831e+03    4.41e+01    6.31e+04   9.21e+00   5.46e-01  3.55e+03        1    6.15e-02    1.99e+00
  34  3.503409e+03    4.04e+01    6.08e+04   8.35e+00   5.51e-01  3.55e+03        1    6.74e-02    2.05e+00
  35  3.466068e+03    3.73e+01    5.85e+04   7.64e+00   5.57e-01  3.56e+03        1    5.44e-02    2.11e+00
  36  3.431380e+03    3.47e+01    5.64e+04   7.04e+00   5.65e-01  3.56e+03        1    6.34e-02    2.17e+00
  37  3.399009e+03    3.24e+01    5.43e+04   6.53e+00   5.73e-01  3.58e+03        1    6.25e-02    2.23e+00
  38  3.368680e+03    3.03e+01    5.24e+04   6.10e+00   5.80e-01  3.59e+03        1    6.03e-02    2.29e+00
  39  3.340161e+03    2.85e+01    5.06e+04   5.73e+00   5.87e-01  3.61e+03        1    6.18e-02    2.36e+00
  40  3.313250e+03    2.69e+01    4.91e+04   5.41e+00   5.93e-01  3.63e+03        1    6.12e-02    2.42e+00
  41  3.287770e+03    2.55e+01    4.77e+04   5.13e+00   5.99e-01  3.66e+03        1    6.15e-02    2.48e+00
  42  3.263568e+03    2.42e+01    4.64e+04   4.89e+00   6.04e-01  3.69e+03        1    6.21e-02    2.54e+00
  43  3.240508e+03    2.31e+01    4.53e+04   4.67e+00   6.08e-01  3.73e+03        1    6.17e-02    2.60e+00
  44  3.218474e+03    2.20e+01    4.44e+04   4.48e+00   6.11e-01  3.77e+03        1    6.15e-02    2.66e+00
  45  3.197368e+03    2.11e+01    4.36e+04   4.31e+00   6.14e-01  3.82e+03        1    6.02e-02    2.72e+00
  46  3.177105e+03    2.03e+01    4.28e+04   4.16e+00   6.16e-01  3.87e+03        1    6.12e-02    2.78e+00
  47  3.157611e+03    1.95e+01    4.22e+04   4.02e+00   6.18e-01  3.92e+03        1    6.51e-02    2.85e+00
  48  3.138826e+03    1.88e+01    4.16e+04   3.89e+00   6.19e-01  3.97e+03        1    6.00e-02    2.91e+00
  49  3.120698e+03    1.81e+01    4.11e+04   3.77e+00   6.20e-01  4.03e+03        1    6.29e-02    2.97e+00
  50  3.103180e+03    1.75e+01    4.06e+04   3.66e+00   6.21e-01  4.09e+03        1    6.25e-02    3.04e+00
  51  3.086234e+03    1.69e+01    4.02e+04   3.56e+00   6.21e-01  4.14e+03        1    6.06e-02    3.10e+00
  52  3.069826e+03    1.64e+01    3.97e+04   3.46e+00   6.22e-01  4.21e+03        1    5.93e-02    3.16e+00
  53  3.053926e+03    1.59e+01    3.94e+04   3.37e+00   6.22e-01  4.27e+03        1    6.20e-02    3.22e+00
  54  3.038507e+03    1.54e+01    3.90e+04   3.29e+00   6.22e-01  4.33e+03        1    6.46e-02    3.28e+00
  55  3.023544e+03    1.50e+01    3.87e+04   3.21e+00   6.22e-01  4.39e+03        1    6.11e-02    3.34e+00
  56  3.009018e+03    1.45e+01    3.83e+04   3.13e+00   6.22e-01  4.46e+03        1    6.12e-02    3.40e+00
  57  2.994906e+03    1.41e+01    3.80e+04   3.06e+00   6.22e-01  4.52e+03        1    6.14e-02    3.47e+00
  58  2.981193e+03    1.37e+01    3.77e+04   2.99e+00   6.22e-01  4.59e+03        1    6.20e-02    3.53e+00
  59  2.967859e+03    1.33e+01    3.74e+04   2.92e+00   6.21e-01  4.66e+03        1    6.24e-02    3.59e+00
  60  2.954890e+03    1.30e+01    3.71e+04   2.86e+00   6.21e-01  4.72e+03        1    6.16e-02    3.65e+00
  61  2.942271e+03    1.26e+01    3.68e+04   2.80e+00   6.21e-01  4.79e+03        1    6.13e-02    3.71e+00
  62  2.929988e+03    1.23e+01    3.66e+04   2.74e+00   6.21e-01  4.86e+03        1    6.25e-02    3.78e+00
  63  2.918028e+03    1.20e+01    3.63e+04   2.68e+00   6.20e-01  4.93e+03        1    5.70e-02    3.83e+00
  64  2.906379e+03    1.16e+01    3.60e+04   2.63e+00   6.20e-01  5.00e+03        1    5.96e-02    3.89e+00
  65  2.895029e+03    1.14e+01    3.58e+04   2.58e+00   6.20e-01  5.07e+03        1    5.62e-02    3.95e+00
  66  2.883967e+03    1.11e+01    3.55e+04   2.53e+00   6.20e-01  5.14e+03        1    5.92e-02    4.01e+00
  67  2.873181e+03    1.08e+01    3.53e+04   2.48e+00   6.19e-01  5.21e+03        1    6.18e-02    4.08e+00
  68  2.862664e+03    1.05e+01    3.50e+04   2.44e+00   6.19e-01  5.28e+03        1    6.25e-02    4.14e+00
  69  2.852403e+03    1.03e+01    3.48e+04   2.40e+00   6.19e-01  5.35e+03        1    6.03e-02    4.20e+00
  70  2.842391e+03    1.00e+01    3.45e+04   2.35e+00   6.18e-01  5.42e+03        1    6.12e-02    4.26e+00
  71  2.832619e+03    9.77e+00    3.43e+04   2.32e+00   6.18e-01  5.50e+03        1    6.40e-02    4.32e+00
  72  2.823078e+03    9.54e+00    3.41e+04   2.28e+00   6.18e-01  5.57e+03        1    6.62e-02    4.39e+00
  73  2.813761e+03    9.32e+00    3.38e+04   2.24e+00   6.18e-01  5.64e+03        1    6.18e-02    4.45e+00
  74  2.804659e+03    9.10e+00    3.36e+04   2.21e+00   6.17e-01  5.72e+03        1    6.19e-02    4.51e+00
  75  2.795765e+03    8.89e+00    3.34e+04   2.18e+00   6.17e-01  5.79e+03        1    6.84e-02    4.58e+00
  76  2.787073e+03    8.69e+00    3.32e+04   2.15e+00   6.17e-01  5.87e+03        1    5.96e-02    4.64e+00
  77  2.778576e+03    8.50e+00    3.30e+04   2.12e+00   6.17e-01  5.94e+03        1    6.18e-02    4.70e+00
  78  2.770266e+03    8.31e+00    3.28e+04   2.09e+00   6.16e-01  6.02e+03        1    6.50e-02    4.77e+00
  79  2.762139e+03    8.13e+00    3.25e+04   2.06e+00   6.16e-01  6.09e+03        1    6.10e-02    4.83e+00
  80  2.754188e+03    7.95e+00    3.23e+04   2.04e+00   6.16e-01  6.17e+03        1    6.17e-02    4.89e+00
  81  2.746407e+03    7.78e+00    3.21e+04   2.02e+00   6.16e-01  6.25e+03        1    6.05e-02    4.95e+00
  82  2.738791e+03    7.62e+00    3.19e+04   2.00e+00   6.15e-01  6.33e+03        1    6.15e-02    5.01e+00
  83  2.731335e+03    7.46e+00    3.18e+04   1.98e+00   6.15e-01  6.40e+03        1    6.13e-02    5.07e+00
  84  2.724034e+03    7.30e+00    3.16e+04   1.96e+00   6.15e-01  6.48e+03        1    6.13e-02    5.14e+00
  85  2.716883e+03    7.15e+00    3.14e+04   1.94e+00   6.15e-01  6.56e+03        1    6.15e-02    5.20e+00
  86  2.709877e+03    7.01e+00    3.12e+04   1.93e+00   6.15e-01  6.64e+03        1    6.14e-02    5.26e+00
  87  2.703012e+03    6.86e+00    3.10e+04   1.92e+00   6.14e-01  6.72e+03        1    6.27e-02    5.32e+00
  88  2.696284e+03    6.73e+00    3.08e+04   1.90e+00   6.14e-01  6.80e+03        1    6.27e-02    5.38e+00
  89  2.689688e+03    6.60e+00    3.07e+04   1.89e+00   6.14e-01  6.89e+03        1    5.92e-02    5.44e+00
  90  2.683221e+03    6.47e+00    3.05e+04   1.89e+00   6.14e-01  6.97e+03        1    6.26e-02    5.51e+00
  91  2.676878e+03    6.34e+00    3.03e+04   1.88e+00   6.14e-01  7.05e+03        1    6.13e-02    5.57e+00
  92  2.670657e+03    6.22e+00    3.01e+04   1.87e+00   6.13e-01  7.13e+03        1    6.59e-02    5.63e+00
  93  2.664554e+03    6.10e+00    3.00e+04   1.87e+00   6.13e-01  7.22e+03        1    6.05e-02    5.69e+00
  94  2.658565e+03    5.99e+00    2.98e+04   1.87e+00   6.13e-01  7.30e+03        1    5.95e-02    5.75e+00
  95  2.652687e+03    5.88e+00    2.97e+04   1.86e+00   6.13e-01  7.38e+03        1    6.29e-02    5.82e+00
  96  2.646917e+03    5.77e+00    2.95e+04   1.86e+00   6.12e-01  7.47e+03        1    6.30e-02    5.88e+00
  97  2.641252e+03    5.67e+00    2.93e+04   1.87e+00   6.12e-01  7.56e+03        1    6.17e-02    5.94e+00
  98  2.635689e+03    5.56e+00    2.92e+04   1.87e+00   6.12e-01  7.64e+03        1    6.25e-02    6.00e+00
  99  2.630225e+03    5.46e+00    2.90e+04   1.87e+00   6.12e-01  7.73e+03        1    6.25e-02    6.07e+00
 100  2.624858e+03    5.37e+00    2.89e+04   1.88e+00   6.12e-01  7.82e+03        1    6.26e-02    6.13e+00


Bundle adjustment report
------------------------
    Residuals : 252
   Parameters : 196
   Iterations : 101
         Time : 6.1294 [s]
 Initial cost : 11.0134 [px]
   Final cost : 3.2274 [px]
  Termination : No convergence

  => Filtered observations: 60
  => Filtered images: 0

==============================================================================
Initializing with image pair #2 and #3
==============================================================================


==============================================================================
Global bundle adjustment
==============================================================================

iter      cost      cost_change  |gradient|   |step|    tr_ratio  tr_radius  ls_iter  iter_time  total_time
   0  8.873775e+03    0.00e+00    3.73e+04   0.00e+00   0.00e+00  1.00e+04        0    6.78e-03    7.23e-03
   1  1.521474e+04   -6.34e+03    0.00e+00   1.18e+02  -7.38e-01  5.00e+03        1    4.85e-02    5.58e-02
   2  9.476890e+03   -6.03e+02    0.00e+00   1.29e+02  -7.34e-02  1.25e+03        1    4.75e-02    1.03e-01
   3  3.840044e+03    5.03e+03    4.50e+05   1.08e+02   8.35e-01  1.79e+03        1    6.22e-02    1.66e-01
   4  9.101562e+02    2.93e+03    1.14e+05   2.89e+01   9.41e-01  5.37e+03        1    6.28e-02    2.29e-01
   5  2.149158e+02    6.95e+02    7.49e+04   3.60e+01   9.05e-01  1.15e+04        1    6.36e-02    2.92e-01
   6  1.001381e+02    1.15e+02    4.81e+03   5.40e+01   8.95e-01  2.27e+04        1    6.15e-02    3.54e-01
   7  8.279690e+01    1.73e+01    2.49e+03   2.33e+01   9.69e-01  6.81e+04        1    6.01e-02    4.14e-01
   8  8.214068e+01    6.56e-01    1.87e+02   3.68e+00   9.95e-01  2.04e+05        1    6.17e-02    4.76e-01
   9  8.213258e+01    8.10e-03    2.24e+02   4.15e+00   7.85e-01  2.50e+05        1    6.21e-02    5.38e-01
  10  8.212533e+01    7.25e-03    4.23e+02   5.37e+00   6.14e-01  2.53e+05        1    6.43e-02    6.02e-01
  11  8.211591e+01    9.43e-03    4.08e+02   5.29e+00   6.90e-01  2.68e+05        1    6.15e-02    6.64e-01
  12  8.210731e+01    8.60e-03    4.29e+02   5.44e+00   6.47e-01  2.75e+05        1    6.22e-02    7.26e-01
  13  8.209848e+01    8.83e-03    4.24e+02   5.42e+00   6.58e-01  2.84e+05        1    6.40e-02    7.90e-01
  14  8.209004e+01    8.44e-03    4.24e+02   5.43e+00   6.48e-01  2.91e+05        1    6.38e-02    8.54e-01
  15  8.208181e+01    8.23e-03    4.18e+02   5.41e+00   6.48e-01  2.99e+05        1    6.19e-02    9.16e-01
  16  8.207390e+01    7.91e-03    4.12e+02   5.39e+00   6.45e-01  3.07e+05        1    6.46e-02    9.80e-01
  17  8.206628e+01    7.62e-03    4.05e+02   5.35e+00   6.44e-01  3.14e+05        1    5.79e-02    1.04e+00
  18  8.205897e+01    7.31e-03    3.97e+02   5.31e+00   6.43e-01  3.22e+05        1    6.32e-02    1.10e+00
  19  8.205196e+01    7.01e-03    3.89e+02   5.27e+00   6.43e-01  3.30e+05        1    6.22e-02    1.16e+00
  20  8.204525e+01    6.71e-03    3.81e+02   5.22e+00   6.43e-01  3.37e+05        1    6.14e-02    1.22e+00
  21  8.203884e+01    6.41e-03    3.72e+02   5.18e+00   6.42e-01  3.45e+05        1    5.86e-02    1.28e+00
  22  8.203272e+01    6.12e-03    3.63e+02   5.13e+00   6.43e-01  3.54e+05        1    6.24e-02    1.35e+00
  23  8.202688e+01    5.84e-03    3.54e+02   5.08e+00   6.43e-01  3.62e+05        1    6.60e-02    1.41e+00
  24  8.202131e+01    5.57e-03    3.45e+02   5.03e+00   6.43e-01  3.71e+05        1    6.15e-02    1.47e+00
  25  8.201601e+01    5.31e-03    3.36e+02   4.97e+00   6.43e-01  3.80e+05        1    6.06e-02    1.53e+00
  26  8.201096e+01    5.05e-03    3.28e+02   4.92e+00   6.44e-01  3.89e+05        1    6.10e-02    1.60e+00
  27  8.200615e+01    4.81e-03    3.19e+02   4.87e+00   6.44e-01  3.98e+05        1    6.28e-02    1.66e+00
  28  8.200158e+01    4.57e-03    3.10e+02   4.81e+00   6.44e-01  4.08e+05        1    6.28e-02    1.72e+00
  29  8.199724e+01    4.34e-03    3.02e+02   4.76e+00   6.45e-01  4.18e+05        1    6.10e-02    1.78e+00
  30  8.199312e+01    4.12e-03    2.93e+02   4.70e+00   6.45e-01  4.29e+05        1    5.81e-02    1.84e+00
  31  8.198921e+01    3.91e-03    2.85e+02   4.64e+00   6.46e-01  4.40e+05        1    6.64e-02    1.91e+00
  32  8.198550e+01    3.71e-03    2.77e+02   4.59e+00   6.47e-01  4.51e+05        1    6.24e-02    1.97e+00
  33  8.198199e+01    3.51e-03    2.69e+02   4.53e+00   6.47e-01  4.63e+05        1    6.20e-02    2.03e+00
  34  8.197866e+01    3.32e-03    2.61e+02   4.47e+00   6.48e-01  4.75e+05        1    6.16e-02    2.09e+00
  35  8.197552e+01    3.14e-03    2.53e+02   4.41e+00   6.48e-01  4.88e+05        1    6.39e-02    2.16e+00
  36  8.197255e+01    2.97e-03    2.45e+02   4.36e+00   6.49e-01  5.01e+05        1    6.11e-02    2.22e+00
  37  8.196974e+01    2.81e-03    2.38e+02   4.30e+00   6.50e-01  5.15e+05        1    6.05e-02    2.28e+00
  38  8.196709e+01    2.65e-03    2.30e+02   4.24e+00   6.51e-01  5.30e+05        1    6.05e-02    2.34e+00
  39  8.196460e+01    2.49e-03    2.23e+02   4.18e+00   6.52e-01  5.45e+05        1    5.96e-02    2.40e+00
  40  8.196225e+01    2.35e-03    2.15e+02   4.12e+00   6.52e-01  5.61e+05        1    6.22e-02    2.46e+00
  41  8.196005e+01    2.21e-03    2.08e+02   4.06e+00   6.53e-01  5.77e+05        1    6.06e-02    2.52e+00
  42  8.195797e+01    2.07e-03    2.01e+02   3.99e+00   6.54e-01  5.95e+05        1    6.27e-02    2.58e+00
  43  8.195603e+01    1.94e-03    1.94e+02   3.93e+00   6.55e-01  6.13e+05        1    6.04e-02    2.64e+00
  44  8.195421e+01    1.82e-03    1.87e+02   3.87e+00   6.56e-01  6.32e+05        1    6.37e-02    2.71e+00
  45  8.195251e+01    1.70e-03    1.80e+02   3.80e+00   6.57e-01  6.53e+05        1    6.28e-02    2.77e+00
  46  8.195092e+01    1.59e-03    1.74e+02   3.74e+00   6.58e-01  6.74e+05        1    6.24e-02    2.83e+00
  47  8.194943e+01    1.48e-03    1.67e+02   3.68e+00   6.60e-01  6.97e+05        1    6.20e-02    2.89e+00
  48  8.194805e+01    1.38e-03    1.60e+02   3.61e+00   6.61e-01  7.21e+05        1    6.18e-02    2.96e+00
  49  8.194677e+01    1.28e-03    1.54e+02   3.54e+00   6.62e-01  7.46e+05        1    6.27e-02    3.02e+00
  50  8.194558e+01    1.19e-03    1.48e+02   3.48e+00   6.63e-01  7.73e+05        1    6.11e-02    3.08e+00
  51  8.194447e+01    1.10e-03    1.41e+02   3.41e+00   6.65e-01  8.02e+05        1    6.33e-02    3.14e+00
  52  8.194345e+01    1.02e-03    1.35e+02   3.34e+00   6.66e-01  8.33e+05        1    6.42e-02    3.21e+00
  53  8.194252e+01    9.39e-04    1.29e+02   3.27e+00   6.68e-01  8.65e+05        1    6.17e-02    3.27e+00
  54  8.194165e+01    8.63e-04    1.23e+02   3.20e+00   6.70e-01  9.01e+05        1    6.24e-02    3.33e+00
  55  8.194086e+01    7.91e-04    1.17e+02   3.13e+00   6.71e-01  9.38e+05        1    6.23e-02    3.39e+00
  56  8.194014e+01    7.23e-04    1.11e+02   3.05e+00   6.73e-01  9.79e+05        1    6.46e-02    3.46e+00
  57  8.193948e+01    6.59e-04    1.06e+02   2.98e+00   6.75e-01  1.02e+06        1    6.02e-02    3.52e+00
  58  8.193888e+01    5.99e-04    1.00e+02   2.90e+00   6.77e-01  1.07e+06        1    6.04e-02    3.58e+00
  59  8.193834e+01    5.42e-04    9.46e+01   2.83e+00   6.80e-01  1.12e+06        1    6.70e-02    3.65e+00
  60  8.193785e+01    4.88e-04    8.92e+01   2.75e+00   6.82e-01  1.18e+06        1    6.26e-02    3.71e+00
  61  8.193741e+01    4.38e-04    8.38e+01   2.67e+00   6.84e-01  1.24e+06        1    6.12e-02    3.77e+00
  62  8.193702e+01    3.91e-04    7.85e+01   2.59e+00   6.87e-01  1.31e+06        1    6.11e-02    3.83e+00
  63  8.193667e+01    3.48e-04    7.34e+01   2.50e+00   6.90e-01  1.39e+06        1    6.31e-02    3.90e+00
  64  8.193637e+01    3.07e-04    6.83e+01   2.42e+00   6.93e-01  1.47e+06        1    6.30e-02    3.96e+00
  65  8.193610e+01    2.69e-04    6.33e+01   2.33e+00   6.96e-01  1.57e+06        1    6.52e-02    4.02e+00
  66  8.193586e+01    2.35e-04    5.84e+01   2.24e+00   7.00e-01  1.67e+06        1    6.12e-02    4.08e+00
  67  8.193566e+01    2.03e-04    5.36e+01   2.15e+00   7.04e-01  1.79e+06        1    6.16e-02    4.15e+00
  68  8.193549e+01    1.73e-04    4.90e+01   2.06e+00   7.08e-01  1.93e+06        1    6.30e-02    4.21e+00
  69  8.193534e+01    1.47e-04    4.44e+01   1.96e+00   7.12e-01  2.09e+06        1    6.27e-02    4.27e+00
  70  8.193522e+01    1.23e-04    3.99e+01   1.86e+00   7.17e-01  2.28e+06        1    6.19e-02    4.33e+00
  71  8.193512e+01    1.01e-04    3.55e+01   1.76e+00   7.23e-01  2.50e+06        1    6.34e-02    4.40e+00
  72  8.193503e+01    8.18e-05    3.13e+01   1.66e+00   7.29e-01  2.77e+06        1    6.19e-02    4.46e+00
  73  8.193497e+01    6.49e-05    2.72e+01   1.54e+00   7.36e-01  3.10e+06        1    6.06e-02    4.52e+00
  74  8.193492e+01    5.03e-05    2.32e+01   1.43e+00   7.44e-01  3.50e+06        1    6.17e-02    4.58e+00
  75  8.193488e+01    3.77e-05    1.94e+01   1.31e+00   7.53e-01  4.02e+06        1    6.18e-02    4.64e+00
  76  8.193485e+01    2.72e-05    1.58e+01   1.18e+00   7.63e-01  4.71e+06        1    6.29e-02    4.71e+00
  77  8.193484e+01    1.87e-05    1.24e+01   1.05e+00   7.75e-01  5.64e+06        1    6.14e-02    4.77e+00
  78  8.193482e+01    1.20e-05    9.25e+00   9.08e-01   7.88e-01  6.98e+06        1    6.26e-02    4.83e+00
  79  8.193482e+01    6.94e-06    6.39e+00   7.56e-01   8.04e-01  8.99e+06        1    6.51e-02    4.90e+00
  80  8.193481e+01    3.48e-06    3.91e+00   5.94e-01   8.21e-01  1.22e+07        1    6.00e-02    4.96e+00
  81  8.193481e+01    1.38e-06    1.95e+00   4.22e-01   8.38e-01  1.77e+07        1    6.32e-02    5.02e+00
  82  8.193481e+01    3.63e-07    1.37e+00   2.49e-01   8.48e-01  2.67e+07        1    6.46e-02    5.08e+00
  83  8.193481e+01    4.50e-08    3.88e-01   1.01e-01   8.45e-01  3.98e+07        1    5.98e-02    5.14e+00
  84  8.193481e+01    1.50e-09    1.84e-02   1.89e-02   8.75e-01  6.88e+07        1    5.99e-02    5.20e+00


Bundle adjustment report
------------------------
    Residuals : 476
   Parameters : 364
   Iterations : 85
         Time : 5.20378 [s]
 Initial cost : 4.31768 [px]
   Final cost : 0.414888 [px]
  Termination : Convergence

  => Filtered observations: 4
  => Filtered images: 0
  => No good initial image pair found.
  => Relaxing the initialization constraints.

==============================================================================
Initializing with image pair #5 and #4
==============================================================================


==============================================================================
Global bundle adjustment
==============================================================================

iter      cost      cost_change  |gradient|   |step|    tr_ratio  tr_radius  ls_iter  iter_time  total_time
   0  1.985090e+03    0.00e+00    4.38e+04   0.00e+00   0.00e+00  1.00e+04        0    1.36e-02    1.40e-02
   1  8.977746e+02    1.09e+03    4.03e+04   1.02e+02   6.65e-01  1.04e+04        1    5.48e-02    6.88e-02
   2  2.114343e+02    6.86e+02    6.05e+04   6.69e+01   9.50e-01  3.11e+04        1    6.11e-02    1.30e-01
   3  4.396145e+02   -2.28e+02    0.00e+00   6.29e+01  -1.86e+00  1.56e+04        1    4.88e-02    1.79e-01
   4  1.975975e+02    1.38e+01    8.84e+04   4.34e+01   1.28e-01  1.10e+04        1    6.47e-02    2.43e-01
   5  9.195738e+01    1.06e+02    1.78e+04   1.82e+01   9.56e-01  3.31e+04        1    6.11e-02    3.05e-01
   6  8.792929e+01    4.03e+00    1.71e+04   2.48e+01   2.70e-01  3.02e+04        1    6.17e-02    3.66e-01
   7  7.624312e+01    1.17e+01    4.42e+03   1.34e+01   9.26e-01  7.92e+04        1    6.12e-02    4.28e-01
   8  9.160303e+01   -1.54e+01    0.00e+00   2.80e+01  -5.25e+00  3.96e+04        1    4.78e-02    4.75e-01
   9  7.550892e+01    7.34e-01    7.62e+03   1.44e+01   3.63e-01  3.88e+04        1    6.18e-02    5.37e-01
  10  7.438159e+01    1.13e+00    7.90e+03   1.33e+01   5.12e-01  3.88e+04        1    6.31e-02    6.00e-01
  11  7.348533e+01    8.96e-01    8.10e+03   1.32e+01   4.54e-01  3.88e+04        1    6.20e-02    6.62e-01
  12  7.259216e+01    8.93e-01    8.10e+03   1.31e+01   4.50e-01  3.87e+04        1    6.57e-02    7.28e-01
  13  7.169233e+01    9.00e-01    8.02e+03   1.31e+01   4.49e-01  3.87e+04        1    5.91e-02    7.87e-01
  14  7.078656e+01    9.06e-01    7.90e+03   1.30e+01   4.49e-01  3.87e+04        1    6.19e-02    8.49e-01
  15  6.987618e+01    9.10e-01    7.77e+03   1.29e+01   4.49e-01  3.86e+04        1    6.15e-02    9.11e-01
  16  6.896241e+01    9.14e-01    7.63e+03   1.28e+01   4.50e-01  3.86e+04        1    5.56e-02    9.66e-01
  17  6.804639e+01    9.16e-01    7.48e+03   1.27e+01   4.51e-01  3.85e+04        1    6.09e-02    1.03e+00
  18  6.712923e+01    9.17e-01    7.33e+03   1.26e+01   4.52e-01  3.85e+04        1    6.13e-02    1.09e+00
  19  6.621206e+01    9.17e-01    7.16e+03   1.25e+01   4.53e-01  3.85e+04        1    6.18e-02    1.15e+00
  20  6.529602e+01    9.16e-01    7.00e+03   1.24e+01   4.55e-01  3.84e+04        1    6.11e-02    1.21e+00
  21  6.438232e+01    9.14e-01    6.82e+03   1.23e+01   4.58e-01  3.84e+04        1    6.55e-02    1.28e+00
  22  6.347215e+01    9.10e-01    6.64e+03   1.21e+01   4.60e-01  3.84e+04        1    6.34e-02    1.34e+00
  23  6.256678e+01    9.05e-01    6.46e+03   1.20e+01   4.63e-01  3.84e+04        1    6.21e-02    1.40e+00
  24  6.166747e+01    8.99e-01    6.27e+03   1.18e+01   4.67e-01  3.84e+04        1    6.29e-02    1.47e+00
  25  6.077553e+01    8.92e-01    6.08e+03   1.17e+01   4.70e-01  3.84e+04        1    6.23e-02    1.53e+00
  26  5.989230e+01    8.83e-01    5.89e+03   1.15e+01   4.75e-01  3.84e+04        1    6.03e-02    1.59e+00
  27  5.901914e+01    8.73e-01    5.69e+03   1.14e+01   4.79e-01  3.84e+04        1    6.32e-02    1.65e+00
  28  5.815743e+01    8.62e-01    5.49e+03   1.12e+01   4.84e-01  3.84e+04        1    5.99e-02    1.71e+00
  29  5.730859e+01    8.49e-01    5.29e+03   1.10e+01   4.90e-01  3.84e+04        1    6.65e-02    1.78e+00
  30  5.647404e+01    8.35e-01    5.08e+03   1.08e+01   4.96e-01  3.84e+04        1    6.08e-02    1.84e+00
  31  5.565523e+01    8.19e-01    4.87e+03   1.06e+01   5.03e-01  3.84e+04        1    6.45e-02    1.90e+00
  32  5.485359e+01    8.02e-01    4.67e+03   1.04e+01   5.10e-01  3.84e+04        1    5.96e-02    1.96e+00
  33  5.407056e+01    7.83e-01    4.46e+03   1.02e+01   5.17e-01  3.84e+04        1    6.16e-02    2.02e+00
  34  5.330753e+01    7.63e-01    4.26e+03   9.98e+00   5.26e-01  3.84e+04        1    6.49e-02    2.09e+00
  35  5.256584e+01    7.42e-01    4.05e+03   9.76e+00   5.34e-01  3.84e+04        1    6.45e-02    2.15e+00
  36  5.184669e+01    7.19e-01    3.85e+03   9.54e+00   5.43e-01  3.84e+04        1    6.22e-02    2.22e+00
  37  5.115117e+01    6.96e-01    3.66e+03   9.32e+00   5.52e-01  3.84e+04        1    6.15e-02    2.28e+00
  38  5.048015e+01    6.71e-01    3.47e+03   9.09e+00   5.61e-01  3.85e+04        1    6.19e-02    2.34e+00
  39  4.983427e+01    6.46e-01    3.28e+03   8.87e+00   5.69e-01  3.86e+04        1    6.21e-02    2.40e+00
  40  4.921390e+01    6.20e-01    3.11e+03   8.65e+00   5.78e-01  3.88e+04        1    6.39e-02    2.47e+00
  41  4.861915e+01    5.95e-01    2.95e+03   8.43e+00   5.86e-01  3.90e+04        1    6.25e-02    2.53e+00
  42  4.804987e+01    5.69e-01    2.79e+03   8.23e+00   5.94e-01  3.92e+04        1    6.15e-02    2.59e+00
  43  4.750571e+01    5.44e-01    2.64e+03   8.03e+00   6.01e-01  3.96e+04        1    6.10e-02    2.65e+00
  44  4.698618e+01    5.20e-01    2.51e+03   7.83e+00   6.08e-01  4.00e+04        1    5.90e-02    2.71e+00
  45  4.649070e+01    4.95e-01    2.38e+03   7.65e+00   6.14e-01  4.04e+04        1    6.23e-02    2.77e+00
  46  4.601864e+01    4.72e-01    2.26e+03   7.47e+00   6.20e-01  4.10e+04        1    6.14e-02    2.83e+00
  47  4.556939e+01    4.49e-01    2.15e+03   7.30e+00   6.25e-01  4.17e+04        1    6.02e-02    2.89e+00
  48  4.514240e+01    4.27e-01    2.04e+03   7.13e+00   6.30e-01  4.24e+04        1    6.17e-02    2.96e+00
  49  4.473714e+01    4.05e-01    1.94e+03   6.97e+00   6.34e-01  4.32e+04        1    6.23e-02    3.02e+00
  50  4.435318e+01    3.84e-01    1.85e+03   6.81e+00   6.39e-01  4.42e+04        1    6.19e-02    3.08e+00
  51  4.399012e+01    3.63e-01    1.76e+03   6.65e+00   6.42e-01  4.52e+04        1    5.99e-02    3.14e+00
  52  4.364760e+01    3.43e-01    1.67e+03   6.49e+00   6.46e-01  4.64e+04        1    6.20e-02    3.20e+00
  53  4.332532e+01    3.22e-01    1.60e+03   6.34e+00   6.50e-01  4.77e+04        1    6.48e-02    3.27e+00
  54  4.302297e+01    3.02e-01    1.56e+03   6.18e+00   6.54e-01  4.91e+04        1    6.81e-02    3.33e+00
  55  4.274026e+01    2.83e-01    1.51e+03   6.03e+00   6.57e-01  5.07e+04        1    5.66e-02    3.39e+00
  56  4.247689e+01    2.63e-01    1.46e+03   5.87e+00   6.61e-01  5.24e+04        1    6.21e-02    3.45e+00
  57  4.223254e+01    2.44e-01    1.41e+03   5.71e+00   6.64e-01  5.43e+04        1    5.95e-02    3.51e+00
  58  4.200684e+01    2.26e-01    1.36e+03   5.55e+00   6.68e-01  5.65e+04        1    6.27e-02    3.58e+00
  59  4.179940e+01    2.07e-01    1.31e+03   5.39e+00   6.72e-01  5.89e+04        1    6.05e-02    3.64e+00
  60  4.160979e+01    1.90e-01    1.25e+03   5.22e+00   6.76e-01  6.16e+04        1    6.18e-02    3.70e+00
  61  4.143752e+01    1.72e-01    1.19e+03   5.06e+00   6.80e-01  6.46e+04        1    6.54e-02    3.76e+00
  62  4.128204e+01    1.55e-01    1.13e+03   4.88e+00   6.85e-01  6.80e+04        1    6.20e-02    3.83e+00
  63  4.114275e+01    1.39e-01    1.07e+03   4.71e+00   6.89e-01  7.19e+04        1    5.82e-02    3.88e+00
  64  4.101900e+01    1.24e-01    1.01e+03   4.53e+00   6.94e-01  7.64e+04        1    6.41e-02    3.95e+00
  65  4.091008e+01    1.09e-01    9.41e+02   4.34e+00   6.99e-01  8.16e+04        1    5.99e-02    4.01e+00
  66  4.081521e+01    9.49e-02    8.74e+02   4.15e+00   7.05e-01  8.76e+04        1    6.18e-02    4.07e+00
  67  4.073357e+01    8.16e-02    8.05e+02   3.96e+00   7.11e-01  9.48e+04        1    5.98e-02    4.13e+00
  68  4.066428e+01    6.93e-02    7.35e+02   3.76e+00   7.18e-01  1.03e+05        1    6.29e-02    4.19e+00
  69  4.060641e+01    5.79e-02    6.65e+02   3.55e+00   7.25e-01  1.14e+05        1    6.82e-02    4.26e+00
  70  4.055899e+01    4.74e-02    5.93e+02   3.33e+00   7.33e-01  1.27e+05        1    5.37e-02    4.31e+00
  71  4.052100e+01    3.80e-02    5.22e+02   3.11e+00   7.43e-01  1.43e+05        1    6.04e-02    4.37e+00
  72  4.049140e+01    2.96e-02    4.51e+02   2.87e+00   7.53e-01  1.64e+05        1    6.41e-02    4.44e+00
  73  4.046912e+01    2.23e-02    3.80e+02   2.63e+00   7.65e-01  1.93e+05        1    6.31e-02    4.50e+00
  74  4.045307e+01    1.60e-02    3.11e+02   2.36e+00   7.80e-01  2.34e+05        1    6.12e-02    4.56e+00
  75  4.044217e+01    1.09e-02    2.45e+02   2.09e+00   7.97e-01  2.96e+05        1    6.09e-02    4.62e+00
  76  4.043534e+01    6.83e-03    1.81e+02   1.79e+00   8.19e-01  4.00e+05        1    6.14e-02    4.68e+00
  77  4.043155e+01    3.80e-03    1.23e+02   1.47e+00   8.47e-01  6.02e+05        1    6.17e-02    4.75e+00
  78  4.042980e+01    1.75e-03    7.12e+01   1.12e+00   8.85e-01  1.11e+06        1    6.87e-02    4.82e+00
  79  4.042922e+01    5.77e-04    3.07e+01   7.32e-01   9.35e-01  3.22e+06        1    5.58e-02    4.87e+00
  80  4.042912e+01    9.77e-05    6.64e+00   3.40e-01   9.90e-01  9.67e+06        1    6.07e-02    4.93e+00
  81  4.042912e+01    4.03e-06    1.12e+00   6.25e-02   1.03e+00  2.90e+07        1    5.99e-02    4.99e+00
  82  4.042912e+01    3.66e-08    1.64e-02   6.43e-03   1.10e+00  8.70e+07        1    5.99e-02    5.05e+00


Bundle adjustment report
------------------------
    Residuals : 380
   Parameters : 292
   Iterations : 83
         Time : 5.05197 [s]
 Initial cost : 2.28559 [px]
   Final cost : 0.326178 [px]
  Termination : Convergence

  => Filtered observations: 0
  => Filtered images: 0

==============================================================================
Initializing with image pair #5 and #1
==============================================================================


==============================================================================
Global bundle adjustment
==============================================================================

iter      cost      cost_change  |gradient|   |step|    tr_ratio  tr_radius  ls_iter  iter_time  total_time
   0  2.809860e+04    0.00e+00    2.61e+04   0.00e+00   0.00e+00  1.00e+04        0    6.38e-03    6.66e-03
   1  2.847677e+05   -2.57e+05    0.00e+00   4.17e+02  -1.83e+01  5.00e+03        1    4.65e-02    5.32e-02
   2  1.999127e+05   -1.72e+05    0.00e+00   3.64e+02  -1.24e+01  1.25e+03        1    4.85e-02    1.02e-01
   3  5.590607e+04   -2.78e+04    0.00e+00   2.23e+02  -2.11e+00  1.56e+02        1    4.88e-02    1.51e-01
   4  1.992210e+04    8.18e+03    2.69e+04   7.08e+01   8.69e-01  2.62e+02        1    5.94e-02    2.10e-01
   5  1.573219e+04    4.19e+03    2.34e+04   6.83e+01   1.00e+00  7.86e+02        1    6.09e-02    2.71e-01
   6  1.532366e+04    4.09e+02    6.75e+04   1.53e+02   1.88e-01  6.32e+02        1    6.14e-02    3.32e-01
   7  1.286849e+04    2.46e+03    5.08e+04   1.12e+02   9.01e-01  1.31e+03        1    6.23e-02    3.95e-01
   8  1.538128e+04   -2.51e+03    0.00e+00   2.14e+02  -1.59e+00  6.54e+02        1    4.91e-02    4.44e-01
   9  1.213104e+04    7.37e+02    5.78e+04   1.10e+02   7.43e-01  7.38e+02        1    6.36e-02    5.07e-01
  10  1.149886e+04    6.32e+02    7.88e+04   1.13e+02   6.69e-01  7.68e+02        1    6.37e-02    5.71e-01
  11  1.081885e+04    6.80e+02    8.57e+04   1.05e+02   7.15e-01  8.34e+02        1    5.76e-02    6.29e-01
  12  1.022219e+04    5.97e+02    1.00e+05   1.02e+02   6.67e-01  8.66e+02        1    6.24e-02    6.91e-01
  13  9.613945e+03    6.08e+02    1.04e+05   9.33e+01   6.91e-01  9.18e+02        1    6.18e-02    7.53e-01
  14  9.064983e+03    5.49e+02    1.11e+05   8.68e+01   6.68e-01  9.54e+02        1    6.18e-02    8.15e-01
  15  8.533859e+03    5.31e+02    1.12e+05   7.88e+01   6.79e-01  1.00e+03        1    6.12e-02    8.76e-01
  16  8.049466e+03    4.84e+02    1.13e+05   7.19e+01   6.71e-01  1.04e+03        1    6.07e-02    9.37e-01
  17  7.596665e+03    4.53e+02    1.11e+05   6.50e+01   6.77e-01  1.09e+03        1    6.29e-02    1.00e+00
  18  7.184037e+03    4.13e+02    1.08e+05   5.89e+01   6.75e-01  1.14e+03        1    6.31e-02    1.06e+00
  19  6.805132e+03    3.79e+02    1.05e+05   5.33e+01   6.79e-01  1.19e+03        1    6.18e-02    1.12e+00
  20  6.460864e+03    3.44e+02    1.01e+05   4.83e+01   6.79e-01  1.25e+03        1    6.16e-02    1.19e+00
  21  6.147436e+03    3.13e+02    9.67e+04   4.38e+01   6.81e-01  1.31e+03        1    6.08e-02    1.25e+00
  22  5.863520e+03    2.84e+02    9.23e+04   3.98e+01   6.82e-01  1.38e+03        1    6.20e-02    1.31e+00
  23  5.606467e+03    2.57e+02    8.79e+04   3.61e+01   6.84e-01  1.45e+03        1    6.28e-02    1.37e+00
  24  5.374580e+03    2.32e+02    8.35e+04   3.29e+01   6.84e-01  1.53e+03        1    6.03e-02    1.43e+00
  25  5.165857e+03    2.09e+02    7.91e+04   3.00e+01   6.85e-01  1.61e+03        1    6.24e-02    1.49e+00
  26  4.978686e+03    1.87e+02    7.49e+04   2.73e+01   6.85e-01  1.69e+03        1    6.01e-02    1.55e+00
  27  4.811401e+03    1.67e+02    7.07e+04   2.49e+01   6.84e-01  1.78e+03        1    6.14e-02    1.62e+00
  28  4.662477e+03    1.49e+02    6.67e+04   2.27e+01   6.83e-01  1.88e+03        1    6.20e-02    1.68e+00
  29  4.530371e+03    1.32e+02    6.29e+04   2.08e+01   6.82e-01  1.97e+03        1    6.22e-02    1.74e+00
  30  4.413581e+03    1.17e+02    5.92e+04   1.90e+01   6.80e-01  2.07e+03        1    6.24e-02    1.80e+00
  31  4.310604e+03    1.03e+02    5.58e+04   1.73e+01   6.77e-01  2.16e+03        1    6.22e-02    1.86e+00
  32  4.219971e+03    9.06e+01    5.25e+04   1.58e+01   6.74e-01  2.26e+03        1    6.16e-02    1.93e+00
  33  4.140249e+03    7.97e+01    4.95e+04   1.45e+01   6.71e-01  2.35e+03        1    6.09e-02    1.99e+00
  34  4.070078e+03    7.02e+01    4.67e+04   1.32e+01   6.68e-01  2.45e+03        1    5.92e-02    2.05e+00
  35  4.008186e+03    6.19e+01    4.42e+04   1.21e+01   6.65e-01  2.54e+03        1    6.15e-02    2.11e+00
  36  3.953411e+03    5.48e+01    4.19e+04   1.11e+01   6.61e-01  2.62e+03        1    6.11e-02    2.17e+00
  37  3.904714e+03    4.87e+01    3.98e+04   1.02e+01   6.58e-01  2.71e+03        1    6.35e-02    2.23e+00
  38  3.861183e+03    4.35e+01    3.79e+04   9.42e+00   6.55e-01  2.79e+03        1    6.21e-02    2.29e+00
  39  3.822027e+03    3.92e+01    3.62e+04   8.69e+00   6.52e-01  2.87e+03        1    6.18e-02    2.36e+00
  40  3.786576e+03    3.55e+01    3.47e+04   8.05e+00   6.50e-01  2.95e+03        1    6.89e-02    2.43e+00
  41  3.754264e+03    3.23e+01    3.34e+04   7.47e+00   6.48e-01  3.03e+03        1    5.58e-02    2.48e+00
  42  3.724619e+03    2.96e+01    3.22e+04   6.96e+00   6.46e-01  3.11e+03        1    5.94e-02    2.54e+00
  43  3.697249e+03    2.74e+01    3.11e+04   6.50e+00   6.44e-01  3.18e+03        1    6.11e-02    2.60e+00
  44  3.671830e+03    2.54e+01    3.02e+04   6.08e+00   6.43e-01  3.26e+03        1    6.34e-02    2.67e+00
  45  3.648096e+03    2.37e+01    2.94e+04   5.71e+00   6.41e-01  3.33e+03        1    5.99e-02    2.73e+00
  46  3.625825e+03    2.23e+01    2.86e+04   5.38e+00   6.40e-01  3.41e+03        1    6.31e-02    2.79e+00
  47  3.604835e+03    2.10e+01    2.80e+04   5.09e+00   6.39e-01  3.49e+03        1    6.11e-02    2.85e+00
  48  3.584976e+03    1.99e+01    2.74e+04   4.82e+00   6.39e-01  3.56e+03        1    6.20e-02    2.91e+00
  49  3.566121e+03    1.89e+01    2.69e+04   4.57e+00   6.38e-01  3.64e+03        1    6.14e-02    2.97e+00
  50  3.548165e+03    1.80e+01    2.64e+04   4.35e+00   6.37e-01  3.71e+03        1    6.13e-02    3.03e+00
  51  3.531018e+03    1.71e+01    2.60e+04   4.15e+00   6.36e-01  3.79e+03        1    6.11e-02    3.10e+00
  52  3.514606e+03    1.64e+01    2.56e+04   3.97e+00   6.35e-01  3.87e+03        1    6.15e-02    3.16e+00
  53  3.498862e+03    1.57e+01    2.52e+04   3.80e+00   6.35e-01  3.94e+03        1    6.16e-02    3.22e+00
  54  3.483730e+03    1.51e+01    2.49e+04   3.65e+00   6.34e-01  4.02e+03        1    5.96e-02    3.28e+00
  55  3.469163e+03    1.46e+01    2.46e+04   3.51e+00   6.33e-01  4.10e+03        1    6.61e-02    3.34e+00
  56  3.455117e+03    1.40e+01    2.43e+04   3.38e+00   6.32e-01  4.18e+03        1    6.15e-02    3.41e+00
  57  3.441555e+03    1.36e+01    2.41e+04   3.27e+00   6.32e-01  4.25e+03        1    6.15e-02    3.47e+00
  58  3.428442e+03    1.31e+01    2.38e+04   3.16e+00   6.31e-01  4.33e+03        1    6.22e-02    3.53e+00
  59  3.415748e+03    1.27e+01    2.36e+04   3.06e+00   6.30e-01  4.41e+03        1    6.12e-02    3.59e+00
  60  3.403446e+03    1.23e+01    2.34e+04   2.97e+00   6.30e-01  4.49e+03        1    6.45e-02    3.66e+00
  61  3.391513e+03    1.19e+01    2.31e+04   2.88e+00   6.29e-01  4.57e+03        1    6.15e-02    3.72e+00
  62  3.379924e+03    1.16e+01    2.29e+04   2.81e+00   6.28e-01  4.65e+03        1    5.22e-02    3.77e+00
  63  3.368660e+03    1.13e+01    2.28e+04   2.74e+00   6.28e-01  4.73e+03        1    6.23e-02    3.83e+00
  64  3.357703e+03    1.10e+01    2.26e+04   2.67e+00   6.27e-01  4.80e+03        1    6.15e-02    3.89e+00
  65  3.347034e+03    1.07e+01    2.24e+04   2.62e+00   6.27e-01  4.88e+03        1    6.36e-02    3.96e+00
  66  3.336638e+03    1.04e+01    2.23e+04   2.56e+00   6.26e-01  4.96e+03        1    6.17e-02    4.02e+00
  67  3.326501e+03    1.01e+01    2.21e+04   2.52e+00   6.25e-01  5.04e+03        1    6.12e-02    4.08e+00
  68  3.316610e+03    9.89e+00    2.20e+04   2.47e+00   6.25e-01  5.12e+03        1    6.56e-02    4.15e+00
  69  3.306951e+03    9.66e+00    2.18e+04   2.44e+00   6.24e-01  5.20e+03        1    6.16e-02    4.21e+00
  70  3.297513e+03    9.44e+00    2.17e+04   2.40e+00   6.24e-01  5.28e+03        1    6.46e-02    4.27e+00
  71  3.288286e+03    9.23e+00    2.15e+04   2.38e+00   6.23e-01  5.36e+03        1    5.90e-02    4.33e+00
  72  3.279259e+03    9.03e+00    2.14e+04   2.35e+00   6.23e-01  5.44e+03        1    6.09e-02    4.39e+00
  73  3.270424e+03    8.83e+00    2.13e+04   2.33e+00   6.22e-01  5.52e+03        1    6.45e-02    4.46e+00
  74  3.261773e+03    8.65e+00    2.12e+04   2.32e+00   6.22e-01  5.61e+03        1    6.27e-02    4.52e+00
  75  3.253296e+03    8.48e+00    2.11e+04   2.30e+00   6.21e-01  5.69e+03        1    6.37e-02    4.58e+00
  76  3.244987e+03    8.31e+00    2.10e+04   2.30e+00   6.21e-01  5.77e+03        1    5.70e-02    4.64e+00
  77  3.236839e+03    8.15e+00    2.09e+04   2.29e+00   6.20e-01  5.85e+03        1    5.70e-02    4.70e+00
  78  3.228846e+03    7.99e+00    2.08e+04   2.29e+00   6.20e-01  5.93e+03        1    6.17e-02    4.76e+00
  79  3.221001e+03    7.85e+00    2.07e+04   2.29e+00   6.20e-01  6.01e+03        1    6.21e-02    4.82e+00
  80  3.213299e+03    7.70e+00    2.06e+04   2.30e+00   6.19e-01  6.10e+03        1    6.08e-02    4.88e+00
  81  3.205734e+03    7.56e+00    2.05e+04   2.31e+00   6.19e-01  6.18e+03        1    6.15e-02    4.94e+00
  82  3.198303e+03    7.43e+00    2.04e+04   2.32e+00   6.18e-01  6.26e+03        1    6.24e-02    5.01e+00
  83  3.190999e+03    7.30e+00    2.04e+04   2.33e+00   6.18e-01  6.35e+03        1    6.23e-02    5.07e+00
  84  3.183820e+03    7.18e+00    2.03e+04   2.35e+00   6.17e-01  6.43e+03        1    6.16e-02    5.13e+00
  85  3.176760e+03    7.06e+00    2.02e+04   2.37e+00   6.17e-01  6.51e+03        1    5.96e-02    5.19e+00
  86  3.169817e+03    6.94e+00    2.01e+04   2.39e+00   6.17e-01  6.60e+03        1    6.19e-02    5.25e+00
  87  3.162986e+03    6.83e+00    2.00e+04   2.42e+00   6.16e-01  6.68e+03        1    6.15e-02    5.31e+00
  88  3.156265e+03    6.72e+00    2.00e+04   2.44e+00   6.16e-01  6.76e+03        1    6.10e-02    5.37e+00
  89  3.149650e+03    6.62e+00    1.99e+04   2.47e+00   6.16e-01  6.85e+03        1    6.02e-02    5.43e+00
  90  3.143137e+03    6.51e+00    1.98e+04   2.50e+00   6.15e-01  6.93e+03        1    6.49e-02    5.50e+00
  91  3.136725e+03    6.41e+00    1.98e+04   2.54e+00   6.15e-01  7.02e+03        1    6.09e-02    5.56e+00
  92  3.130411e+03    6.31e+00    1.97e+04   2.57e+00   6.15e-01  7.11e+03        1    5.93e-02    5.62e+00
  93  3.124192e+03    6.22e+00    1.96e+04   2.61e+00   6.14e-01  7.19e+03        1    6.16e-02    5.68e+00
  94  3.118065e+03    6.13e+00    1.96e+04   2.65e+00   6.14e-01  7.28e+03        1    5.83e-02    5.74e+00
  95  3.112029e+03    6.04e+00    1.95e+04   2.69e+00   6.14e-01  7.37e+03        1    6.14e-02    5.80e+00
  96  3.106081e+03    5.95e+00    1.95e+04   2.74e+00   6.13e-01  7.45e+03        1    6.20e-02    5.86e+00
  97  3.100219e+03    5.86e+00    1.94e+04   2.78e+00   6.13e-01  7.54e+03        1    6.24e-02    5.93e+00
  98  3.094441e+03    5.78e+00    1.93e+04   2.83e+00   6.13e-01  7.63e+03        1    6.23e-02    5.99e+00
  99  3.088746e+03    5.70e+00    1.93e+04   2.88e+00   6.13e-01  7.72e+03        1    6.31e-02    6.05e+00
 100  3.083131e+03    5.61e+00    1.92e+04   2.93e+00   6.12e-01  7.80e+03        1    6.09e-02    6.11e+00


Bundle adjustment report
------------------------
    Residuals : 252
   Parameters : 196
   Iterations : 101
         Time : 6.11184 [s]
 Initial cost : 10.5595 [px]
   Final cost : 3.49781 [px]
  Termination : No convergence

  => Filtered observations: 36
  => Filtered images: 0

==============================================================================
Initializing with image pair #2 and #3
==============================================================================


==============================================================================
Global bundle adjustment
==============================================================================

iter      cost      cost_change  |gradient|   |step|    tr_ratio  tr_radius  ls_iter  iter_time  total_time
   0  7.930508e+03    0.00e+00    4.63e+04   0.00e+00   0.00e+00  1.00e+04        0    1.41e-02    1.48e-02
   1  1.159322e+04   -3.66e+03    0.00e+00   1.16e+02  -4.77e-01  5.00e+03        1    4.19e-02    5.68e-02
   2  7.327435e+03    6.03e+02    6.53e+05   1.27e+02   8.21e-02  3.16e+03        1    6.15e-02    1.18e-01
   3  1.807695e+02    7.15e+03    3.72e+03   1.73e+01   9.98e-01  9.47e+03        1    6.04e-02    1.79e-01
   4  9.885381e+01    8.19e+01    1.42e+04   4.89e+01   8.91e-01  1.82e+04        1    6.03e-02    2.39e-01
   5  8.326010e+01    1.56e+01    2.76e+03   2.65e+01   9.47e-01  5.46e+04        1    6.18e-02    3.01e-01
   6  8.213005e+01    1.13e+00    9.58e+01   6.29e+00   9.92e-01  1.64e+05        1    6.26e-02    3.64e-01
   7  8.211847e+01    1.16e-02    6.73e+01   2.83e+00   9.35e-01  4.78e+05        1    6.24e-02    4.26e-01
   8  8.215009e+01   -3.16e-02    0.00e+00   9.75e+00  -1.81e+00  2.39e+05        1    5.00e-02    4.76e-01
   9  8.211244e+01    6.03e-03    3.54e+02   4.93e+00   6.49e-01  2.46e+05        1    6.17e-02    5.38e-01
  10  8.210423e+01    8.20e-03    3.55e+02   4.95e+00   7.17e-01  2.68e+05        1    6.17e-02    6.00e-01
  11  8.209664e+01    7.60e-03    3.97e+02   5.25e+00   6.53e-01  2.76e+05        1    6.19e-02    6.61e-01
  12  8.208848e+01    8.16e-03    3.95e+02   5.25e+00   6.71e-01  2.87e+05        1    6.31e-02    7.25e-01
  13  8.208069e+01    7.79e-03    4.02e+02   5.31e+00   6.53e-01  2.95e+05        1    6.17e-02    7.86e-01
  14  8.207298e+01    7.71e-03    3.99e+02   5.30e+00   6.54e-01  3.04e+05        1    6.25e-02    8.49e-01
  15  8.206555e+01    7.43e-03    3.96e+02   5.29e+00   6.48e-01  3.12e+05        1    6.21e-02    9.11e-01
  16  8.205836e+01    7.19e-03    3.90e+02   5.27e+00   6.47e-01  3.21e+05        1    6.23e-02    9.73e-01
  17  8.205144e+01    6.91e-03    3.84e+02   5.24e+00   6.45e-01  3.29e+05        1    6.19e-02    1.04e+00
  18  8.204481e+01    6.64e-03    3.76e+02   5.20e+00   6.45e-01  3.37e+05        1    6.46e-02    1.10e+00
  19  8.203845e+01    6.36e-03    3.68e+02   5.16e+00   6.44e-01  3.45e+05        1    6.08e-02    1.16e+00
  20  8.203237e+01    6.08e-03    3.60e+02   5.11e+00   6.44e-01  3.53e+05        1    6.17e-02    1.22e+00
  21  8.202657e+01    5.81e-03    3.52e+02   5.07e+00   6.43e-01  3.62e+05        1    6.11e-02    1.28e+00
  22  8.202102e+01    5.54e-03    3.43e+02   5.02e+00   6.43e-01  3.71e+05        1    6.29e-02    1.35e+00
  23  8.201574e+01    5.28e-03    3.35e+02   4.97e+00   6.44e-01  3.80e+05        1    6.06e-02    1.41e+00
  24  8.201071e+01    5.03e-03    3.26e+02   4.91e+00   6.44e-01  3.89e+05        1    6.29e-02    1.47e+00
  25  8.200592e+01    4.79e-03    3.18e+02   4.86e+00   6.44e-01  3.99e+05        1    6.34e-02    1.53e+00
  26  8.200136e+01    4.55e-03    3.09e+02   4.81e+00   6.45e-01  4.08e+05        1    6.39e-02    1.60e+00
  27  8.199704e+01    4.33e-03    3.01e+02   4.75e+00   6.45e-01  4.19e+05        1    6.17e-02    1.66e+00
  28  8.199293e+01    4.11e-03    2.92e+02   4.70e+00   6.46e-01  4.29e+05        1    6.24e-02    1.72e+00
  29  8.198903e+01    3.90e-03    2.84e+02   4.64e+00   6.46e-01  4.40e+05        1    6.35e-02    1.78e+00
  30  8.198533e+01    3.70e-03    2.76e+02   4.58e+00   6.47e-01  4.52e+05        1    5.98e-02    1.84e+00
  31  8.198183e+01    3.50e-03    2.68e+02   4.53e+00   6.47e-01  4.63e+05        1    6.30e-02    1.91e+00
  32  8.197851e+01    3.32e-03    2.60e+02   4.47e+00   6.48e-01  4.76e+05        1    6.16e-02    1.97e+00
  33  8.197537e+01    3.14e-03    2.52e+02   4.41e+00   6.49e-01  4.88e+05        1    6.17e-02    2.03e+00
  34  8.197241e+01    2.96e-03    2.45e+02   4.35e+00   6.49e-01  5.02e+05        1    6.30e-02    2.09e+00
  35  8.196961e+01    2.80e-03    2.37e+02   4.29e+00   6.50e-01  5.16e+05        1    6.26e-02    2.16e+00
  36  8.196697e+01    2.64e-03    2.29e+02   4.23e+00   6.51e-01  5.30e+05        1    6.30e-02    2.22e+00
  37  8.196449e+01    2.49e-03    2.22e+02   4.17e+00   6.52e-01  5.45e+05        1    6.31e-02    2.28e+00
  38  8.196215e+01    2.34e-03    2.15e+02   4.11e+00   6.52e-01  5.61e+05        1    6.17e-02    2.34e+00
  39  8.195995e+01    2.20e-03    2.07e+02   4.05e+00   6.53e-01  5.78e+05        1    6.30e-02    2.41e+00
  40  8.195788e+01    2.07e-03    2.00e+02   3.99e+00   6.54e-01  5.96e+05        1    6.17e-02    2.47e+00
  41  8.195594e+01    1.94e-03    1.93e+02   3.93e+00   6.55e-01  6.14e+05        1    6.14e-02    2.53e+00
  42  8.195413e+01    1.82e-03    1.86e+02   3.87e+00   6.56e-01  6.33e+05        1    6.03e-02    2.59e+00
  43  8.195243e+01    1.70e-03    1.80e+02   3.80e+00   6.57e-01  6.54e+05        1    6.19e-02    2.65e+00
  44  8.195084e+01    1.59e-03    1.73e+02   3.74e+00   6.58e-01  6.75e+05        1    6.18e-02    2.71e+00
  45  8.194936e+01    1.48e-03    1.66e+02   3.67e+00   6.60e-01  6.98e+05        1    6.05e-02    2.78e+00
  46  8.194799e+01    1.38e-03    1.60e+02   3.61e+00   6.61e-01  7.22e+05        1    6.02e-02    2.84e+00
  47  8.194671e+01    1.28e-03    1.53e+02   3.54e+00   6.62e-01  7.47e+05        1    6.11e-02    2.90e+00
  48  8.194552e+01    1.19e-03    1.47e+02   3.47e+00   6.64e-01  7.75e+05        1    6.21e-02    2.96e+00
  49  8.194442e+01    1.10e-03    1.41e+02   3.40e+00   6.65e-01  8.03e+05        1    6.15e-02    3.02e+00
  50  8.194341e+01    1.01e-03    1.35e+02   3.34e+00   6.66e-01  8.34e+05        1    6.08e-02    3.08e+00
  51  8.194247e+01    9.35e-04    1.29e+02   3.27e+00   6.68e-01  8.67e+05        1    6.12e-02    3.14e+00
  52  8.194161e+01    8.59e-04    1.23e+02   3.19e+00   6.70e-01  9.02e+05        1    6.31e-02    3.21e+00
  53  8.194083e+01    7.88e-04    1.17e+02   3.12e+00   6.71e-01  9.40e+05        1    6.30e-02    3.27e+00
  54  8.194011e+01    7.20e-04    1.11e+02   3.05e+00   6.73e-01  9.81e+05        1    6.32e-02    3.33e+00
  55  8.193945e+01    6.56e-04    1.05e+02   2.97e+00   6.75e-01  1.03e+06        1    6.09e-02    3.39e+00
  56  8.193885e+01    5.96e-04    9.97e+01   2.90e+00   6.77e-01  1.07e+06        1    6.07e-02    3.45e+00
  57  8.193832e+01    5.39e-04    9.42e+01   2.82e+00   6.80e-01  1.13e+06        1    6.26e-02    3.52e+00
  58  8.193783e+01    4.86e-04    8.87e+01   2.74e+00   6.82e-01  1.18e+06        1    5.96e-02    3.58e+00
  59  8.193739e+01    4.36e-04    8.34e+01   2.66e+00   6.84e-01  1.25e+06        1    6.05e-02    3.64e+00
  60  8.193700e+01    3.89e-04    7.82e+01   2.58e+00   6.87e-01  1.31e+06        1    6.31e-02    3.70e+00
  61  8.193666e+01    3.46e-04    7.30e+01   2.50e+00   6.90e-01  1.39e+06        1    6.23e-02    3.76e+00
  62  8.193635e+01    3.05e-04    6.79e+01   2.42e+00   6.93e-01  1.48e+06        1    6.57e-02    3.83e+00
  63  8.193609e+01    2.68e-04    6.30e+01   2.33e+00   6.96e-01  1.57e+06        1    5.68e-02    3.88e+00
  64  8.193585e+01    2.33e-04    5.81e+01   2.24e+00   7.00e-01  1.68e+06        1    6.20e-02    3.95e+00
  65  8.193565e+01    2.01e-04    5.33e+01   2.15e+00   7.04e-01  1.80e+06        1    5.89e-02    4.01e+00
  66  8.193548e+01    1.72e-04    4.86e+01   2.05e+00   7.08e-01  1.94e+06        1    6.41e-02    4.07e+00
  67  8.193533e+01    1.46e-04    4.41e+01   1.96e+00   7.13e-01  2.10e+06        1    6.25e-02    4.13e+00
  68  8.193521e+01    1.22e-04    3.96e+01   1.86e+00   7.18e-01  2.29e+06        1    5.94e-02    4.19e+00
  69  8.193511e+01    1.00e-04    3.53e+01   1.76e+00   7.23e-01  2.51e+06        1    6.23e-02    4.25e+00
  70  8.193503e+01    8.10e-05    3.11e+01   1.65e+00   7.30e-01  2.78e+06        1    6.31e-02    4.32e+00
  71  8.193497e+01    6.42e-05    2.70e+01   1.54e+00   7.36e-01  3.11e+06        1    6.24e-02    4.38e+00
  72  8.193492e+01    4.96e-05    2.30e+01   1.42e+00   7.44e-01  3.52e+06        1    6.24e-02    4.44e+00
  73  8.193488e+01    3.72e-05    1.92e+01   1.30e+00   7.53e-01  4.05e+06        1    6.27e-02    4.50e+00
  74  8.193485e+01    2.68e-05    1.56e+01   1.18e+00   7.63e-01  4.74e+06        1    6.07e-02    4.57e+00
  75  8.193483e+01    1.83e-05    1.22e+01   1.04e+00   7.75e-01  5.69e+06        1    6.21e-02    4.63e+00
  76  8.193482e+01    1.17e-05    9.09e+00   9.01e-01   7.89e-01  7.05e+06        1    6.60e-02    4.69e+00
  77  8.193482e+01    6.74e-06    6.25e+00   7.49e-01   8.05e-01  9.11e+06        1    6.23e-02    4.76e+00
  78  8.193481e+01    3.35e-06    3.80e+00   5.86e-01   8.22e-01  1.24e+07        1    6.34e-02    4.82e+00
  79  8.193481e+01    1.31e-06    1.87e+00   4.14e-01   8.39e-01  1.80e+07        1    6.41e-02    4.88e+00
  80  8.193481e+01    3.36e-07    1.47e+00   2.41e-01   8.48e-01  2.72e+07        1    6.15e-02    4.94e+00
  81  8.193481e+01    3.97e-08    3.39e-01   9.50e-02   8.45e-01  4.06e+07        1    6.43e-02    5.01e+00
  82  8.193481e+01    1.23e-09    1.50e-02   1.70e-02   8.80e-01  7.22e+07        1    6.19e-02    5.07e+00


Bundle adjustment report
------------------------
    Residuals : 476
   Parameters : 364
   Iterations : 83
         Time : 5.07094 [s]
 Initial cost : 4.08176 [px]
   Final cost : 0.414888 [px]
  Termination : Convergence

  => Filtered observations: 4
  => Filtered images: 0
  => No good initial image pair found.
  => Relaxing the initialization constraints.

==============================================================================
Initializing with image pair #5 and #4
==============================================================================


==============================================================================
Global bundle adjustment
==============================================================================

iter      cost      cost_change  |gradient|   |step|    tr_ratio  tr_radius  ls_iter  iter_time  total_time
   0  3.074315e+03    0.00e+00    1.30e+05   0.00e+00   0.00e+00  1.00e+04        0    1.12e-02    1.16e-02
   1  2.346781e+03    7.28e+02    3.37e+05   3.57e+01   2.92e-01  9.32e+03        1    5.42e-02    6.59e-02
   2  3.574940e+02    1.99e+03    1.01e+05   2.67e+01   9.73e-01  2.80e+04        1    6.00e-02    1.26e-01
   3  3.482211e+02    9.27e+00    1.64e+05   7.78e+00   4.07e-02  1.58e+04        1    6.11e-02    1.87e-01
   4  1.086238e+02    2.40e+02    1.99e+04   2.28e+00   9.86e-01  4.73e+04        1    6.28e-02    2.50e-01
   5  9.834660e+01    1.03e+01    2.43e+04   1.23e+01   5.25e-01  4.73e+04        1    6.03e-02    3.10e-01
   6  8.774408e+01    1.06e+01    2.27e+03   1.43e+01   8.70e-01  7.94e+04        1    6.20e-02    3.72e-01
   7  9.564834e+01   -7.90e+00    0.00e+00   2.59e+01  -2.27e+00  3.97e+04        1    5.01e-02    4.23e-01
   8  8.577981e+01    1.96e+00    6.08e+03   1.26e+01   7.35e-01  4.43e+04        1    6.24e-02    4.85e-01
   9  8.533805e+01    4.42e-01    9.56e+03   1.46e+01   2.70e-01  4.04e+04        1    6.21e-02    5.47e-01
  10  8.420538e+01    1.13e+00    8.53e+03   1.35e+01   5.62e-01  4.04e+04        1    6.22e-02    6.09e-01
  11  8.342511e+01    7.80e-01    8.78e+03   1.37e+01   4.56e-01  4.04e+04        1    5.87e-02    6.68e-01
  12  8.261960e+01    8.06e-01    8.85e+03   1.38e+01   4.55e-01  4.04e+04        1    6.73e-02    7.36e-01
  13  8.179992e+01    8.20e-01    8.86e+03   1.38e+01   4.51e-01  4.03e+04        1    5.24e-02    7.88e-01
  14  8.096722e+01    8.33e-01    8.85e+03   1.38e+01   4.48e-01  4.03e+04        1    6.11e-02    8.49e-01
  15  8.012245e+01    8.45e-01    8.81e+03   1.38e+01   4.45e-01  4.02e+04        1    6.17e-02    9.11e-01
  16  7.926623e+01    8.56e-01    8.76e+03   1.38e+01   4.42e-01  4.02e+04        1    6.47e-02    9.76e-01
  17  7.839913e+01    8.67e-01    8.69e+03   1.38e+01   4.40e-01  4.01e+04        1    5.93e-02    1.03e+00
  18  7.752175e+01    8.77e-01    8.62e+03   1.38e+01   4.38e-01  4.00e+04        1    6.11e-02    1.10e+00
  19  7.663472e+01    8.87e-01    8.53e+03   1.37e+01   4.37e-01  4.00e+04        1    6.21e-02    1.16e+00
  20  7.573876e+01    8.96e-01    8.43e+03   1.37e+01   4.36e-01  3.99e+04        1    6.22e-02    1.22e+00
  21  7.483462e+01    9.04e-01    8.33e+03   1.36e+01   4.35e-01  3.98e+04        1    6.19e-02    1.28e+00
  22  7.392314e+01    9.11e-01    8.21e+03   1.35e+01   4.34e-01  3.97e+04        1    6.12e-02    1.34e+00
  23  7.300518e+01    9.18e-01    8.08e+03   1.35e+01   4.34e-01  3.96e+04        1    6.17e-02    1.41e+00
  24  7.208167e+01    9.24e-01    7.95e+03   1.34e+01   4.35e-01  3.95e+04        1    6.25e-02    1.47e+00
  25  7.115355e+01    9.28e-01    7.81e+03   1.33e+01   4.35e-01  3.94e+04        1    6.36e-02    1.53e+00
  26  7.022182e+01    9.32e-01    7.66e+03   1.32e+01   4.36e-01  3.93e+04        1    6.13e-02    1.59e+00
  27  6.928749e+01    9.34e-01    7.51e+03   1.31e+01   4.37e-01  3.93e+04        1    6.17e-02    1.65e+00
  28  6.835163e+01    9.36e-01    7.35e+03   1.30e+01   4.39e-01  3.92e+04        1    6.20e-02    1.72e+00
  29  6.741531e+01    9.36e-01    7.18e+03   1.29e+01   4.40e-01  3.91e+04        1    6.24e-02    1.78e+00
  30  6.647964e+01    9.36e-01    7.01e+03   1.27e+01   4.42e-01  3.91e+04        1    6.23e-02    1.84e+00
  31  6.554576e+01    9.34e-01    6.84e+03   1.26e+01   4.45e-01  3.90e+04        1    6.15e-02    1.90e+00
  32  6.461481e+01    9.31e-01    6.66e+03   1.25e+01   4.47e-01  3.90e+04        1    6.23e-02    1.96e+00
  33  6.368800e+01    9.27e-01    6.48e+03   1.23e+01   4.50e-01  3.89e+04        1    6.01e-02    2.03e+00
  34  6.276653e+01    9.21e-01    6.29e+03   1.22e+01   4.53e-01  3.89e+04        1    6.26e-02    2.09e+00
  35  6.185166e+01    9.15e-01    6.10e+03   1.20e+01   4.57e-01  3.89e+04        1    6.01e-02    2.15e+00
  36  6.094464e+01    9.07e-01    5.91e+03   1.19e+01   4.61e-01  3.89e+04        1    6.44e-02    2.21e+00
  37  6.004679e+01    8.98e-01    5.72e+03   1.17e+01   4.65e-01  3.88e+04        1    6.15e-02    2.27e+00
  38  5.915941e+01    8.87e-01    5.52e+03   1.15e+01   4.70e-01  3.88e+04        1    5.78e-02    2.33e+00
  39  5.828388e+01    8.76e-01    5.33e+03   1.13e+01   4.75e-01  3.88e+04        1    5.98e-02    2.39e+00
  40  5.742156e+01    8.62e-01    5.13e+03   1.11e+01   4.81e-01  3.88e+04        1    6.56e-02    2.46e+00
  41  5.657386e+01    8.48e-01    4.93e+03   1.10e+01   4.87e-01  3.88e+04        1    6.52e-02    2.52e+00
  42  5.574220e+01    8.32e-01    4.73e+03   1.08e+01   4.94e-01  3.88e+04        1    6.09e-02    2.58e+00
  43  5.492803e+01    8.14e-01    4.52e+03   1.05e+01   5.01e-01  3.88e+04        1    6.25e-02    2.65e+00
  44  5.413278e+01    7.95e-01    4.32e+03   1.03e+01   5.09e-01  3.88e+04        1    6.34e-02    2.71e+00
  45  5.335787e+01    7.75e-01    4.12e+03   1.01e+01   5.17e-01  3.88e+04        1    6.06e-02    2.77e+00
  46  5.260469e+01    7.53e-01    3.92e+03   9.88e+00   5.26e-01  3.88e+04        1    6.12e-02    2.83e+00
  47  5.187454e+01    7.30e-01    3.72e+03   9.65e+00   5.35e-01  3.89e+04        1    6.20e-02    2.89e+00
  48  5.116861e+01    7.06e-01    3.53e+03   9.42e+00   5.44e-01  3.89e+04        1    6.08e-02    2.95e+00
  49  5.048788e+01    6.81e-01    3.34e+03   9.19e+00   5.54e-01  3.89e+04        1    6.44e-02    3.02e+00
  50  4.983314e+01    6.55e-01    3.16e+03   8.95e+00   5.63e-01  3.90e+04        1    6.30e-02    3.08e+00
  51  4.920489e+01    6.28e-01    2.99e+03   8.72e+00   5.72e-01  3.91e+04        1    6.16e-02    3.14e+00
  52  4.860333e+01    6.02e-01    2.82e+03   8.50e+00   5.81e-01  3.93e+04        1    6.17e-02    3.20e+00
  53  4.802838e+01    5.75e-01    2.67e+03   8.28e+00   5.90e-01  3.95e+04        1    5.92e-02    3.26e+00
  54  4.747968e+01    5.49e-01    2.52e+03   8.07e+00   5.98e-01  3.98e+04        1    6.11e-02    3.32e+00
  55  4.695671e+01    5.23e-01    2.39e+03   7.87e+00   6.05e-01  4.02e+04        1    6.26e-02    3.39e+00
  56  4.645879e+01    4.98e-01    2.26e+03   7.67e+00   6.12e-01  4.07e+04        1    6.18e-02    3.45e+00
  57  4.598519e+01    4.74e-01    2.14e+03   7.49e+00   6.18e-01  4.12e+04        1    6.26e-02    3.51e+00
  58  4.553517e+01    4.50e-01    2.03e+03   7.31e+00   6.24e-01  4.18e+04        1    6.17e-02    3.57e+00
  59  4.510804e+01    4.27e-01    1.93e+03   7.13e+00   6.29e-01  4.26e+04        1    6.23e-02    3.64e+00
  60  4.470317e+01    4.05e-01    1.83e+03   6.97e+00   6.34e-01  4.34e+04        1    6.27e-02    3.70e+00
  61  4.431999e+01    3.83e-01    1.74e+03   6.80e+00   6.38e-01  4.43e+04        1    6.26e-02    3.76e+00
  62  4.395801e+01    3.62e-01    1.69e+03   6.64e+00   6.42e-01  4.54e+04        1    6.26e-02    3.82e+00
  63  4.361681e+01    3.41e-01    1.64e+03   6.49e+00   6.46e-01  4.65e+04        1    7.05e-02    3.89e+00
  64  4.329601e+01    3.21e-01    1.60e+03   6.33e+00   6.50e-01  4.78e+04        1    5.49e-02    3.95e+00
  65  4.299526e+01    3.01e-01    1.55e+03   6.17e+00   6.54e-01  4.93e+04        1    6.07e-02    4.01e+00
  66  4.271422e+01    2.81e-01    1.51e+03   6.02e+00   6.57e-01  5.08e+04        1    5.75e-02    4.07e+00
  67  4.245257e+01    2.62e-01    1.46e+03   5.86e+00   6.61e-01  5.26e+04        1    6.29e-02    4.13e+00
  68  4.220994e+01    2.43e-01    1.41e+03   5.70e+00   6.65e-01  5.45e+04        1    6.20e-02    4.19e+00
  69  4.198597e+01    2.24e-01    1.36e+03   5.54e+00   6.68e-01  5.67e+04        1    6.19e-02    4.25e+00
  70  4.178025e+01    2.06e-01    1.30e+03   5.38e+00   6.72e-01  5.91e+04        1    6.15e-02    4.32e+00
  71  4.159232e+01    1.88e-01    1.25e+03   5.21e+00   6.76e-01  6.19e+04        1    6.15e-02    4.38e+00
  72  4.142168e+01    1.71e-01    1.19e+03   5.04e+00   6.81e-01  6.49e+04        1    6.20e-02    4.44e+00
  73  4.126780e+01    1.54e-01    1.13e+03   4.87e+00   6.85e-01  6.84e+04        1    6.46e-02    4.50e+00
  74  4.113005e+01    1.38e-01    1.06e+03   4.69e+00   6.90e-01  7.23e+04        1    6.35e-02    4.57e+00
  75  4.100777e+01    1.22e-01    1.00e+03   4.51e+00   6.95e-01  7.69e+04        1    5.90e-02    4.63e+00
  76  4.090025e+01    1.08e-01    9.35e+02   4.33e+00   7.00e-01  8.21e+04        1    6.11e-02    4.69e+00
  77  4.080670e+01    9.35e-02    8.67e+02   4.14e+00   7.06e-01  8.83e+04        1    6.11e-02    4.75e+00
  78  4.072630e+01    8.04e-02    7.98e+02   3.94e+00   7.12e-01  9.55e+04        1    6.09e-02    4.81e+00
  79  4.065817e+01    6.81e-02    7.29e+02   3.74e+00   7.19e-01  1.04e+05        1    6.16e-02    4.87e+00
  80  4.060136e+01    5.68e-02    6.58e+02   3.53e+00   7.26e-01  1.15e+05        1    6.15e-02    4.93e+00
  81  4.055490e+01    4.65e-02    5.86e+02   3.31e+00   7.34e-01  1.28e+05        1    6.27e-02    5.00e+00
  82  4.051777e+01    3.71e-02    5.15e+02   3.09e+00   7.44e-01  1.45e+05        1    6.21e-02    5.06e+00
  83  4.048893e+01    2.88e-02    4.44e+02   2.85e+00   7.54e-01  1.67e+05        1    6.62e-02    5.12e+00
  84  4.046730e+01    2.16e-02    3.74e+02   2.60e+00   7.67e-01  1.96e+05        1    5.86e-02    5.18e+00
  85  4.045180e+01    1.55e-02    3.05e+02   2.34e+00   7.81e-01  2.39e+05        1    6.12e-02    5.24e+00
  86  4.044135e+01    1.05e-02    2.38e+02   2.06e+00   7.99e-01  3.04e+05        1    6.21e-02    5.31e+00
  87  4.043486e+01    6.49e-03    1.75e+02   1.76e+00   8.21e-01  4.14e+05        1    6.37e-02    5.37e+00
  88  4.043130e+01    3.56e-03    1.17e+02   1.44e+00   8.50e-01  6.31e+05        1    6.37e-02    5.43e+00
  89  4.042970e+01    1.60e-03    6.67e+01   1.08e+00   8.89e-01  1.19e+06        1    5.85e-02    5.49e+00
  90  4.042920e+01    5.04e-04    2.75e+01   6.93e-01   9.40e-01  3.58e+06        1    6.32e-02    5.56e+00
  91  4.042912e+01    7.74e-05    5.28e+00   3.03e-01   9.96e-01  1.08e+07        1    6.24e-02    5.62e+00
  92  4.042912e+01    2.67e-06    7.84e-01   5.10e-02   1.04e+00  3.23e+07        1    6.23e-02    5.68e+00
  93  4.042912e+01    2.41e-08    1.08e-02   5.22e-03   1.11e+00  9.68e+07        1    6.32e-02    5.74e+00


Bundle adjustment report
------------------------
    Residuals : 380
   Parameters : 292
   Iterations : 94
         Time : 5.74352 [s]
 Initial cost : 2.84435 [px]
   Final cost : 0.326178 [px]
  Termination : Convergence

  => Filtered observations: 0
  => Filtered images: 0

==============================================================================
Initializing with image pair #5 and #1
==============================================================================


==============================================================================
Global bundle adjustment
==============================================================================

iter      cost      cost_change  |gradient|   |step|    tr_ratio  tr_radius  ls_iter  iter_time  total_time
   0  2.838716e+04    0.00e+00    3.33e+04   0.00e+00   0.00e+00  1.00e+04        0    7.06e-03    7.34e-03
   1  2.883920e+05   -2.60e+05    0.00e+00   4.60e+02  -1.80e+01  5.00e+03        1    4.93e-02    5.67e-02
   2  2.065626e+05   -1.78e+05    0.00e+00   3.93e+02  -1.25e+01  1.25e+03        1    4.39e-02    1.01e-01
   3  5.602148e+04   -2.76e+04    0.00e+00   2.31e+02  -2.05e+00  1.56e+02        1    4.87e-02    1.49e-01
   4  1.994281e+04    8.44e+03    2.56e+04   7.01e+01   8.77e-01  2.74e+02        1    6.11e-02    2.11e-01
   5  1.562244e+04    4.32e+03    2.04e+04   7.08e+01   1.01e+00  8.22e+02        1    6.39e-02    2.74e-01
   6  1.523725e+04    3.85e+02    6.16e+04   1.63e+02   1.75e-01  6.45e+02        1    5.89e-02    3.33e-01
   7  1.269237e+04    2.54e+03    4.78e+04   1.16e+02   9.13e-01  1.48e+03        1    6.08e-02    3.94e-01
   8  1.679013e+04   -4.10e+03    0.00e+00   2.42e+02  -2.44e+00  7.42e+02        1    4.87e-02    4.43e-01
   9  1.201714e+04    6.75e+02    6.97e+04   1.25e+02   6.51e-01  7.63e+02        1    6.12e-02    5.04e-01
  10  1.124572e+04    7.71e+02    7.73e+04   1.15e+02   7.34e-01  8.50e+02        1    6.39e-02    5.68e-01
  11  1.062069e+04    6.25e+02    9.74e+04   1.14e+02   6.53e-01  8.75e+02        1    6.22e-02    6.30e-01
  12  9.949591e+03    6.71e+02    1.01e+05   1.02e+02   7.03e-01  9.37e+02        1    6.12e-02    6.91e-01
  13  9.370980e+03    5.79e+02    1.11e+05   9.60e+01   6.59e-01  9.68e+02        1    6.33e-02    7.55e-01
  14  8.792700e+03    5.78e+02    1.12e+05   8.62e+01   6.83e-01  1.02e+03        1    6.20e-02    8.17e-01
  15  8.275011e+03    5.18e+02    1.15e+05   7.87e+01   6.65e-01  1.06e+03        1    6.24e-02    8.79e-01
  16  7.783462e+03    4.92e+02    1.13e+05   7.06e+01   6.76e-01  1.10e+03        1    6.16e-02    9.41e-01
  17  7.338059e+03    4.45e+02    1.11e+05   6.38e+01   6.71e-01  1.15e+03        1    5.76e-02    9.99e-01
  18  6.926322e+03    4.12e+02    1.07e+05   5.73e+01   6.77e-01  1.20e+03        1    6.21e-02    1.06e+00
  19  6.552869e+03    3.73e+02    1.04e+05   5.17e+01   6.77e-01  1.26e+03        1    6.18e-02    1.12e+00
  20  6.212070e+03    3.41e+02    9.90e+04   4.66e+01   6.81e-01  1.32e+03        1    6.23e-02    1.18e+00
  21  5.903759e+03    3.08e+02    9.45e+04   4.22e+01   6.82e-01  1.39e+03        1    5.89e-02    1.24e+00
  22  5.624708e+03    2.79e+02    8.97e+04   3.81e+01   6.84e-01  1.46e+03        1    6.06e-02    1.30e+00
  23  5.373604e+03    2.51e+02    8.49e+04   3.46e+01   6.85e-01  1.54e+03        1    6.06e-02    1.36e+00
  24  5.148251e+03    2.25e+02    8.02e+04   3.14e+01   6.86e-01  1.62e+03        1    5.81e-02    1.42e+00
  25  4.947141e+03    2.01e+02    7.55e+04   2.85e+01   6.86e-01  1.71e+03        1    6.18e-02    1.48e+00
  26  4.768475e+03    1.79e+02    7.10e+04   2.59e+01   6.86e-01  1.80e+03        1    6.14e-02    1.55e+00
  27  4.610648e+03    1.58e+02    6.66e+04   2.35e+01   6.85e-01  1.90e+03        1    6.15e-02    1.61e+00
  28  4.471907e+03    1.39e+02    6.24e+04   2.14e+01   6.83e-01  2.00e+03        1    5.69e-02    1.66e+00
  29  4.350520e+03    1.21e+02    5.84e+04   1.94e+01   6.81e-01  2.10e+03        1    6.41e-02    1.73e+00
  30  4.244681e+03    1.06e+02    5.47e+04   1.77e+01   6.79e-01  2.20e+03        1    6.15e-02    1.79e+00
  31  4.152605e+03    9.21e+01    5.12e+04   1.61e+01   6.76e-01  2.30e+03        1    6.29e-02    1.85e+00
  32  4.072535e+03    8.01e+01    4.80e+04   1.46e+01   6.72e-01  2.40e+03        1    6.15e-02    1.91e+00
  33  4.002810e+03    6.97e+01    4.50e+04   1.33e+01   6.69e-01  2.49e+03        1    6.19e-02    1.98e+00
  34  3.941892e+03    6.09e+01    4.24e+04   1.22e+01   6.65e-01  2.58e+03        1    6.08e-02    2.04e+00
  35  3.888404e+03    5.35e+01    4.00e+04   1.11e+01   6.62e-01  2.67e+03        1    6.08e-02    2.10e+00
  36  3.841139e+03    4.73e+01    3.78e+04   1.02e+01   6.58e-01  2.76e+03        1    6.37e-02    2.16e+00
  37  3.799067e+03    4.21e+01    3.59e+04   9.37e+00   6.55e-01  2.85e+03        1    6.14e-02    2.22e+00
  38  3.761319e+03    3.77e+01    3.43e+04   8.64e+00   6.53e-01  2.93e+03        1    6.29e-02    2.29e+00
  39  3.727177e+03    3.41e+01    3.28e+04   7.99e+00   6.51e-01  3.01e+03        1    7.02e-02    2.36e+00
  40  3.696053e+03    3.11e+01    3.15e+04   7.41e+00   6.49e-01  3.10e+03        1    5.68e-02    2.41e+00
  41  3.667468e+03    2.86e+01    3.04e+04   6.90e+00   6.47e-01  3.18e+03        1    6.25e-02    2.48e+00
  42  3.641034e+03    2.64e+01    2.94e+04   6.45e+00   6.46e-01  3.26e+03        1    6.26e-02    2.54e+00
  43  3.616438e+03    2.46e+01    2.86e+04   6.04e+00   6.45e-01  3.34e+03        1    6.38e-02    2.60e+00
  44  3.593426e+03    2.30e+01    2.78e+04   5.68e+00   6.44e-01  3.42e+03        1    5.71e-02    2.66e+00
  45  3.571791e+03    2.16e+01    2.72e+04   5.36e+00   6.43e-01  3.50e+03        1    6.24e-02    2.72e+00
  46  3.551364e+03    2.04e+01    2.66e+04   5.07e+00   6.42e-01  3.59e+03        1    6.13e-02    2.78e+00
  47  3.532006e+03    1.94e+01    2.61e+04   4.80e+00   6.41e-01  3.67e+03        1    5.94e-02    2.84e+00
  48  3.513603e+03    1.84e+01    2.56e+04   4.56e+00   6.40e-01  3.75e+03        1    6.10e-02    2.90e+00
  49  3.496058e+03    1.75e+01    2.52e+04   4.35e+00   6.40e-01  3.84e+03        1    6.35e-02    2.97e+00
  50  3.479289e+03    1.68e+01    2.48e+04   4.15e+00   6.39e-01  3.92e+03        1    6.32e-02    3.03e+00
  51  3.463228e+03    1.61e+01    2.44e+04   3.97e+00   6.38e-01  4.00e+03        1    6.04e-02    3.09e+00
  52  3.447813e+03    1.54e+01    2.41e+04   3.80e+00   6.37e-01  4.09e+03        1    6.13e-02    3.15e+00
  53  3.432992e+03    1.48e+01    2.38e+04   3.65e+00   6.36e-01  4.17e+03        1    6.15e-02    3.21e+00
  54  3.418719e+03    1.43e+01    2.35e+04   3.51e+00   6.36e-01  4.26e+03        1    6.12e-02    3.28e+00
  55  3.404953e+03    1.38e+01    2.33e+04   3.37e+00   6.35e-01  4.34e+03        1    6.35e-02    3.34e+00
  56  3.391659e+03    1.33e+01    2.30e+04   3.25e+00   6.34e-01  4.43e+03        1    6.15e-02    3.40e+00
  57  3.378802e+03    1.29e+01    2.28e+04   3.14e+00   6.33e-01  4.51e+03        1    6.08e-02    3.46e+00
  58  3.366353e+03    1.24e+01    2.26e+04   3.04e+00   6.33e-01  4.60e+03        1    6.29e-02    3.52e+00
  59  3.354286e+03    1.21e+01    2.24e+04   2.94e+00   6.32e-01  4.68e+03        1    6.25e-02    3.59e+00
  60  3.342575e+03    1.17e+01    2.22e+04   2.85e+00   6.31e-01  4.77e+03        1    5.66e-02    3.64e+00
  61  3.331198e+03    1.14e+01    2.20e+04   2.77e+00   6.30e-01  4.86e+03        1    5.92e-02    3.70e+00
  62  3.320135e+03    1.11e+01    2.18e+04   2.69e+00   6.30e-01  4.94e+03        1    6.25e-02    3.77e+00
  63  3.309367e+03    1.08e+01    2.17e+04   2.62e+00   6.29e-01  5.03e+03        1    6.28e-02    3.83e+00
  64  3.298876e+03    1.05e+01    2.15e+04   2.55e+00   6.28e-01  5.12e+03        1    6.48e-02    3.89e+00
  65  3.288647e+03    1.02e+01    2.14e+04   2.49e+00   6.28e-01  5.20e+03        1    6.09e-02    3.95e+00
  66  3.278665e+03    9.98e+00    2.12e+04   2.44e+00   6.27e-01  5.29e+03        1    6.10e-02    4.02e+00
  67  3.268915e+03    9.75e+00    2.11e+04   2.38e+00   6.26e-01  5.38e+03        1    6.69e-02    4.08e+00
  68  3.259387e+03    9.53e+00    2.10e+04   2.34e+00   6.26e-01  5.46e+03        1    5.56e-02    4.14e+00
  69  3.250067e+03    9.32e+00    2.08e+04   2.30e+00   6.25e-01  5.55e+03        1    6.12e-02    4.20e+00
  70  3.240946e+03    9.12e+00    2.07e+04   2.26e+00   6.25e-01  5.64e+03        1    6.19e-02    4.26e+00
  71  3.232014e+03    8.93e+00    2.06e+04   2.23e+00   6.24e-01  5.73e+03        1    5.81e-02    4.32e+00
  72  3.223261e+03    8.75e+00    2.05e+04   2.20e+00   6.24e-01  5.81e+03        1    6.16e-02    4.38e+00
  73  3.214679e+03    8.58e+00    2.04e+04   2.17e+00   6.23e-01  5.90e+03        1    6.18e-02    4.44e+00
  74  3.206260e+03    8.42e+00    2.03e+04   2.15e+00   6.23e-01  5.99e+03        1    6.17e-02    4.50e+00
  75  3.197997e+03    8.26e+00    2.03e+04   2.13e+00   6.22e-01  6.08e+03        1    6.15e-02    4.57e+00
  76  3.189883e+03    8.11e+00    2.02e+04   2.12e+00   6.22e-01  6.17e+03        1    6.25e-02    4.63e+00
  77  3.181913e+03    7.97e+00    2.01e+04   2.10e+00   6.21e-01  6.26e+03        1    6.15e-02    4.69e+00
  78  3.174079e+03    7.83e+00    2.00e+04   2.10e+00   6.21e-01  6.34e+03        1    6.06e-02    4.75e+00
  79  3.166377e+03    7.70e+00    2.00e+04   2.09e+00   6.20e-01  6.43e+03        1    6.16e-02    4.81e+00
  80  3.158802e+03    7.57e+00    1.99e+04   2.09e+00   6.20e-01  6.52e+03        1    6.16e-02    4.87e+00
  81  3.151349e+03    7.45e+00    1.98e+04   2.09e+00   6.19e-01  6.61e+03        1    6.27e-02    4.94e+00
  82  3.144014e+03    7.34e+00    1.98e+04   2.09e+00   6.19e-01  6.70e+03        1    6.19e-02    5.00e+00
  83  3.136793e+03    7.22e+00    1.97e+04   2.10e+00   6.18e-01  6.79e+03        1    6.04e-02    5.06e+00
  84  3.129681e+03    7.11e+00    1.96e+04   2.11e+00   6.18e-01  6.88e+03        1    6.28e-02    5.12e+00
  85  3.122676e+03    7.01e+00    1.96e+04   2.12e+00   6.18e-01  6.97e+03        1    5.52e-02    5.18e+00
  86  3.115774e+03    6.90e+00    1.95e+04   2.14e+00   6.17e-01  7.06e+03        1    5.91e-02    5.24e+00
  87  3.108972e+03    6.80e+00    1.95e+04   2.15e+00   6.17e-01  7.16e+03        1    6.07e-02    5.30e+00
  88  3.102267e+03    6.71e+00    1.94e+04   2.17e+00   6.16e-01  7.25e+03        1    5.91e-02    5.36e+00
  89  3.095656e+03    6.61e+00    1.94e+04   2.19e+00   6.16e-01  7.34e+03        1    6.08e-02    5.42e+00
  90  3.089136e+03    6.52e+00    1.93e+04   2.22e+00   6.16e-01  7.43e+03        1    6.39e-02    5.48e+00
  91  3.082707e+03    6.43e+00    1.93e+04   2.24e+00   6.15e-01  7.52e+03        1    5.98e-02    5.54e+00
  92  3.076364e+03    6.34e+00    1.92e+04   2.27e+00   6.15e-01  7.62e+03        1    6.08e-02    5.60e+00
  93  3.070105e+03    6.26e+00    1.92e+04   2.30e+00   6.15e-01  7.71e+03        1    6.03e-02    5.66e+00
  94  3.063930e+03    6.18e+00    1.91e+04   2.33e+00   6.15e-01  7.80e+03        1    6.09e-02    5.72e+00
  95  3.057835e+03    6.09e+00    1.91e+04   2.37e+00   6.14e-01  7.90e+03        1    6.24e-02    5.79e+00
  96  3.051819e+03    6.02e+00    1.91e+04   2.40e+00   6.14e-01  7.99e+03        1    6.15e-02    5.85e+00
  97  3.045881e+03    5.94e+00    1.90e+04   2.44e+00   6.14e-01  8.09e+03        1    6.26e-02    5.91e+00
  98  3.040017e+03    5.86e+00    1.90e+04   2.48e+00   6.13e-01  8.18e+03        1    6.35e-02    5.97e+00
  99  3.034228e+03    5.79e+00    1.89e+04   2.52e+00   6.13e-01  8.28e+03        1    6.18e-02    6.04e+00
 100  3.028511e+03    5.72e+00    1.89e+04   2.56e+00   6.13e-01  8.38e+03        1    6.29e-02    6.10e+00


Bundle adjustment report
------------------------
    Residuals : 252
   Parameters : 196
   Iterations : 101
         Time : 6.09906 [s]
 Initial cost : 10.6136 [px]
   Final cost : 3.46668 [px]
  Termination : No convergence

  => Filtered observations: 36
  => Filtered images: 0

==============================================================================
Initializing with image pair #2 and #3
==============================================================================


==============================================================================
Global bundle adjustment
==============================================================================

iter      cost      cost_change  |gradient|   |step|    tr_ratio  tr_radius  ls_iter  iter_time  total_time
   0  6.358991e+03    0.00e+00    3.45e+04   0.00e+00   0.00e+00  1.00e+04        0    1.17e-02    1.22e-02
   1  6.377969e+03   -1.90e+01    0.00e+00   6.35e+01  -3.09e-03  5.00e+03        1    4.26e-02    5.48e-02
   2  3.932563e+03    2.43e+03    2.23e+05   8.47e+01   4.12e-01  4.97e+03        1    6.12e-02    1.16e-01
   3  1.553953e+02    3.78e+03    3.96e+04   4.17e+01   9.92e-01  1.49e+04        1    5.51e-02    1.71e-01
   4  9.851328e+01    5.69e+01    6.38e+03   5.37e+01   8.00e-01  1.90e+04        1    6.19e-02    2.33e-01
   5  8.244338e+01    1.61e+01    8.93e+02   1.52e+01   9.93e-01  5.71e+04        1    6.27e-02    2.96e-01
   6  8.224237e+01    2.01e-01    1.88e+02   2.49e+00   9.89e-01  1.71e+05        1    5.73e-02    3.53e-01
   7  8.223248e+01    9.88e-03    2.82e+02   4.43e+00   7.67e-01  2.02e+05        1    6.22e-02    4.15e-01
   8  8.222196e+01    1.05e-02    4.71e+02   5.47e+00   6.64e-01  2.09e+05        1    6.18e-02    4.77e-01
   9  8.220956e+01    1.24e-02    4.79e+02   5.54e+00   6.93e-01  2.22e+05        1    6.16e-02    5.39e-01
  10  8.219768e+01    1.19e-02    5.09e+02   5.72e+00   6.57e-01  2.29e+05        1    6.25e-02    6.01e-01
  11  8.218550e+01    1.22e-02    5.11e+02   5.74e+00   6.61e-01  2.37e+05        1    6.03e-02    6.62e-01
  12  8.217369e+01    1.18e-02    5.14e+02   5.78e+00   6.51e-01  2.44e+05        1    6.02e-02    7.22e-01
  13  8.216212e+01    1.16e-02    5.11e+02   5.78e+00   6.49e-01  2.51e+05        1    6.27e-02    7.85e-01
  14  8.215091e+01    1.12e-02    5.07e+02   5.76e+00   6.46e-01  2.57e+05        1    6.44e-02    8.49e-01
  15  8.214007e+01    1.08e-02    5.00e+02   5.74e+00   6.44e-01  2.63e+05        1    5.85e-02    9.08e-01
  16  8.212963e+01    1.04e-02    4.92e+02   5.71e+00   6.43e-01  2.69e+05        1    5.99e-02    9.68e-01
  17  8.211958e+01    1.01e-02    4.83e+02   5.67e+00   6.42e-01  2.76e+05        1    5.99e-02    1.03e+00
  18  8.210992e+01    9.65e-03    4.74e+02   5.63e+00   6.41e-01  2.82e+05        1    6.15e-02    1.09e+00
  19  8.210066e+01    9.26e-03    4.64e+02   5.59e+00   6.41e-01  2.88e+05        1    6.20e-02    1.15e+00
  20  8.209178e+01    8.88e-03    4.54e+02   5.55e+00   6.40e-01  2.95e+05        1    6.19e-02    1.21e+00
  21  8.208328e+01    8.50e-03    4.44e+02   5.50e+00   6.40e-01  3.02e+05        1    6.18e-02    1.27e+00
  22  8.207514e+01    8.14e-03    4.34e+02   5.45e+00   6.40e-01  3.08e+05        1    6.02e-02    1.33e+00
  23  8.206736e+01    7.78e-03    4.24e+02   5.40e+00   6.40e-01  3.15e+05        1    6.44e-02    1.40e+00
  24  8.205992e+01    7.44e-03    4.14e+02   5.35e+00   6.40e-01  3.22e+05        1    6.16e-02    1.46e+00
  25  8.205281e+01    7.11e-03    4.05e+02   5.30e+00   6.41e-01  3.30e+05        1    6.02e-02    1.52e+00
  26  8.204603e+01    6.78e-03    3.95e+02   5.25e+00   6.41e-01  3.37e+05        1    6.17e-02    1.58e+00
  27  8.203956e+01    6.47e-03    3.85e+02   5.20e+00   6.41e-01  3.45e+05        1    6.21e-02    1.65e+00
  28  8.203338e+01    6.17e-03    3.75e+02   5.14e+00   6.42e-01  3.53e+05        1    6.33e-02    1.71e+00
  29  8.202750e+01    5.89e-03    3.66e+02   5.09e+00   6.42e-01  3.61e+05        1    6.44e-02    1.77e+00
  30  8.202189e+01    5.61e-03    3.56e+02   5.04e+00   6.42e-01  3.70e+05        1    6.10e-02    1.83e+00
  31  8.201655e+01    5.34e-03    3.47e+02   4.98e+00   6.43e-01  3.79e+05        1    6.21e-02    1.90e+00
  32  8.201147e+01    5.08e-03    3.38e+02   4.93e+00   6.43e-01  3.88e+05        1    6.50e-02    1.96e+00
  33  8.200663e+01    4.83e-03    3.29e+02   4.87e+00   6.44e-01  3.97e+05        1    6.07e-02    2.02e+00
  34  8.200204e+01    4.60e-03    3.20e+02   4.82e+00   6.44e-01  4.07e+05        1    6.13e-02    2.08e+00
  35  8.199767e+01    4.37e-03    3.11e+02   4.76e+00   6.45e-01  4.17e+05        1    6.12e-02    2.14e+00
  36  8.199353e+01    4.14e-03    3.02e+02   4.71e+00   6.45e-01  4.28e+05        1    6.53e-02    2.21e+00
  37  8.198959e+01    3.93e-03    2.94e+02   4.65e+00   6.46e-01  4.39e+05        1    5.99e-02    2.27e+00
  38  8.198587e+01    3.73e-03    2.85e+02   4.59e+00   6.46e-01  4.50e+05        1    5.96e-02    2.33e+00
  39  8.198233e+01    3.53e-03    2.77e+02   4.54e+00   6.47e-01  4.62e+05        1    6.15e-02    2.39e+00
  40  8.197899e+01    3.34e-03    2.69e+02   4.48e+00   6.48e-01  4.74e+05        1    6.64e-02    2.46e+00
  41  8.197583e+01    3.16e-03    2.61e+02   4.42e+00   6.48e-01  4.87e+05        1    5.90e-02    2.52e+00
  42  8.197284e+01    2.99e-03    2.53e+02   4.36e+00   6.49e-01  5.00e+05        1    6.12e-02    2.58e+00
  43  8.197002e+01    2.82e-03    2.45e+02   4.30e+00   6.50e-01  5.14e+05        1    6.26e-02    2.64e+00
  44  8.196735e+01    2.66e-03    2.37e+02   4.24e+00   6.51e-01  5.28e+05        1    6.14e-02    2.70e+00
  45  8.196485e+01    2.51e-03    2.30e+02   4.18e+00   6.51e-01  5.43e+05        1    6.21e-02    2.76e+00
  46  8.196248e+01    2.36e-03    2.22e+02   4.12e+00   6.52e-01  5.59e+05        1    6.32e-02    2.83e+00
  47  8.196026e+01    2.22e-03    2.15e+02   4.06e+00   6.53e-01  5.76e+05        1    6.48e-02    2.89e+00
  48  8.195818e+01    2.09e-03    2.07e+02   4.00e+00   6.54e-01  5.93e+05        1    6.43e-02    2.96e+00
  49  8.195622e+01    1.96e-03    2.00e+02   3.94e+00   6.55e-01  6.11e+05        1    5.78e-02    3.01e+00
  50  8.195439e+01    1.83e-03    1.93e+02   3.87e+00   6.56e-01  6.30e+05        1    6.74e-02    3.08e+00
  51  8.195267e+01    1.71e-03    1.86e+02   3.81e+00   6.57e-01  6.51e+05        1    5.59e-02    3.14e+00
  52  8.195107e+01    1.60e-03    1.79e+02   3.75e+00   6.58e-01  6.72e+05        1    5.96e-02    3.20e+00
  53  8.194958e+01    1.49e-03    1.72e+02   3.68e+00   6.59e-01  6.94e+05        1    6.26e-02    3.26e+00
  54  8.194818e+01    1.39e-03    1.65e+02   3.62e+00   6.61e-01  7.18e+05        1    6.40e-02    3.32e+00
  55  8.194689e+01    1.29e-03    1.59e+02   3.55e+00   6.62e-01  7.44e+05        1    6.24e-02    3.39e+00
  56  8.194569e+01    1.20e-03    1.52e+02   3.48e+00   6.63e-01  7.70e+05        1    5.95e-02    3.45e+00
  57  8.194458e+01    1.11e-03    1.46e+02   3.41e+00   6.65e-01  7.99e+05        1    6.21e-02    3.51e+00
  58  8.194355e+01    1.03e-03    1.40e+02   3.35e+00   6.66e-01  8.29e+05        1    6.62e-02    3.57e+00
  59  8.194261e+01    9.46e-04    1.33e+02   3.28e+00   6.68e-01  8.62e+05        1    6.14e-02    3.63e+00
  60  8.194174e+01    8.70e-04    1.27e+02   3.20e+00   6.69e-01  8.97e+05        1    6.16e-02    3.70e+00
  61  8.194094e+01    7.98e-04    1.21e+02   3.13e+00   6.71e-01  9.35e+05        1    6.67e-02    3.76e+00
  62  8.194021e+01    7.30e-04    1.15e+02   3.06e+00   6.73e-01  9.75e+05        1    6.53e-02    3.83e+00
  63  8.193954e+01    6.65e-04    1.09e+02   2.99e+00   6.75e-01  1.02e+06        1    5.98e-02    3.89e+00
  64  8.193894e+01    6.05e-04    1.03e+02   2.91e+00   6.77e-01  1.07e+06        1    6.18e-02    3.95e+00
  65  8.193839e+01    5.47e-04    9.78e+01   2.83e+00   6.79e-01  1.12e+06        1    6.26e-02    4.01e+00
  66  8.193790e+01    4.94e-04    9.22e+01   2.76e+00   6.82e-01  1.17e+06        1    6.43e-02    4.08e+00
  67  8.193745e+01    4.43e-04    8.67e+01   2.68e+00   6.84e-01  1.24e+06        1    5.99e-02    4.14e+00
  68  8.193706e+01    3.96e-04    8.12e+01   2.60e+00   6.87e-01  1.30e+06        1    6.47e-02    4.20e+00
  69  8.193671e+01    3.52e-04    7.59e+01   2.51e+00   6.90e-01  1.38e+06        1    6.40e-02    4.27e+00
  70  8.193640e+01    3.11e-04    7.07e+01   2.43e+00   6.93e-01  1.46e+06        1    6.30e-02    4.33e+00
  71  8.193612e+01    2.73e-04    6.56e+01   2.34e+00   6.96e-01  1.56e+06        1    6.15e-02    4.39e+00
  72  8.193588e+01    2.38e-04    6.05e+01   2.25e+00   6.99e-01  1.66e+06        1    6.14e-02    4.45e+00
  73  8.193568e+01    2.06e-04    5.56e+01   2.16e+00   7.03e-01  1.78e+06        1    6.40e-02    4.52e+00
  74  8.193550e+01    1.76e-04    5.08e+01   2.07e+00   7.07e-01  1.92e+06        1    6.16e-02    4.58e+00
  75  8.193535e+01    1.49e-04    4.61e+01   1.97e+00   7.12e-01  2.08e+06        1    6.20e-02    4.64e+00
  76  8.193523e+01    1.25e-04    4.14e+01   1.87e+00   7.17e-01  2.26e+06        1    6.17e-02    4.70e+00
  77  8.193513e+01    1.03e-04    3.70e+01   1.77e+00   7.22e-01  2.48e+06        1    6.27e-02    4.76e+00
  78  8.193504e+01    8.37e-05    3.26e+01   1.67e+00   7.29e-01  2.74e+06        1    5.94e-02    4.82e+00
  79  8.193498e+01    6.65e-05    2.84e+01   1.56e+00   7.35e-01  3.06e+06        1    6.36e-02    4.89e+00
  80  8.193492e+01    5.16e-05    2.43e+01   1.44e+00   7.43e-01  3.46e+06        1    5.97e-02    4.95e+00
  81  8.193488e+01    3.89e-05    2.04e+01   1.32e+00   7.52e-01  3.96e+06        1    6.18e-02    5.01e+00
  82  8.193486e+01    2.82e-05    1.66e+01   1.20e+00   7.62e-01  4.63e+06        1    6.59e-02    5.07e+00
  83  8.193484e+01    1.94e-05    1.31e+01   1.06e+00   7.73e-01  5.53e+06        1    5.91e-02    5.13e+00
  84  8.193482e+01    1.25e-05    9.82e+00   9.22e-01   7.87e-01  6.82e+06        1    6.12e-02    5.20e+00
  85  8.193482e+01    7.37e-06    6.84e+00   7.72e-01   8.02e-01  8.75e+06        1    6.18e-02    5.26e+00
  86  8.193481e+01    3.76e-06    4.25e+00   6.11e-01   8.19e-01  1.18e+07        1    6.19e-02    5.32e+00
  87  8.193481e+01    1.54e-06    2.18e+00   4.40e-01   8.36e-01  1.70e+07        1    5.99e-02    5.38e+00
  88  8.193481e+01    4.26e-07    1.39e+00   2.66e-01   8.48e-01  2.56e+07        1    6.40e-02    5.44e+00
  89  8.193481e+01    5.83e-08    5.25e-01   1.13e-01   8.46e-01  3.83e+07        1    5.89e-02    5.50e+00
  90  8.193481e+01    2.28e-09    2.80e-02   2.36e-02   8.66e-01  6.29e+07        1    6.13e-02    5.56e+00


Bundle adjustment report
------------------------
    Residuals : 476
   Parameters : 364
   Iterations : 91
         Time : 5.56336 [s]
 Initial cost : 3.65503 [px]
   Final cost : 0.414888 [px]
  Termination : Convergence

  => Filtered observations: 4
  => Filtered images: 0
  => No good initial image pair found.
  => Relaxing the initialization constraints.

==============================================================================
Initializing with image pair #5 and #4
==============================================================================


==============================================================================
Global bundle adjustment
==============================================================================

iter      cost      cost_change  |gradient|   |step|    tr_ratio  tr_radius  ls_iter  iter_time  total_time
   0  6.075708e+02    0.00e+00    2.28e+04   0.00e+00   0.00e+00  1.00e+04        0    1.09e-02    1.13e-02
   1  3.702539e+02    2.37e+02    1.52e+05   1.04e+02   4.90e-01  1.00e+04        1    5.62e-02    6.75e-02
   2  1.077275e+02    2.63e+02    3.71e+04   4.79e+01   9.63e-01  3.00e+04        1    5.94e-02    1.27e-01
   3  1.517877e+02   -4.41e+01    0.00e+00   4.68e+01  -1.67e+00  1.50e+04        1    4.89e-02    1.76e-01
   4  1.011346e+02    6.59e+00    3.88e+04   3.23e+01   2.85e-01  1.39e+04        1    5.99e-02    2.36e-01
   5  8.214854e+01    1.90e+01    9.94e+03   1.69e+01   9.28e-01  3.71e+04        1    6.14e-02    2.97e-01
   6  8.207891e+01    6.96e-02    1.24e+04   2.13e+01   1.77e-02  1.96e+04        1    6.17e-02    3.59e-01
   7  7.776242e+01    4.32e+00    2.25e+03   8.15e+00   9.76e-01  5.87e+04        1    6.10e-02    4.20e-01
   8  8.158637e+01   -3.82e+00    0.00e+00   2.09e+01  -2.62e+00  2.93e+04        1    4.97e-02    4.70e-01
   9  7.731745e+01    4.45e-01    5.05e+03   1.08e+01   5.51e-01  2.94e+04        1    6.25e-02    5.32e-01
  10  7.662448e+01    6.93e-01    5.22e+03   1.03e+01   6.72e-01  3.06e+04        1    5.99e-02    5.92e-01
  11  7.598854e+01    6.36e-01    5.76e+03   1.06e+01   6.15e-01  3.10e+04        1    5.95e-02    6.52e-01
  12  7.530489e+01    6.84e-01    5.92e+03   1.07e+01   6.17e-01  3.14e+04        1    6.53e-02    7.17e-01
  13  7.461106e+01    6.94e-01    6.06e+03   1.08e+01   6.04e-01  3.17e+04        1    5.88e-02    7.76e-01
  14  7.390065e+01    7.10e-01    6.13e+03   1.08e+01   5.98e-01  3.19e+04        1    6.05e-02    8.36e-01
  15  7.317788e+01    7.23e-01    6.18e+03   1.09e+01   5.91e-01  3.21e+04        1    6.15e-02    8.98e-01
  16  7.244418e+01    7.34e-01    6.20e+03   1.09e+01   5.86e-01  3.23e+04        1    6.26e-02    9.60e-01
  17  7.170113e+01    7.43e-01    6.20e+03   1.10e+01   5.81e-01  3.24e+04        1    6.14e-02    1.02e+00
  18  7.094999e+01    7.51e-01    6.18e+03   1.10e+01   5.77e-01  3.25e+04        1    6.12e-02    1.08e+00
  19  7.019190e+01    7.58e-01    6.16e+03   1.10e+01   5.74e-01  3.26e+04        1    6.19e-02    1.14e+00
  20  6.942788e+01    7.64e-01    6.12e+03   1.10e+01   5.71e-01  3.27e+04        1    6.26e-02    1.21e+00
  21  6.865890e+01    7.69e-01    6.07e+03   1.09e+01   5.69e-01  3.28e+04        1    6.26e-02    1.27e+00
  22  6.788588e+01    7.73e-01    6.01e+03   1.09e+01   5.67e-01  3.29e+04        1    6.16e-02    1.33e+00
  23  6.710971e+01    7.76e-01    5.94e+03   1.09e+01   5.65e-01  3.30e+04        1    6.02e-02    1.39e+00
  24  6.633128e+01    7.78e-01    5.87e+03   1.08e+01   5.64e-01  3.30e+04        1    5.97e-02    1.45e+00
  25  6.555148e+01    7.80e-01    5.79e+03   1.08e+01   5.63e-01  3.31e+04        1    6.14e-02    1.51e+00
  26  6.477118e+01    7.80e-01    5.70e+03   1.07e+01   5.63e-01  3.32e+04        1    6.22e-02    1.58e+00
  27  6.399127e+01    7.80e-01    5.60e+03   1.06e+01   5.62e-01  3.32e+04        1    6.23e-02    1.64e+00
  28  6.321264e+01    7.79e-01    5.50e+03   1.05e+01   5.63e-01  3.33e+04        1    6.14e-02    1.70e+00
  29  6.243622e+01    7.76e-01    5.40e+03   1.05e+01   5.63e-01  3.34e+04        1    6.17e-02    1.76e+00
  30  6.166290e+01    7.73e-01    5.29e+03   1.04e+01   5.64e-01  3.34e+04        1    5.88e-02    1.82e+00
  31  6.089361e+01    7.69e-01    5.18e+03   1.03e+01   5.65e-01  3.35e+04        1    6.21e-02    1.88e+00
  32  6.012928e+01    7.64e-01    5.06e+03   1.02e+01   5.66e-01  3.36e+04        1    6.15e-02    1.94e+00
  33  5.937083e+01    7.58e-01    4.94e+03   1.01e+01   5.68e-01  3.37e+04        1    6.44e-02    2.01e+00
  34  5.861917e+01    7.52e-01    4.82e+03   9.99e+00   5.70e-01  3.38e+04        1    6.01e-02    2.07e+00
  35  5.787524e+01    7.44e-01    4.69e+03   9.88e+00   5.72e-01  3.39e+04        1    6.26e-02    2.13e+00
  36  5.713991e+01    7.35e-01    4.57e+03   9.77e+00   5.74e-01  3.40e+04        1    6.22e-02    2.19e+00
  37  5.641408e+01    7.26e-01    4.44e+03   9.65e+00   5.77e-01  3.41e+04        1    6.17e-02    2.25e+00
  38  5.569859e+01    7.15e-01    4.31e+03   9.53e+00   5.79e-01  3.42e+04        1    6.89e-02    2.32e+00
  39  5.499427e+01    7.04e-01    4.18e+03   9.40e+00   5.82e-01  3.44e+04        1    5.70e-02    2.38e+00
  40  5.430192e+01    6.92e-01    4.06e+03   9.28e+00   5.85e-01  3.45e+04        1    6.23e-02    2.44e+00
  41  5.362227e+01    6.80e-01    3.93e+03   9.15e+00   5.88e-01  3.47e+04        1    5.94e-02    2.50e+00
  42  5.295605e+01    6.66e-01    3.80e+03   9.02e+00   5.91e-01  3.49e+04        1    6.19e-02    2.56e+00
  43  5.230391e+01    6.52e-01    3.68e+03   8.89e+00   5.94e-01  3.52e+04        1    6.25e-02    2.63e+00
  44  5.166647e+01    6.37e-01    3.55e+03   8.76e+00   5.97e-01  3.54e+04        1    6.07e-02    2.69e+00
  45  5.104432e+01    6.22e-01    3.43e+03   8.62e+00   6.00e-01  3.57e+04        1    6.23e-02    2.75e+00
  46  5.043797e+01    6.06e-01    3.31e+03   8.49e+00   6.03e-01  3.60e+04        1    7.01e-02    2.82e+00
  47  4.984793e+01    5.90e-01    3.19e+03   8.35e+00   6.07e-01  3.64e+04        1    5.62e-02    2.88e+00
  48  4.927464e+01    5.73e-01    3.08e+03   8.22e+00   6.10e-01  3.68e+04        1    6.79e-02    2.94e+00
  49  4.871851e+01    5.56e-01    2.97e+03   8.08e+00   6.13e-01  3.72e+04        1    5.45e-02    3.00e+00
  50  4.817991e+01    5.39e-01    2.86e+03   7.95e+00   6.16e-01  3.77e+04        1    5.90e-02    3.06e+00
  51  4.765918e+01    5.21e-01    2.75e+03   7.81e+00   6.19e-01  3.82e+04        1    6.40e-02    3.12e+00
  52  4.715663e+01    5.03e-01    2.64e+03   7.67e+00   6.22e-01  3.88e+04        1    6.17e-02    3.18e+00
  53  4.667254e+01    4.84e-01    2.54e+03   7.53e+00   6.25e-01  3.94e+04        1    6.09e-02    3.24e+00
  54  4.620714e+01    4.65e-01    2.43e+03   7.40e+00   6.28e-01  4.01e+04        1    6.31e-02    3.31e+00
  55  4.576066e+01    4.46e-01    2.33e+03   7.26e+00   6.31e-01  4.08e+04        1    6.15e-02    3.37e+00
  56  4.533326e+01    4.27e-01    2.24e+03   7.12e+00   6.34e-01  4.16e+04        1    6.16e-02    3.43e+00
  57  4.492510e+01    4.08e-01    2.14e+03   6.97e+00   6.37e-01  4.25e+04        1    6.08e-02    3.49e+00
  58  4.453628e+01    3.89e-01    2.04e+03   6.83e+00   6.40e-01  4.34e+04        1    6.99e-02    3.56e+00
  59  4.416689e+01    3.69e-01    1.95e+03   6.69e+00   6.43e-01  4.45e+04        1    5.70e-02    3.62e+00
  60  4.381695e+01    3.50e-01    1.86e+03   6.54e+00   6.46e-01  4.56e+04        1    6.12e-02    3.68e+00
  61  4.348646e+01    3.30e-01    1.77e+03   6.40e+00   6.50e-01  4.69e+04        1    6.39e-02    3.74e+00
  62  4.317535e+01    3.11e-01    1.68e+03   6.25e+00   6.53e-01  4.83e+04        1    6.14e-02    3.80e+00
  63  4.288354e+01    2.92e-01    1.60e+03   6.10e+00   6.56e-01  4.98e+04        1    6.13e-02    3.87e+00
  64  4.261086e+01    2.73e-01    1.51e+03   5.95e+00   6.59e-01  5.14e+04        1    6.24e-02    3.93e+00
  65  4.235711e+01    2.54e-01    1.44e+03   5.79e+00   6.63e-01  5.33e+04        1    6.20e-02    3.99e+00
  66  4.212204e+01    2.35e-01    1.39e+03   5.63e+00   6.66e-01  5.53e+04        1    6.51e-02    4.06e+00
  67  4.190532e+01    2.17e-01    1.33e+03   5.47e+00   6.70e-01  5.76e+04        1    5.90e-02    4.11e+00
  68  4.170659e+01    1.99e-01    1.28e+03   5.31e+00   6.74e-01  6.01e+04        1    6.20e-02    4.18e+00
  69  4.152539e+01    1.81e-01    1.22e+03   5.14e+00   6.78e-01  6.30e+04        1    6.27e-02    4.24e+00
  70  4.136125e+01    1.64e-01    1.16e+03   4.97e+00   6.82e-01  6.62e+04        1    5.93e-02    4.30e+00
  71  4.121361e+01    1.48e-01    1.10e+03   4.80e+00   6.87e-01  6.98e+04        1    6.10e-02    4.36e+00
  72  4.108183e+01    1.32e-01    1.04e+03   4.62e+00   6.92e-01  7.40e+04        1    6.20e-02    4.42e+00
  73  4.096526e+01    1.17e-01    9.76e+02   4.44e+00   6.97e-01  7.88e+04        1    6.21e-02    4.48e+00
  74  4.086314e+01    1.02e-01    9.09e+02   4.25e+00   7.02e-01  8.43e+04        1    6.20e-02    4.55e+00
  75  4.077469e+01    8.85e-02    8.41e+02   4.06e+00   7.08e-01  9.09e+04        1    6.43e-02    4.61e+00
  76  4.069905e+01    7.56e-02    7.72e+02   3.86e+00   7.14e-01  9.86e+04        1    6.15e-02    4.67e+00
  77  4.063533e+01    6.37e-02    7.02e+02   3.66e+00   7.21e-01  1.08e+05        1    6.20e-02    4.73e+00
  78  4.058256e+01    5.28e-02    6.31e+02   3.45e+00   7.29e-01  1.19e+05        1    6.60e-02    4.80e+00
  79  4.053977e+01    4.28e-02    5.59e+02   3.22e+00   7.38e-01  1.34e+05        1    5.79e-02    4.86e+00
  80  4.050591e+01    3.39e-02    4.88e+02   3.00e+00   7.47e-01  1.52e+05        1    6.05e-02    4.92e+00
  81  4.047993e+01    2.60e-02    4.17e+02   2.76e+00   7.59e-01  1.77e+05        1    6.06e-02    4.98e+00
  82  4.046076e+01    1.92e-02    3.47e+02   2.50e+00   7.72e-01  2.11e+05        1    6.13e-02    5.04e+00
  83  4.044730e+01    1.35e-02    2.79e+02   2.23e+00   7.88e-01  2.60e+05        1    6.24e-02    5.10e+00
  84  4.043847e+01    8.83e-03    2.14e+02   1.95e+00   8.07e-01  3.38e+05        1    6.31e-02    5.17e+00
  85  4.043322e+01    5.26e-03    1.53e+02   1.64e+00   8.32e-01  4.78e+05        1    6.33e-02    5.23e+00
  86  4.043051e+01    2.70e-03    9.71e+01   1.30e+00   8.64e-01  7.77e+05        1    6.23e-02    5.29e+00
  87  4.042942e+01    1.09e-03    5.02e+01   9.37e-01   9.07e-01  1.69e+06        1    6.59e-02    5.36e+00
  88  4.042914e+01    2.78e-04    1.68e+01   5.41e-01   9.62e-01  5.06e+06        1    6.11e-02    5.42e+00
  89  4.042912e+01    2.72e-05    1.78e+00   1.76e-01   1.01e+00  1.52e+07        1    6.31e-02    5.48e+00
  90  4.042912e+01    4.80e-07    2.05e-01   2.31e-02   1.06e+00  4.56e+07        1    6.01e-02    5.54e+00
  91  4.042912e+01    5.27e-09    2.40e-03   2.44e-03   1.11e+00  1.37e+08        1    6.09e-02    5.60e+00


Bundle adjustment report
------------------------
    Residuals : 380
   Parameters : 292
   Iterations : 92
         Time : 5.60266 [s]
 Initial cost : 1.26446 [px]
   Final cost : 0.326178 [px]
  Termination : Convergence

  => Filtered observations: 0
  => Filtered images: 0

==============================================================================
Initializing with image pair #5 and #1
==============================================================================


==============================================================================
Global bundle adjustment
==============================================================================

iter      cost      cost_change  |gradient|   |step|    tr_ratio  tr_radius  ls_iter  iter_time  total_time
   0  2.851195e+04    0.00e+00    3.95e+04   0.00e+00   0.00e+00  1.00e+04        0    6.55e-03    6.83e-03
   1  2.969545e+05   -2.68e+05    0.00e+00   4.96e+02  -1.82e+01  5.00e+03        1    4.66e-02    5.34e-02
   2  2.129487e+05   -1.84e+05    0.00e+00   4.17e+02  -1.27e+01  1.25e+03        1    4.78e-02    1.01e-01
   3  5.557408e+04   -2.71e+04    0.00e+00   2.38e+02  -1.97e+00  1.56e+02        1    4.41e-02    1.45e-01
   4  1.989352e+04    8.62e+03    2.44e+04   6.95e+01   8.85e-01  2.88e+02        1    6.12e-02    2.07e-01
   5  1.548048e+04    4.41e+03    1.74e+04   7.39e+01   1.01e+00  8.64e+02        1    6.74e-02    2.74e-01
   6  1.519290e+04    2.88e+02    5.92e+04   1.73e+02   1.28e-01  6.13e+02        1    5.46e-02    3.29e-01
   7  1.246538e+04    2.73e+03    3.97e+04   1.11e+02   9.46e-01  1.84e+03        1    5.89e-02    3.88e-01
   8  2.272707e+04   -1.03e+04    0.00e+00   2.98e+02  -5.47e+00  9.19e+02        1    5.07e-02    4.39e-01
   9  1.214256e+04    3.23e+02    1.06e+05   1.55e+02   2.91e-01  8.57e+02        1    6.25e-02    5.01e-01
  10  1.096534e+04    1.18e+03    9.14e+04   1.24e+02   7.73e-01  1.02e+03        1    6.74e-02    5.69e-01
  11  1.041839e+04    5.47e+02    1.34e+05   1.29e+02   4.91e-01  1.02e+03        1    5.25e-02    6.21e-01
  12  9.587503e+03    8.31e+02    1.27e+05   1.10e+02   6.70e-01  1.07e+03        1    6.72e-02    6.88e-01
  13  8.941145e+03    6.46e+02    1.31e+05   9.83e+01   6.30e-01  1.08e+03        1    6.30e-02    7.51e-01
  14  8.325962e+03    6.15e+02    1.26e+05   8.56e+01   6.60e-01  1.12e+03        1    5.87e-02    8.10e-01
  15  7.791194e+03    5.35e+02    1.23e+05   7.59e+01   6.54e-01  1.16e+03        1    6.10e-02    8.71e-01
  16  7.302453e+03    4.89e+02    1.18e+05   6.70e+01   6.66e-01  1.20e+03        1    6.13e-02    9.32e-01
  17  6.866370e+03    4.36e+02    1.13e+05   5.96e+01   6.68e-01  1.25e+03        1    6.12e-02    9.93e-01
  18  6.471579e+03    3.95e+02    1.07e+05   5.31e+01   6.74e-01  1.30e+03        1    6.58e-02    1.06e+00
  19  6.117033e+03    3.55e+02    1.02e+05   4.76e+01   6.77e-01  1.36e+03        1    5.60e-02    1.12e+00
  20  5.797439e+03    3.20e+02    9.60e+04   4.28e+01   6.81e-01  1.43e+03        1    5.69e-02    1.17e+00
  21  5.510782e+03    2.87e+02    9.06e+04   3.85e+01   6.83e-01  1.50e+03        1    6.79e-02    1.24e+00
  22  5.254061e+03    2.57e+02    8.53e+04   3.47e+01   6.85e-01  1.58e+03        1    5.50e-02    1.30e+00
  23  5.025435e+03    2.29e+02    8.01e+04   3.14e+01   6.86e-01  1.67e+03        1    6.03e-02    1.36e+00
  24  4.822786e+03    2.03e+02    7.50e+04   2.84e+01   6.86e-01  1.76e+03        1    6.18e-02    1.42e+00
  25  4.644331e+03    1.78e+02    7.01e+04   2.57e+01   6.86e-01  1.86e+03        1    5.90e-02    1.48e+00
  26  4.488106e+03    1.56e+02    6.54e+04   2.33e+01   6.85e-01  1.96e+03        1    6.15e-02    1.54e+00
  27  4.352164e+03    1.36e+02    6.10e+04   2.11e+01   6.84e-01  2.06e+03        1    6.11e-02    1.60e+00
  28  4.234429e+03    1.18e+02    5.68e+04   1.91e+01   6.81e-01  2.16e+03        1    6.17e-02    1.66e+00
  29  4.132807e+03    1.02e+02    5.29e+04   1.73e+01   6.79e-01  2.26e+03        1    6.25e-02    1.72e+00
  30  4.045202e+03    8.76e+01    4.92e+04   1.57e+01   6.75e-01  2.37e+03        1    6.42e-02    1.79e+00
  31  3.969605e+03    7.56e+01    4.60e+04   1.43e+01   6.72e-01  2.47e+03        1    6.02e-02    1.85e+00
  32  3.904150e+03    6.55e+01    4.30e+04   1.30e+01   6.68e-01  2.56e+03        1    6.00e-02    1.91e+00
  33  3.847165e+03    5.70e+01    4.04e+04   1.18e+01   6.65e-01  2.66e+03        1    6.41e-02    1.97e+00
  34  3.797190e+03    5.00e+01    3.80e+04   1.08e+01   6.62e-01  2.75e+03        1    6.30e-02    2.03e+00
  35  3.752991e+03    4.42e+01    3.60e+04   9.91e+00   6.59e-01  2.84e+03        1    6.23e-02    2.10e+00
  36  3.713542e+03    3.94e+01    3.42e+04   9.12e+00   6.56e-01  2.93e+03        1    6.16e-02    2.16e+00
  37  3.678007e+03    3.55e+01    3.26e+04   8.42e+00   6.54e-01  3.02e+03        1    6.15e-02    2.22e+00
  38  3.645711e+03    3.23e+01    3.13e+04   7.80e+00   6.53e-01  3.11e+03        1    6.23e-02    2.28e+00
  39  3.616114e+03    2.96e+01    3.01e+04   7.25e+00   6.51e-01  3.20e+03        1    6.06e-02    2.34e+00
  40  3.588786e+03    2.73e+01    2.91e+04   6.77e+00   6.50e-01  3.29e+03        1    6.38e-02    2.41e+00
  41  3.563385e+03    2.54e+01    2.83e+04   6.34e+00   6.49e-01  3.38e+03        1    6.75e-02    2.47e+00
  42  3.539636e+03    2.37e+01    2.75e+04   5.96e+00   6.48e-01  3.47e+03        1    5.69e-02    2.53e+00
  43  3.517321e+03    2.23e+01    2.69e+04   5.62e+00   6.47e-01  3.56e+03        1    6.18e-02    2.59e+00
  44  3.496262e+03    2.11e+01    2.63e+04   5.31e+00   6.47e-01  3.65e+03        1    6.19e-02    2.66e+00
  45  3.476313e+03    1.99e+01    2.58e+04   5.04e+00   6.46e-01  3.75e+03        1    6.19e-02    2.72e+00
  46  3.457356e+03    1.90e+01    2.53e+04   4.79e+00   6.45e-01  3.84e+03        1    6.20e-02    2.78e+00
  47  3.439290e+03    1.81e+01    2.49e+04   4.56e+00   6.44e-01  3.93e+03        1    6.25e-02    2.84e+00
  48  3.422030e+03    1.73e+01    2.45e+04   4.35e+00   6.43e-01  4.03e+03        1    6.12e-02    2.90e+00
  49  3.405504e+03    1.65e+01    2.42e+04   4.15e+00   6.42e-01  4.12e+03        1    6.63e-02    2.97e+00
  50  3.389649e+03    1.59e+01    2.38e+04   3.98e+00   6.42e-01  4.22e+03        1    5.60e-02    3.03e+00
  51  3.374410e+03    1.52e+01    2.35e+04   3.81e+00   6.41e-01  4.31e+03        1    6.14e-02    3.09e+00
  52  3.359737e+03    1.47e+01    2.33e+04   3.66e+00   6.40e-01  4.41e+03        1    6.27e-02    3.15e+00
  53  3.345589e+03    1.41e+01    2.30e+04   3.52e+00   6.39e-01  4.51e+03        1    6.13e-02    3.21e+00
  54  3.331924e+03    1.37e+01    2.28e+04   3.39e+00   6.38e-01  4.61e+03        1    6.13e-02    3.27e+00
  55  3.318708e+03    1.32e+01    2.25e+04   3.26e+00   6.37e-01  4.70e+03        1    6.16e-02    3.33e+00
  56  3.305908e+03    1.28e+01    2.23e+04   3.15e+00   6.37e-01  4.80e+03        1    6.12e-02    3.40e+00
  57  3.293496e+03    1.24e+01    2.21e+04   3.04e+00   6.36e-01  4.90e+03        1    6.00e-02    3.46e+00
  58  3.281445e+03    1.21e+01    2.19e+04   2.94e+00   6.35e-01  5.00e+03        1    6.32e-02    3.52e+00
  59  3.269730e+03    1.17e+01    2.18e+04   2.85e+00   6.35e-01  5.10e+03        1    6.15e-02    3.58e+00
  60  3.258328e+03    1.14e+01    2.16e+04   2.76e+00   6.34e-01  5.20e+03        1    6.15e-02    3.64e+00
  61  3.247219e+03    1.11e+01    2.15e+04   2.68e+00   6.33e-01  5.30e+03        1    6.45e-02    3.71e+00
  62  3.236385e+03    1.08e+01    2.13e+04   2.60e+00   6.32e-01  5.40e+03        1    6.12e-02    3.77e+00
  63  3.225807e+03    1.06e+01    2.12e+04   2.53e+00   6.32e-01  5.50e+03        1    6.22e-02    3.83e+00
  64  3.215470e+03    1.03e+01    2.10e+04   2.46e+00   6.31e-01  5.60e+03        1    6.59e-02    3.90e+00
  65  3.205359e+03    1.01e+01    2.09e+04   2.40e+00   6.30e-01  5.70e+03        1    6.01e-02    3.96e+00
  66  3.195460e+03    9.90e+00    2.08e+04   2.35e+00   6.30e-01  5.80e+03        1    6.38e-02    4.02e+00
  67  3.185761e+03    9.70e+00    2.07e+04   2.29e+00   6.29e-01  5.90e+03        1    6.12e-02    4.08e+00
  68  3.176251e+03    9.51e+00    2.06e+04   2.25e+00   6.29e-01  6.01e+03        1    6.10e-02    4.14e+00
  69  3.166918e+03    9.33e+00    2.05e+04   2.20e+00   6.28e-01  6.11e+03        1    6.36e-02    4.21e+00
  70  3.157754e+03    9.16e+00    2.05e+04   2.16e+00   6.27e-01  6.21e+03        1    6.24e-02    4.27e+00
  71  3.148748e+03    9.01e+00    2.04e+04   2.13e+00   6.27e-01  6.32e+03        1    6.15e-02    4.33e+00
  72  3.139894e+03    8.85e+00    2.03e+04   2.10e+00   6.26e-01  6.42e+03        1    6.06e-02    4.39e+00
  73  3.131182e+03    8.71e+00    2.02e+04   2.07e+00   6.26e-01  6.52e+03        1    6.41e-02    4.45e+00
  74  3.122607e+03    8.58e+00    2.02e+04   2.04e+00   6.25e-01  6.63e+03        1    6.39e-02    4.52e+00
  75  3.114161e+03    8.45e+00    2.01e+04   2.02e+00   6.25e-01  6.73e+03        1    6.23e-02    4.58e+00
  76  3.105839e+03    8.32e+00    2.01e+04   2.00e+00   6.24e-01  6.84e+03        1    5.96e-02    4.64e+00
  77  3.097635e+03    8.20e+00    2.00e+04   1.99e+00   6.24e-01  6.94e+03        1    5.95e-02    4.70e+00
  78  3.089543e+03    8.09e+00    2.00e+04   1.98e+00   6.24e-01  7.05e+03        1    6.53e-02    4.76e+00
  79  3.081560e+03    7.98e+00    1.99e+04   1.97e+00   6.23e-01  7.16e+03        1    6.12e-02    4.83e+00
  80  3.073680e+03    7.88e+00    1.99e+04   1.96e+00   6.23e-01  7.26e+03        1    6.15e-02    4.89e+00
  81  3.065899e+03    7.78e+00    1.98e+04   1.96e+00   6.22e-01  7.37e+03        1    6.15e-02    4.95e+00
  82  3.058214e+03    7.68e+00    1.98e+04   1.96e+00   6.22e-01  7.48e+03        1    6.13e-02    5.01e+00
  83  3.050622e+03    7.59e+00    1.98e+04   1.97e+00   6.22e-01  7.59e+03        1    6.20e-02    5.07e+00
  84  3.043118e+03    7.50e+00    1.97e+04   1.97e+00   6.21e-01  7.70e+03        1    6.13e-02    5.13e+00
  85  3.035699e+03    7.42e+00    1.97e+04   1.98e+00   6.21e-01  7.81e+03        1    6.22e-02    5.20e+00
  86  3.028363e+03    7.34e+00    1.97e+04   1.99e+00   6.21e-01  7.92e+03        1    5.55e-02    5.25e+00
  87  3.021108e+03    7.26e+00    1.96e+04   2.00e+00   6.20e-01  8.03e+03        1    6.15e-02    5.31e+00
  88  3.013929e+03    7.18e+00    1.96e+04   2.02e+00   6.20e-01  8.15e+03        1    6.42e-02    5.38e+00
  89  3.006826e+03    7.10e+00    1.96e+04   2.04e+00   6.20e-01  8.26e+03        1    6.40e-02    5.44e+00
  90  2.999796e+03    7.03e+00    1.96e+04   2.06e+00   6.20e-01  8.37e+03        1    6.71e-02    5.51e+00
  91  2.992836e+03    6.96e+00    1.95e+04   2.08e+00   6.19e-01  8.49e+03        1    5.55e-02    5.56e+00
  92  2.985944e+03    6.89e+00    1.95e+04   2.10e+00   6.19e-01  8.61e+03        1    6.17e-02    5.63e+00
  93  2.979119e+03    6.82e+00    1.95e+04   2.13e+00   6.19e-01  8.72e+03        1    6.42e-02    5.69e+00
  94  2.972359e+03    6.76e+00    1.95e+04   2.16e+00   6.19e-01  8.84e+03        1    6.21e-02    5.75e+00
  95  2.965662e+03    6.70e+00    1.94e+04   2.19e+00   6.19e-01  8.96e+03        1    6.34e-02    5.82e+00
  96  2.959026e+03    6.64e+00    1.94e+04   2.22e+00   6.18e-01  9.08e+03        1    6.02e-02    5.88e+00
  97  2.952450e+03    6.58e+00    1.94e+04   2.25e+00   6.18e-01  9.20e+03        1    6.39e-02    5.94e+00
  98  2.945932e+03    6.52e+00    1.94e+04   2.28e+00   6.18e-01  9.33e+03        1    5.56e-02    5.99e+00
  99  2.939471e+03    6.46e+00    1.94e+04   2.32e+00   6.18e-01  9.45e+03        1    6.26e-02    6.06e+00
 100  2.933065e+03    6.41e+00    1.93e+04   2.36e+00   6.18e-01  9.58e+03        1    6.21e-02    6.12e+00


Bundle adjustment report
------------------------
    Residuals : 252
   Parameters : 196
   Iterations : 101
         Time : 6.11965 [s]
 Initial cost : 10.6369 [px]
   Final cost : 3.41162 [px]
  Termination : No convergence

  => Filtered observations: 40
  => Filtered images: 0

==============================================================================
Initializing with image pair #2 and #3
==============================================================================


==============================================================================
Global bundle adjustment
==============================================================================

iter      cost      cost_change  |gradient|   |step|    tr_ratio  tr_radius  ls_iter  iter_time  total_time
   0  5.293740e+03    0.00e+00    6.37e+04   0.00e+00   0.00e+00  1.00e+04        0    6.81e-03    7.37e-03
   1  4.667265e+03    6.26e+02    3.52e+05   1.07e+02   1.23e-01  7.00e+03        1    5.80e-02    6.54e-02
   2  9.811338e+01    4.57e+03    1.33e+04   3.39e+01   9.99e-01  2.10e+04        1    5.96e-02    1.25e-01
   3  8.328909e+01    1.48e+01    1.63e+03   2.66e+01   9.37e-01  6.30e+04        1    6.24e-02    1.88e-01
   4  8.210638e+01    1.18e+00    1.77e+02   5.53e+00   9.94e-01  1.89e+05        1    6.37e-02    2.51e-01
   5  8.209705e+01    9.32e-03    1.07e+02   3.23e+00   9.01e-01  3.89e+05        1    6.22e-02    3.13e-01
   6  8.210054e+01   -3.48e-03    0.00e+00   7.44e+00  -2.73e-01  1.94e+05        1    4.79e-02    3.61e-01
   7  8.209115e+01    5.90e-03    2.01e+02   3.75e+00   8.46e-01  2.91e+05        1    6.28e-02    4.24e-01
   8  8.208642e+01    4.74e-03    4.29e+02   5.48e+00   4.99e-01  2.91e+05        1    6.18e-02    4.86e-01
   9  8.207797e+01    8.44e-03    4.00e+02   5.32e+00   6.70e-01  3.02e+05        1    6.01e-02    5.46e-01
  10  8.207044e+01    7.53e-03    4.06e+02   5.37e+00   6.38e-01  3.09e+05        1    6.21e-02    6.08e-01
  11  8.206293e+01    7.51e-03    3.96e+02   5.31e+00   6.48e-01  3.17e+05        1    6.06e-02    6.69e-01
  12  8.205580e+01    7.13e-03    3.90e+02   5.29e+00   6.43e-01  3.25e+05        1    6.15e-02    7.30e-01
  13  8.204894e+01    6.86e-03    3.81e+02   5.24e+00   6.44e-01  3.33e+05        1    5.97e-02    7.90e-01
  14  8.204238e+01    6.56e-03    3.73e+02   5.20e+00   6.43e-01  3.41e+05        1    5.93e-02    8.49e-01
  15  8.203611e+01    6.27e-03    3.65e+02   5.15e+00   6.43e-01  3.49e+05        1    6.76e-02    9.17e-01
  16  8.203012e+01    5.99e-03    3.56e+02   5.10e+00   6.43e-01  3.57e+05        1    5.98e-02    9.77e-01
  17  8.202440e+01    5.72e-03    3.47e+02   5.05e+00   6.43e-01  3.66e+05        1    6.21e-02    1.04e+00
  18  8.201895e+01    5.45e-03    3.39e+02   5.00e+00   6.43e-01  3.74e+05        1    6.18e-02    1.10e+00
  19  8.201376e+01    5.19e-03    3.30e+02   4.95e+00   6.43e-01  3.83e+05        1    6.47e-02    1.17e+00
  20  8.200882e+01    4.94e-03    3.21e+02   4.89e+00   6.44e-01  3.93e+05        1    6.34e-02    1.23e+00
  21  8.200412e+01    4.70e-03    3.13e+02   4.84e+00   6.44e-01  4.02e+05        1    6.16e-02    1.29e+00
  22  8.199965e+01    4.47e-03    3.04e+02   4.79e+00   6.45e-01  4.12e+05        1    6.05e-02    1.35e+00
  23  8.199541e+01    4.24e-03    2.96e+02   4.73e+00   6.45e-01  4.23e+05        1    6.26e-02    1.41e+00
  24  8.199138e+01    4.03e-03    2.88e+02   4.67e+00   6.46e-01  4.33e+05        1    6.20e-02    1.48e+00
  25  8.198756e+01    3.82e-03    2.80e+02   4.62e+00   6.46e-01  4.45e+05        1    6.11e-02    1.54e+00
  26  8.198394e+01    3.62e-03    2.71e+02   4.56e+00   6.47e-01  4.56e+05        1    6.29e-02    1.60e+00
  27  8.198051e+01    3.43e-03    2.63e+02   4.50e+00   6.47e-01  4.68e+05        1    6.51e-02    1.67e+00
  28  8.197727e+01    3.25e-03    2.56e+02   4.45e+00   6.48e-01  4.81e+05        1    6.40e-02    1.73e+00
  29  8.197420e+01    3.07e-03    2.48e+02   4.39e+00   6.49e-01  4.94e+05        1    6.12e-02    1.79e+00
  30  8.197130e+01    2.90e-03    2.40e+02   4.33e+00   6.50e-01  5.07e+05        1    6.30e-02    1.85e+00
  31  8.196856e+01    2.74e-03    2.33e+02   4.27e+00   6.50e-01  5.21e+05        1    6.17e-02    1.92e+00
  32  8.196599e+01    2.58e-03    2.25e+02   4.21e+00   6.51e-01  5.36e+05        1    6.23e-02    1.98e+00
  33  8.196356e+01    2.43e-03    2.18e+02   4.15e+00   6.52e-01  5.52e+05        1    6.76e-02    2.05e+00
  34  8.196127e+01    2.29e-03    2.11e+02   4.09e+00   6.53e-01  5.68e+05        1    5.70e-02    2.10e+00
  35  8.195912e+01    2.15e-03    2.04e+02   4.03e+00   6.54e-01  5.85e+05        1    6.15e-02    2.16e+00
  36  8.195711e+01    2.02e-03    1.97e+02   3.97e+00   6.55e-01  6.03e+05        1    6.35e-02    2.23e+00
  37  8.195522e+01    1.89e-03    1.90e+02   3.90e+00   6.56e-01  6.21e+05        1    5.71e-02    2.28e+00
  38  8.195345e+01    1.77e-03    1.83e+02   3.84e+00   6.57e-01  6.41e+05        1    6.22e-02    2.35e+00
  39  8.195180e+01    1.65e-03    1.76e+02   3.78e+00   6.58e-01  6.62e+05        1    6.07e-02    2.41e+00
  40  8.195025e+01    1.54e-03    1.69e+02   3.71e+00   6.59e-01  6.84e+05        1    6.27e-02    2.47e+00
  41  8.194882e+01    1.44e-03    1.63e+02   3.65e+00   6.60e-01  7.07e+05        1    6.22e-02    2.53e+00
  42  8.194748e+01    1.34e-03    1.56e+02   3.58e+00   6.61e-01  7.32e+05        1    6.27e-02    2.59e+00
  43  8.194623e+01    1.24e-03    1.50e+02   3.51e+00   6.63e-01  7.58e+05        1    6.28e-02    2.66e+00
  44  8.194508e+01    1.15e-03    1.44e+02   3.45e+00   6.64e-01  7.86e+05        1    5.72e-02    2.71e+00
  45  8.194402e+01    1.07e-03    1.38e+02   3.38e+00   6.66e-01  8.15e+05        1    6.22e-02    2.78e+00
  46  8.194303e+01    9.83e-04    1.32e+02   3.31e+00   6.67e-01  8.47e+05        1    6.14e-02    2.84e+00
  47  8.194213e+01    9.05e-04    1.26e+02   3.24e+00   6.69e-01  8.81e+05        1    6.21e-02    2.90e+00
  48  8.194130e+01    8.31e-04    1.20e+02   3.17e+00   6.70e-01  9.17e+05        1    6.08e-02    2.96e+00
  49  8.194054e+01    7.61e-04    1.14e+02   3.09e+00   6.72e-01  9.56e+05        1    6.28e-02    3.02e+00
  50  8.193984e+01    6.95e-04    1.08e+02   3.02e+00   6.74e-01  9.98e+05        1    6.14e-02    3.09e+00
  51  8.193921e+01    6.32e-04    1.03e+02   2.95e+00   6.76e-01  1.04e+06        1    6.27e-02    3.15e+00
  52  8.193864e+01    5.73e-04    9.70e+01   2.87e+00   6.78e-01  1.09e+06        1    6.27e-02    3.21e+00
  53  8.193812e+01    5.18e-04    9.15e+01   2.79e+00   6.81e-01  1.15e+06        1    6.20e-02    3.27e+00
  54  8.193765e+01    4.66e-04    8.62e+01   2.71e+00   6.83e-01  1.21e+06        1    6.37e-02    3.34e+00
  55  8.193724e+01    4.17e-04    8.09e+01   2.63e+00   6.85e-01  1.27e+06        1    6.53e-02    3.40e+00
  56  8.193686e+01    3.72e-04    7.57e+01   2.55e+00   6.88e-01  1.34e+06        1    6.30e-02    3.47e+00
  57  8.193653e+01    3.30e-04    7.06e+01   2.47e+00   6.91e-01  1.42e+06        1    6.25e-02    3.53e+00
  58  8.193624e+01    2.90e-04    6.56e+01   2.38e+00   6.94e-01  1.51e+06        1    6.12e-02    3.59e+00
  59  8.193599e+01    2.54e-04    6.07e+01   2.29e+00   6.98e-01  1.61e+06        1    6.09e-02    3.65e+00
  60  8.193577e+01    2.20e-04    5.59e+01   2.20e+00   7.01e-01  1.72e+06        1    6.03e-02    3.71e+00
  61  8.193558e+01    1.90e-04    5.12e+01   2.11e+00   7.05e-01  1.85e+06        1    6.24e-02    3.77e+00
  62  8.193542e+01    1.61e-04    4.66e+01   2.02e+00   7.10e-01  2.00e+06        1    6.31e-02    3.84e+00
  63  8.193528e+01    1.36e-04    4.21e+01   1.92e+00   7.15e-01  2.17e+06        1    6.55e-02    3.90e+00
  64  8.193517e+01    1.13e-04    3.77e+01   1.82e+00   7.20e-01  2.37e+06        1    5.94e-02    3.96e+00
  65  8.193508e+01    9.24e-05    3.34e+01   1.72e+00   7.26e-01  2.61e+06        1    6.12e-02    4.02e+00
  66  8.193500e+01    7.42e-05    2.93e+01   1.61e+00   7.32e-01  2.90e+06        1    6.28e-02    4.08e+00
  67  8.193495e+01    5.83e-05    2.53e+01   1.50e+00   7.39e-01  3.26e+06        1    5.86e-02    4.14e+00
  68  8.193490e+01    4.45e-05    2.14e+01   1.38e+00   7.48e-01  3.71e+06        1    6.24e-02    4.21e+00
  69  8.193487e+01    3.29e-05    1.77e+01   1.26e+00   7.57e-01  4.30e+06        1    6.12e-02    4.27e+00
  70  8.193484e+01    2.33e-05    1.42e+01   1.13e+00   7.68e-01  5.08e+06        1    6.29e-02    4.33e+00
  71  8.193483e+01    1.55e-05    1.09e+01   9.89e-01   7.80e-01  6.16e+06        1    5.94e-02    4.39e+00
  72  8.193482e+01    9.56e-06    7.90e+00   8.43e-01   7.95e-01  7.75e+06        1    6.18e-02    4.45e+00
  73  8.193481e+01    5.25e-06    5.21e+00   6.87e-01   8.11e-01  1.02e+07        1    6.15e-02    4.51e+00
  74  8.193481e+01    2.41e-06    2.96e+00   5.20e-01   8.29e-01  1.43e+07        1    6.03e-02    4.57e+00
  75  8.193481e+01    8.21e-07    1.28e+00   3.46e-01   8.44e-01  2.11e+07        1    6.21e-02    4.64e+00
  76  8.193481e+01    1.64e-07    1.53e+00   1.78e-01   8.48e-01  3.19e+07        1    6.19e-02    4.70e+00
  77  8.193481e+01    1.24e-08    1.39e-01   5.50e-02   8.47e-01  4.79e+07        1    6.19e-02    4.76e+00
  78  8.193481e+01    2.06e-10    2.17e-03   5.95e-03   9.35e-01  1.41e+08        1    5.71e-02    4.82e+00


Bundle adjustment report
------------------------
    Residuals : 476
   Parameters : 364
   Iterations : 79
         Time : 4.81625 [s]
 Initial cost : 3.33486 [px]
   Final cost : 0.414888 [px]
  Termination : Convergence

  => Filtered observations: 4
  => Filtered images: 0
  => No good initial image pair found.

Elapsed time: 1.199 [minutes]
	Command being timed: "colmap mapper --database_path data/object_A/database.db --image_path data/object_A/input --output_path data/object_A/sparse"
	User time (seconds): 8571.30
	System time (seconds): 22.44
	Percent of CPU this job got: 11943%
	Elapsed (wall clock) time (h:mm:ss or m:ss): 1:11.95
	Average shared text size (kbytes): 0
	Average unshared data size (kbytes): 0
	Average stack size (kbytes): 0
	Average total size (kbytes): 0
	Maximum resident set size (kbytes): 44720
	Average resident set size (kbytes): 0
	Major (requiring I/O) page faults: 0
	Minor (reclaiming a frame) page faults: 31934
	Voluntary context switches: 1102929
	Involuntary context switches: 903989
	Swaps: 0
	File system inputs: 0
	File system outputs: 528
	Socket messages sent: 0
	Socket messages received: 0
	Signals delivered: 0
	Page size (bytes): 4096
	Exit status: 0

## nvidia-smi after
NVIDIA-SMI has failed because it couldn't communicate with the NVIDIA driver. Make sure that the latest NVIDIA driver is installed and running.


status: 0
end: 2026-06-22T09:29:47+00:00
duration_sec: 72
