# object_A_official_3dgs_convert_patched
start: 2026-06-22T09:48:01+00:00
project_root: /home/zhangzhiwei/homework/shenduxuexi /hw3_spatial_intelligence_project
git_commit: no-git
expected_output: data/object_A_all_3dgs/sparse
command: bash -lc cd\ third_party/gaussian-splatting\ \&\&\ PYTHONPATH=\"/home/zhangzhiwei/homework/shenduxuexi\ /hw3_spatial_intelligence_project/local_pkgs/3dgs\"\ /home/zhangzhiwei/miniconda3/bin/conda\ run\ -n\ base\ python\ convert.py\ -s\ ../../data/object_A_all_3dgs\ --resize\ --no_gpu 

## nvidia-smi before
Mon Jun 22 09:48:01 2026       
+-----------------------------------------------------------------------------------------+
| NVIDIA-SMI 550.54.14              Driver Version: 550.54.14      CUDA Version: 12.4     |
|-----------------------------------------+------------------------+----------------------+
| GPU  Name                 Persistence-M | Bus-Id          Disp.A | Volatile Uncorr. ECC |
| Fan  Temp   Perf          Pwr:Usage/Cap |           Memory-Usage | GPU-Util  Compute M. |
|                                         |                        |               MIG M. |
|=========================================+========================+======================|
|   0  NVIDIA RTX A6000               Off |   00000000:01:00.0 Off |                  Off |
| 37%   64C    P2            139W /  300W |    4908MiB /  49140MiB |      0%      Default |
|                                         |                        |                  N/A |
+-----------------------------------------+------------------------+----------------------+
|   1  NVIDIA RTX A6000               Off |   00000000:25:00.0 Off |                  Off |
| 30%   33C    P8              8W /  300W |       3MiB /  49140MiB |      0%      Default |
|                                         |                        |                  N/A |
+-----------------------------------------+------------------------+----------------------+
|   2  NVIDIA RTX A6000               Off |   00000000:E1:00.0 Off |                  Off |
| 30%   31C    P8             11W /  300W |       3MiB /  49140MiB |      0%      Default |
|                                         |                        |                  N/A |
+-----------------------------------------+------------------------+----------------------+
                                                                                         
+-----------------------------------------------------------------------------------------+
| Processes:                                                                              |
|  GPU   GI   CI        PID   Type   Process name                              GPU Memory |
|        ID   ID                                                               Usage      |
|=========================================================================================|
|    0   N/A  N/A   1088867      C   python                                       4902MiB |
+-----------------------------------------------------------------------------------------+

## command output

==============================================================================
Feature extraction
==============================================================================

Processed file [1/6]
  Name:            0006.jpg
  Dimensions:      1280 x 1707
  Camera:          #1 - OPENCV
  Focal Length:    2048.40px
  Features:        501
Processed file [2/6]
  Name:            0004.jpg
  Dimensions:      1280 x 1707
  Camera:          #1 - OPENCV
  Focal Length:    2048.40px
  Features:        1694
Processed file [3/6]
  Name:            0002.jpg
  Dimensions:      1280 x 1707
  Camera:          #1 - OPENCV
  Focal Length:    2048.40px
  Features:        4470
Processed file [4/6]
  Name:            0001.jpg
  Dimensions:      1280 x 1707
  Camera:          #1 - OPENCV
  Focal Length:    2048.40px
  Features:        2792
Processed file [5/6]
  Name:            0003.jpg
  Dimensions:      1280 x 1707
  Camera:          #1 - OPENCV
  Focal Length:    2048.40px
  Features:        3470
Processed file [6/6]
  Name:            0005.jpg
  Dimensions:      1280 x 1707
  Camera:          #1 - OPENCV
  Focal Length:    2048.40px
  Features:        2871
Elapsed time: 0.055 [minutes]

==============================================================================
Exhaustive feature matching
==============================================================================

Matching block [1/1, 1/1] in 1.835s
Elapsed time: 0.031 [minutes]

==============================================================================
Loading database
==============================================================================

Loading cameras... 1 in 0.000s
Loading matches... 6 in 0.000s
Loading images... 6 in 0.002s (connected 5)
Building correspondence graph... in 0.000s (ignored 0)

Elapsed time: 0.000 [minutes]


==============================================================================
Initializing with image pair #6 and #5
==============================================================================


==============================================================================
Global bundle adjustment
==============================================================================

iter      cost      cost_change  |gradient|   |step|    tr_ratio  tr_radius  ls_iter  iter_time  total_time
   0  2.347277e+03    0.00e+00    3.77e+04   0.00e+00   0.00e+00  1.00e+04        0    2.87e-02    2.97e-02
   1  3.178893e+02    2.03e+03    1.68e+05   7.59e+01   8.80e-01  1.78e+04        1    6.04e-02    9.01e-02
   2  6.228769e+01    2.56e+02    2.49e+04   4.65e+01   8.40e-01  2.59e+04        1    5.97e-02    1.50e-01
   3  1.084817e+01    5.14e+01    3.74e+03   1.29e+01   9.79e-01  7.78e+04        1    6.09e-02    2.11e-01
   4  9.278415e+00    1.57e+00    1.01e+03   1.33e+01   9.47e-01  2.33e+05        1    6.15e-02    2.72e-01
   5  9.176076e+00    1.02e-01    1.76e+03   1.27e+01   7.27e-01  2.58e+05        1    6.14e-02    3.34e-01
   6  9.126638e+00    4.94e-02    1.52e+03   1.35e+01   7.32e-01  2.86e+05        1    6.12e-02    3.95e-01
   7  9.101265e+00    2.54e-02    1.73e+03   1.48e+01   5.28e-01  2.86e+05        1    6.22e-02    4.58e-01
   8  9.070405e+00    3.09e-02    1.59e+03   1.44e+01   6.14e-01  2.90e+05        1    6.08e-02    5.18e-01
   9  9.042645e+00    2.78e-02    1.50e+03   1.41e+01   6.15e-01  2.93e+05        1    6.12e-02    5.80e-01
  10  9.016829e+00    2.58e-02    1.42e+03   1.38e+01   6.24e-01  2.98e+05        1    6.21e-02    6.42e-01
  11  8.992884e+00    2.39e-02    1.35e+03   1.35e+01   6.30e-01  3.03e+05        1    6.17e-02    7.04e-01
  12  8.970563e+00    2.23e-02    1.29e+03   1.33e+01   6.35e-01  3.09e+05        1    6.08e-02    7.65e-01
  13  8.949707e+00    2.09e-02    1.23e+03   1.31e+01   6.38e-01  3.16e+05        1    6.13e-02    8.26e-01
  14  8.930175e+00    1.95e-02    1.18e+03   1.29e+01   6.41e-01  3.23e+05        1    6.55e-02    8.92e-01
  15  8.911853e+00    1.83e-02    1.14e+03   1.27e+01   6.44e-01  3.31e+05        1    6.04e-02    9.52e-01
  16  8.894650e+00    1.72e-02    1.09e+03   1.25e+01   6.46e-01  3.40e+05        1    6.13e-02    1.01e+00
  17  8.878485e+00    1.62e-02    1.06e+03   1.24e+01   6.48e-01  3.49e+05        1    5.98e-02    1.07e+00
  18  8.863294e+00    1.52e-02    1.02e+03   1.22e+01   6.49e-01  3.58e+05        1    6.03e-02    1.13e+00
  19  8.849018e+00    1.43e-02    9.82e+02   1.21e+01   6.51e-01  3.68e+05        1    6.18e-02    1.20e+00
  20  8.835606e+00    1.34e-02    9.47e+02   1.19e+01   6.52e-01  3.79e+05        1    6.00e-02    1.26e+00
  21  8.823011e+00    1.26e-02    9.14e+02   1.18e+01   6.53e-01  3.90e+05        1    6.25e-02    1.32e+00
  22  8.811191e+00    1.18e-02    8.81e+02   1.16e+01   6.54e-01  4.02e+05        1    6.05e-02    1.38e+00
  23  8.800108e+00    1.11e-02    8.50e+02   1.15e+01   6.55e-01  4.14e+05        1    6.07e-02    1.44e+00
  24  8.789724e+00    1.04e-02    8.19e+02   1.13e+01   6.56e-01  4.27e+05        1    6.68e-02    1.51e+00
  25  8.780004e+00    9.72e-03    7.88e+02   1.12e+01   6.57e-01  4.41e+05        1    6.14e-02    1.57e+00
  26  8.770917e+00    9.09e-03    7.59e+02   1.10e+01   6.58e-01  4.55e+05        1    6.12e-02    1.63e+00
  27  8.762430e+00    8.49e-03    7.30e+02   1.09e+01   6.59e-01  4.70e+05        1    6.11e-02    1.69e+00
  28  8.754514e+00    7.92e-03    7.01e+02   1.07e+01   6.60e-01  4.86e+05        1    6.04e-02    1.75e+00
  29  8.747140e+00    7.37e-03    6.74e+02   1.05e+01   6.61e-01  5.03e+05        1    6.22e-02    1.81e+00
  30  8.740281e+00    6.86e-03    6.46e+02   1.04e+01   6.62e-01  5.21e+05        1    6.08e-02    1.87e+00
  31  8.733909e+00    6.37e-03    6.19e+02   1.02e+01   6.64e-01  5.40e+05        1    6.08e-02    1.94e+00
  32  8.728000e+00    5.91e-03    5.93e+02   1.00e+01   6.65e-01  5.60e+05        1    6.12e-02    2.00e+00
  33  8.722530e+00    5.47e-03    5.67e+02   9.87e+00   6.66e-01  5.81e+05        1    6.12e-02    2.06e+00
  34  8.717474e+00    5.06e-03    5.42e+02   9.70e+00   6.68e-01  6.04e+05        1    6.16e-02    2.12e+00
  35  8.712810e+00    4.66e-03    5.17e+02   9.52e+00   6.69e-01  6.28e+05        1    6.16e-02    2.18e+00
  36  8.708516e+00    4.29e-03    4.93e+02   9.34e+00   6.70e-01  6.54e+05        1    6.12e-02    2.24e+00
  37  8.704573e+00    3.94e-03    4.69e+02   9.15e+00   6.72e-01  6.82e+05        1    5.93e-02    2.30e+00
  38  8.700958e+00    3.61e-03    4.45e+02   8.97e+00   6.74e-01  7.12e+05        1    6.28e-02    2.37e+00
  39  8.697654e+00    3.30e-03    4.22e+02   8.77e+00   6.75e-01  7.44e+05        1    6.15e-02    2.43e+00
  40  8.694642e+00    3.01e-03    4.00e+02   8.58e+00   6.77e-01  7.79e+05        1    6.18e-02    2.49e+00
  41  8.691903e+00    2.74e-03    3.77e+02   8.38e+00   6.79e-01  8.16e+05        1    6.18e-02    2.55e+00
  42  8.689421e+00    2.48e-03    3.55e+02   8.17e+00   6.81e-01  8.57e+05        1    6.21e-02    2.61e+00
  43  8.687180e+00    2.24e-03    3.34e+02   7.97e+00   6.83e-01  9.02e+05        1    6.09e-02    2.67e+00
  44  8.685163e+00    2.02e-03    3.13e+02   7.75e+00   6.86e-01  9.50e+05        1    6.17e-02    2.74e+00
  45  8.683355e+00    1.81e-03    2.92e+02   7.53e+00   6.88e-01  1.00e+06        1    6.18e-02    2.80e+00
  46  8.681742e+00    1.61e-03    2.72e+02   7.31e+00   6.91e-01  1.06e+06        1    6.22e-02    2.86e+00
  47  8.680311e+00    1.43e-03    2.52e+02   7.08e+00   6.94e-01  1.13e+06        1    6.18e-02    2.92e+00
  48  8.679046e+00    1.26e-03    2.33e+02   6.85e+00   6.97e-01  1.20e+06        1    6.20e-02    2.98e+00
  49  8.677937e+00    1.11e-03    2.13e+02   6.61e+00   7.00e-01  1.29e+06        1    6.04e-02    3.04e+00
  50  8.676970e+00    9.67e-04    1.95e+02   6.36e+00   7.04e-01  1.38e+06        1    6.14e-02    3.11e+00
  51  8.676133e+00    8.37e-04    1.76e+02   6.10e+00   7.08e-01  1.49e+06        1    6.24e-02    3.17e+00
  52  8.675415e+00    7.18e-04    1.58e+02   5.84e+00   7.12e-01  1.61e+06        1    5.95e-02    3.23e+00
  53  8.674806e+00    6.09e-04    1.40e+02   5.56e+00   7.17e-01  1.75e+06        1    6.54e-02    3.29e+00
  54  8.674294e+00    5.12e-04    1.23e+02   5.28e+00   7.22e-01  1.92e+06        1    5.82e-02    3.35e+00
  55  8.673870e+00    4.24e-04    1.06e+02   4.98e+00   7.27e-01  2.12e+06        1    6.16e-02    3.41e+00
  56  8.673525e+00    3.46e-04    8.89e+01   4.66e+00   7.33e-01  2.36e+06        1    6.08e-02    3.47e+00
  57  8.673248e+00    2.77e-04    7.25e+01   4.33e+00   7.40e-01  2.65e+06        1    6.10e-02    3.54e+00
  58  8.673031e+00    2.17e-04    5.66e+01   3.98e+00   7.47e-01  3.01e+06        1    6.06e-02    3.60e+00
  59  8.672866e+00    1.65e-04    4.12e+01   3.61e+00   7.54e-01  3.47e+06        1    6.10e-02    3.66e+00
  60  8.672744e+00    1.22e-04    2.67e+01   3.20e+00   7.61e-01  4.05e+06        1    6.57e-02    3.72e+00
  61  8.672658e+00    8.61e-05    1.33e+01   2.75e+00   7.67e-01  4.77e+06        1    6.11e-02    3.78e+00
  62  8.672600e+00    5.80e-05    6.78e+00   2.27e+00   7.69e-01  5.66e+06        1    6.15e-02    3.85e+00
  63  8.672563e+00    3.71e-05    5.96e+00   1.76e+00   7.68e-01  6.68e+06        1    6.02e-02    3.91e+00
  64  8.672540e+00    2.28e-05    9.31e+00   1.26e+00   7.64e-01  7.84e+06        1    6.12e-02    3.97e+00
  65  8.672526e+00    1.40e-05    7.75e+00   8.64e-01   7.64e-01  9.19e+06        1    5.74e-02    4.02e+00
  66  8.672517e+00    8.98e-06    2.39e+00   7.18e-01   7.62e-01  1.07e+07        1    6.14e-02    4.09e+00
  67  8.672511e+00    6.31e-06    5.21e+00   8.32e-01   7.41e-01  1.21e+07        1    6.68e-02    4.15e+00
  68  8.672506e+00    4.98e-06    1.25e+01   1.00e+00   7.02e-01  1.30e+07        1    6.08e-02    4.21e+00
  69  8.672501e+00    4.39e-06    1.69e+01   1.10e+00   6.80e-01  1.36e+07        1    6.12e-02    4.28e+00
  70  8.672497e+00    4.02e-06    1.87e+01   1.14e+00   6.71e-01  1.42e+07        1    6.17e-02    4.34e+00
  71  8.672494e+00    3.70e-06    1.91e+01   1.14e+00   6.71e-01  1.47e+07        1    6.12e-02    4.40e+00
  72  8.672490e+00    3.38e-06    1.87e+01   1.13e+00   6.73e-01  1.54e+07        1    5.96e-02    4.46e+00
  73  8.672487e+00    3.07e-06    1.79e+01   1.10e+00   6.77e-01  1.61e+07        1    6.18e-02    4.52e+00
  74  8.672484e+00    2.77e-06    1.70e+01   1.08e+00   6.81e-01  1.69e+07        1    6.19e-02    4.58e+00
  75  8.672482e+00    2.49e-06    1.60e+01   1.04e+00   6.85e-01  1.78e+07        1    5.91e-02    4.64e+00
  76  8.672480e+00    2.23e-06    1.51e+01   1.01e+00   6.89e-01  1.88e+07        1    5.69e-02    4.70e+00
  77  8.672478e+00    1.98e-06    1.41e+01   9.78e-01   6.94e-01  2.00e+07        1    6.20e-02    4.76e+00
  78  8.672476e+00    1.75e-06    1.31e+01   9.43e-01   6.98e-01  2.13e+07        1    6.16e-02    4.82e+00
  79  8.672474e+00    1.54e-06    1.22e+01   9.09e-01   7.03e-01  2.29e+07        1    6.53e-02    4.89e+00
  80  8.672473e+00    1.34e-06    1.13e+01   8.73e-01   7.08e-01  2.46e+07        1    6.11e-02    4.95e+00
  81  8.672472e+00    1.15e-06    1.03e+01   8.37e-01   7.13e-01  2.67e+07        1    6.60e-02    5.01e+00
  82  8.672471e+00    9.86e-07    9.45e+00   8.00e-01   7.19e-01  2.91e+07        1    6.34e-02    5.08e+00
  83  8.672470e+00    8.33e-07    8.57e+00   7.62e-01   7.25e-01  3.20e+07        1    6.20e-02    5.14e+00
  84  8.672469e+00    6.93e-07    7.70e+00   7.22e-01   7.32e-01  3.56e+07        1    6.22e-02    5.20e+00
  85  8.672469e+00    5.67e-07    6.85e+00   6.81e-01   7.41e-01  4.01e+07        1    6.11e-02    5.26e+00
  86  8.672468e+00    4.55e-07    6.02e+00   6.38e-01   7.50e-01  4.58e+07        1    6.18e-02    5.33e+00
  87  8.672468e+00    3.57e-07    5.21e+00   5.93e-01   7.61e-01  5.34e+07        1    6.18e-02    5.39e+00
  88  8.672468e+00    2.71e-07    4.42e+00   5.47e-01   7.74e-01  6.40e+07        1    6.19e-02    5.45e+00
  89  8.672467e+00    1.98e-07    3.66e+00   4.97e-01   7.91e-01  7.96e+07        1    6.14e-02    5.51e+00
  90  8.672467e+00    1.38e-07    2.92e+00   4.44e-01   8.11e-01  1.05e+08        1    6.19e-02    5.57e+00
  91  8.672467e+00    8.92e-08    2.22e+00   3.87e-01   8.39e-01  1.52e+08        1    6.18e-02    5.63e+00
  92  8.672467e+00    5.23e-08    1.57e+00   3.25e-01   8.78e-01  2.67e+08        1    6.23e-02    5.70e+00
  93  8.672467e+00    2.62e-08    1.75e+00   2.55e-01   9.37e-01  8.02e+08        1    6.09e-02    5.76e+00
  94  8.672467e+00    9.95e-09    8.10e-01   1.73e-01   1.04e+00  2.41e+09        1    6.03e-02    5.82e+00
  95  8.672467e+00    2.15e-09    1.85e-01   7.30e-02   1.14e+00  7.22e+09        1    6.40e-02    5.88e+00
  96  8.672467e+00    2.13e-10    3.00e-02   2.91e-02   1.27e+00  2.17e+10        1    6.35e-02    5.95e+00


Bundle adjustment report
------------------------
    Residuals : 472
   Parameters : 365
   Iterations : 97
         Time : 5.94582 [s]
 Initial cost : 2.23003 [px]
   Final cost : 0.13555 [px]
  Termination : Convergence

  => Filtered observations: 0
  => Filtered images: 0
  => No good initial image pair found.
  => Relaxing the initialization constraints.

==============================================================================
Initializing with image pair #4 and #3
==============================================================================


==============================================================================
Global bundle adjustment
==============================================================================

iter      cost      cost_change  |gradient|   |step|    tr_ratio  tr_radius  ls_iter  iter_time  total_time
   0  8.033763e+02    0.00e+00    4.53e+04   0.00e+00   0.00e+00  1.00e+04        0    6.52e-03    7.10e-03
   1  8.212204e+02   -1.78e+01    0.00e+00   9.12e+01  -2.43e-02  5.00e+03        1    4.75e-02    5.46e-02
   2  6.202644e+02    1.83e+02    2.07e+05   9.16e+01   2.52e-01  4.46e+03        1    6.01e-02    1.15e-01
   3  6.864139e+01    5.52e+02    2.60e+03   2.55e+01   9.99e-01  1.34e+04        1    6.08e-02    1.76e-01
   4  6.484543e+01    3.80e+00    1.85e+04   5.35e+01   4.15e-01  1.33e+04        1    6.50e-02    2.41e-01
   5  5.694879e+01    7.90e+00    7.63e+03   3.40e+01   9.02e-01  2.77e+04        1    6.03e-02    3.01e-01
   6  5.493121e+01    2.02e+00    9.28e+03   3.48e+01   6.87e-01  2.93e+04        1    5.96e-02    3.61e-01
   7  5.343730e+01    1.49e+00    3.34e+03   1.93e+01   9.46e-01  8.78e+04        1    6.07e-02    4.21e-01
   8  5.325675e+01    1.81e-01    7.90e+03   2.69e+01   2.37e-01  7.67e+04        1    5.93e-02    4.81e-01
   9  5.253813e+01    7.19e-01    3.31e+03   1.61e+01   8.49e-01  1.16e+05        1    5.98e-02    5.41e-01
  10  5.249689e+01    4.12e-02    4.98e+03   1.88e+01   1.14e-01  7.94e+04        1    6.12e-02    6.02e-01
  11  5.214712e+01    3.50e-01    1.50e+03   1.05e+01   9.16e-01  1.87e+05        1    6.30e-02    6.65e-01
  12  5.235773e+01   -2.11e-01    0.00e+00   1.88e+01  -1.53e+00  9.36e+04        1    4.72e-02    7.13e-01
  13  5.208865e+01    5.85e-02    1.41e+03   1.01e+01   6.60e-01  9.68e+04        1    6.12e-02    7.74e-01
  14  5.204165e+01    4.70e-02    1.00e+03   8.53e+00   7.51e-01  1.11e+05        1    5.87e-02    8.33e-01
  15  5.201499e+01    2.67e-02    8.78e+02   7.81e+00   6.99e-01  1.18e+05        1    6.15e-02    8.94e-01
  16  5.199558e+01    1.94e-02    6.97e+02   6.56e+00   7.50e-01  1.35e+05        1    6.13e-02    9.56e-01
  17  5.198306e+01    1.25e-02    6.95e+02   5.85e+00   6.93e-01  1.43e+05        1    6.62e-02    1.02e+00
  18  5.197247e+01    1.06e-02    6.72e+02   4.89e+00   6.91e-01  1.52e+05        1    6.06e-02    1.08e+00
  19  5.196350e+01    8.98e-03    7.25e+02   4.22e+00   6.24e-01  1.54e+05        1    6.03e-02    1.14e+00
  20  5.195439e+01    9.10e-03    7.94e+02   3.68e+00   5.96e-01  1.55e+05        1    6.08e-02    1.20e+00
  21  5.194511e+01    9.29e-03    8.69e+02   3.36e+00   5.62e-01  1.56e+05        1    6.13e-02    1.27e+00
  22  5.193538e+01    9.73e-03    9.46e+02   3.19e+00   5.35e-01  1.56e+05        1    6.16e-02    1.33e+00
  23  5.192513e+01    1.02e-02    1.03e+03   3.13e+00   5.08e-01  1.56e+05        1    5.96e-02    1.39e+00
  24  5.191433e+01    1.08e-02    1.12e+03   3.13e+00   4.82e-01  1.56e+05        1    7.25e-02    1.46e+00
  25  5.190293e+01    1.14e-02    1.22e+03   3.19e+00   4.54e-01  1.56e+05        1    5.51e-02    1.51e+00
  26  5.189088e+01    1.21e-02    1.33e+03   3.27e+00   4.26e-01  1.55e+05        1    6.11e-02    1.58e+00
  27  5.187804e+01    1.28e-02    1.46e+03   3.36e+00   4.01e-01  1.54e+05        1    6.17e-02    1.64e+00
  28  5.186419e+01    1.39e-02    1.58e+03   3.47e+00   3.82e-01  1.52e+05        1    6.50e-02    1.70e+00
  29  5.184911e+01    1.51e-02    1.71e+03   3.57e+00   3.67e-01  1.49e+05        1    5.77e-02    1.76e+00
  30  5.183264e+01    1.65e-02    1.84e+03   3.67e+00   3.57e-01  1.46e+05        1    6.03e-02    1.82e+00
  31  5.181462e+01    1.80e-02    1.97e+03   3.77e+00   3.49e-01  1.42e+05        1    6.18e-02    1.88e+00
  32  5.179491e+01    1.97e-02    2.10e+03   3.86e+00   3.43e-01  1.38e+05        1    6.14e-02    1.94e+00
  33  5.177335e+01    2.16e-02    2.23e+03   3.96e+00   3.38e-01  1.33e+05        1    6.02e-02    2.00e+00
  34  5.174975e+01    2.36e-02    2.37e+03   4.06e+00   3.35e-01  1.28e+05        1    6.11e-02    2.07e+00
  35  5.172391e+01    2.58e-02    2.51e+03   4.16e+00   3.32e-01  1.24e+05        1    6.10e-02    2.13e+00
  36  5.169560e+01    2.83e-02    2.66e+03   4.26e+00   3.30e-01  1.19e+05        1    6.14e-02    2.19e+00
  37  5.166457e+01    3.10e-02    2.82e+03   4.37e+00   3.29e-01  1.14e+05        1    6.19e-02    2.25e+00
  38  5.163054e+01    3.40e-02    2.98e+03   4.48e+00   3.28e-01  1.10e+05        1    6.13e-02    2.31e+00
  39  5.159320e+01    3.73e-02    3.15e+03   4.59e+00   3.27e-01  1.06e+05        1    6.12e-02    2.37e+00
  40  5.155222e+01    4.10e-02    3.33e+03   4.71e+00   3.27e-01  1.01e+05        1    6.15e-02    2.43e+00
  41  5.150723e+01    4.50e-02    3.51e+03   4.83e+00   3.27e-01  9.73e+04        1    6.21e-02    2.50e+00
  42  5.145793e+01    4.93e-02    3.70e+03   4.96e+00   3.27e-01  9.34e+04        1    6.23e-02    2.56e+00
  43  5.140384e+01    5.41e-02    3.90e+03   5.08e+00   3.28e-01  8.98e+04        1    6.09e-02    2.62e+00
  44  5.134474e+01    5.91e-02    4.11e+03   5.21e+00   3.29e-01  8.63e+04        1    6.02e-02    2.68e+00
  45  5.128003e+01    6.47e-02    4.31e+03   5.34e+00   3.31e-01  8.31e+04        1    6.03e-02    2.74e+00
  46  5.120972e+01    7.03e-02    4.52e+03   5.47e+00   3.32e-01  8.01e+04        1    6.52e-02    2.81e+00
  47  5.113299e+01    7.67e-02    4.73e+03   5.60e+00   3.35e-01  7.73e+04        1    6.13e-02    2.87e+00
  48  5.105032e+01    8.27e-02    4.95e+03   5.72e+00   3.36e-01  7.47e+04        1    6.13e-02    2.93e+00
  49  5.096048e+01    8.98e-02    5.15e+03   5.84e+00   3.41e-01  7.24e+04        1    6.12e-02    2.99e+00
  50  5.086478e+01    9.57e-02    5.35e+03   5.96e+00   3.42e-01  7.02e+04        1    6.12e-02    3.05e+00
  51  5.076140e+01    1.03e-01    5.53e+03   6.06e+00   3.49e-01  6.83e+04        1    6.11e-02    3.11e+00
  52  5.065267e+01    1.09e-01    5.71e+03   6.16e+00   3.50e-01  6.65e+04        1    6.01e-02    3.17e+00
  53  5.053639e+01    1.16e-01    5.85e+03   6.24e+00   3.59e-01  6.51e+04        1    6.07e-02    3.23e+00
  54  5.041561e+01    1.21e-01    5.98e+03   6.32e+00   3.62e-01  6.37e+04        1    6.14e-02    3.29e+00
  55  5.028845e+01    1.27e-01    6.07e+03   6.37e+00   3.72e-01  6.27e+04        1    6.48e-02    3.36e+00
  56  5.015789e+01    1.31e-01    6.13e+03   6.41e+00   3.78e-01  6.18e+04        1    6.07e-02    3.42e+00
  57  5.002333e+01    1.35e-01    6.14e+03   6.42e+00   3.90e-01  6.11e+04        1    6.11e-02    3.48e+00
  58  4.988707e+01    1.36e-01    6.11e+03   6.40e+00   4.00e-01  6.06e+04        1    6.05e-02    3.54e+00
  59  4.975000e+01    1.37e-01    6.01e+03   6.35e+00   4.15e-01  6.03e+04        1    6.01e-02    3.60e+00
  60  4.961405e+01    1.36e-01    5.85e+03   6.27e+00   4.31e-01  6.02e+04        1    6.16e-02    3.66e+00
  61  4.948104e+01    1.33e-01    5.62e+03   6.14e+00   4.51e-01  6.01e+04        1    5.98e-02    3.72e+00
  62  4.935310e+01    1.28e-01    5.32e+03   5.96e+00   4.75e-01  6.01e+04        1    6.20e-02    3.79e+00
  63  4.923256e+01    1.21e-01    4.93e+03   5.73e+00   5.03e-01  6.01e+04        1    6.20e-02    3.85e+00
  64  4.912186e+01    1.11e-01    4.49e+03   5.46e+00   5.34e-01  6.01e+04        1    6.10e-02    3.91e+00
  65  4.902322e+01    9.86e-02    4.00e+03   5.14e+00   5.67e-01  6.03e+04        1    6.45e-02    3.97e+00
  66  4.893816e+01    8.51e-02    3.52e+03   4.80e+00   6.00e-01  6.08e+04        1    5.85e-02    4.03e+00
  67  4.886692e+01    7.12e-02    3.06e+03   4.45e+00   6.29e-01  6.18e+04        1    6.54e-02    4.10e+00
  68  4.880845e+01    5.85e-02    2.65e+03   4.12e+00   6.54e-01  6.37e+04        1    5.59e-02    4.15e+00
  69  4.876102e+01    4.74e-02    2.30e+03   3.81e+00   6.74e-01  6.65e+04        1    6.11e-02    4.21e+00
  70  4.872283e+01    3.82e-02    2.00e+03   3.52e+00   6.92e-01  7.05e+04        1    6.08e-02    4.27e+00
  71  4.869231e+01    3.05e-02    1.74e+03   3.25e+00   7.07e-01  7.58e+04        1    6.59e-02    4.34e+00
  72  4.866815e+01    2.42e-02    1.52e+03   2.99e+00   7.20e-01  8.29e+04        1    5.72e-02    4.40e+00
  73  4.864930e+01    1.89e-02    1.31e+03   2.73e+00   7.32e-01  9.20e+04        1    6.13e-02    4.46e+00
  74  4.863482e+01    1.45e-02    1.13e+03   2.47e+00   7.43e-01  1.04e+05        1    6.17e-02    4.52e+00
  75  4.862389e+01    1.09e-02    9.59e+02   2.21e+00   7.54e-01  1.20e+05        1    6.01e-02    4.58e+00
  76  4.861573e+01    8.16e-03    8.11e+02   1.95e+00   7.64e-01  1.40e+05        1    6.00e-02    4.64e+00
  77  4.860962e+01    6.11e-03    6.86e+02   1.71e+00   7.73e-01  1.67e+05        1    6.19e-02    4.70e+00
  78  4.860489e+01    4.73e-03    5.90e+02   1.51e+00   7.80e-01  2.03e+05        1    6.01e-02    4.76e+00
  79  4.860099e+01    3.91e-03    5.30e+02   1.41e+00   7.82e-01  2.47e+05        1    5.59e-02    4.82e+00
  80  4.859747e+01    3.51e-03    5.08e+02   1.47e+00   7.77e-01  2.98e+05        1    6.04e-02    4.88e+00
  81  4.859408e+01    3.39e-03    5.20e+02   1.74e+00   7.60e-01  3.47e+05        1    5.72e-02    4.94e+00
  82  4.859068e+01    3.41e-03    5.51e+02   2.18e+00   7.36e-01  3.88e+05        1    6.04e-02    5.00e+00
  83  4.858718e+01    3.50e-03    5.86e+02   2.66e+00   7.10e-01  4.18e+05        1    6.03e-02    5.06e+00
  84  4.858356e+01    3.62e-03    6.17e+02   3.09e+00   6.85e-01  4.41e+05        1    6.11e-02    5.12e+00
  85  4.857982e+01    3.75e-03    6.44e+02   3.44e+00   6.65e-01  4.57e+05        1    6.18e-02    5.18e+00
  86  4.857595e+01    3.87e-03    6.66e+02   3.70e+00   6.48e-01  4.69e+05        1    5.95e-02    5.24e+00
  87  4.857196e+01    3.99e-03    6.86e+02   3.90e+00   6.35e-01  4.79e+05        1    6.53e-02    5.31e+00
  88  4.856788e+01    4.08e-03    7.04e+02   4.04e+00   6.24e-01  4.86e+05        1    5.94e-02    5.36e+00
  89  4.856371e+01    4.17e-03    7.20e+02   4.15e+00   6.16e-01  4.92e+05        1    6.12e-02    5.43e+00
  90  4.855947e+01    4.24e-03    7.34e+02   4.22e+00   6.08e-01  4.97e+05        1    6.14e-02    5.49e+00
  91  4.855517e+01    4.30e-03    7.47e+02   4.28e+00   6.03e-01  5.02e+05        1    6.06e-02    5.55e+00
  92  4.855083e+01    4.35e-03    7.59e+02   4.32e+00   5.97e-01  5.05e+05        1    5.90e-02    5.61e+00
  93  4.854644e+01    4.39e-03    7.70e+02   4.35e+00   5.93e-01  5.09e+05        1    6.01e-02    5.67e+00
  94  4.854202e+01    4.42e-03    7.80e+02   4.38e+00   5.89e-01  5.12e+05        1    6.21e-02    5.73e+00
  95  4.853757e+01    4.45e-03    7.89e+02   4.39e+00   5.86e-01  5.14e+05        1    6.28e-02    5.79e+00
  96  4.853310e+01    4.47e-03    7.97e+02   4.41e+00   5.83e-01  5.17e+05        1    6.10e-02    5.85e+00
  97  4.852861e+01    4.49e-03    8.05e+02   4.42e+00   5.81e-01  5.19e+05        1    6.19e-02    5.92e+00
  98  4.852410e+01    4.51e-03    8.12e+02   4.42e+00   5.78e-01  5.21e+05        1    6.20e-02    5.98e+00
  99  4.851958e+01    4.52e-03    8.18e+02   4.42e+00   5.76e-01  5.23e+05        1    6.47e-02    6.04e+00
 100  4.851506e+01    4.53e-03    8.24e+02   4.42e+00   5.75e-01  5.24e+05        1    6.26e-02    6.10e+00


Bundle adjustment report
------------------------
    Residuals : 372
   Parameters : 290
   Iterations : 101
         Time : 6.10456 [s]
 Initial cost : 1.46956 [px]
   Final cost : 0.361133 [px]
  Termination : No convergence

  => Filtered observations: 0
  => Filtered images: 0

==============================================================================
Initializing with image pair #4 and #2
==============================================================================


==============================================================================
Global bundle adjustment
==============================================================================

iter      cost      cost_change  |gradient|   |step|    tr_ratio  tr_radius  ls_iter  iter_time  total_time
   0  8.370745e+02    0.00e+00    9.99e+03   0.00e+00   0.00e+00  1.00e+04        0    6.49e-03    6.76e-03
   1  5.353289e+04   -5.27e+04    0.00e+00   3.34e+02  -1.11e+02  5.00e+03        1    4.68e-02    5.36e-02
   2  8.026599e+03   -7.19e+03    0.00e+00   2.03e+02  -2.03e+01  1.25e+03        1    4.80e-02    1.02e-01
   3  7.197431e+02    1.17e+02    5.79e+04   6.18e+01   5.79e-01  1.25e+03        1    6.00e-02    1.62e-01
   4  6.342862e+02    8.55e+01    5.00e+04   5.65e+01   5.64e-01  1.26e+03        1    6.27e-02    2.24e-01
   5  5.656955e+02    6.86e+01    4.51e+04   5.22e+01   5.37e-01  1.26e+03        1    5.98e-02    2.84e-01
   6  5.043939e+02    6.13e+01    4.14e+04   4.84e+01   5.28e-01  1.26e+03        1    6.18e-02    3.46e-01
   7  4.459706e+02    5.84e+01    3.76e+04   4.49e+01   5.41e-01  1.26e+03        1    6.04e-02    4.06e-01
   8  3.892001e+02    5.68e+01    3.30e+04   4.14e+01   5.77e-01  1.26e+03        1    6.18e-02    4.68e-01
   9  3.349403e+02    5.43e+01    2.73e+04   3.78e+01   6.30e-01  1.29e+03        1    6.12e-02    5.29e-01
  10  2.861614e+02    4.88e+01    2.15e+04   3.40e+01   6.88e-01  1.36e+03        1    6.11e-02    5.90e-01
  11  2.456961e+02    4.05e+01    1.64e+04   3.07e+01   7.32e-01  1.51e+03        1    6.11e-02    6.52e-01
  12  2.140170e+02    3.17e+01    1.23e+04   2.81e+01   7.59e-01  1.75e+03        1    6.16e-02    7.13e-01
  13  1.903016e+02    2.37e+01    9.53e+03   2.63e+01   7.79e-01  2.12e+03        1    6.56e-02    7.79e-01
  14  1.729896e+02    1.73e+01    7.43e+03   2.60e+01   8.00e-01  2.70e+03        1    6.11e-02    8.40e-01
  15  1.598472e+02    1.31e+01    6.24e+03   2.84e+01   8.15e-01  3.60e+03        1    6.37e-02    9.04e-01
  16  1.486641e+02    1.12e+01    5.30e+03   3.42e+01   7.87e-01  4.44e+03        1    6.39e-02    9.68e-01
  17  1.384866e+02    1.02e+01    4.11e+03   3.96e+01   6.88e-01  4.69e+03        1    7.20e-02    1.04e+00
  18  1.287840e+02    9.70e+00    4.21e+03   3.98e+01   5.89e-01  4.72e+03        1    5.54e-02    1.10e+00
  19  1.176879e+02    1.11e+01    3.53e+03   3.65e+01   6.38e-01  4.82e+03        1    5.88e-02    1.15e+00
  20  1.069747e+02    1.07e+01    2.77e+03   3.08e+01   7.60e-01  5.61e+03        1    6.17e-02    1.22e+00
  21  1.002580e+02    6.72e+00    2.82e+03   2.63e+01   7.87e-01  6.91e+03        1    6.19e-02    1.28e+00
  22  9.606159e+01    4.20e+00    2.11e+03   2.14e+01   8.29e-01  9.65e+03        1    6.14e-02    1.34e+00
  23  9.328541e+01    2.78e+00    1.38e+03   1.90e+01   7.88e-01  1.19e+04        1    6.38e-02    1.40e+00
  24  9.088779e+01    2.40e+00    3.70e+03   1.73e+01   7.00e-01  1.27e+04        1    6.48e-02    1.47e+00
  25  8.835081e+01    2.54e+00    4.71e+03   1.67e+01   6.57e-01  1.32e+04        1    6.09e-02    1.53e+00
  26  8.559437e+01    2.76e+00    4.97e+03   1.74e+01   6.36e-01  1.34e+04        1    6.14e-02    1.59e+00
  27  8.266928e+01    2.93e+00    4.97e+03   1.87e+01   6.14e-01  1.36e+04        1    6.28e-02    1.65e+00
  28  7.957552e+01    3.09e+00    4.79e+03   2.02e+01   5.99e-01  1.37e+04        1    6.32e-02    1.72e+00
  29  7.632335e+01    3.25e+00    4.48e+03   2.16e+01   5.90e-01  1.38e+04        1    6.11e-02    1.78e+00
  30  7.292184e+01    3.40e+00    4.06e+03   2.31e+01   5.88e-01  1.39e+04        1    6.26e-02    1.84e+00
  31  6.938823e+01    3.53e+00    3.56e+03   2.43e+01   5.93e-01  1.39e+04        1    5.79e-02    1.90e+00
  32  6.575352e+01    3.63e+00    3.04e+03   2.52e+01   6.04e-01  1.41e+04        1    5.79e-02    1.96e+00
  33  6.206716e+01    3.69e+00    2.55e+03   2.58e+01   6.21e-01  1.43e+04        1    6.10e-02    2.02e+00
  34  5.839897e+01    3.67e+00    2.17e+03   2.62e+01   6.43e-01  1.46e+04        1    6.02e-02    2.08e+00
  35  5.483603e+01    3.56e+00    1.96e+03   2.62e+01   6.70e-01  1.52e+04        1    6.58e-02    2.14e+00
  36  5.147365e+01    3.36e+00    2.02e+03   2.61e+01   6.97e-01  1.62e+04        1    5.69e-02    2.20e+00
  37  4.840302e+01    3.07e+00    2.40e+03   2.60e+01   7.24e-01  1.78e+04        1    6.14e-02    2.26e+00
  38  4.570292e+01    2.70e+00    3.18e+03   2.62e+01   7.44e-01  2.02e+04        1    6.16e-02    2.32e+00
  39  4.343979e+01    2.26e+00    4.40e+03   2.68e+01   7.43e-01  2.28e+04        1    6.11e-02    2.38e+00
  40  4.163844e+01    1.80e+00    5.67e+03   2.69e+01   7.10e-01  2.46e+04        1    6.20e-02    2.45e+00
  41  4.019589e+01    1.44e+00    6.24e+03   2.59e+01   6.78e-01  2.58e+04        1    6.02e-02    2.51e+00
  42  3.900016e+01    1.20e+00    6.08e+03   2.41e+01   6.68e-01  2.68e+04        1    6.06e-02    2.57e+00
  43  3.799990e+01    1.00e+00    5.59e+03   2.22e+01   6.72e-01  2.79e+04        1    6.29e-02    2.63e+00
  44  3.716819e+01    8.32e-01    5.00e+03   2.02e+01   6.84e-01  2.94e+04        1    6.01e-02    2.69e+00
  45  3.648192e+01    6.86e-01    4.43e+03   1.84e+01   6.98e-01  3.13e+04        1    6.04e-02    2.75e+00
  46  3.591742e+01    5.64e-01    3.92e+03   1.67e+01   7.12e-01  3.39e+04        1    5.79e-02    2.81e+00
  47  3.545205e+01    4.65e-01    3.47e+03   1.51e+01   7.28e-01  3.75e+04        1    6.77e-02    2.88e+00
  48  3.506501e+01    3.87e-01    3.09e+03   1.36e+01   7.44e-01  4.24e+04        1    5.41e-02    2.93e+00
  49  3.473747e+01    3.28e-01    2.77e+03   1.22e+01   7.61e-01  4.94e+04        1    6.04e-02    2.99e+00
  50  3.445188e+01    2.86e-01    2.51e+03   1.08e+01   7.79e-01  5.99e+04        1    5.94e-02    3.05e+00
  51  3.419153e+01    2.60e-01    2.28e+03   9.31e+00   7.94e-01  7.53e+04        1    6.05e-02    3.11e+00
  52  3.394059e+01    2.51e-01    2.06e+03   7.67e+00   8.01e-01  9.62e+04        1    6.07e-02    3.17e+00
  53  3.368349e+01    2.57e-01    1.77e+03   5.75e+00   8.03e-01  1.24e+05        1    6.08e-02    3.23e+00
  54  3.340027e+01    2.83e-01    1.42e+03   3.90e+00   8.30e-01  1.74e+05        1    5.77e-02    3.29e+00
  55  3.306452e+01    3.36e-01    1.24e+03   3.39e+00   8.66e-01  2.85e+05        1    6.19e-02    3.35e+00
  56  3.266986e+01    3.95e-01    1.45e+03   6.69e+00   7.77e-01  3.43e+05        1    6.56e-02    3.42e+00
  57  3.223975e+01    4.30e-01    1.43e+03   8.34e+00   7.51e-01  3.93e+05        1    6.21e-02    3.48e+00
  58  3.177169e+01    4.68e-01    1.28e+03   8.94e+00   7.87e-01  4.85e+05        1    5.38e-02    3.53e+00
  59  3.138116e+01    3.91e-01    1.78e+03   9.14e+00   6.41e-01  4.96e+05        1    7.02e-02    3.60e+00
  60  3.102738e+01    3.54e-01    1.22e+03   7.26e+00   5.49e-01  4.96e+05        1    5.44e-02    3.66e+00
  61  3.079735e+01    2.30e-01    1.94e+03   6.27e+00   3.42e-01  4.81e+05        1    6.13e-02    3.72e+00
  62  3.058562e+01    2.12e-01    2.36e+03   6.17e+00   2.70e-01  4.39e+05        1    6.17e-02    3.78e+00
  63  3.026046e+01    3.25e-01    2.28e+03   6.27e+00   3.77e-01  4.32e+05        1    6.15e-02    3.84e+00
  64  3.008926e+01    1.71e-01    2.47e+03   6.98e+00   2.11e-01  3.62e+05        1    6.19e-02    3.90e+00
  65  2.961629e+01    4.73e-01    1.86e+03   6.54e+00   5.50e-01  3.63e+05        1    6.89e-02    3.97e+00
  66  2.946079e+01    1.55e-01    1.98e+03   7.12e+00   2.57e-01  3.26e+05        1    5.51e-02    4.03e+00
  67  2.915472e+01    3.06e-01    1.65e+03   6.89e+00   4.79e-01  3.26e+05        1    6.30e-02    4.09e+00
  68  2.900360e+01    1.51e-01    1.71e+03   7.31e+00   2.90e-01  3.03e+05        1    6.11e-02    4.15e+00
  69  2.876754e+01    2.36e-01    1.51e+03   7.18e+00   4.34e-01  3.02e+05        1    6.12e-02    4.21e+00
  70  2.861998e+01    1.48e-01    1.54e+03   7.48e+00   3.07e-01  2.86e+05        1    6.03e-02    4.27e+00
  71  2.841511e+01    2.05e-01    1.39e+03   7.37e+00   4.15e-01  2.85e+05        1    6.18e-02    4.34e+00
  72  2.826992e+01    1.45e-01    1.39e+03   7.59e+00   3.23e-01  2.72e+05        1    6.19e-02    4.40e+00
  73  2.808643e+01    1.83e-01    1.32e+03   7.49e+00   4.01e-01  2.70e+05        1    6.20e-02    4.46e+00
  74  2.794275e+01    1.44e-01    1.37e+03   7.64e+00   3.37e-01  2.61e+05        1    6.17e-02    4.52e+00
  75  2.777476e+01    1.68e-01    1.35e+03   7.57e+00   3.90e-01  2.58e+05        1    6.54e-02    4.59e+00
  76  2.763221e+01    1.43e-01    1.39e+03   7.66e+00   3.49e-01  2.52e+05        1    6.08e-02    4.65e+00
  77  2.747560e+01    1.57e-01    1.37e+03   7.60e+00   3.84e-01  2.48e+05        1    6.12e-02    4.71e+00
  78  2.733428e+01    1.41e-01    1.40e+03   7.65e+00   3.60e-01  2.43e+05        1    6.07e-02    4.77e+00
  79  2.718596e+01    1.48e-01    1.40e+03   7.61e+00   3.80e-01  2.40e+05        1    6.33e-02    4.83e+00
  80  2.704625e+01    1.40e-01    1.41e+03   7.62e+00   3.68e-01  2.35e+05        1    5.97e-02    4.89e+00
  81  2.690389e+01    1.42e-01    1.42e+03   7.59e+00   3.79e-01  2.32e+05        1    5.95e-02    4.95e+00
  82  2.676619e+01    1.38e-01    1.43e+03   7.58e+00   3.75e-01  2.29e+05        1    6.05e-02    5.01e+00
  83  2.662810e+01    1.38e-01    1.43e+03   7.55e+00   3.80e-01  2.25e+05        1    6.02e-02    5.07e+00
  84  2.649258e+01    1.36e-01    1.45e+03   7.53e+00   3.80e-01  2.22e+05        1    6.16e-02    5.14e+00
  85  2.635761e+01    1.35e-01    1.45e+03   7.50e+00   3.83e-01  2.20e+05        1    6.77e-02    5.20e+00
  86  2.622419e+01    1.33e-01    1.46e+03   7.47e+00   3.83e-01  2.17e+05        1    5.52e-02    5.26e+00
  87  2.609157e+01    1.33e-01    1.47e+03   7.44e+00   3.85e-01  2.14e+05        1    5.91e-02    5.32e+00
  88  2.596000e+01    1.32e-01    1.48e+03   7.41e+00   3.87e-01  2.12e+05        1    5.96e-02    5.38e+00
  89  2.582921e+01    1.31e-01    1.49e+03   7.37e+00   3.88e-01  2.09e+05        1    6.22e-02    5.44e+00
  90  2.569920e+01    1.30e-01    1.50e+03   7.34e+00   3.89e-01  2.07e+05        1    6.13e-02    5.50e+00
  91  2.556985e+01    1.29e-01    1.51e+03   7.31e+00   3.91e-01  2.05e+05        1    6.18e-02    5.56e+00
  92  2.544111e+01    1.29e-01    1.52e+03   7.27e+00   3.92e-01  2.03e+05        1    6.16e-02    5.62e+00
  93  2.531291e+01    1.28e-01    1.54e+03   7.24e+00   3.93e-01  2.01e+05        1    6.01e-02    5.68e+00
  94  2.518517e+01    1.28e-01    1.55e+03   7.20e+00   3.94e-01  1.99e+05        1    6.18e-02    5.75e+00
  95  2.505786e+01    1.27e-01    1.56e+03   7.16e+00   3.95e-01  1.97e+05        1    6.20e-02    5.81e+00
  96  2.493092e+01    1.27e-01    1.57e+03   7.13e+00   3.96e-01  1.95e+05        1    6.05e-02    5.87e+00
  97  2.480431e+01    1.27e-01    1.58e+03   7.09e+00   3.96e-01  1.94e+05        1    6.16e-02    5.93e+00
  98  2.467798e+01    1.26e-01    1.59e+03   7.05e+00   3.97e-01  1.92e+05        1    5.95e-02    5.99e+00
  99  2.455190e+01    1.26e-01    1.60e+03   7.01e+00   3.98e-01  1.90e+05        1    6.11e-02    6.05e+00
 100  2.442603e+01    1.26e-01    1.61e+03   6.97e+00   3.98e-01  1.89e+05        1    6.18e-02    6.11e+00


Bundle adjustment report
------------------------
    Residuals : 268
   Parameters : 212
   Iterations : 101
         Time : 6.11302 [s]
 Initial cost : 1.76732 [px]
   Final cost : 0.301897 [px]
  Termination : No convergence

  => Filtered observations: 0
  => Filtered images: 0

==============================================================================
Initializing with image pair #6 and #5
==============================================================================


==============================================================================
Global bundle adjustment
==============================================================================

iter      cost      cost_change  |gradient|   |step|    tr_ratio  tr_radius  ls_iter  iter_time  total_time
   0  1.146126e+04    0.00e+00    1.85e+05   0.00e+00   0.00e+00  1.00e+04        0    8.19e-03    8.60e-03
   1  8.573052e+03    2.89e+03    1.96e+05   8.60e+01   2.55e-01  8.94e+03        1    5.77e-02    6.63e-02
   2  1.581571e+03    6.99e+03    1.25e+05   1.71e+02   8.18e-01  1.20e+04        1    6.21e-02    1.28e-01
   3  1.857093e+01    1.56e+03    5.50e+03   2.74e+01   9.97e-01  3.61e+04        1    6.32e-02    1.92e-01
   4  1.427267e+01    4.30e+00    1.50e+04   1.23e+01   4.87e-01  3.61e+04        1    6.09e-02    2.53e-01
   5  9.351440e+00    4.92e+00    2.29e+03   8.25e+00   9.89e-01  1.08e+05        1    6.17e-02    3.14e-01
   6  9.240758e+00    1.11e-01    1.11e+03   1.10e+01   9.16e-01  2.55e+05        1    7.04e-02    3.85e-01
   7  9.217596e+00    2.32e-02    1.89e+03   1.62e+01   4.63e-01  2.55e+05        1    5.86e-02    4.43e-01
   8  9.179917e+00    3.77e-02    1.68e+03   1.46e+01   6.36e-01  2.60e+05        1    5.88e-02    5.02e-01
   9  9.147611e+00    3.23e-02    1.62e+03   1.43e+01   6.15e-01  2.63e+05        1    6.06e-02    5.63e-01
  10  9.116606e+00    3.10e-02    1.54e+03   1.40e+01   6.29e-01  2.68e+05        1    6.48e-02    6.28e-01
  11  9.087730e+00    2.89e-02    1.48e+03   1.38e+01   6.31e-01  2.73e+05        1    5.88e-02    6.86e-01
  12  9.060568e+00    2.72e-02    1.42e+03   1.36e+01   6.35e-01  2.78e+05        1    6.18e-02    7.48e-01
  13  9.035031e+00    2.55e-02    1.37e+03   1.34e+01   6.38e-01  2.84e+05        1    6.00e-02    8.08e-01
  14  9.010972e+00    2.41e-02    1.32e+03   1.33e+01   6.40e-01  2.91e+05        1    6.18e-02    8.70e-01
  15  8.988290e+00    2.27e-02    1.27e+03   1.31e+01   6.42e-01  2.97e+05        1    6.14e-02    9.31e-01
  16  8.966892e+00    2.14e-02    1.23e+03   1.30e+01   6.44e-01  3.05e+05        1    5.92e-02    9.91e-01
  17  8.946701e+00    2.02e-02    1.19e+03   1.28e+01   6.45e-01  3.12e+05        1    6.13e-02    1.05e+00
  18  8.927650e+00    1.91e-02    1.15e+03   1.27e+01   6.47e-01  3.21e+05        1    6.63e-02    1.12e+00
  19  8.909677e+00    1.80e-02    1.11e+03   1.26e+01   6.48e-01  3.29e+05        1    6.41e-02    1.18e+00
  20  8.892728e+00    1.69e-02    1.07e+03   1.24e+01   6.49e-01  3.38e+05        1    5.71e-02    1.24e+00
  21  8.876752e+00    1.60e-02    1.04e+03   1.23e+01   6.50e-01  3.47e+05        1    6.21e-02    1.30e+00
  22  8.861704e+00    1.50e-02    1.00e+03   1.22e+01   6.51e-01  3.57e+05        1    6.19e-02    1.36e+00
  23  8.847540e+00    1.42e-02    9.71e+02   1.20e+01   6.52e-01  3.67e+05        1    6.00e-02    1.42e+00
  24  8.834217e+00    1.33e-02    9.38e+02   1.19e+01   6.53e-01  3.78e+05        1    6.32e-02    1.49e+00
  25  8.821697e+00    1.25e-02    9.06e+02   1.17e+01   6.54e-01  3.90e+05        1    6.20e-02    1.55e+00
  26  8.809943e+00    1.18e-02    8.74e+02   1.16e+01   6.55e-01  4.01e+05        1    5.74e-02    1.61e+00
  27  8.798918e+00    1.10e-02    8.44e+02   1.14e+01   6.55e-01  4.14e+05        1    6.08e-02    1.67e+00
  28  8.788587e+00    1.03e-02    8.13e+02   1.13e+01   6.56e-01  4.27e+05        1    6.04e-02    1.73e+00
  29  8.778919e+00    9.67e-03    7.84e+02   1.11e+01   6.57e-01  4.41e+05        1    6.11e-02    1.79e+00
  30  8.769880e+00    9.04e-03    7.55e+02   1.10e+01   6.58e-01  4.55e+05        1    6.22e-02    1.85e+00
  31  8.761441e+00    8.44e-03    7.26e+02   1.08e+01   6.59e-01  4.70e+05        1    6.16e-02    1.91e+00
  32  8.753570e+00    7.87e-03    6.98e+02   1.07e+01   6.61e-01  4.87e+05        1    6.71e-02    1.98e+00
  33  8.746241e+00    7.33e-03    6.71e+02   1.05e+01   6.62e-01  5.04e+05        1    6.19e-02    2.04e+00
  34  8.739426e+00    6.82e-03    6.44e+02   1.04e+01   6.63e-01  5.22e+05        1    5.60e-02    2.10e+00
  35  8.733098e+00    6.33e-03    6.18e+02   1.02e+01   6.64e-01  5.41e+05        1    6.16e-02    2.16e+00
  36  8.727231e+00    5.87e-03    5.92e+02   1.00e+01   6.65e-01  5.61e+05        1    6.16e-02    2.22e+00
  37  8.721802e+00    5.43e-03    5.66e+02   9.85e+00   6.67e-01  5.82e+05        1    6.20e-02    2.28e+00
  38  8.716787e+00    5.02e-03    5.41e+02   9.67e+00   6.68e-01  6.05e+05        1    6.11e-02    2.34e+00
  39  8.712163e+00    4.62e-03    5.17e+02   9.49e+00   6.69e-01  6.30e+05        1    6.19e-02    2.41e+00
  40  8.707908e+00    4.25e-03    4.93e+02   9.31e+00   6.71e-01  6.56e+05        1    6.51e-02    2.47e+00
  41  8.704002e+00    3.91e-03    4.69e+02   9.13e+00   6.72e-01  6.84e+05        1    6.19e-02    2.53e+00
  42  8.700424e+00    3.58e-03    4.46e+02   8.94e+00   6.74e-01  7.14e+05        1    6.26e-02    2.60e+00
  43  8.697155e+00    3.27e-03    4.24e+02   8.75e+00   6.76e-01  7.46e+05        1    6.15e-02    2.66e+00
  44  8.694177e+00    2.98e-03    4.01e+02   8.55e+00   6.78e-01  7.82e+05        1    6.10e-02    2.72e+00
  45  8.691471e+00    2.71e-03    3.80e+02   8.36e+00   6.80e-01  8.20e+05        1    6.59e-02    2.78e+00
  46  8.689021e+00    2.45e-03    3.58e+02   8.15e+00   6.82e-01  8.61e+05        1    6.06e-02    2.84e+00
  47  8.686809e+00    2.21e-03    3.37e+02   7.95e+00   6.84e-01  9.06e+05        1    6.44e-02    2.91e+00
  48  8.684821e+00    1.99e-03    3.17e+02   7.73e+00   6.86e-01  9.56e+05        1    6.14e-02    2.97e+00
  49  8.683041e+00    1.78e-03    2.96e+02   7.52e+00   6.89e-01  1.01e+06        1    5.84e-02    3.03e+00
  50  8.681455e+00    1.59e-03    2.77e+02   7.30e+00   6.92e-01  1.07e+06        1    6.54e-02    3.09e+00
  51  8.680048e+00    1.41e-03    2.57e+02   7.07e+00   6.95e-01  1.14e+06        1    6.08e-02    3.15e+00
  52  8.678807e+00    1.24e-03    2.38e+02   6.84e+00   6.98e-01  1.21e+06        1    6.24e-02    3.22e+00
  53  8.677720e+00    1.09e-03    2.19e+02   6.60e+00   7.01e-01  1.30e+06        1    6.16e-02    3.28e+00
  54  8.676773e+00    9.47e-04    2.01e+02   6.35e+00   7.05e-01  1.39e+06        1    6.16e-02    3.34e+00
  55  8.675955e+00    8.18e-04    1.83e+02   6.10e+00   7.09e-01  1.50e+06        1    6.23e-02    3.40e+00
  56  8.675256e+00    7.00e-04    1.65e+02   5.84e+00   7.13e-01  1.63e+06        1    6.06e-02    3.46e+00
  57  8.674663e+00    5.93e-04    1.48e+02   5.57e+00   7.18e-01  1.78e+06        1    6.08e-02    3.52e+00
  58  8.674166e+00    4.97e-04    1.31e+02   5.29e+00   7.24e-01  1.95e+06        1    5.88e-02    3.58e+00
  59  8.673756e+00    4.10e-04    1.15e+02   5.00e+00   7.30e-01  2.16e+06        1    6.15e-02    3.65e+00
  60  8.673422e+00    3.33e-04    9.86e+01   4.69e+00   7.37e-01  2.42e+06        1    5.71e-02    3.70e+00
  61  8.673157e+00    2.66e-04    8.28e+01   4.37e+00   7.44e-01  2.74e+06        1    6.03e-02    3.76e+00
  62  8.672949e+00    2.07e-04    6.75e+01   4.04e+00   7.53e-01  3.14e+06        1    6.50e-02    3.83e+00
  63  8.672793e+00    1.57e-04    5.25e+01   3.67e+00   7.63e-01  3.68e+06        1    6.18e-02    3.89e+00
  64  8.672679e+00    1.14e-04    3.80e+01   3.29e+00   7.73e-01  4.39e+06        1    6.66e-02    3.96e+00
  65  8.672599e+00    7.94e-05    2.42e+01   2.86e+00   7.84e-01  5.38e+06        1    5.61e-02    4.01e+00
  66  8.672548e+00    5.18e-05    1.16e+01   2.39e+00   7.94e-01  6.75e+06        1    6.17e-02    4.07e+00
  67  8.672516e+00    3.13e-05    4.54e+00   1.87e+00   7.99e-01  8.58e+06        1    6.27e-02    4.14e+00
  68  8.672499e+00    1.73e-05    5.54e+00   1.30e+00   7.95e-01  1.08e+07        1    6.54e-02    4.20e+00
  69  8.672490e+00    9.19e-06    6.14e+00   8.04e-01   7.92e-01  1.35e+07        1    6.08e-02    4.26e+00
  70  8.672485e+00    5.07e-06    1.49e+00   6.09e-01   7.86e-01  1.66e+07        1    6.60e-02    4.33e+00
  71  8.672482e+00    3.11e-06    5.68e+00   7.59e-01   7.40e-01  1.87e+07        1    6.09e-02    4.39e+00
  72  8.672479e+00    2.34e-06    1.08e+01   8.97e-01   6.97e-01  1.99e+07        1    6.04e-02    4.45e+00
  73  8.672477e+00    2.01e-06    1.25e+01   9.35e-01   6.89e-01  2.10e+07        1    6.00e-02    4.51e+00
  74  8.672475e+00    1.75e-06    1.26e+01   9.29e-01   6.91e-01  2.23e+07        1    5.99e-02    4.57e+00
  75  8.672474e+00    1.53e-06    1.19e+01   9.02e-01   6.98e-01  2.38e+07        1    5.97e-02    4.63e+00
  76  8.672473e+00    1.31e-06    1.11e+01   8.67e-01   7.05e-01  2.55e+07        1    6.00e-02    4.69e+00
  77  8.672471e+00    1.12e-06    1.01e+01   8.29e-01   7.12e-01  2.76e+07        1    6.13e-02    4.75e+00
  78  8.672471e+00    9.45e-07    9.20e+00   7.90e-01   7.19e-01  3.02e+07        1    6.09e-02    4.81e+00
  79  8.672470e+00    7.91e-07    8.29e+00   7.50e-01   7.27e-01  3.33e+07        1    6.24e-02    4.87e+00
  80  8.672469e+00    6.52e-07    7.41e+00   7.09e-01   7.34e-01  3.71e+07        1    5.93e-02    4.93e+00
  81  8.672469e+00    5.29e-07    6.55e+00   6.67e-01   7.43e-01  4.19e+07        1    6.24e-02    5.00e+00
  82  8.672468e+00    4.20e-07    5.73e+00   6.23e-01   7.53e-01  4.82e+07        1    5.96e-02    5.06e+00
  83  8.672468e+00    3.26e-07    4.92e+00   5.78e-01   7.65e-01  5.67e+07        1    6.20e-02    5.12e+00
  84  8.672468e+00    2.44e-07    4.14e+00   5.30e-01   7.80e-01  6.87e+07        1    6.04e-02    5.18e+00
  85  8.672467e+00    1.76e-07    3.39e+00   4.79e-01   7.97e-01  8.70e+07        1    5.97e-02    5.24e+00
  86  8.672467e+00    1.19e-07    2.67e+00   4.25e-01   8.20e-01  1.18e+08        1    6.12e-02    5.30e+00
  87  8.672467e+00    7.51e-08    1.98e+00   3.66e-01   8.51e-01  1.80e+08        1    6.08e-02    5.36e+00
  88  8.672467e+00    4.20e-08    1.63e+00   3.02e-01   8.95e-01  3.55e+08        1    6.19e-02    5.42e+00
  89  8.672467e+00    1.95e-08    1.47e+00   2.28e-01   9.66e-01  1.07e+09        1    6.23e-02    5.49e+00
  90  8.672467e+00    6.37e-09    5.74e-01   1.34e-01   1.08e+00  3.20e+09        1    6.16e-02    5.55e+00
  91  8.672467e+00    1.01e-09    1.03e-01   5.43e-02   1.19e+00  9.59e+09        1    6.35e-02    5.61e+00
  92  8.672467e+00    1.06e-10    1.57e-02   2.10e-02   1.30e+00  2.88e+10        1    6.14e-02    5.67e+00


Bundle adjustment report
------------------------
    Residuals : 472
   Parameters : 365
   Iterations : 93
         Time : 5.67185 [s]
 Initial cost : 4.92771 [px]
   Final cost : 0.13555 [px]
  Termination : Convergence

  => Filtered observations: 0
  => Filtered images: 0
  => No good initial image pair found.
  => Relaxing the initialization constraints.

==============================================================================
Initializing with image pair #4 and #3
==============================================================================


==============================================================================
Global bundle adjustment
==============================================================================

iter      cost      cost_change  |gradient|   |step|    tr_ratio  tr_radius  ls_iter  iter_time  total_time
   0  8.972423e+02    0.00e+00    1.14e+05   0.00e+00   0.00e+00  1.00e+04        0    9.44e-03    9.77e-03
   1  8.028673e+02    9.44e+01    2.84e+05   1.56e+02   1.12e-01  6.81e+03        1    5.60e-02    6.58e-02
   2  5.179626e+01    7.51e+02    2.17e+03   1.81e+01   1.00e+00  2.04e+04        1    6.00e-02    1.26e-01
   3  5.120700e+01    5.89e-01    3.04e+03   1.85e+01   8.82e-01  3.70e+04        1    6.12e-02    1.87e-01
   4  5.118269e+01    2.43e-02    6.50e+03   1.85e+01   5.16e-02  2.15e+04        1    6.15e-02    2.49e-01
   5  5.062089e+01    5.62e-01    1.71e+03   8.08e+00   9.47e-01  6.44e+04        1    6.12e-02    3.10e-01
   6  5.172943e+01   -1.11e+00    0.00e+00   1.65e+01  -3.01e+00  3.22e+04        1    4.94e-02    3.59e-01
   7  5.052066e+01    1.00e-01    3.43e+03   9.22e+00   4.73e-01  3.22e+04        1    6.18e-02    4.21e-01
   8  5.033561e+01    1.85e-01    2.85e+03   7.28e+00   7.28e-01  3.56e+04        1    6.18e-02    4.83e-01
   9  5.020306e+01    1.33e-01    3.00e+03   6.54e+00   6.55e-01  3.67e+04        1    6.24e-02    5.45e-01
  10  5.007126e+01    1.32e-01    2.78e+03   5.66e+00   7.01e-01  3.92e+04        1    6.07e-02    6.06e-01
  11  4.995867e+01    1.13e-01    2.83e+03   5.31e+00   6.69e-01  4.08e+04        1    6.08e-02    6.67e-01
  12  4.984958e+01    1.09e-01    2.74e+03   5.03e+00   6.81e-01  4.28e+04        1    6.21e-02    7.29e-01
  13  4.974927e+01    1.00e-01    2.73e+03   4.97e+00   6.70e-01  4.46e+04        1    6.48e-02    7.94e-01
  14  4.965369e+01    9.56e-02    2.66e+03   4.94e+00   6.73e-01  4.65e+04        1    6.04e-02    8.54e-01
  15  4.956456e+01    8.91e-02    2.60e+03   4.96e+00   6.71e-01  4.84e+04        1    6.16e-02    9.16e-01
  16  4.948130e+01    8.33e-02    2.51e+03   4.97e+00   6.74e-01  5.06e+04        1    6.16e-02    9.77e-01
  17  4.940467e+01    7.66e-02    2.40e+03   4.96e+00   6.77e-01  5.29e+04        1    6.05e-02    1.04e+00
  18  4.933485e+01    6.98e-02    2.28e+03   4.91e+00   6.82e-01  5.56e+04        1    6.02e-02    1.10e+00
  19  4.927217e+01    6.27e-02    2.15e+03   4.84e+00   6.87e-01  5.87e+04        1    6.00e-02    1.16e+00
  20  4.921671e+01    5.55e-02    2.01e+03   4.72e+00   6.93e-01  6.23e+04        1    6.14e-02    1.22e+00
  21  4.916848e+01    4.82e-02    1.85e+03   4.58e+00   7.00e-01  6.66e+04        1    6.19e-02    1.28e+00
  22  4.912730e+01    4.12e-02    1.69e+03   4.40e+00   7.08e-01  7.17e+04        1    6.22e-02    1.34e+00
  23  4.909285e+01    3.44e-02    1.53e+03   4.20e+00   7.15e-01  7.79e+04        1    6.05e-02    1.40e+00
  24  4.906470e+01    2.81e-02    1.36e+03   3.96e+00   7.24e-01  8.56e+04        1    5.97e-02    1.46e+00
  25  4.904231e+01    2.24e-02    1.19e+03   3.70e+00   7.33e-01  9.52e+04        1    6.03e-02    1.52e+00
  26  4.902502e+01    1.73e-02    1.02e+03   3.42e+00   7.42e-01  1.07e+05        1    6.09e-02    1.59e+00
  27  4.901212e+01    1.29e-02    8.65e+02   3.11e+00   7.52e-01  1.23e+05        1    6.31e-02    1.65e+00
  28  4.900284e+01    9.28e-03    7.14e+02   2.80e+00   7.62e-01  1.44e+05        1    6.03e-02    1.71e+00
  29  4.899640e+01    6.44e-03    5.77e+02   2.48e+00   7.73e-01  1.72e+05        1    6.09e-02    1.77e+00
  30  4.899202e+01    4.38e-03    4.59e+02   2.19e+00   7.84e-01  2.10e+05        1    6.13e-02    1.83e+00
  31  4.898899e+01    3.03e-03    3.68e+02   1.99e+00   7.96e-01  2.65e+05        1    6.13e-02    1.89e+00
  32  4.898669e+01    2.30e-03    3.13e+02   1.97e+00   8.05e-01  3.44e+05        1    6.19e-02    1.95e+00
  33  4.898465e+01    2.05e-03    3.02e+02   2.28e+00   7.99e-01  4.37e+05        1    6.12e-02    2.02e+00
  34  4.898258e+01    2.06e-03    3.32e+02   2.90e+00   7.58e-01  5.06e+05        1    5.84e-02    2.07e+00
  35  4.898039e+01    2.20e-03    3.62e+02   3.53e+00   7.11e-01  5.47e+05        1    5.83e-02    2.13e+00
  36  4.897802e+01    2.36e-03    3.88e+02   3.99e+00   6.76e-01  5.72e+05        1    5.79e-02    2.19e+00
  37  4.897550e+01    2.52e-03    4.10e+02   4.28e+00   6.53e-01  5.89e+05        1    6.27e-02    2.25e+00
  38  4.897284e+01    2.65e-03    4.30e+02   4.48e+00   6.36e-01  6.01e+05        1    6.40e-02    2.32e+00
  39  4.897008e+01    2.76e-03    4.48e+02   4.61e+00   6.23e-01  6.10e+05        1    6.01e-02    2.38e+00
  40  4.896723e+01    2.85e-03    4.65e+02   4.71e+00   6.12e-01  6.17e+05        1    6.52e-02    2.44e+00
  41  4.896430e+01    2.93e-03    4.80e+02   4.78e+00   6.03e-01  6.23e+05        1    5.98e-02    2.50e+00
  42  4.896131e+01    2.99e-03    4.94e+02   4.84e+00   5.96e-01  6.27e+05        1    6.16e-02    2.56e+00
  43  4.895825e+01    3.05e-03    5.06e+02   4.89e+00   5.89e-01  6.31e+05        1    6.05e-02    2.62e+00
  44  4.895515e+01    3.11e-03    5.18e+02   4.94e+00   5.83e-01  6.34e+05        1    6.17e-02    2.69e+00
  45  4.895199e+01    3.16e-03    5.29e+02   4.98e+00   5.78e-01  6.36e+05        1    5.95e-02    2.75e+00
  46  4.894879e+01    3.20e-03    5.39e+02   5.01e+00   5.73e-01  6.38e+05        1    6.67e-02    2.81e+00
  47  4.894554e+01    3.25e-03    5.49e+02   5.04e+00   5.69e-01  6.40e+05        1    6.22e-02    2.87e+00
  48  4.894226e+01    3.29e-03    5.58e+02   5.07e+00   5.65e-01  6.41e+05        1    6.10e-02    2.94e+00
  49  4.893893e+01    3.33e-03    5.67e+02   5.10e+00   5.61e-01  6.42e+05        1    6.14e-02    3.00e+00
  50  4.893556e+01    3.37e-03    5.76e+02   5.12e+00   5.57e-01  6.43e+05        1    6.13e-02    3.06e+00
  51  4.893216e+01    3.40e-03    5.85e+02   5.14e+00   5.54e-01  6.44e+05        1    6.16e-02    3.12e+00
  52  4.892872e+01    3.44e-03    5.93e+02   5.17e+00   5.50e-01  6.45e+05        1    6.14e-02    3.18e+00
  53  4.892524e+01    3.48e-03    6.02e+02   5.19e+00   5.47e-01  6.45e+05        1    5.70e-02    3.24e+00
  54  4.892173e+01    3.51e-03    6.10e+02   5.21e+00   5.44e-01  6.46e+05        1    6.50e-02    3.30e+00
  55  4.891818e+01    3.55e-03    6.18e+02   5.23e+00   5.41e-01  6.46e+05        1    5.89e-02    3.36e+00
  56  4.891460e+01    3.58e-03    6.27e+02   5.24e+00   5.38e-01  6.46e+05        1    6.40e-02    3.43e+00
  57  4.891098e+01    3.62e-03    6.35e+02   5.26e+00   5.35e-01  6.46e+05        1    6.56e-02    3.49e+00
  58  4.890733e+01    3.65e-03    6.43e+02   5.28e+00   5.33e-01  6.47e+05        1    6.21e-02    3.55e+00
  59  4.890364e+01    3.69e-03    6.51e+02   5.30e+00   5.30e-01  6.47e+05        1    5.35e-02    3.61e+00
  60  4.889992e+01    3.72e-03    6.59e+02   5.31e+00   5.27e-01  6.47e+05        1    6.18e-02    3.67e+00
  61  4.889616e+01    3.76e-03    6.67e+02   5.33e+00   5.24e-01  6.47e+05        1    5.89e-02    3.73e+00
  62  4.889237e+01    3.79e-03    6.76e+02   5.35e+00   5.22e-01  6.47e+05        1    6.20e-02    3.79e+00
  63  4.888854e+01    3.83e-03    6.84e+02   5.36e+00   5.19e-01  6.47e+05        1    6.02e-02    3.85e+00
  64  4.888468e+01    3.86e-03    6.92e+02   5.38e+00   5.17e-01  6.47e+05        1    6.22e-02    3.91e+00
  65  4.888079e+01    3.89e-03    7.01e+02   5.39e+00   5.14e-01  6.47e+05        1    6.10e-02    3.97e+00
  66  4.887686e+01    3.93e-03    7.09e+02   5.41e+00   5.12e-01  6.47e+05        1    6.19e-02    4.04e+00
  67  4.887290e+01    3.96e-03    7.18e+02   5.42e+00   5.09e-01  6.47e+05        1    5.93e-02    4.09e+00
  68  4.886890e+01    4.00e-03    7.26e+02   5.44e+00   5.07e-01  6.47e+05        1    6.20e-02    4.16e+00
  69  4.886487e+01    4.03e-03    7.35e+02   5.45e+00   5.04e-01  6.47e+05        1    6.23e-02    4.22e+00
  70  4.886080e+01    4.07e-03    7.44e+02   5.46e+00   5.02e-01  6.47e+05        1    6.19e-02    4.28e+00
  71  4.885670e+01    4.10e-03    7.52e+02   5.48e+00   4.99e-01  6.47e+05        1    6.17e-02    4.34e+00
  72  4.885256e+01    4.14e-03    7.61e+02   5.49e+00   4.97e-01  6.47e+05        1    6.18e-02    4.40e+00
  73  4.884839e+01    4.17e-03    7.70e+02   5.51e+00   4.94e-01  6.47e+05        1    6.14e-02    4.47e+00
  74  4.884418e+01    4.21e-03    7.79e+02   5.52e+00   4.92e-01  6.47e+05        1    5.98e-02    4.53e+00
  75  4.883994e+01    4.24e-03    7.88e+02   5.53e+00   4.90e-01  6.47e+05        1    6.05e-02    4.59e+00
  76  4.883566e+01    4.28e-03    7.98e+02   5.55e+00   4.87e-01  6.47e+05        1    6.60e-02    4.65e+00
  77  4.883134e+01    4.32e-03    8.07e+02   5.56e+00   4.85e-01  6.47e+05        1    5.95e-02    4.71e+00
  78  4.882699e+01    4.35e-03    8.16e+02   5.57e+00   4.83e-01  6.47e+05        1    6.16e-02    4.77e+00
  79  4.882261e+01    4.39e-03    8.25e+02   5.58e+00   4.80e-01  6.47e+05        1    6.16e-02    4.83e+00
  80  4.881818e+01    4.42e-03    8.35e+02   5.60e+00   4.78e-01  6.47e+05        1    6.50e-02    4.90e+00
  81  4.881372e+01    4.46e-03    8.44e+02   5.61e+00   4.76e-01  6.47e+05        1    6.06e-02    4.96e+00
  82  4.880923e+01    4.50e-03    8.54e+02   5.62e+00   4.74e-01  6.47e+05        1    6.16e-02    5.02e+00
  83  4.880470e+01    4.53e-03    8.63e+02   5.63e+00   4.72e-01  6.47e+05        1    6.20e-02    5.08e+00
  84  4.880013e+01    4.57e-03    8.72e+02   5.64e+00   4.70e-01  6.47e+05        1    6.36e-02    5.15e+00
  85  4.879553e+01    4.60e-03    8.81e+02   5.65e+00   4.68e-01  6.46e+05        1    5.60e-02    5.20e+00
  86  4.879089e+01    4.64e-03    8.91e+02   5.66e+00   4.66e-01  6.46e+05        1    6.15e-02    5.27e+00
  87  4.878621e+01    4.67e-03    9.00e+02   5.67e+00   4.64e-01  6.46e+05        1    6.03e-02    5.33e+00
  88  4.878150e+01    4.71e-03    9.09e+02   5.67e+00   4.62e-01  6.46e+05        1    6.22e-02    5.39e+00
  89  4.877676e+01    4.74e-03    9.18e+02   5.68e+00   4.61e-01  6.45e+05        1    6.27e-02    5.45e+00
  90  4.877198e+01    4.78e-03    9.27e+02   5.69e+00   4.59e-01  6.45e+05        1    5.99e-02    5.51e+00
  91  4.876716e+01    4.81e-03    9.36e+02   5.69e+00   4.57e-01  6.45e+05        1    6.13e-02    5.57e+00
  92  4.876232e+01    4.85e-03    9.44e+02   5.70e+00   4.56e-01  6.44e+05        1    5.78e-02    5.63e+00
  93  4.875744e+01    4.88e-03    9.53e+02   5.70e+00   4.55e-01  6.44e+05        1    6.11e-02    5.69e+00
  94  4.875252e+01    4.91e-03    9.61e+02   5.71e+00   4.53e-01  6.43e+05        1    6.19e-02    5.75e+00
  95  4.874758e+01    4.95e-03    9.69e+02   5.71e+00   4.52e-01  6.43e+05        1    6.02e-02    5.81e+00
  96  4.874260e+01    4.98e-03    9.77e+02   5.71e+00   4.51e-01  6.42e+05        1    6.28e-02    5.88e+00
  97  4.873759e+01    5.01e-03    9.85e+02   5.71e+00   4.50e-01  6.41e+05        1    6.02e-02    5.94e+00
  98  4.873255e+01    5.04e-03    9.93e+02   5.71e+00   4.49e-01  6.41e+05        1    6.03e-02    6.00e+00
  99  4.872748e+01    5.07e-03    1.00e+03   5.71e+00   4.48e-01  6.40e+05        1    5.78e-02    6.05e+00
 100  4.872239e+01    5.10e-03    1.01e+03   5.71e+00   4.48e-01  6.39e+05        1    5.96e-02    6.11e+00


Bundle adjustment report
------------------------
    Residuals : 372
   Parameters : 290
   Iterations : 101
         Time : 6.11392 [s]
 Initial cost : 1.55304 [px]
   Final cost : 0.361904 [px]
  Termination : No convergence

  => Filtered observations: 0
  => Filtered images: 0

==============================================================================
Initializing with image pair #4 and #2
==============================================================================


==============================================================================
Global bundle adjustment
==============================================================================

iter      cost      cost_change  |gradient|   |step|    tr_ratio  tr_radius  ls_iter  iter_time  total_time
   0  8.498456e+02    0.00e+00    1.02e+04   0.00e+00   0.00e+00  1.00e+04        0    6.45e-03    6.73e-03
   1  5.440545e+04   -5.36e+04    0.00e+00   3.39e+02  -1.11e+02  5.00e+03        1    4.87e-02    5.55e-02
   2  8.235555e+03   -7.39e+03    0.00e+00   2.06e+02  -2.04e+01  1.25e+03        1    4.76e-02    1.03e-01
   3  7.337048e+02    1.16e+02    5.95e+04   6.34e+01   5.59e-01  1.25e+03        1    6.09e-02    1.64e-01
   4  6.438629e+02    8.98e+01    5.10e+04   5.73e+01   5.64e-01  1.25e+03        1    5.92e-02    2.23e-01
   5  5.728505e+02    7.10e+01    4.57e+04   5.27e+01   5.37e-01  1.26e+03        1    6.06e-02    2.84e-01
   6  5.099837e+02    6.29e+01    4.19e+04   4.87e+01   5.27e-01  1.26e+03        1    6.11e-02    3.45e-01
   7  4.502410e+02    5.97e+01    3.80e+04   4.51e+01   5.42e-01  1.26e+03        1    6.22e-02    4.07e-01
   8  3.922052e+02    5.80e+01    3.31e+04   4.15e+01   5.79e-01  1.26e+03        1    6.58e-02    4.73e-01
   9  3.368888e+02    5.53e+01    2.72e+04   3.77e+01   6.35e-01  1.29e+03        1    5.73e-02    5.30e-01
  10  2.875840e+02    4.93e+01    2.13e+04   3.39e+01   6.94e-01  1.37e+03        1    6.11e-02    5.91e-01
  11  2.471378e+02    4.04e+01    1.61e+04   3.06e+01   7.36e-01  1.53e+03        1    6.10e-02    6.52e-01
  12  2.157756e+02    3.14e+01    1.18e+04   2.80e+01   7.62e-01  1.78e+03        1    6.13e-02    7.14e-01
  13  1.924903e+02    2.33e+01    9.14e+03   2.62e+01   7.82e-01  2.17e+03        1    6.33e-02    7.77e-01
  14  1.755131e+02    1.70e+01    7.24e+03   2.62e+01   8.04e-01  2.80e+03        1    5.98e-02    8.37e-01
  15  1.624692e+02    1.30e+01    6.23e+03   2.92e+01   8.15e-01  3.74e+03        1    6.36e-02    9.01e-01
  16  1.511646e+02    1.13e+01    5.26e+03   3.54e+01   7.79e-01  4.54e+03        1    6.11e-02    9.62e-01
  17  1.408701e+02    1.03e+01    4.16e+03   4.04e+01   6.72e-01  4.73e+03        1    5.97e-02    1.02e+00
  18  1.310492e+02    9.82e+00    4.27e+03   4.02e+01   5.72e-01  4.74e+03        1    6.23e-02    1.08e+00
  19  1.195279e+02    1.15e+01    3.53e+03   3.66e+01   6.34e-01  4.84e+03        1    6.44e-02    1.15e+00
  20  1.084803e+02    1.10e+01    2.91e+03   3.07e+01   7.65e-01  5.68e+03        1    6.15e-02    1.21e+00
  21  1.017789e+02    6.70e+00    2.88e+03   2.61e+01   7.87e-01  7.00e+03        1    6.16e-02    1.27e+00
  22  9.759464e+01    4.18e+00    2.04e+03   2.11e+01   8.35e-01  1.00e+04        1    6.14e-02    1.33e+00
  23  9.483869e+01    2.76e+00    1.43e+03   1.91e+01   7.80e-01  1.21e+04        1    5.98e-02    1.39e+00
  24  9.240235e+01    2.44e+00    3.78e+03   1.73e+01   6.97e-01  1.29e+04        1    6.49e-02    1.46e+00
  25  8.983243e+01    2.57e+00    4.74e+03   1.68e+01   6.52e-01  1.33e+04        1    6.06e-02    1.52e+00
  26  8.702791e+01    2.80e+00    4.98e+03   1.75e+01   6.33e-01  1.36e+04        1    6.38e-02    1.58e+00
  27  8.406014e+01    2.97e+00    4.98e+03   1.88e+01   6.10e-01  1.37e+04        1    6.09e-02    1.64e+00
  28  8.092253e+01    3.14e+00    4.81e+03   2.02e+01   5.94e-01  1.38e+04        1    6.27e-02    1.71e+00
  29  7.762438e+01    3.30e+00    4.49e+03   2.17e+01   5.84e-01  1.39e+04        1    6.12e-02    1.77e+00
  30  7.417166e+01    3.45e+00    4.07e+03   2.31e+01   5.81e-01  1.39e+04        1    6.55e-02    1.83e+00
  31  7.057814e+01    3.59e+00    3.56e+03   2.44e+01   5.85e-01  1.40e+04        1    6.08e-02    1.89e+00
  32  6.687251e+01    3.71e+00    3.02e+03   2.53e+01   5.96e-01  1.41e+04        1    6.10e-02    1.95e+00
  33  6.310453e+01    3.77e+00    2.51e+03   2.60e+01   6.14e-01  1.43e+04        1    5.96e-02    2.01e+00
  34  5.934760e+01    3.76e+00    2.11e+03   2.63e+01   6.38e-01  1.46e+04        1    6.22e-02    2.08e+00
  35  5.569471e+01    3.65e+00    1.89e+03   2.63e+01   6.65e-01  1.51e+04        1    6.05e-02    2.14e+00
  36  5.224644e+01    3.45e+00    1.92e+03   2.61e+01   6.94e-01  1.61e+04        1    6.14e-02    2.20e+00
  37  4.909557e+01    3.15e+00    2.28e+03   2.61e+01   7.22e-01  1.76e+04        1    6.15e-02    2.26e+00
  38  4.631844e+01    2.78e+00    3.04e+03   2.63e+01   7.43e-01  1.99e+04        1    6.23e-02    2.32e+00
  39  4.397828e+01    2.34e+00    4.23e+03   2.68e+01   7.43e-01  2.25e+04        1    5.99e-02    2.38e+00
  40  4.210390e+01    1.87e+00    5.54e+03   2.71e+01   7.12e-01  2.44e+04        1    6.21e-02    2.44e+00
  41  4.059983e+01    1.50e+00    6.19e+03   2.62e+01   6.78e-01  2.55e+04        1    6.19e-02    2.51e+00
  42  3.934846e+01    1.25e+00    6.10e+03   2.45e+01   6.66e-01  2.65e+04        1    6.12e-02    2.57e+00
  43  3.829628e+01    1.05e+00    5.64e+03   2.26e+01   6.69e-01  2.75e+04        1    6.25e-02    2.63e+00
  44  3.741635e+01    8.80e-01    5.08e+03   2.07e+01   6.80e-01  2.89e+04        1    5.99e-02    2.69e+00
  45  3.668685e+01    7.29e-01    4.51e+03   1.88e+01   6.93e-01  3.06e+04        1    6.11e-02    2.75e+00
  46  3.608474e+01    6.02e-01    4.00e+03   1.71e+01   7.07e-01  3.30e+04        1    6.14e-02    2.81e+00
  47  3.558753e+01    4.97e-01    3.55e+03   1.55e+01   7.22e-01  3.62e+04        1    6.56e-02    2.88e+00
  48  3.517423e+01    4.13e-01    3.16e+03   1.40e+01   7.38e-01  4.06e+04        1    5.41e-02    2.93e+00
  49  3.482577e+01    3.48e-01    2.83e+03   1.26e+01   7.55e-01  4.68e+04        1    6.09e-02    2.99e+00
  50  3.452449e+01    3.01e-01    2.55e+03   1.12e+01   7.72e-01  5.58e+04        1    6.14e-02    3.05e+00
  51  3.425372e+01    2.71e-01    2.33e+03   9.77e+00   7.88e-01  6.89e+04        1    6.25e-02    3.12e+00
  52  3.399795e+01    2.56e-01    2.11e+03   8.22e+00   7.95e-01  8.67e+04        1    6.22e-02    3.18e+00
  53  3.374319e+01    2.55e-01    1.83e+03   6.43e+00   7.92e-01  1.08e+05        1    6.86e-02    3.25e+00
  54  3.347300e+01    2.70e-01    1.48e+03   4.56e+00   8.07e-01  1.41e+05        1    5.78e-02    3.31e+00
  55  3.316750e+01    3.05e-01    1.20e+03   3.33e+00   8.47e-01  2.12e+05        1    5.45e-02    3.36e+00
  56  3.279728e+01    3.70e-01    1.18e+03   4.52e+00   8.57e-01  3.33e+05        1    6.07e-02    3.42e+00
  57  3.240931e+01    3.88e-01    1.51e+03   8.43e+00   6.93e-01  3.54e+05        1    6.10e-02    3.48e+00
  58  3.192260e+01    4.87e-01    1.29e+03   8.39e+00   7.94e-01  4.44e+05        1    5.94e-02    3.54e+00
  59  3.147951e+01    4.43e-01    1.47e+03   9.48e+00   7.28e-01  4.90e+05        1    5.68e-02    3.60e+00
  60  3.110592e+01    3.74e-01    1.71e+03   8.18e+00   6.00e-01  4.94e+05        1    6.02e-02    3.66e+00
  61  3.080066e+01    3.05e-01    1.65e+03   6.62e+00   4.67e-01  4.94e+05        1    6.15e-02    3.72e+00
  62  3.062061e+01    1.80e-01    2.11e+03   6.18e+00   2.52e-01  4.40e+05        1    6.43e-02    3.78e+00
  63  3.025807e+01    3.63e-01    2.15e+03   5.85e+00   4.33e-01  4.39e+05        1    5.97e-02    3.84e+00
  64  3.010565e+01    1.52e-01    2.34e+03   6.64e+00   2.00e-01  3.61e+05        1    6.11e-02    3.90e+00
  65  2.961910e+01    4.87e-01    1.76e+03   6.09e+00   5.82e-01  3.62e+05        1    6.06e-02    3.97e+00
  66  2.946253e+01    1.57e-01    1.87e+03   6.74e+00   2.74e-01  3.32e+05        1    6.32e-02    4.03e+00
  67  2.918637e+01    2.76e-01    1.64e+03   6.69e+00   4.50e-01  3.31e+05        1    6.12e-02    4.09e+00
  68  2.903137e+01    1.55e-01    1.70e+03   7.14e+00   2.91e-01  3.09e+05        1    6.07e-02    4.15e+00
  69  2.879285e+01    2.39e-01    1.52e+03   7.06e+00   4.28e-01  3.08e+05        1    6.15e-02    4.21e+00
  70  2.864201e+01    1.51e-01    1.54e+03   7.39e+00   3.04e-01  2.91e+05        1    7.21e-02    4.28e+00
  71  2.842977e+01    2.12e-01    1.39e+03   7.28e+00   4.15e-01  2.89e+05        1    5.49e-02    4.34e+00
  72  2.828238e+01    1.47e-01    1.40e+03   7.53e+00   3.18e-01  2.76e+05        1    6.39e-02    4.40e+00
  73  2.809165e+01    1.91e-01    1.34e+03   7.43e+00   4.03e-01  2.74e+05        1    6.08e-02    4.46e+00
  74  2.794654e+01    1.45e-01    1.39e+03   7.60e+00   3.32e-01  2.64e+05        1    6.17e-02    4.53e+00
  75  2.777265e+01    1.74e-01    1.36e+03   7.52e+00   3.93e-01  2.61e+05        1    6.12e-02    4.59e+00
  76  2.762902e+01    1.44e-01    1.40e+03   7.62e+00   3.44e-01  2.54e+05        1    6.17e-02    4.65e+00
  77  2.746788e+01    1.61e-01    1.39e+03   7.56e+00   3.86e-01  2.51e+05        1    6.62e-02    4.72e+00
  78  2.732551e+01    1.42e-01    1.42e+03   7.62e+00   3.56e-01  2.45e+05        1    6.58e-02    4.78e+00
  79  2.717380e+01    1.52e-01    1.41e+03   7.57e+00   3.81e-01  2.42e+05        1    5.49e-02    4.84e+00
  80  2.703294e+01    1.41e-01    1.43e+03   7.59e+00   3.65e-01  2.37e+05        1    6.24e-02    4.90e+00
  81  2.688805e+01    1.45e-01    1.43e+03   7.56e+00   3.79e-01  2.34e+05        1    6.79e-02    4.97e+00
  82  2.674909e+01    1.39e-01    1.44e+03   7.56e+00   3.72e-01  2.30e+05        1    5.60e-02    5.02e+00
  83  2.660907e+01    1.40e-01    1.45e+03   7.53e+00   3.80e-01  2.27e+05        1    5.91e-02    5.08e+00
  84  2.647227e+01    1.37e-01    1.46e+03   7.51e+00   3.78e-01  2.23e+05        1    6.35e-02    5.15e+00
  85  2.633577e+01    1.36e-01    1.47e+03   7.48e+00   3.82e-01  2.20e+05        1    6.02e-02    5.21e+00
  86  2.620113e+01    1.35e-01    1.48e+03   7.45e+00   3.82e-01  2.18e+05        1    6.14e-02    5.27e+00
  87  2.606725e+01    1.34e-01    1.48e+03   7.42e+00   3.84e-01  2.15e+05        1    6.17e-02    5.33e+00
  88  2.593458e+01    1.33e-01    1.49e+03   7.39e+00   3.85e-01  2.12e+05        1    6.14e-02    5.39e+00
  89  2.580272e+01    1.32e-01    1.50e+03   7.36e+00   3.87e-01  2.10e+05        1    6.32e-02    5.45e+00
  90  2.567172e+01    1.31e-01    1.51e+03   7.32e+00   3.88e-01  2.08e+05        1    6.28e-02    5.52e+00
  91  2.554144e+01    1.30e-01    1.52e+03   7.29e+00   3.90e-01  2.05e+05        1    6.13e-02    5.58e+00
  92  2.541183e+01    1.30e-01    1.54e+03   7.26e+00   3.91e-01  2.03e+05        1    6.19e-02    5.64e+00
  93  2.528280e+01    1.29e-01    1.55e+03   7.22e+00   3.92e-01  2.01e+05        1    6.14e-02    5.70e+00
  94  2.515429e+01    1.29e-01    1.56e+03   7.18e+00   3.93e-01  1.99e+05        1    6.21e-02    5.76e+00
  95  2.502625e+01    1.28e-01    1.57e+03   7.15e+00   3.94e-01  1.98e+05        1    5.98e-02    5.82e+00
  96  2.489862e+01    1.28e-01    1.58e+03   7.11e+00   3.95e-01  1.96e+05        1    6.20e-02    5.89e+00
  97  2.477136e+01    1.27e-01    1.59e+03   7.07e+00   3.96e-01  1.94e+05        1    5.65e-02    5.94e+00
  98  2.464442e+01    1.27e-01    1.60e+03   7.03e+00   3.96e-01  1.92e+05        1    5.97e-02    6.00e+00
  99  2.451775e+01    1.27e-01    1.61e+03   7.00e+00   3.97e-01  1.91e+05        1    5.93e-02    6.06e+00
 100  2.439133e+01    1.26e-01    1.62e+03   6.96e+00   3.97e-01  1.89e+05        1    6.04e-02    6.12e+00


Bundle adjustment report
------------------------
    Residuals : 268
   Parameters : 212
   Iterations : 101
         Time : 6.12192 [s]
 Initial cost : 1.78075 [px]
   Final cost : 0.301683 [px]
  Termination : No convergence

  => Filtered observations: 0
  => Filtered images: 0

==============================================================================
Initializing with image pair #6 and #5
==============================================================================


==============================================================================
Global bundle adjustment
==============================================================================

iter      cost      cost_change  |gradient|   |step|    tr_ratio  tr_radius  ls_iter  iter_time  total_time
   0  9.993270e+03    0.00e+00    1.70e+05   0.00e+00   0.00e+00  1.00e+04        0    6.51e-03    6.94e-03
   1  6.398536e+03    3.59e+03    1.14e+05   6.34e+01   3.64e-01  9.80e+03        1    6.04e-02    6.73e-02
   2  1.106660e+03    5.29e+03    1.06e+05   1.50e+02   8.30e-01  1.37e+04        1    5.88e-02    1.26e-01
   3  1.636709e+01    1.09e+03    6.72e+03   2.28e+01   9.96e-01  4.12e+04        1    6.21e-02    1.88e-01
   4  1.239219e+01    3.97e+00    1.20e+04   1.19e+01   5.84e-01  4.14e+04        1    6.13e-02    2.50e-01
   5  9.289279e+00    3.10e+00    1.44e+03   7.38e+00   9.93e-01  1.24e+05        1    5.99e-02    3.09e-01
   6  9.230729e+00    5.86e-02    8.19e+02   1.05e+01   9.16e-01  2.93e+05        1    6.18e-02    3.71e-01
   7  9.225594e+00    5.14e-03    2.37e+03   1.79e+01   1.09e-01  1.98e+05        1    6.10e-02    4.32e-01
   8  9.166690e+00    5.89e-02    1.01e+03   1.13e+01   8.83e-01  3.61e+05        1    6.20e-02    4.94e-01
   9  9.185896e+00   -1.92e-02    0.00e+00   1.96e+01  -3.86e-01  1.80e+05        1    4.96e-02    5.44e-01
  10  9.142090e+00    2.46e-02    7.86e+02   9.98e+00   8.37e-01  2.60e+05        1    6.23e-02    6.06e-01
  11  9.125861e+00    1.62e-02    1.52e+03   1.40e+01   4.77e-01  2.60e+05        1    6.20e-02    6.68e-01
  12  9.096445e+00    2.94e-02    1.42e+03   1.36e+01   6.55e-01  2.68e+05        1    6.17e-02    7.30e-01
  13  9.070084e+00    2.64e-02    1.40e+03   1.35e+01   6.36e-01  2.74e+05        1    6.45e-02    7.95e-01
  14  9.044551e+00    2.55e-02    1.35e+03   1.34e+01   6.44e-01  2.80e+05        1    5.96e-02    8.54e-01
  15  9.020511e+00    2.40e-02    1.31e+03   1.33e+01   6.43e-01  2.87e+05        1    6.61e-02    9.20e-01
  16  8.997675e+00    2.28e-02    1.27e+03   1.31e+01   6.45e-01  2.94e+05        1    6.04e-02    9.81e-01
  17  8.976064e+00    2.16e-02    1.23e+03   1.30e+01   6.46e-01  3.02e+05        1    6.14e-02    1.04e+00
  18  8.955601e+00    2.05e-02    1.19e+03   1.29e+01   6.46e-01  3.10e+05        1    6.20e-02    1.10e+00
  19  8.936244e+00    1.94e-02    1.15e+03   1.28e+01   6.47e-01  3.18e+05        1    6.17e-02    1.17e+00
  20  8.917944e+00    1.83e-02    1.12e+03   1.26e+01   6.48e-01  3.26e+05        1    6.16e-02    1.23e+00
  21  8.900656e+00    1.73e-02    1.08e+03   1.25e+01   6.49e-01  3.35e+05        1    6.19e-02    1.29e+00
  22  8.884338e+00    1.63e-02    1.05e+03   1.24e+01   6.50e-01  3.44e+05        1    6.06e-02    1.35e+00
  23  8.868946e+00    1.54e-02    1.01e+03   1.22e+01   6.51e-01  3.54e+05        1    6.41e-02    1.41e+00
  24  8.854440e+00    1.45e-02    9.81e+02   1.21e+01   6.51e-01  3.64e+05        1    5.99e-02    1.47e+00
  25  8.840782e+00    1.37e-02    9.48e+02   1.20e+01   6.52e-01  3.75e+05        1    6.10e-02    1.54e+00
  26  8.827934e+00    1.28e-02    9.15e+02   1.18e+01   6.53e-01  3.86e+05        1    6.21e-02    1.60e+00
  27  8.815860e+00    1.21e-02    8.84e+02   1.17e+01   6.54e-01  3.97e+05        1    6.13e-02    1.66e+00
  28  8.804523e+00    1.13e-02    8.53e+02   1.15e+01   6.55e-01  4.09e+05        1    6.22e-02    1.72e+00
  29  8.793891e+00    1.06e-02    8.22e+02   1.14e+01   6.56e-01  4.22e+05        1    6.14e-02    1.78e+00
  30  8.783930e+00    9.96e-03    7.92e+02   1.12e+01   6.57e-01  4.36e+05        1    5.40e-02    1.84e+00
  31  8.774609e+00    9.32e-03    7.63e+02   1.11e+01   6.58e-01  4.50e+05        1    6.05e-02    1.90e+00
  32  8.765897e+00    8.71e-03    7.34e+02   1.09e+01   6.59e-01  4.65e+05        1    6.23e-02    1.97e+00
  33  8.757764e+00    8.13e-03    7.05e+02   1.08e+01   6.60e-01  4.80e+05        1    6.27e-02    2.03e+00
  34  8.750182e+00    7.58e-03    6.77e+02   1.06e+01   6.61e-01  4.97e+05        1    6.22e-02    2.09e+00
  35  8.743123e+00    7.06e-03    6.50e+02   1.05e+01   6.62e-01  5.14e+05        1    6.23e-02    2.15e+00
  36  8.736562e+00    6.56e-03    6.23e+02   1.03e+01   6.63e-01  5.33e+05        1    6.19e-02    2.21e+00
  37  8.730471e+00    6.09e-03    5.97e+02   1.01e+01   6.64e-01  5.52e+05        1    6.05e-02    2.27e+00
  38  8.724828e+00    5.64e-03    5.71e+02   9.95e+00   6.66e-01  5.73e+05        1    6.16e-02    2.34e+00
  39  8.719607e+00    5.22e-03    5.45e+02   9.78e+00   6.67e-01  5.95e+05        1    6.21e-02    2.40e+00
  40  8.714787e+00    4.82e-03    5.20e+02   9.60e+00   6.68e-01  6.19e+05        1    6.18e-02    2.46e+00
  41  8.710345e+00    4.44e-03    4.96e+02   9.42e+00   6.70e-01  6.44e+05        1    6.25e-02    2.52e+00
  42  8.706260e+00    4.08e-03    4.72e+02   9.23e+00   6.71e-01  6.71e+05        1    6.29e-02    2.59e+00
  43  8.702512e+00    3.75e-03    4.48e+02   9.05e+00   6.73e-01  7.00e+05        1    6.45e-02    2.65e+00
  44  8.699082e+00    3.43e-03    4.25e+02   8.85e+00   6.75e-01  7.31e+05        1    6.20e-02    2.71e+00
  45  8.695950e+00    3.13e-03    4.02e+02   8.66e+00   6.76e-01  7.65e+05        1    6.23e-02    2.77e+00
  46  8.693099e+00    2.85e-03    3.80e+02   8.46e+00   6.78e-01  8.01e+05        1    6.18e-02    2.84e+00
  47  8.690511e+00    2.59e-03    3.58e+02   8.26e+00   6.80e-01  8.40e+05        1    6.16e-02    2.90e+00
  48  8.688170e+00    2.34e-03    3.36e+02   8.05e+00   6.82e-01  8.83e+05        1    6.19e-02    2.96e+00
  49  8.686059e+00    2.11e-03    3.15e+02   7.84e+00   6.85e-01  9.30e+05        1    6.24e-02    3.02e+00
  50  8.684164e+00    1.90e-03    2.94e+02   7.62e+00   6.87e-01  9.81e+05        1    6.21e-02    3.08e+00
  51  8.682470e+00    1.69e-03    2.74e+02   7.40e+00   6.90e-01  1.04e+06        1    6.14e-02    3.15e+00
  52  8.680962e+00    1.51e-03    2.53e+02   7.17e+00   6.92e-01  1.10e+06        1    6.43e-02    3.21e+00
  53  8.679627e+00    1.33e-03    2.34e+02   6.94e+00   6.95e-01  1.17e+06        1    6.35e-02    3.27e+00
  54  8.678452e+00    1.18e-03    2.14e+02   6.70e+00   6.98e-01  1.25e+06        1    6.02e-02    3.33e+00
  55  8.677424e+00    1.03e-03    1.95e+02   6.45e+00   7.02e-01  1.34e+06        1    6.09e-02    3.40e+00
  56  8.676532e+00    8.92e-04    1.77e+02   6.19e+00   7.06e-01  1.44e+06        1    6.85e-02    3.46e+00
  57  8.675763e+00    7.69e-04    1.58e+02   5.93e+00   7.10e-01  1.55e+06        1    6.93e-02    3.53e+00
  58  8.675108e+00    6.56e-04    1.40e+02   5.65e+00   7.14e-01  1.68e+06        1    5.54e-02    3.59e+00
  59  8.674554e+00    5.54e-04    1.23e+02   5.37e+00   7.19e-01  1.84e+06        1    6.59e-02    3.65e+00
  60  8.674092e+00    4.62e-04    1.05e+02   5.07e+00   7.24e-01  2.02e+06        1    5.71e-02    3.71e+00
  61  8.673713e+00    3.80e-04    8.82e+01   4.76e+00   7.29e-01  2.23e+06        1    6.17e-02    3.77e+00
  62  8.673406e+00    3.07e-04    7.17e+01   4.43e+00   7.35e-01  2.49e+06        1    6.31e-02    3.84e+00
  63  8.673163e+00    2.43e-04    5.56e+01   4.08e+00   7.41e-01  2.81e+06        1    6.53e-02    3.90e+00
  64  8.672975e+00    1.88e-04    4.01e+01   3.70e+00   7.47e-01  3.19e+06        1    5.55e-02    3.96e+00
  65  8.672834e+00    1.41e-04    2.55e+01   3.30e+00   7.52e-01  3.66e+06        1    6.20e-02    4.02e+00
  66  8.672731e+00    1.02e-04    1.24e+01   2.86e+00   7.56e-01  4.23e+06        1    6.12e-02    4.09e+00
  67  8.672660e+00    7.13e-05    7.29e+00   2.39e+00   7.58e-01  4.90e+06        1    6.04e-02    4.15e+00
  68  8.672612e+00    4.77e-05    6.85e+00   1.90e+00   7.56e-01  5.67e+06        1    6.55e-02    4.21e+00
  69  8.672581e+00    3.09e-05    1.05e+01   1.41e+00   7.53e-01  6.51e+06        1    6.15e-02    4.27e+00
  70  8.672561e+00    1.99e-05    9.75e+00   1.01e+00   7.52e-01  7.48e+06        1    6.25e-02    4.34e+00
  71  8.672548e+00    1.32e-05    5.24e+00   7.88e-01   7.53e-01  8.60e+06        1    6.19e-02    4.40e+00
  72  8.672539e+00    9.41e-06    3.24e+00   8.16e-01   7.46e-01  9.76e+06        1    6.15e-02    4.46e+00
  73  8.672532e+00    7.33e-06    9.97e+00   9.83e-01   7.18e-01  1.06e+07        1    6.09e-02    4.52e+00
  74  8.672525e+00    6.30e-06    1.66e+01   1.13e+00   6.88e-01  1.12e+07        1    6.00e-02    4.58e+00
  75  8.672519e+00    5.76e-06    2.04e+01   1.21e+00   6.71e-01  1.17e+07        1    6.38e-02    4.64e+00
  76  8.672514e+00    5.37e-06    2.21e+01   1.25e+00   6.64e-01  1.21e+07        1    6.13e-02    4.71e+00
  77  8.672509e+00    5.01e-06    2.25e+01   1.25e+00   6.63e-01  1.26e+07        1    6.13e-02    4.77e+00
  78  8.672504e+00    4.65e-06    2.21e+01   1.24e+00   6.65e-01  1.30e+07        1    6.81e-02    4.84e+00
  79  8.672500e+00    4.29e-06    2.14e+01   1.21e+00   6.67e-01  1.35e+07        1    5.56e-02    4.89e+00
  80  8.672496e+00    3.94e-06    2.05e+01   1.19e+00   6.71e-01  1.41e+07        1    5.90e-02    4.95e+00
  81  8.672493e+00    3.60e-06    1.96e+01   1.16e+00   6.74e-01  1.47e+07        1    6.17e-02    5.01e+00
  82  8.672489e+00    3.27e-06    1.86e+01   1.13e+00   6.77e-01  1.54e+07        1    6.11e-02    5.08e+00
  83  8.672486e+00    2.97e-06    1.76e+01   1.10e+00   6.81e-01  1.62e+07        1    6.23e-02    5.14e+00
  84  8.672484e+00    2.68e-06    1.66e+01   1.07e+00   6.84e-01  1.70e+07        1    6.40e-02    5.20e+00
  85  8.672481e+00    2.41e-06    1.56e+01   1.03e+00   6.88e-01  1.80e+07        1    6.00e-02    5.26e+00
  86  8.672479e+00    2.16e-06    1.47e+01   1.00e+00   6.91e-01  1.90e+07        1    6.27e-02    5.33e+00
  87  8.672477e+00    1.92e-06    1.37e+01   9.69e-01   6.95e-01  2.02e+07        1    5.69e-02    5.38e+00
  88  8.672475e+00    1.70e-06    1.28e+01   9.35e-01   6.99e-01  2.16e+07        1    5.73e-02    5.44e+00
  89  8.672474e+00    1.49e-06    1.19e+01   9.01e-01   7.04e-01  2.32e+07        1    6.34e-02    5.50e+00
  90  8.672473e+00    1.30e-06    1.10e+01   8.66e-01   7.09e-01  2.50e+07        1    6.12e-02    5.56e+00
  91  8.672472e+00    1.12e-06    1.01e+01   8.29e-01   7.14e-01  2.71e+07        1    5.85e-02    5.62e+00
  92  8.672471e+00    9.53e-07    9.18e+00   7.92e-01   7.20e-01  2.97e+07        1    6.18e-02    5.68e+00
  93  8.672470e+00    8.03e-07    8.31e+00   7.53e-01   7.27e-01  3.27e+07        1    6.17e-02    5.75e+00
  94  8.672469e+00    6.66e-07    7.46e+00   7.14e-01   7.34e-01  3.64e+07        1    6.04e-02    5.81e+00
  95  8.672469e+00    5.43e-07    6.62e+00   6.72e-01   7.42e-01  4.11e+07        1    6.19e-02    5.87e+00
  96  8.672468e+00    4.34e-07    5.80e+00   6.29e-01   7.52e-01  4.72e+07        1    6.17e-02    5.93e+00
  97  8.672468e+00    3.38e-07    5.00e+00   5.84e-01   7.64e-01  5.53e+07        1    7.01e-02    6.00e+00
  98  8.672468e+00    2.55e-07    4.22e+00   5.37e-01   7.77e-01  6.67e+07        1    5.80e-02    6.06e+00
  99  8.672467e+00    1.85e-07    3.47e+00   4.87e-01   7.94e-01  8.38e+07        1    5.85e-02    6.12e+00
 100  8.672467e+00    1.27e-07    2.75e+00   4.33e-01   8.16e-01  1.12e+08        1    6.17e-02    6.18e+00


Bundle adjustment report
------------------------
    Residuals : 472
   Parameters : 365
   Iterations : 101
         Time : 6.17873 [s]
 Initial cost : 4.60132 [px]
   Final cost : 0.13555 [px]
  Termination : No convergence

  => Filtered observations: 0
  => Filtered images: 0
  => No good initial image pair found.
  => Relaxing the initialization constraints.

==============================================================================
Initializing with image pair #4 and #3
==============================================================================


==============================================================================
Global bundle adjustment
==============================================================================

iter      cost      cost_change  |gradient|   |step|    tr_ratio  tr_radius  ls_iter  iter_time  total_time
   0  1.565891e+02    0.00e+00    3.31e+03   0.00e+00   0.00e+00  1.00e+04        0    7.04e-03    7.37e-03
   1  6.513044e+01    9.15e+01    1.51e+04   3.17e+01   9.32e-01  2.83e+04        1    5.67e-02    6.41e-02
   2  5.836432e+01    6.77e+00    1.35e+04   4.80e+01   5.98e-01  2.86e+04        1    6.00e-02    1.24e-01
   3  5.318204e+01    5.18e+00    4.75e+03   2.20e+01   9.50e-01  8.57e+04        1    6.12e-02    1.85e-01
   4  5.272873e+01    4.53e-01    6.60e+03   2.53e+01   5.45e-01  8.57e+04        1    6.33e-02    2.49e-01
   5  5.222098e+01    5.08e-01    2.88e+03   1.56e+01   8.60e-01  1.37e+05        1    6.42e-02    3.13e-01
   6  5.225780e+01   -3.68e-02    0.00e+00   1.76e+01  -1.49e-01  6.83e+04        1    4.91e-02    3.62e-01
   7  5.207014e+01    1.51e-01    1.41e+03   9.57e+00   8.74e-01  1.17e+05        1    6.56e-02    4.28e-01
   8  5.207961e+01   -9.47e-03    0.00e+00   1.30e+01  -7.57e-02  5.87e+04        1    4.86e-02    4.77e-01
   9  5.200389e+01    6.63e-02    9.55e+02   6.90e+00   8.68e-01  9.78e+04        1    5.98e-02    5.37e-01
  10  5.198619e+01    1.77e-02    2.56e+03   9.76e+00   2.19e-01  8.31e+04        1    6.14e-02    5.98e-01
  11  5.191081e+01    7.54e-02    1.94e+03   7.19e+00   6.82e-01  8.74e+04        1    5.95e-02    6.58e-01
  12  5.187434e+01    3.65e-02    2.34e+03   6.83e+00   4.28e-01  8.71e+04        1    6.67e-02    7.24e-01
  13  5.183117e+01    4.32e-02    2.61e+03   6.37e+00   4.24e-01  8.68e+04        1    6.05e-02    7.85e-01
  14  5.178678e+01    4.44e-02    2.94e+03   6.14e+00   3.80e-01  8.56e+04        1    6.18e-02    8.47e-01
  15  5.173702e+01    4.98e-02    3.25e+03   6.01e+00   3.64e-01  8.39e+04        1    6.19e-02    9.08e-01
  16  5.168114e+01    5.59e-02    3.56e+03   5.98e+00   3.53e-01  8.18e+04        1    6.28e-02    9.71e-01
  17  5.161817e+01    6.30e-02    3.85e+03   6.01e+00   3.49e-01  7.96e+04        1    5.92e-02    1.03e+00
  18  5.154803e+01    7.01e-02    4.13e+03   6.08e+00   3.45e-01  7.73e+04        1    6.34e-02    1.09e+00
  19  5.146999e+01    7.80e-02    4.39e+03   6.18e+00   3.45e-01  7.51e+04        1    6.22e-02    1.16e+00
  20  5.138434e+01    8.57e-02    4.65e+03   6.30e+00   3.45e-01  7.29e+04        1    5.81e-02    1.21e+00
  21  5.129031e+01    9.40e-02    4.89e+03   6.42e+00   3.47e-01  7.09e+04        1    6.19e-02    1.28e+00
  22  5.118862e+01    1.02e-01    5.12e+03   6.55e+00   3.48e-01  6.90e+04        1    6.10e-02    1.34e+00
  23  5.107850e+01    1.10e-01    5.33e+03   6.67e+00   3.53e-01  6.72e+04        1    6.18e-02    1.40e+00
  24  5.096116e+01    1.17e-01    5.52e+03   6.78e+00   3.55e-01  6.57e+04        1    6.23e-02    1.46e+00
  25  5.083595e+01    1.25e-01    5.68e+03   6.88e+00   3.62e-01  6.43e+04        1    6.41e-02    1.53e+00
  26  5.070449e+01    1.31e-01    5.82e+03   6.97e+00   3.67e-01  6.31e+04        1    6.18e-02    1.59e+00
  27  5.056664e+01    1.38e-01    5.92e+03   7.04e+00   3.75e-01  6.21e+04        1    5.99e-02    1.65e+00
  28  5.042414e+01    1.43e-01    5.98e+03   7.09e+00   3.82e-01  6.13e+04        1    6.13e-02    1.71e+00
  29  5.027768e+01    1.46e-01    6.00e+03   7.11e+00   3.93e-01  6.07e+04        1    6.20e-02    1.77e+00
  30  5.012906e+01    1.49e-01    5.96e+03   7.10e+00   4.04e-01  6.03e+04        1    6.58e-02    1.84e+00
  31  4.997978e+01    1.49e-01    5.87e+03   7.05e+00   4.19e-01  6.00e+04        1    5.76e-02    1.89e+00
  32  4.983184e+01    1.48e-01    5.71e+03   6.96e+00   4.35e-01  5.99e+04        1    6.18e-02    1.96e+00
  33  4.968735e+01    1.44e-01    5.48e+03   6.82e+00   4.56e-01  5.99e+04        1    6.05e-02    2.02e+00
  34  4.954869e+01    1.39e-01    5.17e+03   6.63e+00   4.80e-01  5.99e+04        1    6.04e-02    2.08e+00
  35  4.941841e+01    1.30e-01    4.79e+03   6.38e+00   5.08e-01  5.99e+04        1    6.14e-02    2.14e+00
  36  4.929913e+01    1.19e-01    4.36e+03   6.08e+00   5.39e-01  5.99e+04        1    6.16e-02    2.20e+00
  37  4.919316e+01    1.06e-01    3.88e+03   5.73e+00   5.71e-01  6.01e+04        1    6.12e-02    2.26e+00
  38  4.910192e+01    9.12e-02    3.41e+03   5.36e+00   6.03e-01  6.06e+04        1    6.16e-02    2.32e+00
  39  4.902549e+01    7.64e-02    2.97e+03   4.99e+00   6.31e-01  6.17e+04        1    6.16e-02    2.38e+00
  40  4.896264e+01    6.28e-02    2.59e+03   4.64e+00   6.55e-01  6.36e+04        1    5.85e-02    2.44e+00
  41  4.891153e+01    5.11e-02    2.25e+03   4.31e+00   6.75e-01  6.64e+04        1    6.54e-02    2.51e+00
  42  4.887026e+01    4.13e-02    1.96e+03   4.00e+00   6.91e-01  7.04e+04        1    6.40e-02    2.57e+00
  43  4.883721e+01    3.31e-02    1.71e+03   3.71e+00   7.06e-01  7.56e+04        1    5.91e-02    2.63e+00
  44  4.881104e+01    2.62e-02    1.49e+03   3.42e+00   7.18e-01  8.25e+04        1    6.71e-02    2.70e+00
  45  4.879064e+01    2.04e-02    1.29e+03   3.14e+00   7.30e-01  9.14e+04        1    6.10e-02    2.76e+00
  46  4.877505e+01    1.56e-02    1.10e+03   2.86e+00   7.41e-01  1.03e+05        1    5.90e-02    2.82e+00
  47  4.876340e+01    1.16e-02    9.32e+02   2.58e+00   7.52e-01  1.18e+05        1    6.44e-02    2.89e+00
  48  4.875488e+01    8.53e-03    7.79e+02   2.30e+00   7.63e-01  1.38e+05        1    5.55e-02    2.94e+00
  49  4.874869e+01    6.19e-03    6.47e+02   2.04e+00   7.73e-01  1.65e+05        1    6.35e-02    3.01e+00
  50  4.874413e+01    4.57e-03    5.42e+02   1.82e+00   7.82e-01  2.01e+05        1    6.07e-02    3.07e+00
  51  4.874054e+01    3.59e-03    4.70e+02   1.69e+00   7.89e-01  2.49e+05        1    6.18e-02    3.13e+00
  52  4.873741e+01    3.12e-03    4.39e+02   1.76e+00   7.88e-01  3.07e+05        1    5.96e-02    3.19e+00
  53  4.873441e+01    3.00e-03    4.49e+02   2.06e+00   7.71e-01  3.66e+05        1    6.26e-02    3.25e+00
  54  4.873135e+01    3.06e-03    4.83e+02   2.56e+00   7.41e-01  4.12e+05        1    6.12e-02    3.31e+00
  55  4.872815e+01    3.20e-03    5.19e+02   3.08e+00   7.08e-01  4.44e+05        1    6.00e-02    3.37e+00
  56  4.872479e+01    3.36e-03    5.51e+02   3.53e+00   6.80e-01  4.65e+05        1    6.12e-02    3.44e+00
  57  4.872126e+01    3.52e-03    5.77e+02   3.86e+00   6.58e-01  4.81e+05        1    6.21e-02    3.50e+00
  58  4.871760e+01    3.67e-03    6.00e+02   4.10e+00   6.41e-01  4.92e+05        1    6.23e-02    3.56e+00
  59  4.871380e+01    3.80e-03    6.20e+02   4.27e+00   6.28e-01  5.00e+05        1    6.19e-02    3.62e+00
  60  4.870989e+01    3.91e-03    6.39e+02   4.40e+00   6.17e-01  5.07e+05        1    6.24e-02    3.68e+00
  61  4.870589e+01    4.00e-03    6.56e+02   4.49e+00   6.09e-01  5.12e+05        1    6.06e-02    3.74e+00
  62  4.870182e+01    4.08e-03    6.72e+02   4.55e+00   6.02e-01  5.16e+05        1    6.59e-02    3.81e+00
  63  4.869767e+01    4.15e-03    6.86e+02   4.61e+00   5.95e-01  5.20e+05        1    6.19e-02    3.87e+00
  64  4.869346e+01    4.21e-03    6.99e+02   4.65e+00   5.90e-01  5.23e+05        1    6.62e-02    3.94e+00
  65  4.868920e+01    4.26e-03    7.12e+02   4.68e+00   5.85e-01  5.25e+05        1    5.45e-02    3.99e+00
  66  4.868489e+01    4.31e-03    7.23e+02   4.71e+00   5.81e-01  5.28e+05        1    6.22e-02    4.06e+00
  67  4.868054e+01    4.35e-03    7.34e+02   4.73e+00   5.77e-01  5.30e+05        1    6.11e-02    4.12e+00
  68  4.867615e+01    4.39e-03    7.44e+02   4.75e+00   5.74e-01  5.31e+05        1    6.39e-02    4.18e+00
  69  4.867172e+01    4.43e-03    7.54e+02   4.76e+00   5.71e-01  5.33e+05        1    5.90e-02    4.24e+00
  70  4.866726e+01    4.46e-03    7.63e+02   4.78e+00   5.68e-01  5.34e+05        1    6.22e-02    4.30e+00
  71  4.866277e+01    4.49e-03    7.72e+02   4.79e+00   5.65e-01  5.35e+05        1    5.61e-02    4.36e+00
  72  4.865824e+01    4.52e-03    7.80e+02   4.80e+00   5.63e-01  5.36e+05        1    6.18e-02    4.43e+00
  73  4.865369e+01    4.55e-03    7.88e+02   4.81e+00   5.61e-01  5.37e+05        1    6.19e-02    4.49e+00
  74  4.864911e+01    4.58e-03    7.95e+02   4.81e+00   5.59e-01  5.38e+05        1    6.14e-02    4.55e+00
  75  4.864451e+01    4.60e-03    8.02e+02   4.82e+00   5.57e-01  5.39e+05        1    6.10e-02    4.61e+00
  76  4.863988e+01    4.63e-03    8.09e+02   4.82e+00   5.55e-01  5.40e+05        1    6.00e-02    4.67e+00
  77  4.863524e+01    4.65e-03    8.16e+02   4.82e+00   5.53e-01  5.40e+05        1    6.16e-02    4.73e+00
  78  4.863057e+01    4.67e-03    8.22e+02   4.83e+00   5.52e-01  5.41e+05        1    6.20e-02    4.79e+00
  79  4.862588e+01    4.69e-03    8.28e+02   4.83e+00   5.50e-01  5.42e+05        1    6.18e-02    4.86e+00
  80  4.862118e+01    4.70e-03    8.34e+02   4.83e+00   5.49e-01  5.42e+05        1    6.13e-02    4.92e+00
  81  4.861646e+01    4.72e-03    8.40e+02   4.83e+00   5.48e-01  5.43e+05        1    6.08e-02    4.98e+00
  82  4.861172e+01    4.74e-03    8.45e+02   4.82e+00   5.47e-01  5.43e+05        1    6.22e-02    5.04e+00
  83  4.860697e+01    4.75e-03    8.50e+02   4.82e+00   5.46e-01  5.43e+05        1    6.12e-02    5.10e+00
  84  4.860220e+01    4.76e-03    8.55e+02   4.82e+00   5.45e-01  5.44e+05        1    6.20e-02    5.16e+00
  85  4.859743e+01    4.78e-03    8.60e+02   4.82e+00   5.44e-01  5.44e+05        1    6.04e-02    5.22e+00
  86  4.859264e+01    4.79e-03    8.65e+02   4.81e+00   5.43e-01  5.45e+05        1    6.18e-02    5.29e+00
  87  4.858784e+01    4.80e-03    8.69e+02   4.81e+00   5.43e-01  5.45e+05        1    6.40e-02    5.35e+00
  88  4.858304e+01    4.81e-03    8.73e+02   4.80e+00   5.42e-01  5.45e+05        1    5.98e-02    5.41e+00
  89  4.857823e+01    4.81e-03    8.77e+02   4.79e+00   5.42e-01  5.46e+05        1    6.03e-02    5.47e+00
  90  4.857341e+01    4.82e-03    8.81e+02   4.79e+00   5.41e-01  5.46e+05        1    6.73e-02    5.54e+00
  91  4.856858e+01    4.82e-03    8.84e+02   4.78e+00   5.41e-01  5.46e+05        1    5.68e-02    5.59e+00
  92  4.856376e+01    4.83e-03    8.88e+02   4.77e+00   5.40e-01  5.46e+05        1    6.36e-02    5.66e+00
  93  4.855893e+01    4.83e-03    8.91e+02   4.76e+00   5.40e-01  5.47e+05        1    6.11e-02    5.72e+00
  94  4.855409e+01    4.83e-03    8.93e+02   4.75e+00   5.40e-01  5.47e+05        1    6.18e-02    5.78e+00
  95  4.854926e+01    4.83e-03    8.96e+02   4.74e+00   5.40e-01  5.47e+05        1    6.21e-02    5.84e+00
  96  4.854443e+01    4.83e-03    8.98e+02   4.73e+00   5.40e-01  5.48e+05        1    6.09e-02    5.90e+00
  97  4.853960e+01    4.83e-03    9.00e+02   4.71e+00   5.40e-01  5.48e+05        1    6.41e-02    5.97e+00
  98  4.853478e+01    4.82e-03    9.02e+02   4.70e+00   5.40e-01  5.48e+05        1    6.13e-02    6.03e+00
  99  4.852996e+01    4.82e-03    9.04e+02   4.69e+00   5.40e-01  5.48e+05        1    6.18e-02    6.09e+00
 100  4.852515e+01    4.81e-03    9.05e+02   4.68e+00   5.40e-01  5.49e+05        1    6.04e-02    6.15e+00


Bundle adjustment report
------------------------
    Residuals : 372
   Parameters : 290
   Iterations : 101
         Time : 6.1521 [s]
 Initial cost : 0.648798 [px]
   Final cost : 0.36117 [px]
  Termination : No convergence

  => Filtered observations: 0
  => Filtered images: 0

==============================================================================
Initializing with image pair #4 and #2
==============================================================================


==============================================================================
Global bundle adjustment
==============================================================================

iter      cost      cost_change  |gradient|   |step|    tr_ratio  tr_radius  ls_iter  iter_time  total_time
   0  8.370745e+02    0.00e+00    9.99e+03   0.00e+00   0.00e+00  1.00e+04        0    6.46e-03    6.73e-03
   1  5.353289e+04   -5.27e+04    0.00e+00   3.34e+02  -1.11e+02  5.00e+03        1    4.82e-02    5.49e-02
   2  8.026599e+03   -7.19e+03    0.00e+00   2.03e+02  -2.03e+01  1.25e+03        1    4.37e-02    9.86e-02
   3  7.197431e+02    1.17e+02    5.79e+04   6.18e+01   5.79e-01  1.25e+03        1    6.12e-02    1.60e-01
   4  6.342862e+02    8.55e+01    5.00e+04   5.65e+01   5.64e-01  1.26e+03        1    6.00e-02    2.20e-01
   5  5.656955e+02    6.86e+01    4.51e+04   5.22e+01   5.37e-01  1.26e+03        1    6.14e-02    2.81e-01
   6  5.043939e+02    6.13e+01    4.14e+04   4.84e+01   5.28e-01  1.26e+03        1    6.14e-02    3.43e-01
   7  4.459706e+02    5.84e+01    3.76e+04   4.49e+01   5.41e-01  1.26e+03        1    6.22e-02    4.05e-01
   8  3.892001e+02    5.68e+01    3.30e+04   4.14e+01   5.77e-01  1.26e+03        1    6.05e-02    4.65e-01
   9  3.349403e+02    5.43e+01    2.73e+04   3.78e+01   6.30e-01  1.29e+03        1    6.11e-02    5.27e-01
  10  2.861614e+02    4.88e+01    2.15e+04   3.40e+01   6.88e-01  1.36e+03        1    6.17e-02    5.88e-01
  11  2.456961e+02    4.05e+01    1.64e+04   3.07e+01   7.32e-01  1.51e+03        1    5.89e-02    6.47e-01
  12  2.140170e+02    3.17e+01    1.23e+04   2.81e+01   7.59e-01  1.75e+03        1    6.18e-02    7.09e-01
  13  1.903016e+02    2.37e+01    9.53e+03   2.63e+01   7.79e-01  2.12e+03        1    6.04e-02    7.70e-01
  14  1.729896e+02    1.73e+01    7.43e+03   2.60e+01   8.00e-01  2.70e+03        1    6.05e-02    8.30e-01
  15  1.598472e+02    1.31e+01    6.24e+03   2.84e+01   8.15e-01  3.60e+03        1    6.03e-02    8.90e-01
  16  1.486641e+02    1.12e+01    5.30e+03   3.42e+01   7.87e-01  4.44e+03        1    6.57e-02    9.56e-01
  17  1.384866e+02    1.02e+01    4.11e+03   3.96e+01   6.88e-01  4.69e+03        1    5.84e-02    1.01e+00
  18  1.287840e+02    9.70e+00    4.21e+03   3.98e+01   5.89e-01  4.72e+03        1    6.11e-02    1.08e+00
  19  1.176879e+02    1.11e+01    3.53e+03   3.65e+01   6.38e-01  4.82e+03        1    6.14e-02    1.14e+00
  20  1.069747e+02    1.07e+01    2.77e+03   3.08e+01   7.60e-01  5.61e+03        1    6.19e-02    1.20e+00
  21  1.002580e+02    6.72e+00    2.82e+03   2.63e+01   7.87e-01  6.91e+03        1    6.39e-02    1.26e+00
  22  9.606159e+01    4.20e+00    2.11e+03   2.14e+01   8.29e-01  9.65e+03        1    5.15e-02    1.31e+00
  23  9.328541e+01    2.78e+00    1.38e+03   1.90e+01   7.88e-01  1.19e+04        1    6.03e-02    1.37e+00
  24  9.088779e+01    2.40e+00    3.70e+03   1.73e+01   7.00e-01  1.27e+04        1    6.03e-02    1.44e+00
  25  8.835081e+01    2.54e+00    4.71e+03   1.67e+01   6.57e-01  1.32e+04        1    6.13e-02    1.50e+00
  26  8.559437e+01    2.76e+00    4.97e+03   1.74e+01   6.36e-01  1.34e+04        1    6.04e-02    1.56e+00
  27  8.266928e+01    2.93e+00    4.97e+03   1.87e+01   6.14e-01  1.36e+04        1    6.13e-02    1.62e+00
  28  7.957552e+01    3.09e+00    4.79e+03   2.02e+01   5.99e-01  1.37e+04        1    6.05e-02    1.68e+00
  29  7.632335e+01    3.25e+00    4.48e+03   2.16e+01   5.90e-01  1.38e+04        1    6.34e-02    1.74e+00
  30  7.292184e+01    3.40e+00    4.06e+03   2.31e+01   5.88e-01  1.39e+04        1    6.07e-02    1.80e+00
  31  6.938823e+01    3.53e+00    3.56e+03   2.43e+01   5.93e-01  1.39e+04        1    6.31e-02    1.87e+00
  32  6.575352e+01    3.63e+00    3.04e+03   2.52e+01   6.04e-01  1.41e+04        1    6.22e-02    1.93e+00
  33  6.206716e+01    3.69e+00    2.55e+03   2.58e+01   6.21e-01  1.43e+04        1    5.83e-02    1.99e+00
  34  5.839897e+01    3.67e+00    2.17e+03   2.62e+01   6.43e-01  1.46e+04        1    6.16e-02    2.05e+00
  35  5.483603e+01    3.56e+00    1.96e+03   2.62e+01   6.70e-01  1.52e+04        1    5.98e-02    2.11e+00
  36  5.147365e+01    3.36e+00    2.02e+03   2.61e+01   6.97e-01  1.62e+04        1    6.12e-02    2.17e+00
  37  4.840302e+01    3.07e+00    2.40e+03   2.60e+01   7.24e-01  1.78e+04        1    6.26e-02    2.23e+00
  38  4.570292e+01    2.70e+00    3.18e+03   2.62e+01   7.44e-01  2.02e+04        1    6.19e-02    2.29e+00
  39  4.343979e+01    2.26e+00    4.40e+03   2.68e+01   7.43e-01  2.28e+04        1    6.54e-02    2.36e+00
  40  4.163844e+01    1.80e+00    5.67e+03   2.69e+01   7.10e-01  2.46e+04        1    5.87e-02    2.42e+00
  41  4.019589e+01    1.44e+00    6.24e+03   2.59e+01   6.78e-01  2.58e+04        1    6.16e-02    2.48e+00
  42  3.900016e+01    1.20e+00    6.08e+03   2.41e+01   6.68e-01  2.68e+04        1    6.16e-02    2.54e+00
  43  3.799990e+01    1.00e+00    5.59e+03   2.22e+01   6.72e-01  2.79e+04        1    6.13e-02    2.60e+00
  44  3.716819e+01    8.32e-01    5.00e+03   2.02e+01   6.84e-01  2.94e+04        1    5.78e-02    2.66e+00
  45  3.648192e+01    6.86e-01    4.43e+03   1.84e+01   6.98e-01  3.13e+04        1    5.94e-02    2.72e+00
  46  3.591742e+01    5.64e-01    3.92e+03   1.67e+01   7.12e-01  3.39e+04        1    6.16e-02    2.78e+00
  47  3.545205e+01    4.65e-01    3.47e+03   1.51e+01   7.28e-01  3.75e+04        1    6.23e-02    2.84e+00
  48  3.506501e+01    3.87e-01    3.09e+03   1.36e+01   7.44e-01  4.24e+04        1    6.17e-02    2.91e+00
  49  3.473747e+01    3.28e-01    2.77e+03   1.22e+01   7.61e-01  4.94e+04        1    6.25e-02    2.97e+00
  50  3.445188e+01    2.86e-01    2.51e+03   1.08e+01   7.79e-01  5.99e+04        1    6.28e-02    3.03e+00
  51  3.419153e+01    2.60e-01    2.28e+03   9.31e+00   7.94e-01  7.53e+04        1    6.40e-02    3.10e+00
  52  3.394059e+01    2.51e-01    2.06e+03   7.67e+00   8.01e-01  9.62e+04        1    5.92e-02    3.16e+00
  53  3.368349e+01    2.57e-01    1.77e+03   5.75e+00   8.03e-01  1.24e+05        1    5.75e-02    3.21e+00
  54  3.340027e+01    2.83e-01    1.42e+03   3.90e+00   8.30e-01  1.74e+05        1    7.17e-02    3.28e+00
  55  3.306452e+01    3.36e-01    1.24e+03   3.39e+00   8.66e-01  2.85e+05        1    5.43e-02    3.34e+00
  56  3.266986e+01    3.95e-01    1.45e+03   6.69e+00   7.77e-01  3.43e+05        1    6.18e-02    3.40e+00
  57  3.223975e+01    4.30e-01    1.43e+03   8.34e+00   7.51e-01  3.93e+05        1    6.16e-02    3.46e+00
  58  3.177169e+01    4.68e-01    1.28e+03   8.94e+00   7.87e-01  4.85e+05        1    6.31e-02    3.53e+00
  59  3.138116e+01    3.91e-01    1.78e+03   9.14e+00   6.41e-01  4.96e+05        1    5.73e-02    3.58e+00
  60  3.102738e+01    3.54e-01    1.22e+03   7.26e+00   5.49e-01  4.96e+05        1    6.09e-02    3.64e+00
  61  3.079735e+01    2.30e-01    1.94e+03   6.27e+00   3.42e-01  4.81e+05        1    6.14e-02    3.71e+00
  62  3.058562e+01    2.12e-01    2.36e+03   6.17e+00   2.70e-01  4.39e+05        1    6.70e-02    3.77e+00
  63  3.026046e+01    3.25e-01    2.28e+03   6.27e+00   3.77e-01  4.32e+05        1    5.45e-02    3.83e+00
  64  3.008926e+01    1.71e-01    2.47e+03   6.98e+00   2.11e-01  3.62e+05        1    6.59e-02    3.89e+00
  65  2.961629e+01    4.73e-01    1.86e+03   6.54e+00   5.50e-01  3.63e+05        1    5.73e-02    3.95e+00
  66  2.946079e+01    1.55e-01    1.98e+03   7.12e+00   2.57e-01  3.26e+05        1    6.21e-02    4.01e+00
  67  2.915472e+01    3.06e-01    1.65e+03   6.89e+00   4.79e-01  3.26e+05        1    6.18e-02    4.07e+00
  68  2.900360e+01    1.51e-01    1.71e+03   7.31e+00   2.90e-01  3.03e+05        1    6.43e-02    4.14e+00
  69  2.876754e+01    2.36e-01    1.51e+03   7.18e+00   4.34e-01  3.02e+05        1    5.95e-02    4.20e+00
  70  2.861998e+01    1.48e-01    1.54e+03   7.48e+00   3.07e-01  2.86e+05        1    6.16e-02    4.26e+00
  71  2.841511e+01    2.05e-01    1.39e+03   7.37e+00   4.15e-01  2.85e+05        1    5.87e-02    4.32e+00
  72  2.826992e+01    1.45e-01    1.39e+03   7.59e+00   3.23e-01  2.72e+05        1    6.43e-02    4.38e+00
  73  2.808643e+01    1.83e-01    1.32e+03   7.49e+00   4.01e-01  2.70e+05        1    6.05e-02    4.44e+00
  74  2.794275e+01    1.44e-01    1.37e+03   7.64e+00   3.37e-01  2.61e+05        1    6.17e-02    4.51e+00
  75  2.777476e+01    1.68e-01    1.35e+03   7.57e+00   3.90e-01  2.58e+05        1    6.06e-02    4.57e+00
  76  2.763221e+01    1.43e-01    1.39e+03   7.66e+00   3.49e-01  2.52e+05        1    6.06e-02    4.63e+00
  77  2.747560e+01    1.57e-01    1.37e+03   7.60e+00   3.84e-01  2.48e+05        1    6.18e-02    4.69e+00
  78  2.733428e+01    1.41e-01    1.40e+03   7.65e+00   3.60e-01  2.43e+05        1    6.15e-02    4.75e+00
  79  2.718596e+01    1.48e-01    1.40e+03   7.61e+00   3.80e-01  2.40e+05        1    6.10e-02    4.81e+00
  80  2.704625e+01    1.40e-01    1.41e+03   7.62e+00   3.68e-01  2.35e+05        1    6.13e-02    4.87e+00
  81  2.690389e+01    1.42e-01    1.42e+03   7.59e+00   3.79e-01  2.32e+05        1    6.46e-02    4.94e+00
  82  2.676619e+01    1.38e-01    1.43e+03   7.58e+00   3.75e-01  2.29e+05        1    6.13e-02    5.00e+00
  83  2.662810e+01    1.38e-01    1.43e+03   7.55e+00   3.80e-01  2.25e+05        1    5.63e-02    5.05e+00
  84  2.649258e+01    1.36e-01    1.45e+03   7.53e+00   3.80e-01  2.22e+05        1    6.10e-02    5.12e+00
  85  2.635761e+01    1.35e-01    1.45e+03   7.50e+00   3.83e-01  2.20e+05        1    6.67e-02    5.18e+00
  86  2.622419e+01    1.33e-01    1.46e+03   7.47e+00   3.83e-01  2.17e+05        1    5.63e-02    5.24e+00
  87  2.609157e+01    1.33e-01    1.47e+03   7.44e+00   3.85e-01  2.14e+05        1    6.09e-02    5.30e+00
  88  2.596000e+01    1.32e-01    1.48e+03   7.41e+00   3.87e-01  2.12e+05        1    6.20e-02    5.36e+00
  89  2.582921e+01    1.31e-01    1.49e+03   7.37e+00   3.88e-01  2.09e+05        1    6.06e-02    5.42e+00
  90  2.569920e+01    1.30e-01    1.50e+03   7.34e+00   3.89e-01  2.07e+05        1    6.20e-02    5.48e+00
  91  2.556985e+01    1.29e-01    1.51e+03   7.31e+00   3.91e-01  2.05e+05        1    6.18e-02    5.55e+00
  92  2.544111e+01    1.29e-01    1.52e+03   7.27e+00   3.92e-01  2.03e+05        1    6.16e-02    5.61e+00
  93  2.531291e+01    1.28e-01    1.54e+03   7.24e+00   3.93e-01  2.01e+05        1    6.19e-02    5.67e+00
  94  2.518517e+01    1.28e-01    1.55e+03   7.20e+00   3.94e-01  1.99e+05        1    6.20e-02    5.73e+00
  95  2.505786e+01    1.27e-01    1.56e+03   7.16e+00   3.95e-01  1.97e+05        1    6.44e-02    5.80e+00
  96  2.493092e+01    1.27e-01    1.57e+03   7.13e+00   3.96e-01  1.95e+05        1    5.97e-02    5.86e+00
  97  2.480431e+01    1.27e-01    1.58e+03   7.09e+00   3.96e-01  1.94e+05        1    6.00e-02    5.92e+00
  98  2.467798e+01    1.26e-01    1.59e+03   7.05e+00   3.97e-01  1.92e+05        1    6.13e-02    5.98e+00
  99  2.455190e+01    1.26e-01    1.60e+03   7.01e+00   3.98e-01  1.90e+05        1    6.03e-02    6.04e+00
 100  2.442603e+01    1.26e-01    1.61e+03   6.97e+00   3.98e-01  1.89e+05        1    6.17e-02    6.10e+00


Bundle adjustment report
------------------------
    Residuals : 268
   Parameters : 212
   Iterations : 101
         Time : 6.10059 [s]
 Initial cost : 1.76732 [px]
   Final cost : 0.301897 [px]
  Termination : No convergence

  => Filtered observations: 0
  => Filtered images: 0

==============================================================================
Initializing with image pair #6 and #5
==============================================================================


==============================================================================
Global bundle adjustment
==============================================================================

iter      cost      cost_change  |gradient|   |step|    tr_ratio  tr_radius  ls_iter  iter_time  total_time
   0  4.055213e+03    0.00e+00    9.52e+04   0.00e+00   0.00e+00  1.00e+04        0    6.59e-03    7.08e-03
   1  8.565118e+02    3.20e+03    2.71e+05   5.09e+01   7.99e-01  1.27e+04        1    6.05e-02    6.76e-02
   2  1.114357e+02    7.45e+02    3.42e+04   6.40e+01   8.85e-01  2.34e+04        1    6.06e-02    1.28e-01
   3  1.211060e+01    9.93e+01    5.64e+03   1.40e+01   9.80e-01  7.03e+04        1    6.20e-02    1.90e-01
   4  9.325514e+00    2.79e+00    8.22e+02   9.35e+00   9.62e-01  2.11e+05        1    6.26e-02    2.53e-01
   5  9.177378e+00    1.48e-01    1.06e+03   1.17e+01   8.95e-01  4.15e+05        1    5.94e-02    3.13e-01
   6  9.230687e+00   -5.33e-02    0.00e+00   2.22e+01  -8.19e-01  2.08e+05        1    4.96e-02    3.62e-01
   7  9.143717e+00    3.37e-02    1.03e+03   1.13e+01   8.00e-01  2.65e+05        1    6.28e-02    4.25e-01
   8  9.124540e+00    1.92e-02    1.56e+03   1.41e+01   5.05e-01  2.65e+05        1    6.31e-02    4.88e-01
   9  9.094721e+00    2.98e-02    1.45e+03   1.37e+01   6.47e-01  2.72e+05        1    6.18e-02    5.50e-01
  10  9.067995e+00    2.67e-02    1.42e+03   1.37e+01   6.33e-01  2.77e+05        1    6.15e-02    6.12e-01
  11  9.042333e+00    2.57e-02    1.36e+03   1.35e+01   6.41e-01  2.83e+05        1    6.02e-02    6.72e-01
  12  9.018222e+00    2.41e-02    1.32e+03   1.33e+01   6.41e-01  2.90e+05        1    6.22e-02    7.34e-01
  13  8.995396e+00    2.28e-02    1.27e+03   1.32e+01   6.43e-01  2.97e+05        1    6.18e-02    7.96e-01
  14  8.973834e+00    2.16e-02    1.23e+03   1.31e+01   6.44e-01  3.04e+05        1    6.12e-02    8.57e-01
  15  8.953452e+00    2.04e-02    1.19e+03   1.29e+01   6.45e-01  3.12e+05        1    6.22e-02    9.20e-01
  16  8.934193e+00    1.93e-02    1.15e+03   1.28e+01   6.47e-01  3.20e+05        1    6.62e-02    9.86e-01
  17  8.916002e+00    1.82e-02    1.12e+03   1.26e+01   6.48e-01  3.28e+05        1    6.13e-02    1.05e+00
  18  8.898829e+00    1.72e-02    1.08e+03   1.25e+01   6.49e-01  3.37e+05        1    6.20e-02    1.11e+00
  19  8.882625e+00    1.62e-02    1.05e+03   1.24e+01   6.49e-01  3.46e+05        1    6.40e-02    1.17e+00
  20  8.867347e+00    1.53e-02    1.01e+03   1.22e+01   6.50e-01  3.56e+05        1    6.08e-02    1.23e+00
  21  8.852952e+00    1.44e-02    9.77e+02   1.21e+01   6.51e-01  3.66e+05        1    6.20e-02    1.30e+00
  22  8.839402e+00    1.36e-02    9.44e+02   1.20e+01   6.52e-01  3.77e+05        1    6.15e-02    1.36e+00
  23  8.826656e+00    1.27e-02    9.11e+02   1.18e+01   6.53e-01  3.88e+05        1    6.11e-02    1.42e+00
  24  8.814678e+00    1.20e-02    8.80e+02   1.17e+01   6.54e-01  3.99e+05        1    6.12e-02    1.48e+00
  25  8.803434e+00    1.12e-02    8.48e+02   1.15e+01   6.55e-01  4.11e+05        1    6.19e-02    1.54e+00
  26  8.792889e+00    1.05e-02    8.18e+02   1.14e+01   6.56e-01  4.24e+05        1    5.90e-02    1.60e+00
  27  8.783010e+00    9.88e-03    7.88e+02   1.12e+01   6.57e-01  4.38e+05        1    6.15e-02    1.66e+00
  28  8.773765e+00    9.24e-03    7.58e+02   1.11e+01   6.58e-01  4.52e+05        1    6.29e-02    1.73e+00
  29  8.765125e+00    8.64e-03    7.29e+02   1.09e+01   6.59e-01  4.67e+05        1    6.77e-02    1.79e+00
  30  8.757059e+00    8.07e-03    7.01e+02   1.08e+01   6.60e-01  4.83e+05        1    6.13e-02    1.85e+00
  31  8.749540e+00    7.52e-03    6.73e+02   1.06e+01   6.61e-01  4.99e+05        1    5.98e-02    1.91e+00
  32  8.742540e+00    7.00e-03    6.45e+02   1.04e+01   6.62e-01  5.17e+05        1    6.28e-02    1.98e+00
  33  8.736033e+00    6.51e-03    6.18e+02   1.03e+01   6.63e-01  5.35e+05        1    6.01e-02    2.04e+00
  34  8.729994e+00    6.04e-03    5.92e+02   1.01e+01   6.64e-01  5.55e+05        1    6.39e-02    2.10e+00
  35  8.724397e+00    5.60e-03    5.66e+02   9.94e+00   6.66e-01  5.76e+05        1    6.10e-02    2.16e+00
  36  8.719221e+00    5.18e-03    5.40e+02   9.76e+00   6.67e-01  5.98e+05        1    6.18e-02    2.22e+00
  37  8.714441e+00    4.78e-03    5.15e+02   9.59e+00   6.68e-01  6.22e+05        1    6.25e-02    2.29e+00
  38  8.710037e+00    4.40e-03    4.90e+02   9.40e+00   6.70e-01  6.47e+05        1    5.96e-02    2.35e+00
  39  8.705987e+00    4.05e-03    4.66e+02   9.22e+00   6.71e-01  6.74e+05        1    6.12e-02    2.41e+00
  40  8.702271e+00    3.72e-03    4.43e+02   9.03e+00   6.73e-01  7.04e+05        1    6.13e-02    2.47e+00
  41  8.698870e+00    3.40e-03    4.19e+02   8.84e+00   6.75e-01  7.35e+05        1    6.25e-02    2.53e+00
  42  8.695766e+00    3.10e-03    3.96e+02   8.64e+00   6.76e-01  7.69e+05        1    6.31e-02    2.59e+00
  43  8.692940e+00    2.83e-03    3.74e+02   8.44e+00   6.78e-01  8.05e+05        1    6.15e-02    2.66e+00
  44  8.690375e+00    2.56e-03    3.52e+02   8.24e+00   6.80e-01  8.45e+05        1    6.20e-02    2.72e+00
  45  8.688055e+00    2.32e-03    3.30e+02   8.03e+00   6.82e-01  8.88e+05        1    6.27e-02    2.78e+00
  46  8.685964e+00    2.09e-03    3.09e+02   7.81e+00   6.85e-01  9.35e+05        1    6.12e-02    2.84e+00
  47  8.684086e+00    1.88e-03    2.88e+02   7.59e+00   6.87e-01  9.87e+05        1    6.29e-02    2.91e+00
  48  8.682408e+00    1.68e-03    2.67e+02   7.37e+00   6.90e-01  1.04e+06        1    6.16e-02    2.97e+00
  49  8.680915e+00    1.49e-03    2.47e+02   7.14e+00   6.92e-01  1.11e+06        1    6.24e-02    3.03e+00
  50  8.679593e+00    1.32e-03    2.27e+02   6.90e+00   6.95e-01  1.18e+06        1    6.25e-02    3.09e+00
  51  8.678429e+00    1.16e-03    2.07e+02   6.66e+00   6.98e-01  1.25e+06        1    6.15e-02    3.15e+00
  52  8.677412e+00    1.02e-03    1.88e+02   6.41e+00   7.02e-01  1.34e+06        1    6.11e-02    3.21e+00
  53  8.676529e+00    8.83e-04    1.69e+02   6.15e+00   7.05e-01  1.44e+06        1    6.19e-02    3.28e+00
  54  8.675769e+00    7.60e-04    1.51e+02   5.88e+00   7.09e-01  1.56e+06        1    6.27e-02    3.34e+00
  55  8.675121e+00    6.48e-04    1.33e+02   5.60e+00   7.13e-01  1.69e+06        1    6.21e-02    3.40e+00
  56  8.674573e+00    5.47e-04    1.15e+02   5.31e+00   7.18e-01  1.84e+06        1    6.21e-02    3.46e+00
  57  8.674117e+00    4.56e-04    9.72e+01   5.01e+00   7.23e-01  2.02e+06        1    6.10e-02    3.52e+00
  58  8.673742e+00    3.75e-04    8.01e+01   4.69e+00   7.28e-01  2.23e+06        1    6.20e-02    3.59e+00
  59  8.673439e+00    3.03e-04    6.34e+01   4.35e+00   7.33e-01  2.48e+06        1    6.33e-02    3.65e+00
  60  8.673199e+00    2.40e-04    4.74e+01   3.99e+00   7.38e-01  2.78e+06        1    6.38e-02    3.71e+00
  61  8.673014e+00    1.86e-04    3.21e+01   3.60e+00   7.43e-01  3.14e+06        1    6.23e-02    3.78e+00
  62  8.672874e+00    1.40e-04    1.80e+01   3.19e+00   7.47e-01  3.57e+06        1    6.25e-02    3.84e+00
  63  8.672772e+00    1.02e-04    1.03e+01   2.74e+00   7.49e-01  4.07e+06        1    5.94e-02    3.90e+00
  64  8.672701e+00    7.16e-05    5.75e+00   2.27e+00   7.48e-01  4.64e+06        1    6.02e-02    3.96e+00
  65  8.672652e+00    4.89e-05    1.02e+01   1.80e+00   7.46e-01  5.27e+06        1    6.03e-02    4.02e+00
  66  8.672619e+00    3.28e-05    1.21e+01   1.35e+00   7.44e-01  5.95e+06        1    6.78e-02    4.09e+00
  67  8.672597e+00    2.21e-05    1.01e+01   9.97e-01   7.44e-01  6.74e+06        1    5.61e-02    4.14e+00
  68  8.672581e+00    1.54e-05    4.94e+00   8.27e-01   7.45e-01  7.64e+06        1    6.37e-02    4.21e+00
  69  8.672570e+00    1.15e-05    3.77e+00   8.74e-01   7.38e-01  8.57e+06        1    6.02e-02    4.27e+00
  70  8.672561e+00    9.27e-06    1.09e+01   1.04e+00   7.15e-01  9.31e+06        1    6.03e-02    4.33e+00
  71  8.672553e+00    8.10e-06    1.81e+01   1.19e+00   6.87e-01  9.82e+06        1    6.26e-02    4.39e+00
  72  8.672545e+00    7.47e-06    2.27e+01   1.28e+00   6.69e-01  1.02e+07        1    6.05e-02    4.45e+00
  73  8.672538e+00    7.03e-06    2.50e+01   1.33e+00   6.60e-01  1.06e+07        1    6.02e-02    4.51e+00
  74  8.672531e+00    6.63e-06    2.58e+01   1.34e+00   6.57e-01  1.09e+07        1    6.29e-02    4.57e+00
  75  8.672525e+00    6.23e-06    2.58e+01   1.34e+00   6.57e-01  1.12e+07        1    6.25e-02    4.64e+00
  76  8.672519e+00    5.82e-06    2.53e+01   1.32e+00   6.59e-01  1.16e+07        1    6.19e-02    4.70e+00
  77  8.672514e+00    5.41e-06    2.45e+01   1.30e+00   6.61e-01  1.20e+07        1    6.12e-02    4.76e+00
  78  8.672509e+00    5.01e-06    2.35e+01   1.27e+00   6.64e-01  1.24e+07        1    6.59e-02    4.82e+00
  79  8.672504e+00    4.63e-06    2.26e+01   1.25e+00   6.67e-01  1.29e+07        1    5.94e-02    4.88e+00
  80  8.672500e+00    4.26e-06    2.15e+01   1.22e+00   6.70e-01  1.35e+07        1    6.13e-02    4.95e+00
  81  8.672496e+00    3.91e-06    2.05e+01   1.19e+00   6.72e-01  1.40e+07        1    6.56e-02    5.01e+00
  82  8.672493e+00    3.58e-06    1.95e+01   1.16e+00   6.75e-01  1.47e+07        1    6.07e-02    5.07e+00
  83  8.672489e+00    3.26e-06    1.85e+01   1.13e+00   6.78e-01  1.54e+07        1    6.24e-02    5.13e+00
  84  8.672486e+00    2.96e-06    1.76e+01   1.10e+00   6.81e-01  1.61e+07        1    6.20e-02    5.20e+00
  85  8.672484e+00    2.68e-06    1.66e+01   1.07e+00   6.85e-01  1.70e+07        1    6.24e-02    5.26e+00
  86  8.672481e+00    2.41e-06    1.56e+01   1.03e+00   6.88e-01  1.79e+07        1    6.27e-02    5.32e+00
  87  8.672479e+00    2.16e-06    1.47e+01   1.00e+00   6.91e-01  1.90e+07        1    6.47e-02    5.39e+00
  88  8.672477e+00    1.93e-06    1.37e+01   9.70e-01   6.95e-01  2.02e+07        1    5.79e-02    5.44e+00
  89  8.672476e+00    1.70e-06    1.28e+01   9.36e-01   6.99e-01  2.16e+07        1    6.11e-02    5.51e+00
  90  8.672474e+00    1.50e-06    1.19e+01   9.02e-01   7.04e-01  2.31e+07        1    6.02e-02    5.57e+00
  91  8.672473e+00    1.30e-06    1.10e+01   8.67e-01   7.09e-01  2.49e+07        1    6.19e-02    5.63e+00
  92  8.672472e+00    1.12e-06    1.01e+01   8.30e-01   7.14e-01  2.71e+07        1    6.21e-02    5.69e+00
  93  8.672471e+00    9.58e-07    9.20e+00   7.93e-01   7.20e-01  2.96e+07        1    6.01e-02    5.75e+00
  94  8.672470e+00    8.07e-07    8.33e+00   7.55e-01   7.26e-01  3.26e+07        1    6.24e-02    5.81e+00
  95  8.672469e+00    6.70e-07    7.47e+00   7.15e-01   7.34e-01  3.63e+07        1    6.29e-02    5.88e+00
  96  8.672469e+00    5.47e-07    6.64e+00   6.73e-01   7.42e-01  4.10e+07        1    6.06e-02    5.94e+00
  97  8.672468e+00    4.37e-07    5.82e+00   6.30e-01   7.52e-01  4.70e+07        1    6.06e-02    6.00e+00
  98  8.672468e+00    3.41e-07    5.02e+00   5.85e-01   7.63e-01  5.50e+07        1    6.19e-02    6.06e+00
  99  8.672468e+00    2.57e-07    4.24e+00   5.38e-01   7.77e-01  6.63e+07        1    6.23e-02    6.12e+00
 100  8.672467e+00    1.87e-07    3.49e+00   4.88e-01   7.94e-01  8.32e+07        1    6.13e-02    6.18e+00


Bundle adjustment report
------------------------
    Residuals : 472
   Parameters : 365
   Iterations : 101
         Time : 6.18268 [s]
 Initial cost : 2.93114 [px]
   Final cost : 0.13555 [px]
  Termination : No convergence

  => Filtered observations: 0
  => Filtered images: 0
  => No good initial image pair found.
  => Relaxing the initialization constraints.

==============================================================================
Initializing with image pair #4 and #3
==============================================================================


==============================================================================
Global bundle adjustment
==============================================================================

iter      cost      cost_change  |gradient|   |step|    tr_ratio  tr_radius  ls_iter  iter_time  total_time
   0  1.740526e+03    0.00e+00    2.71e+04   0.00e+00   0.00e+00  1.00e+04        0    8.54e-03    8.91e-03
   1  5.035198e+03   -3.29e+03    0.00e+00   2.01e+02  -1.97e+00  5.00e+03        1    4.84e-02    5.73e-02
   2  3.844168e+03   -2.10e+03    0.00e+00   1.92e+02  -1.28e+00  1.25e+03        1    3.85e-02    9.59e-02
   3  1.473936e+03    2.67e+02    3.97e+05   1.57e+02   1.78e-01  9.87e+02        1    6.67e-02    1.63e-01
   4  1.015067e+02    1.37e+03    1.46e+04   3.88e+01   9.99e-01  2.96e+03        1    5.63e-02    2.19e-01
   5  6.972532e+01    3.18e+01    1.55e+04   2.16e+01   9.25e-01  7.69e+03        1    6.19e-02    2.81e-01
   6  6.086422e+01    8.86e+00    1.95e+04   3.74e+01   6.25e-01  7.81e+03        1    6.60e-02    3.47e-01
   7  5.266377e+01    8.20e+00    4.95e+03   2.42e+01   9.58e-01  2.34e+04        1    5.93e-02    4.07e-01
   8  5.082885e+01    1.83e+00    5.35e+03   2.99e+01   8.40e-01  3.42e+04        1    6.18e-02    4.69e-01
   9  5.019924e+01    6.30e-01    3.00e+03   1.68e+01   9.19e-01  8.34e+04        1    6.22e-02    5.31e-01
  10  5.067647e+01   -4.77e-01    0.00e+00   1.61e+01  -1.74e+00  4.17e+04        1    5.02e-02    5.81e-01
  11  5.007135e+01    1.28e-01    2.97e+03   1.00e+01   6.91e-01  4.41e+04        1    6.35e-02    6.44e-01
  12  4.996441e+01    1.07e-01    3.07e+03   7.60e+00   6.29e-01  4.49e+04        1    6.61e-02    7.11e-01
  13  4.985597e+01    1.08e-01    3.11e+03   6.81e+00   6.30e-01  4.57e+04        1    6.00e-02    7.71e-01
  14  4.975061e+01    1.05e-01    3.16e+03   6.52e+00   6.21e-01  4.64e+04        1    6.28e-02    8.33e-01
  15  4.964735e+01    1.03e-01    3.16e+03   6.33e+00   6.23e-01  4.71e+04        1    5.76e-02    8.91e-01
  16  4.954773e+01    9.96e-02    3.12e+03   6.16e+00   6.26e-01  4.78e+04        1    6.09e-02    9.52e-01
  17  4.945267e+01    9.51e-02    3.05e+03   5.99e+00   6.31e-01  4.87e+04        1    6.07e-02    1.01e+00
  18  4.936317e+01    8.95e-02    2.94e+03   5.81e+00   6.39e-01  4.98e+04        1    6.21e-02    1.07e+00
  19  4.928001e+01    8.32e-02    2.82e+03   5.62e+00   6.47e-01  5.11e+04        1    6.22e-02    1.14e+00
  20  4.920379e+01    7.62e-02    2.67e+03   5.42e+00   6.56e-01  5.27e+04        1    6.21e-02    1.20e+00
  21  4.913486e+01    6.89e-02    2.51e+03   5.22e+00   6.65e-01  5.46e+04        1    6.19e-02    1.26e+00
  22  4.907341e+01    6.14e-02    2.35e+03   5.00e+00   6.74e-01  5.70e+04        1    6.61e-02    1.33e+00
  23  4.901943e+01    5.40e-02    2.17e+03   4.78e+00   6.83e-01  6.00e+04        1    5.60e-02    1.38e+00
  24  4.897274e+01    4.67e-02    2.00e+03   4.55e+00   6.92e-01  6.36e+04        1    6.20e-02    1.45e+00
  25  4.893307e+01    3.97e-02    1.82e+03   4.31e+00   7.02e-01  6.81e+04        1    6.23e-02    1.51e+00
  26  4.889999e+01    3.31e-02    1.63e+03   4.05e+00   7.11e-01  7.36e+04        1    6.08e-02    1.57e+00
  27  4.887301e+01    2.70e-02    1.45e+03   3.79e+00   7.21e-01  8.05e+04        1    6.20e-02    1.63e+00
  28  4.885154e+01    2.15e-02    1.27e+03   3.51e+00   7.30e-01  8.92e+04        1    5.95e-02    1.69e+00
  29  4.883493e+01    1.66e-02    1.10e+03   3.23e+00   7.40e-01  1.00e+05        1    5.91e-02    1.75e+00
  30  4.882246e+01    1.25e-02    9.35e+02   2.93e+00   7.51e-01  1.15e+05        1    6.14e-02    1.81e+00
  31  4.881336e+01    9.09e-03    7.81e+02   2.64e+00   7.61e-01  1.34e+05        1    5.87e-02    1.87e+00
  32  4.880688e+01    6.48e-03    6.43e+02   2.35e+00   7.72e-01  1.60e+05        1    6.18e-02    1.93e+00
  33  4.880225e+01    4.63e-03    5.29e+02   2.10e+00   7.83e-01  1.95e+05        1    5.96e-02    1.99e+00
  34  4.879879e+01    3.46e-03    4.46e+02   1.94e+00   7.92e-01  2.43e+05        1    6.15e-02    2.05e+00
  35  4.879590e+01    2.89e-03    4.04e+02   1.96e+00   7.95e-01  3.07e+05        1    6.17e-02    2.11e+00
  36  4.879316e+01    2.74e-03    4.09e+02   2.23e+00   7.81e-01  3.73e+05        1    5.95e-02    2.17e+00
  37  4.879035e+01    2.81e-03    4.44e+02   2.71e+00   7.47e-01  4.25e+05        1    6.13e-02    2.23e+00
  38  4.878738e+01    2.97e-03    4.81e+02   3.24e+00   7.10e-01  4.59e+05        1    6.04e-02    2.30e+00
  39  4.878422e+01    3.15e-03    5.13e+02   3.67e+00   6.80e-01  4.81e+05        1    6.13e-02    2.36e+00
  40  4.878090e+01    3.33e-03    5.39e+02   3.99e+00   6.57e-01  4.97e+05        1    6.17e-02    2.42e+00
  41  4.877742e+01    3.48e-03    5.62e+02   4.22e+00   6.40e-01  5.08e+05        1    6.26e-02    2.48e+00
  42  4.877381e+01    3.61e-03    5.83e+02   4.38e+00   6.27e-01  5.16e+05        1    5.95e-02    2.54e+00
  43  4.877009e+01    3.72e-03    6.02e+02   4.50e+00   6.16e-01  5.23e+05        1    6.10e-02    2.60e+00
  44  4.876628e+01    3.81e-03    6.19e+02   4.58e+00   6.07e-01  5.28e+05        1    6.20e-02    2.66e+00
  45  4.876239e+01    3.89e-03    6.35e+02   4.65e+00   6.00e-01  5.32e+05        1    6.18e-02    2.73e+00
  46  4.875843e+01    3.96e-03    6.49e+02   4.70e+00   5.94e-01  5.36e+05        1    6.51e-02    2.79e+00
  47  4.875441e+01    4.02e-03    6.63e+02   4.74e+00   5.88e-01  5.39e+05        1    6.15e-02    2.85e+00
  48  4.875033e+01    4.08e-03    6.75e+02   4.78e+00   5.83e-01  5.41e+05        1    6.41e-02    2.92e+00
  49  4.874620e+01    4.13e-03    6.87e+02   4.81e+00   5.79e-01  5.43e+05        1    6.09e-02    2.98e+00
  50  4.874203e+01    4.17e-03    6.98e+02   4.83e+00   5.75e-01  5.45e+05        1    6.22e-02    3.04e+00
  51  4.873781e+01    4.22e-03    7.08e+02   4.85e+00   5.71e-01  5.47e+05        1    6.09e-02    3.10e+00
  52  4.873355e+01    4.26e-03    7.18e+02   4.87e+00   5.68e-01  5.48e+05        1    6.27e-02    3.16e+00
  53  4.872926e+01    4.30e-03    7.28e+02   4.89e+00   5.65e-01  5.49e+05        1    6.10e-02    3.22e+00
  54  4.872493e+01    4.33e-03    7.37e+02   4.90e+00   5.62e-01  5.50e+05        1    6.19e-02    3.29e+00
  55  4.872056e+01    4.37e-03    7.46e+02   4.91e+00   5.59e-01  5.51e+05        1    6.30e-02    3.35e+00
  56  4.871616e+01    4.40e-03    7.54e+02   4.93e+00   5.57e-01  5.52e+05        1    5.95e-02    3.41e+00
  57  4.871173e+01    4.43e-03    7.62e+02   4.94e+00   5.54e-01  5.53e+05        1    6.24e-02    3.47e+00
  58  4.870726e+01    4.46e-03    7.70e+02   4.95e+00   5.52e-01  5.53e+05        1    6.16e-02    3.53e+00
  59  4.870277e+01    4.49e-03    7.78e+02   4.95e+00   5.50e-01  5.54e+05        1    6.23e-02    3.59e+00
  60  4.869825e+01    4.52e-03    7.85e+02   4.96e+00   5.48e-01  5.54e+05        1    5.91e-02    3.65e+00
  61  4.869370e+01    4.55e-03    7.93e+02   4.97e+00   5.46e-01  5.55e+05        1    5.71e-02    3.71e+00
  62  4.868913e+01    4.57e-03    8.00e+02   4.97e+00   5.45e-01  5.55e+05        1    6.15e-02    3.77e+00
  63  4.868453e+01    4.60e-03    8.07e+02   4.98e+00   5.43e-01  5.55e+05        1    6.14e-02    3.83e+00
  64  4.867991e+01    4.62e-03    8.14e+02   4.98e+00   5.41e-01  5.56e+05        1    6.14e-02    3.90e+00
  65  4.867526e+01    4.65e-03    8.20e+02   4.98e+00   5.40e-01  5.56e+05        1    6.14e-02    3.96e+00
  66  4.867059e+01    4.67e-03    8.27e+02   4.98e+00   5.38e-01  5.56e+05        1    6.05e-02    4.02e+00
  67  4.866590e+01    4.69e-03    8.33e+02   4.99e+00   5.37e-01  5.57e+05        1    6.17e-02    4.08e+00
  68  4.866119e+01    4.71e-03    8.39e+02   4.99e+00   5.36e-01  5.57e+05        1    6.02e-02    4.14e+00
  69  4.865645e+01    4.73e-03    8.45e+02   4.99e+00   5.35e-01  5.57e+05        1    6.07e-02    4.20e+00
  70  4.865170e+01    4.75e-03    8.51e+02   4.99e+00   5.33e-01  5.57e+05        1    6.66e-02    4.27e+00
  71  4.864693e+01    4.77e-03    8.57e+02   4.99e+00   5.32e-01  5.57e+05        1    6.16e-02    4.33e+00
  72  4.864214e+01    4.79e-03    8.62e+02   4.98e+00   5.31e-01  5.57e+05        1    6.10e-02    4.39e+00
  73  4.863734e+01    4.81e-03    8.68e+02   4.98e+00   5.30e-01  5.57e+05        1    6.18e-02    4.45e+00
  74  4.863252e+01    4.82e-03    8.73e+02   4.98e+00   5.30e-01  5.58e+05        1    6.18e-02    4.51e+00
  75  4.862768e+01    4.84e-03    8.78e+02   4.98e+00   5.29e-01  5.58e+05        1    6.13e-02    4.57e+00
  76  4.862283e+01    4.85e-03    8.83e+02   4.97e+00   5.28e-01  5.58e+05        1    6.15e-02    4.64e+00
  77  4.861796e+01    4.86e-03    8.88e+02   4.97e+00   5.27e-01  5.58e+05        1    6.47e-02    4.70e+00
  78  4.861309e+01    4.88e-03    8.93e+02   4.96e+00   5.27e-01  5.58e+05        1    6.01e-02    4.76e+00
  79  4.860820e+01    4.89e-03    8.97e+02   4.96e+00   5.26e-01  5.58e+05        1    6.10e-02    4.82e+00
  80  4.860330e+01    4.90e-03    9.01e+02   4.95e+00   5.26e-01  5.58e+05        1    5.96e-02    4.88e+00
  81  4.859839e+01    4.91e-03    9.05e+02   4.94e+00   5.25e-01  5.58e+05        1    6.20e-02    4.94e+00
  82  4.859348e+01    4.92e-03    9.09e+02   4.93e+00   5.25e-01  5.58e+05        1    6.18e-02    5.01e+00
  83  4.858855e+01    4.92e-03    9.13e+02   4.93e+00   5.25e-01  5.58e+05        1    6.05e-02    5.07e+00
  84  4.858362e+01    4.93e-03    9.16e+02   4.92e+00   5.24e-01  5.58e+05        1    5.71e-02    5.12e+00
  85  4.857869e+01    4.94e-03    9.20e+02   4.91e+00   5.24e-01  5.58e+05        1    5.99e-02    5.18e+00
  86  4.857375e+01    4.94e-03    9.23e+02   4.90e+00   5.24e-01  5.59e+05        1    6.24e-02    5.25e+00
  87  4.856881e+01    4.94e-03    9.26e+02   4.89e+00   5.24e-01  5.59e+05        1    6.23e-02    5.31e+00
  88  4.856386e+01    4.94e-03    9.28e+02   4.88e+00   5.24e-01  5.59e+05        1    5.97e-02    5.37e+00
  89  4.855892e+01    4.94e-03    9.31e+02   4.86e+00   5.24e-01  5.59e+05        1    6.15e-02    5.43e+00
  90  4.855397e+01    4.94e-03    9.33e+02   4.85e+00   5.24e-01  5.59e+05        1    6.17e-02    5.49e+00
  91  4.854903e+01    4.94e-03    9.35e+02   4.84e+00   5.24e-01  5.59e+05        1    6.44e-02    5.56e+00
  92  4.854409e+01    4.94e-03    9.37e+02   4.82e+00   5.25e-01  5.59e+05        1    6.09e-02    5.62e+00
  93  4.853916e+01    4.93e-03    9.38e+02   4.81e+00   5.25e-01  5.59e+05        1    6.16e-02    5.68e+00
  94  4.853423e+01    4.93e-03    9.39e+02   4.79e+00   5.26e-01  5.59e+05        1    6.52e-02    5.74e+00
  95  4.852931e+01    4.92e-03    9.40e+02   4.78e+00   5.26e-01  5.59e+05        1    5.97e-02    5.80e+00
  96  4.852440e+01    4.91e-03    9.41e+02   4.76e+00   5.27e-01  5.59e+05        1    6.39e-02    5.87e+00
  97  4.851949e+01    4.90e-03    9.41e+02   4.75e+00   5.27e-01  5.59e+05        1    6.09e-02    5.93e+00
  98  4.851460e+01    4.89e-03    9.42e+02   4.73e+00   5.28e-01  5.59e+05        1    6.29e-02    5.99e+00
  99  4.850972e+01    4.88e-03    9.41e+02   4.71e+00   5.29e-01  5.60e+05        1    6.11e-02    6.05e+00
 100  4.850486e+01    4.87e-03    9.41e+02   4.69e+00   5.30e-01  5.60e+05        1    6.30e-02    6.11e+00


Bundle adjustment report
------------------------
    Residuals : 372
   Parameters : 290
   Iterations : 101
         Time : 6.1147 [s]
 Initial cost : 2.16306 [px]
   Final cost : 0.361095 [px]
  Termination : No convergence

  => Filtered observations: 0
  => Filtered images: 0

==============================================================================
Initializing with image pair #4 and #2
==============================================================================


==============================================================================
Global bundle adjustment
==============================================================================

iter      cost      cost_change  |gradient|   |step|    tr_ratio  tr_radius  ls_iter  iter_time  total_time
   0  7.592987e+02    0.00e+00    8.30e+03   0.00e+00   0.00e+00  1.00e+04        0    7.56e-03    7.85e-03
   1  4.915315e+04   -4.84e+04    0.00e+00   3.06e+02  -1.15e+02  5.00e+03        1    4.19e-02    4.98e-02
   2  7.274730e+03   -6.52e+03    0.00e+00   1.85e+02  -2.07e+01  1.25e+03        1    4.86e-02    9.85e-02
   3  6.548688e+02    1.04e+02    5.51e+04   5.66e+01   5.81e-01  1.26e+03        1    6.14e-02    1.60e-01
   4  5.798352e+02    7.50e+01    4.82e+04   5.27e+01   5.57e-01  1.26e+03        1    6.21e-02    2.22e-01
   5  5.179044e+02    6.19e+01    4.37e+04   4.95e+01   5.34e-01  1.26e+03        1    6.17e-02    2.84e-01
   6  4.617560e+02    5.61e+01    4.02e+04   4.66e+01   5.27e-01  1.26e+03        1    6.01e-02    3.44e-01
   7  4.080907e+02    5.37e+01    3.65e+04   4.38e+01   5.41e-01  1.26e+03        1    6.22e-02    4.06e-01
   8  3.562229e+02    5.19e+01    3.22e+04   4.09e+01   5.73e-01  1.26e+03        1    6.17e-02    4.68e-01
   9  3.068929e+02    4.93e+01    2.72e+04   3.77e+01   6.20e-01  1.28e+03        1    6.71e-02    5.35e-01
  10  2.621926e+02    4.47e+01    2.21e+04   3.43e+01   6.73e-01  1.34e+03        1    5.68e-02    5.92e-01
  11  2.242731e+02    3.79e+01    1.73e+04   3.11e+01   7.20e-01  1.46e+03        1    6.05e-02    6.52e-01
  12  1.937925e+02    3.05e+01    1.37e+04   2.84e+01   7.55e-01  1.68e+03        1    5.96e-02    7.12e-01
  13  1.704047e+02    2.34e+01    1.12e+04   2.62e+01   7.83e-01  2.06e+03        1    6.05e-02    7.72e-01
  14  1.534045e+02    1.70e+01    8.87e+03   2.49e+01   8.08e-01  2.68e+03        1    5.95e-02    8.32e-01
  15  1.414503e+02    1.20e+01    7.16e+03   2.55e+01   8.36e-01  3.86e+03        1    6.06e-02    8.92e-01
  16  1.326206e+02    8.83e+00    6.18e+03   2.95e+01   8.53e-01  5.94e+03        1    6.16e-02    9.54e-01
  17  1.251235e+02    7.50e+00    4.76e+03   3.81e+01   8.15e-01  7.92e+03        1    6.22e-02    1.02e+00
  18  1.185434e+02    6.58e+00    3.52e+03   4.46e+01   7.00e-01  8.46e+03        1    6.17e-02    1.08e+00
  19  1.153567e+02    3.19e+00    4.19e+03   4.49e+01   2.86e-01  7.85e+03        1    6.21e-02    1.14e+00
  20  1.124372e+02    2.92e+00    6.02e+03   4.11e+01   1.70e-01  6.10e+03        1    6.13e-02    1.20e+00
  21  9.614706e+01    1.63e+01    4.41e+03   3.01e+01   7.68e-01  7.21e+03        1    5.92e-02    1.26e+00
  22  9.008413e+01    6.06e+00    4.83e+03   2.81e+01   5.98e-01  7.27e+03        1    5.98e-02    1.32e+00
  23  8.409152e+01    5.99e+00    2.67e+03   2.06e+01   8.36e-01  1.04e+04        1    6.19e-02    1.38e+00
  24  8.154491e+01    2.55e+00    1.99e+03   1.96e+01   6.59e-01  1.08e+04        1    6.14e-02    1.44e+00
  25  7.877823e+01    2.77e+00    2.61e+03   1.49e+01   8.00e-01  1.37e+04        1    6.19e-02    1.51e+00
  26  7.699680e+01    1.78e+00    4.70e+03   1.64e+01   5.45e-01  1.38e+04        1    6.09e-02    1.57e+00
  27  7.441203e+01    2.58e+00    4.77e+03   1.61e+01   6.28e-01  1.40e+04        1    6.11e-02    1.63e+00
  28  7.183176e+01    2.58e+00    4.78e+03   1.71e+01   6.05e-01  1.41e+04        1    6.05e-02    1.69e+00
  29  6.914103e+01    2.69e+00    4.62e+03   1.85e+01   5.96e-01  1.42e+04        1    6.10e-02    1.75e+00
  30  6.634678e+01    2.79e+00    4.38e+03   1.98e+01   5.91e-01  1.43e+04        1    6.18e-02    1.81e+00
  31  6.346044e+01    2.89e+00    4.07e+03   2.12e+01   5.90e-01  1.44e+04        1    6.17e-02    1.87e+00
  32  6.049594e+01    2.96e+00    3.71e+03   2.23e+01   5.94e-01  1.45e+04        1    6.18e-02    1.93e+00
  33  5.747548e+01    3.02e+00    3.30e+03   2.32e+01   6.02e-01  1.46e+04        1    6.14e-02    2.00e+00
  34  5.442707e+01    3.05e+00    2.88e+03   2.39e+01   6.13e-01  1.48e+04        1    6.44e-02    2.06e+00
  35  5.138576e+01    3.04e+00    2.47e+03   2.43e+01   6.28e-01  1.50e+04        1    5.87e-02    2.12e+00
  36  4.839428e+01    2.99e+00    2.10e+03   2.44e+01   6.45e-01  1.54e+04        1    6.10e-02    2.18e+00
  37  4.550334e+01    2.89e+00    1.83e+03   2.43e+01   6.66e-01  1.60e+04        1    6.14e-02    2.24e+00
  38  4.277066e+01    2.73e+00    1.69e+03   2.40e+01   6.89e-01  1.69e+04        1    6.28e-02    2.31e+00
  39  4.025819e+01    2.51e+00    1.74e+03   2.36e+01   7.13e-01  1.83e+04        1    6.19e-02    2.37e+00
  40  3.802746e+01    2.23e+00    2.03e+03   2.33e+01   7.37e-01  2.05e+04        1    6.03e-02    2.43e+00
  41  3.613390e+01    1.89e+00    2.61e+03   2.31e+01   7.55e-01  2.37e+04        1    6.20e-02    2.49e+00
  42  3.462056e+01    1.51e+00    3.46e+03   2.31e+01   7.55e-01  2.73e+04        1    6.31e-02    2.55e+00
  43  3.348962e+01    1.13e+00    4.27e+03   2.26e+01   7.28e-01  3.02e+04        1    6.08e-02    2.61e+00
  44  3.265368e+01    8.36e-01    4.45e+03   2.11e+01   7.03e-01  3.23e+04        1    6.33e-02    2.68e+00
  45  3.202415e+01    6.30e-01    4.09e+03   1.89e+01   6.98e-01  3.45e+04        1    6.17e-02    2.74e+00
  46  3.155125e+01    4.73e-01    3.54e+03   1.67e+01   7.07e-01  3.71e+04        1    6.24e-02    2.80e+00
  47  3.119918e+01    3.52e-01    2.98e+03   1.47e+01   7.21e-01  4.06e+04        1    5.93e-02    2.86e+00
  48  3.093795e+01    2.61e-01    2.50e+03   1.28e+01   7.37e-01  4.54e+04        1    6.22e-02    2.92e+00
  49  3.074225e+01    1.96e-01    2.09e+03   1.11e+01   7.55e-01  5.24e+04        1    6.23e-02    2.99e+00
  50  3.059140e+01    1.51e-01    1.76e+03   9.51e+00   7.75e-01  6.28e+04        1    6.19e-02    3.05e+00
  51  3.046785e+01    1.24e-01    1.50e+03   8.06e+00   8.00e-01  8.02e+04        1    6.51e-02    3.11e+00
  52  3.035502e+01    1.13e-01    1.30e+03   6.69e+00   8.30e-01  1.13e+05        1    5.93e-02    3.17e+00
  53  3.023311e+01    1.22e-01    1.12e+03   5.31e+00   8.62e-01  1.81e+05        1    6.02e-02    3.23e+00
  54  3.007314e+01    1.60e-01    8.22e+02   3.79e+00   8.69e-01  3.03e+05        1    6.17e-02    3.29e+00
  55  2.987585e+01    1.97e-01    1.27e+03   3.04e+00   7.22e-01  3.33e+05        1    6.23e-02    3.36e+00
  56  2.966858e+01    2.07e-01    8.11e+02   3.81e+00   6.33e-01  3.39e+05        1    6.11e-02    3.42e+00
  57  2.948709e+01    1.81e-01    1.37e+03   4.45e+00   5.00e-01  3.39e+05        1    6.17e-02    3.48e+00
  58  2.930583e+01    1.81e-01    1.60e+03   5.02e+00   4.38e-01  3.38e+05        1    6.09e-02    3.54e+00
  59  2.913144e+01    1.74e-01    1.79e+03   5.54e+00   3.82e-01  3.34e+05        1    6.03e-02    3.60e+00
  60  2.895138e+01    1.80e-01    1.85e+03   6.00e+00   3.63e-01  3.27e+05        1    5.92e-02    3.66e+00
  61  2.876682e+01    1.85e-01    1.87e+03   6.37e+00   3.54e-01  3.19e+05        1    6.46e-02    3.72e+00
  62  2.858011e+01    1.87e-01    1.84e+03   6.68e+00   3.51e-01  3.11e+05        1    5.27e-02    3.78e+00
  63  2.839375e+01    1.86e-01    1.80e+03   6.92e+00   3.49e-01  3.03e+05        1    6.06e-02    3.84e+00
  64  2.820898e+01    1.85e-01    1.73e+03   7.10e+00   3.49e-01  2.95e+05        1    6.03e-02    3.90e+00
  65  2.802726e+01    1.82e-01    1.67e+03   7.24e+00   3.49e-01  2.87e+05        1    6.02e-02    3.96e+00
  66  2.784881e+01    1.78e-01    1.60e+03   7.34e+00   3.51e-01  2.79e+05        1    6.15e-02    4.03e+00
  67  2.767442e+01    1.74e-01    1.53e+03   7.41e+00   3.52e-01  2.72e+05        1    6.24e-02    4.09e+00
  68  2.750371e+01    1.71e-01    1.50e+03   7.46e+00   3.55e-01  2.66e+05        1    6.10e-02    4.15e+00
  69  2.733711e+01    1.67e-01    1.51e+03   7.49e+00   3.57e-01  2.60e+05        1    6.12e-02    4.21e+00
  70  2.717403e+01    1.63e-01    1.52e+03   7.50e+00   3.59e-01  2.54e+05        1    6.33e-02    4.27e+00
  71  2.701465e+01    1.59e-01    1.52e+03   7.51e+00   3.61e-01  2.49e+05        1    6.08e-02    4.34e+00
  72  2.685837e+01    1.56e-01    1.53e+03   7.50e+00   3.64e-01  2.44e+05        1    6.11e-02    4.40e+00
  73  2.670526e+01    1.53e-01    1.53e+03   7.49e+00   3.66e-01  2.39e+05        1    5.98e-02    4.46e+00
  74  2.655480e+01    1.50e-01    1.54e+03   7.47e+00   3.68e-01  2.35e+05        1    6.18e-02    4.52e+00
  75  2.640694e+01    1.48e-01    1.54e+03   7.45e+00   3.70e-01  2.31e+05        1    6.00e-02    4.58e+00
  76  2.626130e+01    1.46e-01    1.55e+03   7.42e+00   3.73e-01  2.27e+05        1    6.22e-02    4.64e+00
  77  2.611776e+01    1.44e-01    1.55e+03   7.39e+00   3.75e-01  2.24e+05        1    6.17e-02    4.70e+00
  78  2.597605e+01    1.42e-01    1.56e+03   7.36e+00   3.77e-01  2.20e+05        1    6.01e-02    4.76e+00
  79  2.583604e+01    1.40e-01    1.57e+03   7.33e+00   3.79e-01  2.17e+05        1    6.22e-02    4.82e+00
  80  2.569752e+01    1.39e-01    1.57e+03   7.30e+00   3.80e-01  2.14e+05        1    6.14e-02    4.89e+00
  81  2.556035e+01    1.37e-01    1.58e+03   7.26e+00   3.82e-01  2.11e+05        1    6.14e-02    4.95e+00
  82  2.542439e+01    1.36e-01    1.59e+03   7.23e+00   3.84e-01  2.09e+05        1    6.47e-02    5.01e+00
  83  2.528952e+01    1.35e-01    1.60e+03   7.19e+00   3.85e-01  2.06e+05        1    6.11e-02    5.07e+00
  84  2.515563e+01    1.34e-01    1.60e+03   7.15e+00   3.87e-01  2.04e+05        1    6.24e-02    5.14e+00
  85  2.502260e+01    1.33e-01    1.61e+03   7.12e+00   3.88e-01  2.02e+05        1    6.22e-02    5.20e+00
  86  2.489035e+01    1.32e-01    1.62e+03   7.08e+00   3.89e-01  2.00e+05        1    6.34e-02    5.26e+00
  87  2.475880e+01    1.32e-01    1.63e+03   7.04e+00   3.90e-01  1.97e+05        1    6.17e-02    5.32e+00
  88  2.462788e+01    1.31e-01    1.64e+03   7.00e+00   3.91e-01  1.95e+05        1    5.90e-02    5.38e+00
  89  2.449750e+01    1.30e-01    1.65e+03   6.96e+00   3.92e-01  1.93e+05        1    6.25e-02    5.44e+00
  90  2.436763e+01    1.30e-01    1.66e+03   6.92e+00   3.93e-01  1.92e+05        1    6.11e-02    5.51e+00
  91  2.423819e+01    1.29e-01    1.66e+03   6.88e+00   3.93e-01  1.90e+05        1    6.07e-02    5.57e+00
  92  2.410915e+01    1.29e-01    1.67e+03   6.84e+00   3.94e-01  1.88e+05        1    6.25e-02    5.63e+00
  93  2.398046e+01    1.29e-01    1.68e+03   6.80e+00   3.94e-01  1.86e+05        1    6.22e-02    5.69e+00
  94  2.385208e+01    1.28e-01    1.69e+03   6.76e+00   3.94e-01  1.84e+05        1    6.23e-02    5.75e+00
  95  2.372398e+01    1.28e-01    1.70e+03   6.72e+00   3.94e-01  1.83e+05        1    6.06e-02    5.81e+00
  96  2.359613e+01    1.28e-01    1.70e+03   6.68e+00   3.94e-01  1.81e+05        1    6.03e-02    5.88e+00
  97  2.346850e+01    1.28e-01    1.71e+03   6.63e+00   3.94e-01  1.79e+05        1    6.05e-02    5.94e+00
  98  2.334107e+01    1.27e-01    1.72e+03   6.59e+00   3.94e-01  1.78e+05        1    6.61e-02    6.00e+00
  99  2.321382e+01    1.27e-01    1.72e+03   6.54e+00   3.93e-01  1.76e+05        1    6.03e-02    6.06e+00
 100  2.308674e+01    1.27e-01    1.72e+03   6.50e+00   3.92e-01  1.74e+05        1    6.08e-02    6.12e+00


Bundle adjustment report
------------------------
    Residuals : 268
   Parameters : 212
   Iterations : 101
         Time : 6.12335 [s]
 Initial cost : 1.68321 [px]
   Final cost : 0.293504 [px]
  Termination : No convergence

  => Filtered observations: 0
  => Filtered images: 0

==============================================================================
Initializing with image pair #6 and #5
==============================================================================


==============================================================================
Global bundle adjustment
==============================================================================

iter      cost      cost_change  |gradient|   |step|    tr_ratio  tr_radius  ls_iter  iter_time  total_time
   0  9.950527e+03    0.00e+00    1.30e+05   0.00e+00   0.00e+00  1.00e+04        0    9.46e-03    1.01e-02
   1  5.666123e+03    4.28e+03    1.12e+05   6.38e+01   4.35e-01  9.98e+03        1    5.79e-02    6.81e-02
   2  1.005656e+03    4.66e+03    1.02e+05   1.45e+02   8.25e-01  1.38e+04        1    6.03e-02    1.28e-01
   3  1.574879e+01    9.90e+02    6.53e+03   2.16e+01   9.97e-01  4.13e+04        1    6.16e-02    1.90e-01
   4  1.210158e+01    3.65e+00    1.13e+04   1.16e+01   5.90e-01  4.15e+04        1    6.08e-02    2.51e-01
   5  9.303082e+00    2.80e+00    1.35e+03   7.24e+00   9.94e-01  1.25e+05        1    6.21e-02    3.13e-01
   6  9.247120e+00    5.60e-02    8.00e+02   1.05e+01   9.16e-01  2.93e+05        1    6.32e-02    3.76e-01
   7  9.243284e+00    3.84e-03    2.42e+03   1.81e+01   7.98e-02  1.84e+05        1    6.01e-02    4.36e-01
   8  9.181696e+00    6.16e-02    8.92e+02   1.06e+01   9.09e-01  4.07e+05        1    6.18e-02    4.98e-01
   9  9.243109e+00   -6.14e-02    0.00e+00   2.23e+01  -1.12e+00  2.03e+05        1    4.82e-02    5.46e-01
  10  9.158541e+00    2.32e-02    1.02e+03   1.14e+01   7.41e-01  2.29e+05        1    5.81e-02    6.04e-01
  11  9.135345e+00    2.32e-02    1.22e+03   1.25e+01   6.70e-01  2.38e+05        1    6.00e-02    6.64e-01
  12  9.109845e+00    2.55e-02    1.23e+03   1.26e+01   6.84e-01  2.51e+05        1    6.19e-02    7.26e-01
  13  9.085286e+00    2.46e-02    1.27e+03   1.29e+01   6.61e-01  2.59e+05        1    6.15e-02    7.88e-01
  14  9.060787e+00    2.45e-02    1.27e+03   1.30e+01   6.62e-01  2.69e+05        1    6.09e-02    8.49e-01
  15  9.037189e+00    2.36e-02    1.26e+03   1.30e+01   6.55e-01  2.77e+05        1    6.15e-02    9.10e-01
  16  9.014377e+00    2.28e-02    1.24e+03   1.30e+01   6.54e-01  2.85e+05        1    6.22e-02    9.72e-01
  17  8.992530e+00    2.18e-02    1.22e+03   1.29e+01   6.52e-01  2.93e+05        1    6.06e-02    1.03e+00
  18  8.971650e+00    2.09e-02    1.19e+03   1.29e+01   6.51e-01  3.02e+05        1    6.19e-02    1.09e+00
  19  8.951763e+00    1.99e-02    1.16e+03   1.28e+01   6.50e-01  3.10e+05        1    6.27e-02    1.16e+00
  20  8.932862e+00    1.89e-02    1.13e+03   1.27e+01   6.50e-01  3.19e+05        1    5.92e-02    1.22e+00
  21  8.914932e+00    1.79e-02    1.10e+03   1.26e+01   6.50e-01  3.27e+05        1    6.35e-02    1.28e+00
  22  8.897952e+00    1.70e-02    1.07e+03   1.25e+01   6.50e-01  3.37e+05        1    6.30e-02    1.34e+00
  23  8.881893e+00    1.61e-02    1.03e+03   1.23e+01   6.51e-01  3.46e+05        1    6.19e-02    1.41e+00
  24  8.866726e+00    1.52e-02    1.00e+03   1.22e+01   6.51e-01  3.56e+05        1    5.38e-02    1.47e+00
  25  8.852419e+00    1.43e-02    9.68e+02   1.21e+01   6.52e-01  3.66e+05        1    6.19e-02    1.53e+00
  26  8.838937e+00    1.35e-02    9.36e+02   1.20e+01   6.53e-01  3.77e+05        1    6.25e-02    1.59e+00
  27  8.826247e+00    1.27e-02    9.05e+02   1.18e+01   6.53e-01  3.88e+05        1    6.20e-02    1.65e+00
  28  8.814317e+00    1.19e-02    8.73e+02   1.17e+01   6.54e-01  4.00e+05        1    5.95e-02    1.71e+00
  29  8.803112e+00    1.12e-02    8.43e+02   1.15e+01   6.55e-01  4.12e+05        1    6.19e-02    1.77e+00
  30  8.792601e+00    1.05e-02    8.12e+02   1.14e+01   6.56e-01  4.25e+05        1    6.23e-02    1.84e+00
  31  8.782752e+00    9.85e-03    7.82e+02   1.12e+01   6.57e-01  4.38e+05        1    6.03e-02    1.90e+00
  32  8.773535e+00    9.22e-03    7.53e+02   1.11e+01   6.58e-01  4.53e+05        1    6.23e-02    1.96e+00
  33  8.764918e+00    8.62e-03    7.24e+02   1.09e+01   6.59e-01  4.68e+05        1    6.42e-02    2.02e+00
  34  8.756875e+00    8.04e-03    6.96e+02   1.08e+01   6.60e-01  4.83e+05        1    5.88e-02    2.08e+00
  35  8.749375e+00    7.50e-03    6.68e+02   1.06e+01   6.61e-01  5.00e+05        1    6.10e-02    2.14e+00
  36  8.742394e+00    6.98e-03    6.41e+02   1.04e+01   6.62e-01  5.18e+05        1    5.99e-02    2.20e+00
  37  8.735903e+00    6.49e-03    6.14e+02   1.03e+01   6.63e-01  5.36e+05        1    6.12e-02    2.26e+00
  38  8.729879e+00    6.02e-03    5.88e+02   1.01e+01   6.64e-01  5.56e+05        1    6.24e-02    2.33e+00
  39  8.724296e+00    5.58e-03    5.62e+02   9.94e+00   6.66e-01  5.77e+05        1    6.13e-02    2.39e+00
  40  8.719132e+00    5.16e-03    5.36e+02   9.76e+00   6.67e-01  5.99e+05        1    6.34e-02    2.45e+00
  41  8.714364e+00    4.77e-03    5.11e+02   9.58e+00   6.68e-01  6.23e+05        1    6.47e-02    2.52e+00
  42  8.709971e+00    4.39e-03    4.87e+02   9.40e+00   6.70e-01  6.48e+05        1    6.29e-02    2.58e+00
  43  8.705931e+00    4.04e-03    4.62e+02   9.21e+00   6.71e-01  6.76e+05        1    6.30e-02    2.64e+00
  44  8.702224e+00    3.71e-03    4.39e+02   9.02e+00   6.73e-01  7.05e+05        1    6.21e-02    2.70e+00
  45  8.698831e+00    3.39e-03    4.15e+02   8.83e+00   6.75e-01  7.36e+05        1    6.01e-02    2.76e+00
  46  8.695734e+00    3.10e-03    3.93e+02   8.64e+00   6.76e-01  7.70e+05        1    6.22e-02    2.83e+00
  47  8.692915e+00    2.82e-03    3.70e+02   8.43e+00   6.78e-01  8.06e+05        1    6.30e-02    2.89e+00
  48  8.690356e+00    2.56e-03    3.48e+02   8.23e+00   6.80e-01  8.46e+05        1    6.16e-02    2.95e+00
  49  8.688041e+00    2.31e-03    3.26e+02   8.02e+00   6.82e-01  8.89e+05        1    6.06e-02    3.01e+00
  50  8.685955e+00    2.09e-03    3.05e+02   7.81e+00   6.85e-01  9.36e+05        1    6.24e-02    3.07e+00
  51  8.684082e+00    1.87e-03    2.84e+02   7.59e+00   6.87e-01  9.88e+05        1    6.19e-02    3.13e+00
  52  8.682408e+00    1.67e-03    2.63e+02   7.36e+00   6.90e-01  1.04e+06        1    6.23e-02    3.20e+00
  53  8.680918e+00    1.49e-03    2.43e+02   7.13e+00   6.92e-01  1.11e+06        1    6.19e-02    3.26e+00
  54  8.679599e+00    1.32e-03    2.23e+02   6.89e+00   6.95e-01  1.18e+06        1    6.53e-02    3.32e+00
  55  8.678439e+00    1.16e-03    2.04e+02   6.65e+00   6.98e-01  1.26e+06        1    5.98e-02    3.38e+00
  56  8.677424e+00    1.01e-03    1.85e+02   6.40e+00   7.02e-01  1.34e+06        1    6.01e-02    3.44e+00
  57  8.676543e+00    8.81e-04    1.66e+02   6.13e+00   7.05e-01  1.44e+06        1    6.10e-02    3.51e+00
  58  8.675785e+00    7.58e-04    1.47e+02   5.86e+00   7.09e-01  1.56e+06        1    5.97e-02    3.57e+00
  59  8.675138e+00    6.47e-04    1.29e+02   5.58e+00   7.13e-01  1.69e+06        1    6.20e-02    3.63e+00
  60  8.674592e+00    5.46e-04    1.11e+02   5.29e+00   7.18e-01  1.84e+06        1    6.10e-02    3.69e+00
  61  8.674136e+00    4.55e-04    9.37e+01   4.98e+00   7.22e-01  2.02e+06        1    6.25e-02    3.75e+00
  62  8.673762e+00    3.74e-04    7.66e+01   4.66e+00   7.27e-01  2.23e+06        1    6.31e-02    3.81e+00
  63  8.673460e+00    3.02e-04    6.00e+01   4.32e+00   7.32e-01  2.47e+06        1    6.06e-02    3.87e+00
  64  8.673220e+00    2.40e-04    4.41e+01   3.96e+00   7.37e-01  2.77e+06        1    5.94e-02    3.93e+00
  65  8.673035e+00    1.85e-04    2.90e+01   3.57e+00   7.41e-01  3.12e+06        1    5.97e-02    3.99e+00
  66  8.672895e+00    1.40e-04    1.53e+01   3.15e+00   7.44e-01  3.53e+06        1    6.65e-02    4.06e+00
  67  8.672793e+00    1.02e-04    9.64e+00   2.70e+00   7.45e-01  4.00e+06        1    6.20e-02    4.12e+00
  68  8.672721e+00    7.23e-05    5.70e+00   2.24e+00   7.44e-01  4.53e+06        1    6.08e-02    4.18e+00
  69  8.672671e+00    4.98e-05    1.12e+01   1.77e+00   7.42e-01  5.11e+06        1    6.71e-02    4.25e+00
  70  8.672637e+00    3.38e-05    1.26e+01   1.33e+00   7.40e-01  5.74e+06        1    6.09e-02    4.31e+00
  71  8.672614e+00    2.31e-05    1.02e+01   9.99e-01   7.41e-01  6.47e+06        1    6.14e-02    4.37e+00
  72  8.672598e+00    1.64e-05    4.88e+00   8.44e-01   7.42e-01  7.30e+06        1    6.29e-02    4.44e+00
  73  8.672585e+00    1.24e-05    3.96e+00   8.96e-01   7.36e-01  8.15e+06        1    6.30e-02    4.50e+00
  74  8.672575e+00    1.02e-05    1.11e+01   1.06e+00   7.14e-01  8.84e+06        1    6.57e-02    4.56e+00
  75  8.672566e+00    8.92e-06    1.85e+01   1.21e+00   6.87e-01  9.33e+06        1    5.98e-02    4.62e+00
  76  8.672558e+00    8.24e-06    2.34e+01   1.31e+00   6.68e-01  9.70e+06        1    6.17e-02    4.69e+00
  77  8.672550e+00    7.78e-06    2.60e+01   1.36e+00   6.58e-01  1.00e+07        1    6.28e-02    4.75e+00
  78  8.672543e+00    7.36e-06    2.71e+01   1.38e+00   6.55e-01  1.03e+07        1    6.13e-02    4.81e+00
  79  8.672536e+00    6.94e-06    2.72e+01   1.38e+00   6.54e-01  1.06e+07        1    6.18e-02    4.87e+00
  80  8.672529e+00    6.51e-06    2.67e+01   1.36e+00   6.56e-01  1.10e+07        1    6.20e-02    4.93e+00
  81  8.672523e+00    6.08e-06    2.60e+01   1.34e+00   6.58e-01  1.13e+07        1    5.97e-02    4.99e+00
  82  8.672517e+00    5.66e-06    2.51e+01   1.32e+00   6.60e-01  1.17e+07        1    6.16e-02    5.06e+00
  83  8.672512e+00    5.25e-06    2.41e+01   1.29e+00   6.63e-01  1.21e+07        1    6.26e-02    5.12e+00
  84  8.672507e+00    4.86e-06    2.31e+01   1.26e+00   6.66e-01  1.26e+07        1    6.17e-02    5.18e+00
  85  8.672503e+00    4.49e-06    2.21e+01   1.23e+00   6.68e-01  1.31e+07        1    6.27e-02    5.24e+00
  86  8.672499e+00    4.13e-06    2.11e+01   1.21e+00   6.71e-01  1.36e+07        1    5.99e-02    5.30e+00
  87  8.672495e+00    3.79e-06    2.01e+01   1.18e+00   6.74e-01  1.42e+07        1    6.03e-02    5.36e+00
  88  8.672492e+00    3.46e-06    1.91e+01   1.15e+00   6.77e-01  1.49e+07        1    5.79e-02    5.42e+00
  89  8.672488e+00    3.16e-06    1.81e+01   1.12e+00   6.79e-01  1.56e+07        1    6.14e-02    5.48e+00
  90  8.672485e+00    2.86e-06    1.71e+01   1.09e+00   6.82e-01  1.64e+07        1    5.88e-02    5.54e+00
  91  8.672483e+00    2.59e-06    1.62e+01   1.06e+00   6.86e-01  1.73e+07        1    6.26e-02    5.60e+00
  92  8.672481e+00    2.33e-06    1.52e+01   1.02e+00   6.89e-01  1.83e+07        1    6.20e-02    5.67e+00
  93  8.672478e+00    2.08e-06    1.43e+01   9.91e-01   6.93e-01  1.94e+07        1    5.89e-02    5.72e+00
  94  8.672477e+00    1.85e-06    1.33e+01   9.58e-01   6.97e-01  2.06e+07        1    5.85e-02    5.78e+00
  95  8.672475e+00    1.63e-06    1.24e+01   9.25e-01   7.01e-01  2.21e+07        1    6.30e-02    5.85e+00
  96  8.672474e+00    1.43e-06    1.15e+01   8.90e-01   7.05e-01  2.37e+07        1    6.23e-02    5.91e+00
  97  8.672472e+00    1.24e-06    1.06e+01   8.54e-01   7.10e-01  2.56e+07        1    6.41e-02    5.97e+00
  98  8.672471e+00    1.07e-06    9.73e+00   8.18e-01   7.16e-01  2.79e+07        1    6.06e-02    6.03e+00
  99  8.672470e+00    9.05e-07    8.86e+00   7.80e-01   7.22e-01  3.05e+07        1    6.07e-02    6.09e+00
 100  8.672470e+00    7.59e-07    8.00e+00   7.41e-01   7.29e-01  3.38e+07        1    6.03e-02    6.15e+00


Bundle adjustment report
------------------------
    Residuals : 472
   Parameters : 365
   Iterations : 101
         Time : 6.16047 [s]
 Initial cost : 4.59147 [px]
   Final cost : 0.13555 [px]
  Termination : No convergence

  => Filtered observations: 0
  => Filtered images: 0
  => No good initial image pair found.

Elapsed time: 1.322 [minutes]
F0622 09:49:28.953424 1258503 reconstruction.cc:806] cameras, images, points3D files do not exist at ../../data/object_A_all_3dgs/distorted/sparse/0
*** Check failure stack trace: ***
    @     0x7f6680e7d1c3  google::LogMessage::Fail()
    @     0x7f6680e8225b  google::LogMessage::SendToLog()
    @     0x7f6680e7cebf  google::LogMessage::Flush()
    @     0x7f6680e7d6ef  google::LogMessageFatal::~LogMessageFatal()
    @     0x55964a37d617  colmap::Reconstruction::Read()
    @     0x55964a2c14d1  RunImageUndistorter()
    @     0x55964a2b6eaf  main
    @     0x7f667efc0083  __libc_start_main
    @     0x55964a2baf6e  _start
ERROR:root:Mapper failed with code 134. Exiting.

ERROR conda.cli.main_run:execute(125): `conda run python convert.py -s ../../data/object_A_all_3dgs --resize --no_gpu` failed. (See above for error)

Command exited with non-zero status 134
	Command being timed: "bash -lc cd third_party/gaussian-splatting && PYTHONPATH="/home/zhangzhiwei/homework/shenduxuexi /hw3_spatial_intelligence_project/local_pkgs/3dgs" /home/zhangzhiwei/miniconda3/bin/conda run -n base python convert.py -s ../../data/object_A_all_3dgs --resize --no_gpu"
	User time (seconds): 9514.29
	System time (seconds): 33.94
	Percent of CPU this job got: 10156%
	Elapsed (wall clock) time (h:mm:ss or m:ss): 1:34.01
	Average shared text size (kbytes): 0
	Average unshared data size (kbytes): 0
	Average stack size (kbytes): 0
	Average total size (kbytes): 0
	Maximum resident set size (kbytes): 3701796
	Average resident set size (kbytes): 0
	Major (requiring I/O) page faults: 0
	Minor (reclaiming a frame) page faults: 1619645
	Voluntary context switches: 1454204
	Involuntary context switches: 952817
	Swaps: 0
	File system inputs: 8
	File system outputs: 10760
	Socket messages sent: 0
	Socket messages received: 0
	Signals delivered: 0
	Page size (bytes): 4096
	Exit status: 134

## nvidia-smi after
Mon Jun 22 09:49:35 2026       
+-----------------------------------------------------------------------------------------+
| NVIDIA-SMI 550.54.14              Driver Version: 550.54.14      CUDA Version: 12.4     |
|-----------------------------------------+------------------------+----------------------+
| GPU  Name                 Persistence-M | Bus-Id          Disp.A | Volatile Uncorr. ECC |
| Fan  Temp   Perf          Pwr:Usage/Cap |           Memory-Usage | GPU-Util  Compute M. |
|                                         |                        |               MIG M. |
|=========================================+========================+======================|
|   0  NVIDIA RTX A6000               Off |   00000000:01:00.0 Off |                  Off |
| 37%   64C    P2            163W /  300W |    4908MiB /  49140MiB |      0%      Default |
|                                         |                        |                  N/A |
+-----------------------------------------+------------------------+----------------------+
|   1  NVIDIA RTX A6000               Off |   00000000:25:00.0 Off |                  Off |
| 30%   33C    P8              8W /  300W |       3MiB /  49140MiB |      0%      Default |
|                                         |                        |                  N/A |
+-----------------------------------------+------------------------+----------------------+
|   2  NVIDIA RTX A6000               Off |   00000000:E1:00.0 Off |                  Off |
| 30%   31C    P8             11W /  300W |       3MiB /  49140MiB |      0%      Default |
|                                         |                        |                  N/A |
+-----------------------------------------+------------------------+----------------------+
                                                                                         
+-----------------------------------------------------------------------------------------+
| Processes:                                                                              |
|  GPU   GI   CI        PID   Type   Process name                              GPU Memory |
|        ID   ID                                                               Usage      |
|=========================================================================================|
|    0   N/A  N/A   1088867      C   python                                       4902MiB |
+-----------------------------------------------------------------------------------------+

status: 134
end: 2026-06-22T09:49:35+00:00
duration_sec: 94
