# Single-image proxy mesh inferred from the prepared cup RGBA foreground
v 0.3400000 0.0000000 0.0600000 0.14902 0.15686 0.18431
v 0.3378622 0.0380679 0.0600000 0.14902 0.15686 0.18431
v 0.3314755 0.0756571 0.0600000 0.14902 0.15686 0.18431
v 0.3209203 0.1122949 0.0600000 0.14902 0.15686 0.18431
v 0.3063294 0.1475205 0.0600000 0.14902 0.15686 0.18431
v 0.2878862 0.1808909 0.0600000 0.14902 0.15686 0.18431
v 0.2658227 0.2119865 0.0600000 0.14902 0.15686 0.18431
v 0.2404163 0.2404163 0.0600000 0.14902 0.15686 0.18431
v 0.2119865 0.2658227 0.0600000 0.14902 0.15686 0.18431
v 0.1808909 0.2878862 0.0600000 0.14902 0.15686 0.18431
v 0.1475205 0.3063294 0.0600000 0.14902 0.15686 0.18431
v 0.1122949 0.3209203 0.0600000 0.14902 0.15686 0.18431
v 0.0756571 0.3314755 0.0600000 0.14902 0.15686 0.18431
v 0.0380679 0.3378622 0.0600000 0.14902 0.15686 0.18431
v 0.0000000 0.3400000 0.0600000 0.14902 0.15686 0.18431
v -0.0380679 0.3378622 0.0600000 0.14902 0.15686 0.18431
v -0.0756571 0.3314755 0.0600000 0.14902 0.15686 0.18431
v -0.1122949 0.3209203 0.0600000 0.14902 0.15686 0.18431
v -0.1475205 0.3063294 0.0600000 0.14902 0.15686 0.18431
v -0.1808909 0.2878862 0.0600000 0.14902 0.15686 0.18431
v -0.2119865 0.2658227 0.0600000 0.14902 0.15686 0.18431
v -0.2404163 0.2404163 0.0600000 0.14902 0.15686 0.18431
v -0.2658227 0.2119865 0.0600000 0.14902 0.15686 0.18431
v -0.2878862 0.1808909 0.0600000 0.14902 0.15686 0.18431
v -0.3063294 0.1475205 0.0600000 0.14902 0.15686 0.18431
v -0.3209203 0.1122949 0.0600000 0.14902 0.15686 0.18431
v -0.3314755 0.0756571 0.0600000 0.14902 0.15686 0.18431
v -0.3378622 0.0380679 0.0600000 0.14902 0.15686 0.18431
v -0.3400000 0.0000000 0.0600000 0.14902 0.15686 0.18431
v -0.3378622 -0.0380679 0.0600000 0.14902 0.15686 0.18431
v -0.3314755 -0.0756571 0.0600000 0.14902 0.15686 0.18431
v -0.3209203 -0.1122949 0.0600000 0.14902 0.15686 0.18431
v -0.3063294 -0.1475205 0.0600000 0.14902 0.15686 0.18431
v -0.2878862 -0.1808909 0.0600000 0.14902 0.15686 0.18431
v -0.2658227 -0.2119865 0.0600000 0.14902 0.15686 0.18431
v -0.2404163 -0.2404163 0.0600000 0.14902 0.15686 0.18431
v -0.2119865 -0.2658227 0.0600000 0.14902 0.15686 0.18431
v -0.1808909 -0.2878862 0.0600000 0.14902 0.15686 0.18431
v -0.1475205 -0.3063294 0.0600000 0.14902 0.15686 0.18431
v -0.1122949 -0.3209203 0.0600000 0.14902 0.15686 0.18431
v -0.0756571 -0.3314755 0.0600000 0.14902 0.15686 0.18431
v -0.0380679 -0.3378622 0.0600000 0.14902 0.15686 0.18431
v -0.0000000 -0.3400000 0.0600000 0.14902 0.15686 0.18431
v 0.0380679 -0.3378622 0.0600000 0.14902 0.15686 0.18431
v 0.0756571 -0.3314755 0.0600000 0.14902 0.15686 0.18431
v 0.1122949 -0.3209203 0.0600000 0.14902 0.15686 0.18431
v 0.1475205 -0.3063294 0.0600000 0.14902 0.15686 0.18431
v 0.1808909 -0.2878862 0.0600000 0.14902 0.15686 0.18431
v 0.2119865 -0.2658227 0.0600000 0.14902 0.15686 0.18431
v 0.2404163 -0.2404163 0.0600000 0.14902 0.15686 0.18431
v 0.2658227 -0.2119865 0.0600000 0.14902 0.15686 0.18431
v 0.2878862 -0.1808909 0.0600000 0.14902 0.15686 0.18431
v 0.3063294 -0.1475205 0.0600000 0.14902 0.15686 0.18431
v 0.3209203 -0.1122949 0.0600000 0.14902 0.15686 0.18431
v 0.3314755 -0.0756571 0.0600000 0.14902 0.15686 0.18431
v 0.3378622 -0.0380679 0.0600000 0.14902 0.15686 0.18431
v 0.3400000 0.0000000 0.1533333 0.14902 0.15686 0.18431
v 0.3378622 0.0380679 0.1533333 0.14902 0.15686 0.18431
v 0.3314755 0.0756571 0.1533333 0.14902 0.15686 0.18431
v 0.3209203 0.1122949 0.1533333 0.14902 0.15686 0.18431
v 0.3063294 0.1475205 0.1533333 0.14902 0.15686 0.18431
v 0.2878862 0.1808909 0.1533333 0.14902 0.15686 0.18431
v 0.2658227 0.2119865 0.1533333 0.14902 0.15686 0.18431
v 0.2404163 0.2404163 0.1533333 0.14902 0.15686 0.18431
v 0.2119865 0.2658227 0.1533333 0.14902 0.15686 0.18431
v 0.1808909 0.2878862 0.1533333 0.14902 0.15686 0.18431
v 0.1475205 0.3063294 0.1533333 0.14902 0.15686 0.18431
v 0.1122949 0.3209203 0.1533333 0.14902 0.15686 0.18431
v 0.0756571 0.3314755 0.1533333 0.14902 0.15686 0.18431
v 0.0380679 0.3378622 0.1533333 0.14902 0.15686 0.18431
v 0.0000000 0.3400000 0.1533333 0.14902 0.15686 0.18431
v -0.0380679 0.3378622 0.1533333 0.14902 0.15686 0.18431
v -0.0756571 0.3314755 0.1533333 0.14902 0.15686 0.18431
v -0.1122949 0.3209203 0.1533333 0.14902 0.15686 0.18431
v -0.1475205 0.3063294 0.1533333 0.14902 0.15686 0.18431
v -0.1808909 0.2878862 0.1533333 0.14902 0.15686 0.18431
v -0.2119865 0.2658227 0.1533333 0.14902 0.15686 0.18431
v -0.2404163 0.2404163 0.1533333 0.14902 0.15686 0.18431
v -0.2658227 0.2119865 0.1533333 0.14902 0.15686 0.18431
v -0.2878862 0.1808909 0.1533333 0.14902 0.15686 0.18431
v -0.3063294 0.1475205 0.1533333 0.14902 0.15686 0.18431
v -0.3209203 0.1122949 0.1533333 0.14902 0.15686 0.18431
v -0.3314755 0.0756571 0.1533333 0.14902 0.15686 0.18431
v -0.3378622 0.0380679 0.1533333 0.14902 0.15686 0.18431
v -0.3400000 0.0000000 0.1533333 0.14902 0.15686 0.18431
v -0.3378622 -0.0380679 0.1533333 0.14902 0.15686 0.18431
v -0.3314755 -0.0756571 0.1533333 0.14902 0.15686 0.18431
v -0.3209203 -0.1122949 0.1533333 0.14902 0.15686 0.18431
v -0.3063294 -0.1475205 0.1533333 0.14902 0.15686 0.18431
v -0.2878862 -0.1808909 0.1533333 0.14902 0.15686 0.18431
v -0.2658227 -0.2119865 0.1533333 0.14902 0.15686 0.18431
v -0.2404163 -0.2404163 0.1533333 0.14902 0.15686 0.18431
v -0.2119865 -0.2658227 0.1533333 0.14902 0.15686 0.18431
v -0.1808909 -0.2878862 0.1533333 0.14902 0.15686 0.18431
v -0.1475205 -0.3063294 0.1533333 0.14902 0.15686 0.18431
v -0.1122949 -0.3209203 0.1533333 0.14902 0.15686 0.18431
v -0.0756571 -0.3314755 0.1533333 0.14902 0.15686 0.18431
v -0.0380679 -0.3378622 0.1533333 0.14902 0.15686 0.18431
v -0.0000000 -0.3400000 0.1533333 0.14902 0.15686 0.18431
v 0.0380679 -0.3378622 0.1533333 0.14902 0.15686 0.18431
v 0.0756571 -0.3314755 0.1533333 0.14902 0.15686 0.18431
v 0.1122949 -0.3209203 0.1533333 0.14902 0.15686 0.18431
v 0.1475205 -0.3063294 0.1533333 0.14902 0.15686 0.18431
v 0.1808909 -0.2878862 0.1533333 0.14902 0.15686 0.18431
v 0.2119865 -0.2658227 0.1533333 0.14902 0.15686 0.18431
v 0.2404163 -0.2404163 0.1533333 0.14902 0.15686 0.18431
v 0.2658227 -0.2119865 0.1533333 0.14902 0.15686 0.18431
v 0.2878862 -0.1808909 0.1533333 0.14902 0.15686 0.18431
v 0.3063294 -0.1475205 0.1533333 0.14902 0.15686 0.18431
v 0.3209203 -0.1122949 0.1533333 0.14902 0.15686 0.18431
v 0.3314755 -0.0756571 0.1533333 0.14902 0.15686 0.18431
v 0.3378622 -0.0380679 0.1533333 0.14902 0.15686 0.18431
v 0.3400000 0.0000000 0.2466667 0.14902 0.15686 0.18431
v 0.3378622 0.0380679 0.2466667 0.14902 0.15686 0.18431
v 0.3314755 0.0756571 0.2466667 0.14902 0.15686 0.18431
v 0.3209203 0.1122949 0.2466667 0.14902 0.15686 0.18431
v 0.3063294 0.1475205 0.2466667 0.14902 0.15686 0.18431
v 0.2878862 0.1808909 0.2466667 0.14902 0.15686 0.18431
v 0.2658227 0.2119865 0.2466667 0.14902 0.15686 0.18431
v 0.2404163 0.2404163 0.2466667 0.14902 0.15686 0.18431
v 0.2119865 0.2658227 0.2466667 0.14902 0.15686 0.18431
v 0.1808909 0.2878862 0.2466667 0.14902 0.15686 0.18431
v 0.1475205 0.3063294 0.2466667 0.14902 0.15686 0.18431
v 0.1122949 0.3209203 0.2466667 0.14902 0.15686 0.18431
v 0.0756571 0.3314755 0.2466667 0.14902 0.15686 0.18431
v 0.0380679 0.3378622 0.2466667 0.14902 0.15686 0.18431
v 0.0000000 0.3400000 0.2466667 0.14902 0.15686 0.18431
v -0.0380679 0.3378622 0.2466667 0.14902 0.15686 0.18431
v -0.0756571 0.3314755 0.2466667 0.14902 0.15686 0.18431
v -0.1122949 0.3209203 0.2466667 0.14902 0.15686 0.18431
v -0.1475205 0.3063294 0.2466667 0.14902 0.15686 0.18431
v -0.1808909 0.2878862 0.2466667 0.14902 0.15686 0.18431
v -0.2119865 0.2658227 0.2466667 0.14902 0.15686 0.18431
v -0.2404163 0.2404163 0.2466667 0.14902 0.15686 0.18431
v -0.2658227 0.2119865 0.2466667 0.14902 0.15686 0.18431
v -0.2878862 0.1808909 0.2466667 0.14902 0.15686 0.18431
v -0.3063294 0.1475205 0.2466667 0.14902 0.15686 0.18431
v -0.3209203 0.1122949 0.2466667 0.14902 0.15686 0.18431
v -0.3314755 0.0756571 0.2466667 0.14902 0.15686 0.18431
v -0.3378622 0.0380679 0.2466667 0.14902 0.15686 0.18431
v -0.3400000 0.0000000 0.2466667 0.14902 0.15686 0.18431
v -0.3378622 -0.0380679 0.2466667 0.14902 0.15686 0.18431
v -0.3314755 -0.0756571 0.2466667 0.14902 0.15686 0.18431
v -0.3209203 -0.1122949 0.2466667 0.14902 0.15686 0.18431
v -0.3063294 -0.1475205 0.2466667 0.14902 0.15686 0.18431
v -0.2878862 -0.1808909 0.2466667 0.14902 0.15686 0.18431
v -0.2658227 -0.2119865 0.2466667 0.14902 0.15686 0.18431
v -0.2404163 -0.2404163 0.2466667 0.14902 0.15686 0.18431
v -0.2119865 -0.2658227 0.2466667 0.14902 0.15686 0.18431
v -0.1808909 -0.2878862 0.2466667 0.14902 0.15686 0.18431
v -0.1475205 -0.3063294 0.2466667 0.14902 0.15686 0.18431
v -0.1122949 -0.3209203 0.2466667 0.14902 0.15686 0.18431
v -0.0756571 -0.3314755 0.2466667 0.14902 0.15686 0.18431
v -0.0380679 -0.3378622 0.2466667 0.14902 0.15686 0.18431
v -0.0000000 -0.3400000 0.2466667 0.14902 0.15686 0.18431
v 0.0380679 -0.3378622 0.2466667 0.14902 0.15686 0.18431
v 0.0756571 -0.3314755 0.2466667 0.14902 0.15686 0.18431
v 0.1122949 -0.3209203 0.2466667 0.14902 0.15686 0.18431
v 0.1475205 -0.3063294 0.2466667 0.14902 0.15686 0.18431
v 0.1808909 -0.2878862 0.2466667 0.14902 0.15686 0.18431
v 0.2119865 -0.2658227 0.2466667 0.14902 0.15686 0.18431
v 0.2404163 -0.2404163 0.2466667 0.14902 0.15686 0.18431
v 0.2658227 -0.2119865 0.2466667 0.14902 0.15686 0.18431
v 0.2878862 -0.1808909 0.2466667 0.14902 0.15686 0.18431
v 0.3063294 -0.1475205 0.2466667 0.14902 0.15686 0.18431
v 0.3209203 -0.1122949 0.2466667 0.14902 0.15686 0.18431
v 0.3314755 -0.0756571 0.2466667 0.14902 0.15686 0.18431
v 0.3378622 -0.0380679 0.2466667 0.14902 0.15686 0.18431
v 0.3400000 0.0000000 0.3400000 0.14902 0.15686 0.18431
v 0.3378622 0.0380679 0.3400000 0.14902 0.15686 0.18431
v 0.3314755 0.0756571 0.3400000 0.14902 0.15686 0.18431
v 0.3209203 0.1122949 0.3400000 0.14902 0.15686 0.18431
v 0.3063294 0.1475205 0.3400000 0.14902 0.15686 0.18431
v 0.2878862 0.1808909 0.3400000 0.14902 0.15686 0.18431
v 0.2658227 0.2119865 0.3400000 0.14902 0.15686 0.18431
v 0.2404163 0.2404163 0.3400000 0.14902 0.15686 0.18431
v 0.2119865 0.2658227 0.3400000 0.14902 0.15686 0.18431
v 0.1808909 0.2878862 0.3400000 0.14902 0.15686 0.18431
v 0.1475205 0.3063294 0.3400000 0.14902 0.15686 0.18431
v 0.1122949 0.3209203 0.3400000 0.14902 0.15686 0.18431
v 0.0756571 0.3314755 0.3400000 0.14902 0.15686 0.18431
v 0.0380679 0.3378622 0.3400000 0.14902 0.15686 0.18431
v 0.0000000 0.3400000 0.3400000 0.14902 0.15686 0.18431
v -0.0380679 0.3378622 0.3400000 0.14902 0.15686 0.18431
v -0.0756571 0.3314755 0.3400000 0.14902 0.15686 0.18431
v -0.1122949 0.3209203 0.3400000 0.14902 0.15686 0.18431
v -0.1475205 0.3063294 0.3400000 0.14902 0.15686 0.18431
v -0.1808909 0.2878862 0.3400000 0.14902 0.15686 0.18431
v -0.2119865 0.2658227 0.3400000 0.14902 0.15686 0.18431
v -0.2404163 0.2404163 0.3400000 0.14902 0.15686 0.18431
v -0.2658227 0.2119865 0.3400000 0.14902 0.15686 0.18431
v -0.2878862 0.1808909 0.3400000 0.14902 0.15686 0.18431
v -0.3063294 0.1475205 0.3400000 0.14902 0.15686 0.18431
v -0.3209203 0.1122949 0.3400000 0.14902 0.15686 0.18431
v -0.3314755 0.0756571 0.3400000 0.14902 0.15686 0.18431
v -0.3378622 0.0380679 0.3400000 0.14902 0.15686 0.18431
v -0.3400000 0.0000000 0.3400000 0.14902 0.15686 0.18431
v -0.3378622 -0.0380679 0.3400000 0.14902 0.15686 0.18431
v -0.3314755 -0.0756571 0.3400000 0.14902 0.15686 0.18431
v -0.3209203 -0.1122949 0.3400000 0.14902 0.15686 0.18431
v -0.3063294 -0.1475205 0.3400000 0.14902 0.15686 0.18431
v -0.2878862 -0.1808909 0.3400000 0.14902 0.15686 0.18431
v -0.2658227 -0.2119865 0.3400000 0.14902 0.15686 0.18431
v -0.2404163 -0.2404163 0.3400000 0.14902 0.15686 0.18431
v -0.2119865 -0.2658227 0.3400000 0.14902 0.15686 0.18431
v -0.1808909 -0.2878862 0.3400000 0.14902 0.15686 0.18431
v -0.1475205 -0.3063294 0.3400000 0.14902 0.15686 0.18431
v -0.1122949 -0.3209203 0.3400000 0.14902 0.15686 0.18431
v -0.0756571 -0.3314755 0.3400000 0.14902 0.15686 0.18431
v -0.0380679 -0.3378622 0.3400000 0.14902 0.15686 0.18431
v -0.0000000 -0.3400000 0.3400000 0.14902 0.15686 0.18431
v 0.0380679 -0.3378622 0.3400000 0.14902 0.15686 0.18431
v 0.0756571 -0.3314755 0.3400000 0.14902 0.15686 0.18431
v 0.1122949 -0.3209203 0.3400000 0.14902 0.15686 0.18431
v 0.1475205 -0.3063294 0.3400000 0.14902 0.15686 0.18431
v 0.1808909 -0.2878862 0.3400000 0.14902 0.15686 0.18431
v 0.2119865 -0.2658227 0.3400000 0.14902 0.15686 0.18431
v 0.2404163 -0.2404163 0.3400000 0.14902 0.15686 0.18431
v 0.2658227 -0.2119865 0.3400000 0.14902 0.15686 0.18431
v 0.2878862 -0.1808909 0.3400000 0.14902 0.15686 0.18431
v 0.3063294 -0.1475205 0.3400000 0.14902 0.15686 0.18431
v 0.3209203 -0.1122949 0.3400000 0.14902 0.15686 0.18431
v 0.3314755 -0.0756571 0.3400000 0.14902 0.15686 0.18431
v 0.3378622 -0.0380679 0.3400000 0.14902 0.15686 0.18431
v 0.3400000 0.0000000 0.4333333 0.14902 0.15686 0.18431
v 0.3378622 0.0380679 0.4333333 0.14902 0.15686 0.18431
v 0.3314755 0.0756571 0.4333333 0.14902 0.15686 0.18431
v 0.3209203 0.1122949 0.4333333 0.14902 0.15686 0.18431
v 0.3063294 0.1475205 0.4333333 0.14902 0.15686 0.18431
v 0.2878862 0.1808909 0.4333333 0.14902 0.15686 0.18431
v 0.2658227 0.2119865 0.4333333 0.14902 0.15686 0.18431
v 0.2404163 0.2404163 0.4333333 0.14902 0.15686 0.18431
v 0.2119865 0.2658227 0.4333333 0.14902 0.15686 0.18431
v 0.1808909 0.2878862 0.4333333 0.14902 0.15686 0.18431
v 0.1475205 0.3063294 0.4333333 0.14902 0.15686 0.18431
v 0.1122949 0.3209203 0.4333333 0.14902 0.15686 0.18431
v 0.0756571 0.3314755 0.4333333 0.14902 0.15686 0.18431
v 0.0380679 0.3378622 0.4333333 0.14902 0.15686 0.18431
v 0.0000000 0.3400000 0.4333333 0.14902 0.15686 0.18431
v -0.0380679 0.3378622 0.4333333 0.14902 0.15686 0.18431
v -0.0756571 0.3314755 0.4333333 0.14902 0.15686 0.18431
v -0.1122949 0.3209203 0.4333333 0.14902 0.15686 0.18431
v -0.1475205 0.3063294 0.4333333 0.14902 0.15686 0.18431
v -0.1808909 0.2878862 0.4333333 0.14902 0.15686 0.18431
v -0.2119865 0.2658227 0.4333333 0.14902 0.15686 0.18431
v -0.2404163 0.2404163 0.4333333 0.14902 0.15686 0.18431
v -0.2658227 0.2119865 0.4333333 0.14902 0.15686 0.18431
v -0.2878862 0.1808909 0.4333333 0.14902 0.15686 0.18431
v -0.3063294 0.1475205 0.4333333 0.14902 0.15686 0.18431
v -0.3209203 0.1122949 0.4333333 0.14902 0.15686 0.18431
v -0.3314755 0.0756571 0.4333333 0.14902 0.15686 0.18431
v -0.3378622 0.0380679 0.4333333 0.14902 0.15686 0.18431
v -0.3400000 0.0000000 0.4333333 0.14902 0.15686 0.18431
v -0.3378622 -0.0380679 0.4333333 0.14902 0.15686 0.18431
v -0.3314755 -0.0756571 0.4333333 0.14902 0.15686 0.18431
v -0.3209203 -0.1122949 0.4333333 0.14902 0.15686 0.18431
v -0.3063294 -0.1475205 0.4333333 0.14902 0.15686 0.18431
v -0.2878862 -0.1808909 0.4333333 0.14902 0.15686 0.18431
v -0.2658227 -0.2119865 0.4333333 0.14902 0.15686 0.18431
v -0.2404163 -0.2404163 0.4333333 0.14902 0.15686 0.18431
v -0.2119865 -0.2658227 0.4333333 0.14902 0.15686 0.18431
v -0.1808909 -0.2878862 0.4333333 0.14902 0.15686 0.18431
v -0.1475205 -0.3063294 0.4333333 0.14902 0.15686 0.18431
v -0.1122949 -0.3209203 0.4333333 0.14902 0.15686 0.18431
v -0.0756571 -0.3314755 0.4333333 0.14902 0.15686 0.18431
v -0.0380679 -0.3378622 0.4333333 0.14902 0.15686 0.18431
v -0.0000000 -0.3400000 0.4333333 0.14902 0.15686 0.18431
v 0.0380679 -0.3378622 0.4333333 0.14902 0.15686 0.18431
v 0.0756571 -0.3314755 0.4333333 0.14902 0.15686 0.18431
v 0.1122949 -0.3209203 0.4333333 0.14902 0.15686 0.18431
v 0.1475205 -0.3063294 0.4333333 0.14902 0.15686 0.18431
v 0.1808909 -0.2878862 0.4333333 0.14902 0.15686 0.18431
v 0.2119865 -0.2658227 0.4333333 0.14902 0.15686 0.18431
v 0.2404163 -0.2404163 0.4333333 0.14902 0.15686 0.18431
v 0.2658227 -0.2119865 0.4333333 0.14902 0.15686 0.18431
v 0.2878862 -0.1808909 0.4333333 0.14902 0.15686 0.18431
v 0.3063294 -0.1475205 0.4333333 0.14902 0.15686 0.18431
v 0.3209203 -0.1122949 0.4333333 0.14902 0.15686 0.18431
v 0.3314755 -0.0756571 0.4333333 0.14902 0.15686 0.18431
v 0.3378622 -0.0380679 0.4333333 0.14902 0.15686 0.18431
v 0.3400000 0.0000000 0.5266667 0.14902 0.15686 0.18431
v 0.3378622 0.0380679 0.5266667 0.14902 0.15686 0.18431
v 0.3314755 0.0756571 0.5266667 0.14902 0.15686 0.18431
v 0.3209203 0.1122949 0.5266667 0.14902 0.15686 0.18431
v 0.3063294 0.1475205 0.5266667 0.14902 0.15686 0.18431
v 0.2878862 0.1808909 0.5266667 0.14902 0.15686 0.18431
v 0.2658227 0.2119865 0.5266667 0.14902 0.15686 0.18431
v 0.2404163 0.2404163 0.5266667 0.14902 0.15686 0.18431
v 0.2119865 0.2658227 0.5266667 0.14902 0.15686 0.18431
v 0.1808909 0.2878862 0.5266667 0.14902 0.15686 0.18431
v 0.1475205 0.3063294 0.5266667 0.14902 0.15686 0.18431
v 0.1122949 0.3209203 0.5266667 0.14902 0.15686 0.18431
v 0.0756571 0.3314755 0.5266667 0.14902 0.15686 0.18431
v 0.0380679 0.3378622 0.5266667 0.14902 0.15686 0.18431
v 0.0000000 0.3400000 0.5266667 0.14902 0.15686 0.18431
v -0.0380679 0.3378622 0.5266667 0.14902 0.15686 0.18431
v -0.0756571 0.3314755 0.5266667 0.14902 0.15686 0.18431
v -0.1122949 0.3209203 0.5266667 0.14902 0.15686 0.18431
v -0.1475205 0.3063294 0.5266667 0.14902 0.15686 0.18431
v -0.1808909 0.2878862 0.5266667 0.14902 0.15686 0.18431
v -0.2119865 0.2658227 0.5266667 0.14902 0.15686 0.18431
v -0.2404163 0.2404163 0.5266667 0.14902 0.15686 0.18431
v -0.2658227 0.2119865 0.5266667 0.14902 0.15686 0.18431
v -0.2878862 0.1808909 0.5266667 0.14902 0.15686 0.18431
v -0.3063294 0.1475205 0.5266667 0.14902 0.15686 0.18431
v -0.3209203 0.1122949 0.5266667 0.14902 0.15686 0.18431
v -0.3314755 0.0756571 0.5266667 0.14902 0.15686 0.18431
v -0.3378622 0.0380679 0.5266667 0.14902 0.15686 0.18431
v -0.3400000 0.0000000 0.5266667 0.14902 0.15686 0.18431
v -0.3378622 -0.0380679 0.5266667 0.14902 0.15686 0.18431
v -0.3314755 -0.0756571 0.5266667 0.14902 0.15686 0.18431
v -0.3209203 -0.1122949 0.5266667 0.14902 0.15686 0.18431
v -0.3063294 -0.1475205 0.5266667 0.14902 0.15686 0.18431
v -0.2878862 -0.1808909 0.5266667 0.14902 0.15686 0.18431
v -0.2658227 -0.2119865 0.5266667 0.14902 0.15686 0.18431
v -0.2404163 -0.2404163 0.5266667 0.14902 0.15686 0.18431
v -0.2119865 -0.2658227 0.5266667 0.14902 0.15686 0.18431
v -0.1808909 -0.2878862 0.5266667 0.14902 0.15686 0.18431
v -0.1475205 -0.3063294 0.5266667 0.14902 0.15686 0.18431
v -0.1122949 -0.3209203 0.5266667 0.14902 0.15686 0.18431
v -0.0756571 -0.3314755 0.5266667 0.14902 0.15686 0.18431
v -0.0380679 -0.3378622 0.5266667 0.14902 0.15686 0.18431
v -0.0000000 -0.3400000 0.5266667 0.14902 0.15686 0.18431
v 0.0380679 -0.3378622 0.5266667 0.14902 0.15686 0.18431
v 0.0756571 -0.3314755 0.5266667 0.14902 0.15686 0.18431
v 0.1122949 -0.3209203 0.5266667 0.14902 0.15686 0.18431
v 0.1475205 -0.3063294 0.5266667 0.14902 0.15686 0.18431
v 0.1808909 -0.2878862 0.5266667 0.14902 0.15686 0.18431
v 0.2119865 -0.2658227 0.5266667 0.14902 0.15686 0.18431
v 0.2404163 -0.2404163 0.5266667 0.14902 0.15686 0.18431
v 0.2658227 -0.2119865 0.5266667 0.14902 0.15686 0.18431
v 0.2878862 -0.1808909 0.5266667 0.14902 0.15686 0.18431
v 0.3063294 -0.1475205 0.5266667 0.14902 0.15686 0.18431
v 0.3209203 -0.1122949 0.5266667 0.14902 0.15686 0.18431
v 0.3314755 -0.0756571 0.5266667 0.14902 0.15686 0.18431
v 0.3378622 -0.0380679 0.5266667 0.14902 0.15686 0.18431
v 0.3400000 0.0000000 0.6200000 0.14902 0.15686 0.18431
v 0.3378622 0.0380679 0.6200000 0.14902 0.15686 0.18431
v 0.3314755 0.0756571 0.6200000 0.14902 0.15686 0.18431
v 0.3209203 0.1122949 0.6200000 0.14902 0.15686 0.18431
v 0.3063294 0.1475205 0.6200000 0.14902 0.15686 0.18431
v 0.2878862 0.1808909 0.6200000 0.14902 0.15686 0.18431
v 0.2658227 0.2119865 0.6200000 0.14902 0.15686 0.18431
v 0.2404163 0.2404163 0.6200000 0.14902 0.15686 0.18431
v 0.2119865 0.2658227 0.6200000 0.14902 0.15686 0.18431
v 0.1808909 0.2878862 0.6200000 0.14902 0.15686 0.18431
v 0.1475205 0.3063294 0.6200000 0.14902 0.15686 0.18431
v 0.1122949 0.3209203 0.6200000 0.14902 0.15686 0.18431
v 0.0756571 0.3314755 0.6200000 0.14902 0.15686 0.18431
v 0.0380679 0.3378622 0.6200000 0.14902 0.15686 0.18431
v 0.0000000 0.3400000 0.6200000 0.14902 0.15686 0.18431
v -0.0380679 0.3378622 0.6200000 0.14902 0.15686 0.18431
v -0.0756571 0.3314755 0.6200000 0.14902 0.15686 0.18431
v -0.1122949 0.3209203 0.6200000 0.14902 0.15686 0.18431
v -0.1475205 0.3063294 0.6200000 0.14902 0.15686 0.18431
v -0.1808909 0.2878862 0.6200000 0.14902 0.15686 0.18431
v -0.2119865 0.2658227 0.6200000 0.14902 0.15686 0.18431
v -0.2404163 0.2404163 0.6200000 0.14902 0.15686 0.18431
v -0.2658227 0.2119865 0.6200000 0.14902 0.15686 0.18431
v -0.2878862 0.1808909 0.6200000 0.14902 0.15686 0.18431
v -0.3063294 0.1475205 0.6200000 0.14902 0.15686 0.18431
v -0.3209203 0.1122949 0.6200000 0.14902 0.15686 0.18431
v -0.3314755 0.0756571 0.6200000 0.14902 0.15686 0.18431
v -0.3378622 0.0380679 0.6200000 0.14902 0.15686 0.18431
v -0.3400000 0.0000000 0.6200000 0.14902 0.15686 0.18431
v -0.3378622 -0.0380679 0.6200000 0.14902 0.15686 0.18431
v -0.3314755 -0.0756571 0.6200000 0.14902 0.15686 0.18431
v -0.3209203 -0.1122949 0.6200000 0.14902 0.15686 0.18431
v -0.3063294 -0.1475205 0.6200000 0.14902 0.15686 0.18431
v -0.2878862 -0.1808909 0.6200000 0.14902 0.15686 0.18431
v -0.2658227 -0.2119865 0.6200000 0.14902 0.15686 0.18431
v -0.2404163 -0.2404163 0.6200000 0.14902 0.15686 0.18431
v -0.2119865 -0.2658227 0.6200000 0.14902 0.15686 0.18431
v -0.1808909 -0.2878862 0.6200000 0.14902 0.15686 0.18431
v -0.1475205 -0.3063294 0.6200000 0.14902 0.15686 0.18431
v -0.1122949 -0.3209203 0.6200000 0.14902 0.15686 0.18431
v -0.0756571 -0.3314755 0.6200000 0.14902 0.15686 0.18431
v -0.0380679 -0.3378622 0.6200000 0.14902 0.15686 0.18431
v -0.0000000 -0.3400000 0.6200000 0.14902 0.15686 0.18431
v 0.0380679 -0.3378622 0.6200000 0.14902 0.15686 0.18431
v 0.0756571 -0.3314755 0.6200000 0.14902 0.15686 0.18431
v 0.1122949 -0.3209203 0.6200000 0.14902 0.15686 0.18431
v 0.1475205 -0.3063294 0.6200000 0.14902 0.15686 0.18431
v 0.1808909 -0.2878862 0.6200000 0.14902 0.15686 0.18431
v 0.2119865 -0.2658227 0.6200000 0.14902 0.15686 0.18431
v 0.2404163 -0.2404163 0.6200000 0.14902 0.15686 0.18431
v 0.2658227 -0.2119865 0.6200000 0.14902 0.15686 0.18431
v 0.2878862 -0.1808909 0.6200000 0.14902 0.15686 0.18431
v 0.3063294 -0.1475205 0.6200000 0.14902 0.15686 0.18431
v 0.3209203 -0.1122949 0.6200000 0.14902 0.15686 0.18431
v 0.3314755 -0.0756571 0.6200000 0.14902 0.15686 0.18431
v 0.3378622 -0.0380679 0.6200000 0.14902 0.15686 0.18431
v 0.3400000 0.0000000 0.7133333 0.14902 0.15686 0.18431
v 0.3378622 0.0380679 0.7133333 0.14902 0.15686 0.18431
v 0.3314755 0.0756571 0.7133333 0.14902 0.15686 0.18431
v 0.3209203 0.1122949 0.7133333 0.14902 0.15686 0.18431
v 0.3063294 0.1475205 0.7133333 0.14902 0.15686 0.18431
v 0.2878862 0.1808909 0.7133333 0.14902 0.15686 0.18431
v 0.2658227 0.2119865 0.7133333 0.14902 0.15686 0.18431
v 0.2404163 0.2404163 0.7133333 0.14902 0.15686 0.18431
v 0.2119865 0.2658227 0.7133333 0.14902 0.15686 0.18431
v 0.1808909 0.2878862 0.7133333 0.14902 0.15686 0.18431
v 0.1475205 0.3063294 0.7133333 0.14902 0.15686 0.18431
v 0.1122949 0.3209203 0.7133333 0.14902 0.15686 0.18431
v 0.0756571 0.3314755 0.7133333 0.14902 0.15686 0.18431
v 0.0380679 0.3378622 0.7133333 0.14902 0.15686 0.18431
v 0.0000000 0.3400000 0.7133333 0.14902 0.15686 0.18431
v -0.0380679 0.3378622 0.7133333 0.14902 0.15686 0.18431
v -0.0756571 0.3314755 0.7133333 0.14902 0.15686 0.18431
v -0.1122949 0.3209203 0.7133333 0.14902 0.15686 0.18431
v -0.1475205 0.3063294 0.7133333 0.14902 0.15686 0.18431
v -0.1808909 0.2878862 0.7133333 0.14902 0.15686 0.18431
v -0.2119865 0.2658227 0.7133333 0.14902 0.15686 0.18431
v -0.2404163 0.2404163 0.7133333 0.14902 0.15686 0.18431
v -0.2658227 0.2119865 0.7133333 0.14902 0.15686 0.18431
v -0.2878862 0.1808909 0.7133333 0.14902 0.15686 0.18431
v -0.3063294 0.1475205 0.7133333 0.14902 0.15686 0.18431
v -0.3209203 0.1122949 0.7133333 0.14902 0.15686 0.18431
v -0.3314755 0.0756571 0.7133333 0.14902 0.15686 0.18431
v -0.3378622 0.0380679 0.7133333 0.14902 0.15686 0.18431
v -0.3400000 0.0000000 0.7133333 0.14902 0.15686 0.18431
v -0.3378622 -0.0380679 0.7133333 0.14902 0.15686 0.18431
v -0.3314755 -0.0756571 0.7133333 0.14902 0.15686 0.18431
v -0.3209203 -0.1122949 0.7133333 0.14902 0.15686 0.18431
v -0.3063294 -0.1475205 0.7133333 0.14902 0.15686 0.18431
v -0.2878862 -0.1808909 0.7133333 0.14902 0.15686 0.18431
v -0.2658227 -0.2119865 0.7133333 0.14902 0.15686 0.18431
v -0.2404163 -0.2404163 0.7133333 0.14902 0.15686 0.18431
v -0.2119865 -0.2658227 0.7133333 0.14902 0.15686 0.18431
v -0.1808909 -0.2878862 0.7133333 0.14902 0.15686 0.18431
v -0.1475205 -0.3063294 0.7133333 0.14902 0.15686 0.18431
v -0.1122949 -0.3209203 0.7133333 0.14902 0.15686 0.18431
v -0.0756571 -0.3314755 0.7133333 0.14902 0.15686 0.18431
v -0.0380679 -0.3378622 0.7133333 0.14902 0.15686 0.18431
v -0.0000000 -0.3400000 0.7133333 0.14902 0.15686 0.18431
v 0.0380679 -0.3378622 0.7133333 0.14902 0.15686 0.18431
v 0.0756571 -0.3314755 0.7133333 0.14902 0.15686 0.18431
v 0.1122949 -0.3209203 0.7133333 0.14902 0.15686 0.18431
v 0.1475205 -0.3063294 0.7133333 0.14902 0.15686 0.18431
v 0.1808909 -0.2878862 0.7133333 0.14902 0.15686 0.18431
v 0.2119865 -0.2658227 0.7133333 0.14902 0.15686 0.18431
v 0.2404163 -0.2404163 0.7133333 0.14902 0.15686 0.18431
v 0.2658227 -0.2119865 0.7133333 0.14902 0.15686 0.18431
v 0.2878862 -0.1808909 0.7133333 0.14902 0.15686 0.18431
v 0.3063294 -0.1475205 0.7133333 0.14902 0.15686 0.18431
v 0.3209203 -0.1122949 0.7133333 0.14902 0.15686 0.18431
v 0.3314755 -0.0756571 0.7133333 0.14902 0.15686 0.18431
v 0.3378622 -0.0380679 0.7133333 0.14902 0.15686 0.18431
v 0.3400000 0.0000000 0.8066667 0.14902 0.15686 0.18431
v 0.3378622 0.0380679 0.8066667 0.14902 0.15686 0.18431
v 0.3314755 0.0756571 0.8066667 0.14902 0.15686 0.18431
v 0.3209203 0.1122949 0.8066667 0.14902 0.15686 0.18431
v 0.3063294 0.1475205 0.8066667 0.14902 0.15686 0.18431
v 0.2878862 0.1808909 0.8066667 0.14902 0.15686 0.18431
v 0.2658227 0.2119865 0.8066667 0.14902 0.15686 0.18431
v 0.2404163 0.2404163 0.8066667 0.14902 0.15686 0.18431
v 0.2119865 0.2658227 0.8066667 0.14902 0.15686 0.18431
v 0.1808909 0.2878862 0.8066667 0.14902 0.15686 0.18431
v 0.1475205 0.3063294 0.8066667 0.14902 0.15686 0.18431
v 0.1122949 0.3209203 0.8066667 0.14902 0.15686 0.18431
v 0.0756571 0.3314755 0.8066667 0.14902 0.15686 0.18431
v 0.0380679 0.3378622 0.8066667 0.14902 0.15686 0.18431
v 0.0000000 0.3400000 0.8066667 0.14902 0.15686 0.18431
v -0.0380679 0.3378622 0.8066667 0.14902 0.15686 0.18431
v -0.0756571 0.3314755 0.8066667 0.14902 0.15686 0.18431
v -0.1122949 0.3209203 0.8066667 0.14902 0.15686 0.18431
v -0.1475205 0.3063294 0.8066667 0.14902 0.15686 0.18431
v -0.1808909 0.2878862 0.8066667 0.14902 0.15686 0.18431
v -0.2119865 0.2658227 0.8066667 0.14902 0.15686 0.18431
v -0.2404163 0.2404163 0.8066667 0.14902 0.15686 0.18431
v -0.2658227 0.2119865 0.8066667 0.14902 0.15686 0.18431
v -0.2878862 0.1808909 0.8066667 0.14902 0.15686 0.18431
v -0.3063294 0.1475205 0.8066667 0.14902 0.15686 0.18431
v -0.3209203 0.1122949 0.8066667 0.14902 0.15686 0.18431
v -0.3314755 0.0756571 0.8066667 0.14902 0.15686 0.18431
v -0.3378622 0.0380679 0.8066667 0.14902 0.15686 0.18431
v -0.3400000 0.0000000 0.8066667 0.14902 0.15686 0.18431
v -0.3378622 -0.0380679 0.8066667 0.14902 0.15686 0.18431
v -0.3314755 -0.0756571 0.8066667 0.14902 0.15686 0.18431
v -0.3209203 -0.1122949 0.8066667 0.14902 0.15686 0.18431
v -0.3063294 -0.1475205 0.8066667 0.14902 0.15686 0.18431
v -0.2878862 -0.1808909 0.8066667 0.14902 0.15686 0.18431
v -0.2658227 -0.2119865 0.8066667 0.14902 0.15686 0.18431
v -0.2404163 -0.2404163 0.8066667 0.14902 0.15686 0.18431
v -0.2119865 -0.2658227 0.8066667 0.14902 0.15686 0.18431
v -0.1808909 -0.2878862 0.8066667 0.14902 0.15686 0.18431
v -0.1475205 -0.3063294 0.8066667 0.14902 0.15686 0.18431
v -0.1122949 -0.3209203 0.8066667 0.14902 0.15686 0.18431
v -0.0756571 -0.3314755 0.8066667 0.14902 0.15686 0.18431
v -0.0380679 -0.3378622 0.8066667 0.14902 0.15686 0.18431
v -0.0000000 -0.3400000 0.8066667 0.14902 0.15686 0.18431
v 0.0380679 -0.3378622 0.8066667 0.14902 0.15686 0.18431
v 0.0756571 -0.3314755 0.8066667 0.14902 0.15686 0.18431
v 0.1122949 -0.3209203 0.8066667 0.14902 0.15686 0.18431
v 0.1475205 -0.3063294 0.8066667 0.14902 0.15686 0.18431
v 0.1808909 -0.2878862 0.8066667 0.14902 0.15686 0.18431
v 0.2119865 -0.2658227 0.8066667 0.14902 0.15686 0.18431
v 0.2404163 -0.2404163 0.8066667 0.14902 0.15686 0.18431
v 0.2658227 -0.2119865 0.8066667 0.14902 0.15686 0.18431
v 0.2878862 -0.1808909 0.8066667 0.14902 0.15686 0.18431
v 0.3063294 -0.1475205 0.8066667 0.14902 0.15686 0.18431
v 0.3209203 -0.1122949 0.8066667 0.14902 0.15686 0.18431
v 0.3314755 -0.0756571 0.8066667 0.14902 0.15686 0.18431
v 0.3378622 -0.0380679 0.8066667 0.14902 0.15686 0.18431
v 0.3400000 0.0000000 0.9000000 0.14902 0.15686 0.18431
v 0.3378622 0.0380679 0.9000000 0.14902 0.15686 0.18431
v 0.3314755 0.0756571 0.9000000 0.14902 0.15686 0.18431
v 0.3209203 0.1122949 0.9000000 0.14902 0.15686 0.18431
v 0.3063294 0.1475205 0.9000000 0.14902 0.15686 0.18431
v 0.2878862 0.1808909 0.9000000 0.14902 0.15686 0.18431
v 0.2658227 0.2119865 0.9000000 0.14902 0.15686 0.18431
v 0.2404163 0.2404163 0.9000000 0.14902 0.15686 0.18431
v 0.2119865 0.2658227 0.9000000 0.14902 0.15686 0.18431
v 0.1808909 0.2878862 0.9000000 0.14902 0.15686 0.18431
v 0.1475205 0.3063294 0.9000000 0.14902 0.15686 0.18431
v 0.1122949 0.3209203 0.9000000 0.14902 0.15686 0.18431
v 0.0756571 0.3314755 0.9000000 0.14902 0.15686 0.18431
v 0.0380679 0.3378622 0.9000000 0.14902 0.15686 0.18431
v 0.0000000 0.3400000 0.9000000 0.14902 0.15686 0.18431
v -0.0380679 0.3378622 0.9000000 0.14902 0.15686 0.18431
v -0.0756571 0.3314755 0.9000000 0.14902 0.15686 0.18431
v -0.1122949 0.3209203 0.9000000 0.14902 0.15686 0.18431
v -0.1475205 0.3063294 0.9000000 0.14902 0.15686 0.18431
v -0.1808909 0.2878862 0.9000000 0.14902 0.15686 0.18431
v -0.2119865 0.2658227 0.9000000 0.14902 0.15686 0.18431
v -0.2404163 0.2404163 0.9000000 0.14902 0.15686 0.18431
v -0.2658227 0.2119865 0.9000000 0.14902 0.15686 0.18431
v -0.2878862 0.1808909 0.9000000 0.14902 0.15686 0.18431
v -0.3063294 0.1475205 0.9000000 0.14902 0.15686 0.18431
v -0.3209203 0.1122949 0.9000000 0.14902 0.15686 0.18431
v -0.3314755 0.0756571 0.9000000 0.14902 0.15686 0.18431
v -0.3378622 0.0380679 0.9000000 0.14902 0.15686 0.18431
v -0.3400000 0.0000000 0.9000000 0.14902 0.15686 0.18431
v -0.3378622 -0.0380679 0.9000000 0.14902 0.15686 0.18431
v -0.3314755 -0.0756571 0.9000000 0.14902 0.15686 0.18431
v -0.3209203 -0.1122949 0.9000000 0.14902 0.15686 0.18431
v -0.3063294 -0.1475205 0.9000000 0.14902 0.15686 0.18431
v -0.2878862 -0.1808909 0.9000000 0.14902 0.15686 0.18431
v -0.2658227 -0.2119865 0.9000000 0.14902 0.15686 0.18431
v -0.2404163 -0.2404163 0.9000000 0.14902 0.15686 0.18431
v -0.2119865 -0.2658227 0.9000000 0.14902 0.15686 0.18431
v -0.1808909 -0.2878862 0.9000000 0.14902 0.15686 0.18431
v -0.1475205 -0.3063294 0.9000000 0.14902 0.15686 0.18431
v -0.1122949 -0.3209203 0.9000000 0.14902 0.15686 0.18431
v -0.0756571 -0.3314755 0.9000000 0.14902 0.15686 0.18431
v -0.0380679 -0.3378622 0.9000000 0.14902 0.15686 0.18431
v -0.0000000 -0.3400000 0.9000000 0.14902 0.15686 0.18431
v 0.0380679 -0.3378622 0.9000000 0.14902 0.15686 0.18431
v 0.0756571 -0.3314755 0.9000000 0.14902 0.15686 0.18431
v 0.1122949 -0.3209203 0.9000000 0.14902 0.15686 0.18431
v 0.1475205 -0.3063294 0.9000000 0.14902 0.15686 0.18431
v 0.1808909 -0.2878862 0.9000000 0.14902 0.15686 0.18431
v 0.2119865 -0.2658227 0.9000000 0.14902 0.15686 0.18431
v 0.2404163 -0.2404163 0.9000000 0.14902 0.15686 0.18431
v 0.2658227 -0.2119865 0.9000000 0.14902 0.15686 0.18431
v 0.2878862 -0.1808909 0.9000000 0.14902 0.15686 0.18431
v 0.3063294 -0.1475205 0.9000000 0.14902 0.15686 0.18431
v 0.3209203 -0.1122949 0.9000000 0.14902 0.15686 0.18431
v 0.3314755 -0.0756571 0.9000000 0.14902 0.15686 0.18431
v 0.3378622 -0.0380679 0.9000000 0.14902 0.15686 0.18431
v 0.3400000 0.0000000 0.9933333 0.14902 0.15686 0.18431
v 0.3378622 0.0380679 0.9933333 0.14902 0.15686 0.18431
v 0.3314755 0.0756571 0.9933333 0.14902 0.15686 0.18431
v 0.3209203 0.1122949 0.9933333 0.14902 0.15686 0.18431
v 0.3063294 0.1475205 0.9933333 0.14902 0.15686 0.18431
v 0.2878862 0.1808909 0.9933333 0.14902 0.15686 0.18431
v 0.2658227 0.2119865 0.9933333 0.14902 0.15686 0.18431
v 0.2404163 0.2404163 0.9933333 0.14902 0.15686 0.18431
v 0.2119865 0.2658227 0.9933333 0.14902 0.15686 0.18431
v 0.1808909 0.2878862 0.9933333 0.14902 0.15686 0.18431
v 0.1475205 0.3063294 0.9933333 0.14902 0.15686 0.18431
v 0.1122949 0.3209203 0.9933333 0.14902 0.15686 0.18431
v 0.0756571 0.3314755 0.9933333 0.14902 0.15686 0.18431
v 0.0380679 0.3378622 0.9933333 0.14902 0.15686 0.18431
v 0.0000000 0.3400000 0.9933333 0.14902 0.15686 0.18431
v -0.0380679 0.3378622 0.9933333 0.14902 0.15686 0.18431
v -0.0756571 0.3314755 0.9933333 0.14902 0.15686 0.18431
v -0.1122949 0.3209203 0.9933333 0.14902 0.15686 0.18431
v -0.1475205 0.3063294 0.9933333 0.14902 0.15686 0.18431
v -0.1808909 0.2878862 0.9933333 0.14902 0.15686 0.18431
v -0.2119865 0.2658227 0.9933333 0.14902 0.15686 0.18431
v -0.2404163 0.2404163 0.9933333 0.14902 0.15686 0.18431
v -0.2658227 0.2119865 0.9933333 0.14902 0.15686 0.18431
v -0.2878862 0.1808909 0.9933333 0.14902 0.15686 0.18431
v -0.3063294 0.1475205 0.9933333 0.14902 0.15686 0.18431
v -0.3209203 0.1122949 0.9933333 0.14902 0.15686 0.18431
v -0.3314755 0.0756571 0.9933333 0.14902 0.15686 0.18431
v -0.3378622 0.0380679 0.9933333 0.14902 0.15686 0.18431
v -0.3400000 0.0000000 0.9933333 0.14902 0.15686 0.18431
v -0.3378622 -0.0380679 0.9933333 0.14902 0.15686 0.18431
v -0.3314755 -0.0756571 0.9933333 0.14902 0.15686 0.18431
v -0.3209203 -0.1122949 0.9933333 0.14902 0.15686 0.18431
v -0.3063294 -0.1475205 0.9933333 0.14902 0.15686 0.18431
v -0.2878862 -0.1808909 0.9933333 0.14902 0.15686 0.18431
v -0.2658227 -0.2119865 0.9933333 0.14902 0.15686 0.18431
v -0.2404163 -0.2404163 0.9933333 0.14902 0.15686 0.18431
v -0.2119865 -0.2658227 0.9933333 0.14902 0.15686 0.18431
v -0.1808909 -0.2878862 0.9933333 0.14902 0.15686 0.18431
v -0.1475205 -0.3063294 0.9933333 0.14902 0.15686 0.18431
v -0.1122949 -0.3209203 0.9933333 0.14902 0.15686 0.18431
v -0.0756571 -0.3314755 0.9933333 0.14902 0.15686 0.18431
v -0.0380679 -0.3378622 0.9933333 0.14902 0.15686 0.18431
v -0.0000000 -0.3400000 0.9933333 0.14902 0.15686 0.18431
v 0.0380679 -0.3378622 0.9933333 0.14902 0.15686 0.18431
v 0.0756571 -0.3314755 0.9933333 0.14902 0.15686 0.18431
v 0.1122949 -0.3209203 0.9933333 0.14902 0.15686 0.18431
v 0.1475205 -0.3063294 0.9933333 0.14902 0.15686 0.18431
v 0.1808909 -0.2878862 0.9933333 0.14902 0.15686 0.18431
v 0.2119865 -0.2658227 0.9933333 0.14902 0.15686 0.18431
v 0.2404163 -0.2404163 0.9933333 0.14902 0.15686 0.18431
v 0.2658227 -0.2119865 0.9933333 0.14902 0.15686 0.18431
v 0.2878862 -0.1808909 0.9933333 0.14902 0.15686 0.18431
v 0.3063294 -0.1475205 0.9933333 0.14902 0.15686 0.18431
v 0.3209203 -0.1122949 0.9933333 0.14902 0.15686 0.18431
v 0.3314755 -0.0756571 0.9933333 0.14902 0.15686 0.18431
v 0.3378622 -0.0380679 0.9933333 0.14902 0.15686 0.18431
v 0.3400000 0.0000000 1.0866667 0.14902 0.15686 0.18431
v 0.3378622 0.0380679 1.0866667 0.14902 0.15686 0.18431
v 0.3314755 0.0756571 1.0866667 0.14902 0.15686 0.18431
v 0.3209203 0.1122949 1.0866667 0.14902 0.15686 0.18431
v 0.3063294 0.1475205 1.0866667 0.14902 0.15686 0.18431
v 0.2878862 0.1808909 1.0866667 0.14902 0.15686 0.18431
v 0.2658227 0.2119865 1.0866667 0.14902 0.15686 0.18431
v 0.2404163 0.2404163 1.0866667 0.14902 0.15686 0.18431
v 0.2119865 0.2658227 1.0866667 0.14902 0.15686 0.18431
v 0.1808909 0.2878862 1.0866667 0.14902 0.15686 0.18431
v 0.1475205 0.3063294 1.0866667 0.14902 0.15686 0.18431
v 0.1122949 0.3209203 1.0866667 0.14902 0.15686 0.18431
v 0.0756571 0.3314755 1.0866667 0.14902 0.15686 0.18431
v 0.0380679 0.3378622 1.0866667 0.14902 0.15686 0.18431
v 0.0000000 0.3400000 1.0866667 0.14902 0.15686 0.18431
v -0.0380679 0.3378622 1.0866667 0.14902 0.15686 0.18431
v -0.0756571 0.3314755 1.0866667 0.14902 0.15686 0.18431
v -0.1122949 0.3209203 1.0866667 0.14902 0.15686 0.18431
v -0.1475205 0.3063294 1.0866667 0.14902 0.15686 0.18431
v -0.1808909 0.2878862 1.0866667 0.14902 0.15686 0.18431
v -0.2119865 0.2658227 1.0866667 0.14902 0.15686 0.18431
v -0.2404163 0.2404163 1.0866667 0.14902 0.15686 0.18431
v -0.2658227 0.2119865 1.0866667 0.14902 0.15686 0.18431
v -0.2878862 0.1808909 1.0866667 0.14902 0.15686 0.18431
v -0.3063294 0.1475205 1.0866667 0.14902 0.15686 0.18431
v -0.3209203 0.1122949 1.0866667 0.14902 0.15686 0.18431
v -0.3314755 0.0756571 1.0866667 0.14902 0.15686 0.18431
v -0.3378622 0.0380679 1.0866667 0.14902 0.15686 0.18431
v -0.3400000 0.0000000 1.0866667 0.14902 0.15686 0.18431
v -0.3378622 -0.0380679 1.0866667 0.14902 0.15686 0.18431
v -0.3314755 -0.0756571 1.0866667 0.14902 0.15686 0.18431
v -0.3209203 -0.1122949 1.0866667 0.14902 0.15686 0.18431
v -0.3063294 -0.1475205 1.0866667 0.14902 0.15686 0.18431
v -0.2878862 -0.1808909 1.0866667 0.14902 0.15686 0.18431
v -0.2658227 -0.2119865 1.0866667 0.14902 0.15686 0.18431
v -0.2404163 -0.2404163 1.0866667 0.14902 0.15686 0.18431
v -0.2119865 -0.2658227 1.0866667 0.14902 0.15686 0.18431
v -0.1808909 -0.2878862 1.0866667 0.14902 0.15686 0.18431
v -0.1475205 -0.3063294 1.0866667 0.14902 0.15686 0.18431
v -0.1122949 -0.3209203 1.0866667 0.14902 0.15686 0.18431
v -0.0756571 -0.3314755 1.0866667 0.14902 0.15686 0.18431
v -0.0380679 -0.3378622 1.0866667 0.14902 0.15686 0.18431
v -0.0000000 -0.3400000 1.0866667 0.14902 0.15686 0.18431
v 0.0380679 -0.3378622 1.0866667 0.14902 0.15686 0.18431
v 0.0756571 -0.3314755 1.0866667 0.14902 0.15686 0.18431
v 0.1122949 -0.3209203 1.0866667 0.14902 0.15686 0.18431
v 0.1475205 -0.3063294 1.0866667 0.14902 0.15686 0.18431
v 0.1808909 -0.2878862 1.0866667 0.14902 0.15686 0.18431
v 0.2119865 -0.2658227 1.0866667 0.14902 0.15686 0.18431
v 0.2404163 -0.2404163 1.0866667 0.14902 0.15686 0.18431
v 0.2658227 -0.2119865 1.0866667 0.14902 0.15686 0.18431
v 0.2878862 -0.1808909 1.0866667 0.14902 0.15686 0.18431
v 0.3063294 -0.1475205 1.0866667 0.14902 0.15686 0.18431
v 0.3209203 -0.1122949 1.0866667 0.14902 0.15686 0.18431
v 0.3314755 -0.0756571 1.0866667 0.14902 0.15686 0.18431
v 0.3378622 -0.0380679 1.0866667 0.14902 0.15686 0.18431
v 0.3400000 0.0000000 1.1800000 0.14902 0.15686 0.18431
v 0.3378622 0.0380679 1.1800000 0.14902 0.15686 0.18431
v 0.3314755 0.0756571 1.1800000 0.14902 0.15686 0.18431
v 0.3209203 0.1122949 1.1800000 0.14902 0.15686 0.18431
v 0.3063294 0.1475205 1.1800000 0.14902 0.15686 0.18431
v 0.2878862 0.1808909 1.1800000 0.14902 0.15686 0.18431
v 0.2658227 0.2119865 1.1800000 0.14902 0.15686 0.18431
v 0.2404163 0.2404163 1.1800000 0.14902 0.15686 0.18431
v 0.2119865 0.2658227 1.1800000 0.14902 0.15686 0.18431
v 0.1808909 0.2878862 1.1800000 0.14902 0.15686 0.18431
v 0.1475205 0.3063294 1.1800000 0.14902 0.15686 0.18431
v 0.1122949 0.3209203 1.1800000 0.14902 0.15686 0.18431
v 0.0756571 0.3314755 1.1800000 0.14902 0.15686 0.18431
v 0.0380679 0.3378622 1.1800000 0.14902 0.15686 0.18431
v 0.0000000 0.3400000 1.1800000 0.14902 0.15686 0.18431
v -0.0380679 0.3378622 1.1800000 0.14902 0.15686 0.18431
v -0.0756571 0.3314755 1.1800000 0.14902 0.15686 0.18431
v -0.1122949 0.3209203 1.1800000 0.14902 0.15686 0.18431
v -0.1475205 0.3063294 1.1800000 0.14902 0.15686 0.18431
v -0.1808909 0.2878862 1.1800000 0.14902 0.15686 0.18431
v -0.2119865 0.2658227 1.1800000 0.14902 0.15686 0.18431
v -0.2404163 0.2404163 1.1800000 0.14902 0.15686 0.18431
v -0.2658227 0.2119865 1.1800000 0.14902 0.15686 0.18431
v -0.2878862 0.1808909 1.1800000 0.14902 0.15686 0.18431
v -0.3063294 0.1475205 1.1800000 0.14902 0.15686 0.18431
v -0.3209203 0.1122949 1.1800000 0.14902 0.15686 0.18431
v -0.3314755 0.0756571 1.1800000 0.14902 0.15686 0.18431
v -0.3378622 0.0380679 1.1800000 0.14902 0.15686 0.18431
v -0.3400000 0.0000000 1.1800000 0.14902 0.15686 0.18431
v -0.3378622 -0.0380679 1.1800000 0.14902 0.15686 0.18431
v -0.3314755 -0.0756571 1.1800000 0.14902 0.15686 0.18431
v -0.3209203 -0.1122949 1.1800000 0.14902 0.15686 0.18431
v -0.3063294 -0.1475205 1.1800000 0.14902 0.15686 0.18431
v -0.2878862 -0.1808909 1.1800000 0.14902 0.15686 0.18431
v -0.2658227 -0.2119865 1.1800000 0.14902 0.15686 0.18431
v -0.2404163 -0.2404163 1.1800000 0.14902 0.15686 0.18431
v -0.2119865 -0.2658227 1.1800000 0.14902 0.15686 0.18431
v -0.1808909 -0.2878862 1.1800000 0.14902 0.15686 0.18431
v -0.1475205 -0.3063294 1.1800000 0.14902 0.15686 0.18431
v -0.1122949 -0.3209203 1.1800000 0.14902 0.15686 0.18431
v -0.0756571 -0.3314755 1.1800000 0.14902 0.15686 0.18431
v -0.0380679 -0.3378622 1.1800000 0.14902 0.15686 0.18431
v -0.0000000 -0.3400000 1.1800000 0.14902 0.15686 0.18431
v 0.0380679 -0.3378622 1.1800000 0.14902 0.15686 0.18431
v 0.0756571 -0.3314755 1.1800000 0.14902 0.15686 0.18431
v 0.1122949 -0.3209203 1.1800000 0.14902 0.15686 0.18431
v 0.1475205 -0.3063294 1.1800000 0.14902 0.15686 0.18431
v 0.1808909 -0.2878862 1.1800000 0.14902 0.15686 0.18431
v 0.2119865 -0.2658227 1.1800000 0.14902 0.15686 0.18431
v 0.2404163 -0.2404163 1.1800000 0.14902 0.15686 0.18431
v 0.2658227 -0.2119865 1.1800000 0.14902 0.15686 0.18431
v 0.2878862 -0.1808909 1.1800000 0.14902 0.15686 0.18431
v 0.3063294 -0.1475205 1.1800000 0.14902 0.15686 0.18431
v 0.3209203 -0.1122949 1.1800000 0.14902 0.15686 0.18431
v 0.3314755 -0.0756571 1.1800000 0.14902 0.15686 0.18431
v 0.3378622 -0.0380679 1.1800000 0.14902 0.15686 0.18431
v 0.0000000 0.0000000 0.0600000 0.14902 0.15686 0.18431
v 0.0000000 0.0000000 1.1800000 0.14902 0.15686 0.18431
v 0.2900000 0.0000000 1.1300000 0.02000 0.02000 0.02500
v 0.2881765 0.0324697 1.1300000 0.02000 0.02000 0.02500
v 0.2827291 0.0645311 1.1300000 0.02000 0.02000 0.02500
v 0.2737262 0.0957809 1.1300000 0.02000 0.02000 0.02500
v 0.2612810 0.1258263 1.1300000 0.02000 0.02000 0.02500
v 0.2455500 0.1542893 1.1300000 0.02000 0.02000 0.02500
v 0.2267311 0.1808120 1.1300000 0.02000 0.02000 0.02500
v 0.2050610 0.2050610 1.1300000 0.02000 0.02000 0.02500
v 0.1808120 0.2267311 1.1300000 0.02000 0.02000 0.02500
v 0.1542893 0.2455500 1.1300000 0.02000 0.02000 0.02500
v 0.1258263 0.2612810 1.1300000 0.02000 0.02000 0.02500
v 0.0957809 0.2737262 1.1300000 0.02000 0.02000 0.02500
v 0.0645311 0.2827291 1.1300000 0.02000 0.02000 0.02500
v 0.0324697 0.2881765 1.1300000 0.02000 0.02000 0.02500
v 0.0000000 0.2900000 1.1300000 0.02000 0.02000 0.02500
v -0.0324697 0.2881765 1.1300000 0.02000 0.02000 0.02500
v -0.0645311 0.2827291 1.1300000 0.02000 0.02000 0.02500
v -0.0957809 0.2737262 1.1300000 0.02000 0.02000 0.02500
v -0.1258263 0.2612810 1.1300000 0.02000 0.02000 0.02500
v -0.1542893 0.2455500 1.1300000 0.02000 0.02000 0.02500
v -0.1808120 0.2267311 1.1300000 0.02000 0.02000 0.02500
v -0.2050610 0.2050610 1.1300000 0.02000 0.02000 0.02500
v -0.2267311 0.1808120 1.1300000 0.02000 0.02000 0.02500
v -0.2455500 0.1542893 1.1300000 0.02000 0.02000 0.02500
v -0.2612810 0.1258263 1.1300000 0.02000 0.02000 0.02500
v -0.2737262 0.0957809 1.1300000 0.02000 0.02000 0.02500
v -0.2827291 0.0645311 1.1300000 0.02000 0.02000 0.02500
v -0.2881765 0.0324697 1.1300000 0.02000 0.02000 0.02500
v -0.2900000 0.0000000 1.1300000 0.02000 0.02000 0.02500
v -0.2881765 -0.0324697 1.1300000 0.02000 0.02000 0.02500
v -0.2827291 -0.0645311 1.1300000 0.02000 0.02000 0.02500
v -0.2737262 -0.0957809 1.1300000 0.02000 0.02000 0.02500
v -0.2612810 -0.1258263 1.1300000 0.02000 0.02000 0.02500
v -0.2455500 -0.1542893 1.1300000 0.02000 0.02000 0.02500
v -0.2267311 -0.1808120 1.1300000 0.02000 0.02000 0.02500
v -0.2050610 -0.2050610 1.1300000 0.02000 0.02000 0.02500
v -0.1808120 -0.2267311 1.1300000 0.02000 0.02000 0.02500
v -0.1542893 -0.2455500 1.1300000 0.02000 0.02000 0.02500
v -0.1258263 -0.2612810 1.1300000 0.02000 0.02000 0.02500
v -0.0957809 -0.2737262 1.1300000 0.02000 0.02000 0.02500
v -0.0645311 -0.2827291 1.1300000 0.02000 0.02000 0.02500
v -0.0324697 -0.2881765 1.1300000 0.02000 0.02000 0.02500
v -0.0000000 -0.2900000 1.1300000 0.02000 0.02000 0.02500
v 0.0324697 -0.2881765 1.1300000 0.02000 0.02000 0.02500
v 0.0645311 -0.2827291 1.1300000 0.02000 0.02000 0.02500
v 0.0957809 -0.2737262 1.1300000 0.02000 0.02000 0.02500
v 0.1258263 -0.2612810 1.1300000 0.02000 0.02000 0.02500
v 0.1542893 -0.2455500 1.1300000 0.02000 0.02000 0.02500
v 0.1808120 -0.2267311 1.1300000 0.02000 0.02000 0.02500
v 0.2050610 -0.2050610 1.1300000 0.02000 0.02000 0.02500
v 0.2267311 -0.1808120 1.1300000 0.02000 0.02000 0.02500
v 0.2455500 -0.1542893 1.1300000 0.02000 0.02000 0.02500
v 0.2612810 -0.1258263 1.1300000 0.02000 0.02000 0.02500
v 0.2737262 -0.0957809 1.1300000 0.02000 0.02000 0.02500
v 0.2827291 -0.0645311 1.1300000 0.02000 0.02000 0.02500
v 0.2881765 -0.0324697 1.1300000 0.02000 0.02000 0.02500
v 0.2900000 0.0000000 1.1900000 0.02000 0.02000 0.02500
v 0.2881765 0.0324697 1.1900000 0.02000 0.02000 0.02500
v 0.2827291 0.0645311 1.1900000 0.02000 0.02000 0.02500
v 0.2737262 0.0957809 1.1900000 0.02000 0.02000 0.02500
v 0.2612810 0.1258263 1.1900000 0.02000 0.02000 0.02500
v 0.2455500 0.1542893 1.1900000 0.02000 0.02000 0.02500
v 0.2267311 0.1808120 1.1900000 0.02000 0.02000 0.02500
v 0.2050610 0.2050610 1.1900000 0.02000 0.02000 0.02500
v 0.1808120 0.2267311 1.1900000 0.02000 0.02000 0.02500
v 0.1542893 0.2455500 1.1900000 0.02000 0.02000 0.02500
v 0.1258263 0.2612810 1.1900000 0.02000 0.02000 0.02500
v 0.0957809 0.2737262 1.1900000 0.02000 0.02000 0.02500
v 0.0645311 0.2827291 1.1900000 0.02000 0.02000 0.02500
v 0.0324697 0.2881765 1.1900000 0.02000 0.02000 0.02500
v 0.0000000 0.2900000 1.1900000 0.02000 0.02000 0.02500
v -0.0324697 0.2881765 1.1900000 0.02000 0.02000 0.02500
v -0.0645311 0.2827291 1.1900000 0.02000 0.02000 0.02500
v -0.0957809 0.2737262 1.1900000 0.02000 0.02000 0.02500
v -0.1258263 0.2612810 1.1900000 0.02000 0.02000 0.02500
v -0.1542893 0.2455500 1.1900000 0.02000 0.02000 0.02500
v -0.1808120 0.2267311 1.1900000 0.02000 0.02000 0.02500
v -0.2050610 0.2050610 1.1900000 0.02000 0.02000 0.02500
v -0.2267311 0.1808120 1.1900000 0.02000 0.02000 0.02500
v -0.2455500 0.1542893 1.1900000 0.02000 0.02000 0.02500
v -0.2612810 0.1258263 1.1900000 0.02000 0.02000 0.02500
v -0.2737262 0.0957809 1.1900000 0.02000 0.02000 0.02500
v -0.2827291 0.0645311 1.1900000 0.02000 0.02000 0.02500
v -0.2881765 0.0324697 1.1900000 0.02000 0.02000 0.02500
v -0.2900000 0.0000000 1.1900000 0.02000 0.02000 0.02500
v -0.2881765 -0.0324697 1.1900000 0.02000 0.02000 0.02500
v -0.2827291 -0.0645311 1.1900000 0.02000 0.02000 0.02500
v -0.2737262 -0.0957809 1.1900000 0.02000 0.02000 0.02500
v -0.2612810 -0.1258263 1.1900000 0.02000 0.02000 0.02500
v -0.2455500 -0.1542893 1.1900000 0.02000 0.02000 0.02500
v -0.2267311 -0.1808120 1.1900000 0.02000 0.02000 0.02500
v -0.2050610 -0.2050610 1.1900000 0.02000 0.02000 0.02500
v -0.1808120 -0.2267311 1.1900000 0.02000 0.02000 0.02500
v -0.1542893 -0.2455500 1.1900000 0.02000 0.02000 0.02500
v -0.1258263 -0.2612810 1.1900000 0.02000 0.02000 0.02500
v -0.0957809 -0.2737262 1.1900000 0.02000 0.02000 0.02500
v -0.0645311 -0.2827291 1.1900000 0.02000 0.02000 0.02500
v -0.0324697 -0.2881765 1.1900000 0.02000 0.02000 0.02500
v -0.0000000 -0.2900000 1.1900000 0.02000 0.02000 0.02500
v 0.0324697 -0.2881765 1.1900000 0.02000 0.02000 0.02500
v 0.0645311 -0.2827291 1.1900000 0.02000 0.02000 0.02500
v 0.0957809 -0.2737262 1.1900000 0.02000 0.02000 0.02500
v 0.1258263 -0.2612810 1.1900000 0.02000 0.02000 0.02500
v 0.1542893 -0.2455500 1.1900000 0.02000 0.02000 0.02500
v 0.1808120 -0.2267311 1.1900000 0.02000 0.02000 0.02500
v 0.2050610 -0.2050610 1.1900000 0.02000 0.02000 0.02500
v 0.2267311 -0.1808120 1.1900000 0.02000 0.02000 0.02500
v 0.2455500 -0.1542893 1.1900000 0.02000 0.02000 0.02500
v 0.2612810 -0.1258263 1.1900000 0.02000 0.02000 0.02500
v 0.2737262 -0.0957809 1.1900000 0.02000 0.02000 0.02500
v 0.2827291 -0.0645311 1.1900000 0.02000 0.02000 0.02500
v 0.2881765 -0.0324697 1.1900000 0.02000 0.02000 0.02500
v 0.2900000 0.0000000 1.2500000 0.02000 0.02000 0.02500
v 0.2881765 0.0324697 1.2500000 0.02000 0.02000 0.02500
v 0.2827291 0.0645311 1.2500000 0.02000 0.02000 0.02500
v 0.2737262 0.0957809 1.2500000 0.02000 0.02000 0.02500
v 0.2612810 0.1258263 1.2500000 0.02000 0.02000 0.02500
v 0.2455500 0.1542893 1.2500000 0.02000 0.02000 0.02500
v 0.2267311 0.1808120 1.2500000 0.02000 0.02000 0.02500
v 0.2050610 0.2050610 1.2500000 0.02000 0.02000 0.02500
v 0.1808120 0.2267311 1.2500000 0.02000 0.02000 0.02500
v 0.1542893 0.2455500 1.2500000 0.02000 0.02000 0.02500
v 0.1258263 0.2612810 1.2500000 0.02000 0.02000 0.02500
v 0.0957809 0.2737262 1.2500000 0.02000 0.02000 0.02500
v 0.0645311 0.2827291 1.2500000 0.02000 0.02000 0.02500
v 0.0324697 0.2881765 1.2500000 0.02000 0.02000 0.02500
v 0.0000000 0.2900000 1.2500000 0.02000 0.02000 0.02500
v -0.0324697 0.2881765 1.2500000 0.02000 0.02000 0.02500
v -0.0645311 0.2827291 1.2500000 0.02000 0.02000 0.02500
v -0.0957809 0.2737262 1.2500000 0.02000 0.02000 0.02500
v -0.1258263 0.2612810 1.2500000 0.02000 0.02000 0.02500
v -0.1542893 0.2455500 1.2500000 0.02000 0.02000 0.02500
v -0.1808120 0.2267311 1.2500000 0.02000 0.02000 0.02500
v -0.2050610 0.2050610 1.2500000 0.02000 0.02000 0.02500
v -0.2267311 0.1808120 1.2500000 0.02000 0.02000 0.02500
v -0.2455500 0.1542893 1.2500000 0.02000 0.02000 0.02500
v -0.2612810 0.1258263 1.2500000 0.02000 0.02000 0.02500
v -0.2737262 0.0957809 1.2500000 0.02000 0.02000 0.02500
v -0.2827291 0.0645311 1.2500000 0.02000 0.02000 0.02500
v -0.2881765 0.0324697 1.2500000 0.02000 0.02000 0.02500
v -0.2900000 0.0000000 1.2500000 0.02000 0.02000 0.02500
v -0.2881765 -0.0324697 1.2500000 0.02000 0.02000 0.02500
v -0.2827291 -0.0645311 1.2500000 0.02000 0.02000 0.02500
v -0.2737262 -0.0957809 1.2500000 0.02000 0.02000 0.02500
v -0.2612810 -0.1258263 1.2500000 0.02000 0.02000 0.02500
v -0.2455500 -0.1542893 1.2500000 0.02000 0.02000 0.02500
v -0.2267311 -0.1808120 1.2500000 0.02000 0.02000 0.02500
v -0.2050610 -0.2050610 1.2500000 0.02000 0.02000 0.02500
v -0.1808120 -0.2267311 1.2500000 0.02000 0.02000 0.02500
v -0.1542893 -0.2455500 1.2500000 0.02000 0.02000 0.02500
v -0.1258263 -0.2612810 1.2500000 0.02000 0.02000 0.02500
v -0.0957809 -0.2737262 1.2500000 0.02000 0.02000 0.02500
v -0.0645311 -0.2827291 1.2500000 0.02000 0.02000 0.02500
v -0.0324697 -0.2881765 1.2500000 0.02000 0.02000 0.02500
v -0.0000000 -0.2900000 1.2500000 0.02000 0.02000 0.02500
v 0.0324697 -0.2881765 1.2500000 0.02000 0.02000 0.02500
v 0.0645311 -0.2827291 1.2500000 0.02000 0.02000 0.02500
v 0.0957809 -0.2737262 1.2500000 0.02000 0.02000 0.02500
v 0.1258263 -0.2612810 1.2500000 0.02000 0.02000 0.02500
v 0.1542893 -0.2455500 1.2500000 0.02000 0.02000 0.02500
v 0.1808120 -0.2267311 1.2500000 0.02000 0.02000 0.02500
v 0.2050610 -0.2050610 1.2500000 0.02000 0.02000 0.02500
v 0.2267311 -0.1808120 1.2500000 0.02000 0.02000 0.02500
v 0.2455500 -0.1542893 1.2500000 0.02000 0.02000 0.02500
v 0.2612810 -0.1258263 1.2500000 0.02000 0.02000 0.02500
v 0.2737262 -0.0957809 1.2500000 0.02000 0.02000 0.02500
v 0.2827291 -0.0645311 1.2500000 0.02000 0.02000 0.02500
v 0.2881765 -0.0324697 1.2500000 0.02000 0.02000 0.02500
v 0.2900000 0.0000000 1.3100000 0.02000 0.02000 0.02500
v 0.2881765 0.0324697 1.3100000 0.02000 0.02000 0.02500
v 0.2827291 0.0645311 1.3100000 0.02000 0.02000 0.02500
v 0.2737262 0.0957809 1.3100000 0.02000 0.02000 0.02500
v 0.2612810 0.1258263 1.3100000 0.02000 0.02000 0.02500
v 0.2455500 0.1542893 1.3100000 0.02000 0.02000 0.02500
v 0.2267311 0.1808120 1.3100000 0.02000 0.02000 0.02500
v 0.2050610 0.2050610 1.3100000 0.02000 0.02000 0.02500
v 0.1808120 0.2267311 1.3100000 0.02000 0.02000 0.02500
v 0.1542893 0.2455500 1.3100000 0.02000 0.02000 0.02500
v 0.1258263 0.2612810 1.3100000 0.02000 0.02000 0.02500
v 0.0957809 0.2737262 1.3100000 0.02000 0.02000 0.02500
v 0.0645311 0.2827291 1.3100000 0.02000 0.02000 0.02500
v 0.0324697 0.2881765 1.3100000 0.02000 0.02000 0.02500
v 0.0000000 0.2900000 1.3100000 0.02000 0.02000 0.02500
v -0.0324697 0.2881765 1.3100000 0.02000 0.02000 0.02500
v -0.0645311 0.2827291 1.3100000 0.02000 0.02000 0.02500
v -0.0957809 0.2737262 1.3100000 0.02000 0.02000 0.02500
v -0.1258263 0.2612810 1.3100000 0.02000 0.02000 0.02500
v -0.1542893 0.2455500 1.3100000 0.02000 0.02000 0.02500
v -0.1808120 0.2267311 1.3100000 0.02000 0.02000 0.02500
v -0.2050610 0.2050610 1.3100000 0.02000 0.02000 0.02500
v -0.2267311 0.1808120 1.3100000 0.02000 0.02000 0.02500
v -0.2455500 0.1542893 1.3100000 0.02000 0.02000 0.02500
v -0.2612810 0.1258263 1.3100000 0.02000 0.02000 0.02500
v -0.2737262 0.0957809 1.3100000 0.02000 0.02000 0.02500
v -0.2827291 0.0645311 1.3100000 0.02000 0.02000 0.02500
v -0.2881765 0.0324697 1.3100000 0.02000 0.02000 0.02500
v -0.2900000 0.0000000 1.3100000 0.02000 0.02000 0.02500
v -0.2881765 -0.0324697 1.3100000 0.02000 0.02000 0.02500
v -0.2827291 -0.0645311 1.3100000 0.02000 0.02000 0.02500
v -0.2737262 -0.0957809 1.3100000 0.02000 0.02000 0.02500
v -0.2612810 -0.1258263 1.3100000 0.02000 0.02000 0.02500
v -0.2455500 -0.1542893 1.3100000 0.02000 0.02000 0.02500
v -0.2267311 -0.1808120 1.3100000 0.02000 0.02000 0.02500
v -0.2050610 -0.2050610 1.3100000 0.02000 0.02000 0.02500
v -0.1808120 -0.2267311 1.3100000 0.02000 0.02000 0.02500
v -0.1542893 -0.2455500 1.3100000 0.02000 0.02000 0.02500
v -0.1258263 -0.2612810 1.3100000 0.02000 0.02000 0.02500
v -0.0957809 -0.2737262 1.3100000 0.02000 0.02000 0.02500
v -0.0645311 -0.2827291 1.3100000 0.02000 0.02000 0.02500
v -0.0324697 -0.2881765 1.3100000 0.02000 0.02000 0.02500
v -0.0000000 -0.2900000 1.3100000 0.02000 0.02000 0.02500
v 0.0324697 -0.2881765 1.3100000 0.02000 0.02000 0.02500
v 0.0645311 -0.2827291 1.3100000 0.02000 0.02000 0.02500
v 0.0957809 -0.2737262 1.3100000 0.02000 0.02000 0.02500
v 0.1258263 -0.2612810 1.3100000 0.02000 0.02000 0.02500
v 0.1542893 -0.2455500 1.3100000 0.02000 0.02000 0.02500
v 0.1808120 -0.2267311 1.3100000 0.02000 0.02000 0.02500
v 0.2050610 -0.2050610 1.3100000 0.02000 0.02000 0.02500
v 0.2267311 -0.1808120 1.3100000 0.02000 0.02000 0.02500
v 0.2455500 -0.1542893 1.3100000 0.02000 0.02000 0.02500
v 0.2612810 -0.1258263 1.3100000 0.02000 0.02000 0.02500
v 0.2737262 -0.0957809 1.3100000 0.02000 0.02000 0.02500
v 0.2827291 -0.0645311 1.3100000 0.02000 0.02000 0.02500
v 0.2881765 -0.0324697 1.3100000 0.02000 0.02000 0.02500
v 0.0000000 0.0000000 1.1300000 0.02000 0.02000 0.02500
v 0.0000000 0.0000000 1.3100000 0.02000 0.02000 0.02500
v 0.2200000 0.0000000 1.2900000 0.02000 0.02000 0.02500
v 0.2181179 0.0287158 1.2900000 0.02000 0.02000 0.02500
v 0.2125037 0.0569402 1.2900000 0.02000 0.02000 0.02500
v 0.2032535 0.0841904 1.2900000 0.02000 0.02000 0.02500
v 0.1905256 0.1100000 1.2900000 0.02000 0.02000 0.02500
v 0.1745377 0.1339275 1.2900000 0.02000 0.02000 0.02500
v 0.1555635 0.1555635 1.2900000 0.02000 0.02000 0.02500
v 0.1339275 0.1745377 1.2900000 0.02000 0.02000 0.02500
v 0.1100000 0.1905256 1.2900000 0.02000 0.02000 0.02500
v 0.0841904 0.2032535 1.2900000 0.02000 0.02000 0.02500
v 0.0569402 0.2125037 1.2900000 0.02000 0.02000 0.02500
v 0.0287158 0.2181179 1.2900000 0.02000 0.02000 0.02500
v 0.0000000 0.2200000 1.2900000 0.02000 0.02000 0.02500
v -0.0287158 0.2181179 1.2900000 0.02000 0.02000 0.02500
v -0.0569402 0.2125037 1.2900000 0.02000 0.02000 0.02500
v -0.0841904 0.2032535 1.2900000 0.02000 0.02000 0.02500
v -0.1100000 0.1905256 1.2900000 0.02000 0.02000 0.02500
v -0.1339275 0.1745377 1.2900000 0.02000 0.02000 0.02500
v -0.1555635 0.1555635 1.2900000 0.02000 0.02000 0.02500
v -0.1745377 0.1339275 1.2900000 0.02000 0.02000 0.02500
v -0.1905256 0.1100000 1.2900000 0.02000 0.02000 0.02500
v -0.2032535 0.0841904 1.2900000 0.02000 0.02000 0.02500
v -0.2125037 0.0569402 1.2900000 0.02000 0.02000 0.02500
v -0.2181179 0.0287158 1.2900000 0.02000 0.02000 0.02500
v -0.2200000 0.0000000 1.2900000 0.02000 0.02000 0.02500
v -0.2181179 -0.0287158 1.2900000 0.02000 0.02000 0.02500
v -0.2125037 -0.0569402 1.2900000 0.02000 0.02000 0.02500
v -0.2032535 -0.0841904 1.2900000 0.02000 0.02000 0.02500
v -0.1905256 -0.1100000 1.2900000 0.02000 0.02000 0.02500
v -0.1745377 -0.1339275 1.2900000 0.02000 0.02000 0.02500
v -0.1555635 -0.1555635 1.2900000 0.02000 0.02000 0.02500
v -0.1339275 -0.1745377 1.2900000 0.02000 0.02000 0.02500
v -0.1100000 -0.1905256 1.2900000 0.02000 0.02000 0.02500
v -0.0841904 -0.2032535 1.2900000 0.02000 0.02000 0.02500
v -0.0569402 -0.2125037 1.2900000 0.02000 0.02000 0.02500
v -0.0287158 -0.2181179 1.2900000 0.02000 0.02000 0.02500
v -0.0000000 -0.2200000 1.2900000 0.02000 0.02000 0.02500
v 0.0287158 -0.2181179 1.2900000 0.02000 0.02000 0.02500
v 0.0569402 -0.2125037 1.2900000 0.02000 0.02000 0.02500
v 0.0841904 -0.2032535 1.2900000 0.02000 0.02000 0.02500
v 0.1100000 -0.1905256 1.2900000 0.02000 0.02000 0.02500
v 0.1339275 -0.1745377 1.2900000 0.02000 0.02000 0.02500
v 0.1555635 -0.1555635 1.2900000 0.02000 0.02000 0.02500
v 0.1745377 -0.1339275 1.2900000 0.02000 0.02000 0.02500
v 0.1905256 -0.1100000 1.2900000 0.02000 0.02000 0.02500
v 0.2032535 -0.0841904 1.2900000 0.02000 0.02000 0.02500
v 0.2125037 -0.0569402 1.2900000 0.02000 0.02000 0.02500
v 0.2181179 -0.0287158 1.2900000 0.02000 0.02000 0.02500
v 0.2200000 0.0000000 1.3400000 0.02000 0.02000 0.02500
v 0.2181179 0.0287158 1.3400000 0.02000 0.02000 0.02500
v 0.2125037 0.0569402 1.3400000 0.02000 0.02000 0.02500
v 0.2032535 0.0841904 1.3400000 0.02000 0.02000 0.02500
v 0.1905256 0.1100000 1.3400000 0.02000 0.02000 0.02500
v 0.1745377 0.1339275 1.3400000 0.02000 0.02000 0.02500
v 0.1555635 0.1555635 1.3400000 0.02000 0.02000 0.02500
v 0.1339275 0.1745377 1.3400000 0.02000 0.02000 0.02500
v 0.1100000 0.1905256 1.3400000 0.02000 0.02000 0.02500
v 0.0841904 0.2032535 1.3400000 0.02000 0.02000 0.02500
v 0.0569402 0.2125037 1.3400000 0.02000 0.02000 0.02500
v 0.0287158 0.2181179 1.3400000 0.02000 0.02000 0.02500
v 0.0000000 0.2200000 1.3400000 0.02000 0.02000 0.02500
v -0.0287158 0.2181179 1.3400000 0.02000 0.02000 0.02500
v -0.0569402 0.2125037 1.3400000 0.02000 0.02000 0.02500
v -0.0841904 0.2032535 1.3400000 0.02000 0.02000 0.02500
v -0.1100000 0.1905256 1.3400000 0.02000 0.02000 0.02500
v -0.1339275 0.1745377 1.3400000 0.02000 0.02000 0.02500
v -0.1555635 0.1555635 1.3400000 0.02000 0.02000 0.02500
v -0.1745377 0.1339275 1.3400000 0.02000 0.02000 0.02500
v -0.1905256 0.1100000 1.3400000 0.02000 0.02000 0.02500
v -0.2032535 0.0841904 1.3400000 0.02000 0.02000 0.02500
v -0.2125037 0.0569402 1.3400000 0.02000 0.02000 0.02500
v -0.2181179 0.0287158 1.3400000 0.02000 0.02000 0.02500
v -0.2200000 0.0000000 1.3400000 0.02000 0.02000 0.02500
v -0.2181179 -0.0287158 1.3400000 0.02000 0.02000 0.02500
v -0.2125037 -0.0569402 1.3400000 0.02000 0.02000 0.02500
v -0.2032535 -0.0841904 1.3400000 0.02000 0.02000 0.02500
v -0.1905256 -0.1100000 1.3400000 0.02000 0.02000 0.02500
v -0.1745377 -0.1339275 1.3400000 0.02000 0.02000 0.02500
v -0.1555635 -0.1555635 1.3400000 0.02000 0.02000 0.02500
v -0.1339275 -0.1745377 1.3400000 0.02000 0.02000 0.02500
v -0.1100000 -0.1905256 1.3400000 0.02000 0.02000 0.02500
v -0.0841904 -0.2032535 1.3400000 0.02000 0.02000 0.02500
v -0.0569402 -0.2125037 1.3400000 0.02000 0.02000 0.02500
v -0.0287158 -0.2181179 1.3400000 0.02000 0.02000 0.02500
v -0.0000000 -0.2200000 1.3400000 0.02000 0.02000 0.02500
v 0.0287158 -0.2181179 1.3400000 0.02000 0.02000 0.02500
v 0.0569402 -0.2125037 1.3400000 0.02000 0.02000 0.02500
v 0.0841904 -0.2032535 1.3400000 0.02000 0.02000 0.02500
v 0.1100000 -0.1905256 1.3400000 0.02000 0.02000 0.02500
v 0.1339275 -0.1745377 1.3400000 0.02000 0.02000 0.02500
v 0.1555635 -0.1555635 1.3400000 0.02000 0.02000 0.02500
v 0.1745377 -0.1339275 1.3400000 0.02000 0.02000 0.02500
v 0.1905256 -0.1100000 1.3400000 0.02000 0.02000 0.02500
v 0.2032535 -0.0841904 1.3400000 0.02000 0.02000 0.02500
v 0.2125037 -0.0569402 1.3400000 0.02000 0.02000 0.02500
v 0.2181179 -0.0287158 1.3400000 0.02000 0.02000 0.02500
v 0.2200000 0.0000000 1.3900000 0.02000 0.02000 0.02500
v 0.2181179 0.0287158 1.3900000 0.02000 0.02000 0.02500
v 0.2125037 0.0569402 1.3900000 0.02000 0.02000 0.02500
v 0.2032535 0.0841904 1.3900000 0.02000 0.02000 0.02500
v 0.1905256 0.1100000 1.3900000 0.02000 0.02000 0.02500
v 0.1745377 0.1339275 1.3900000 0.02000 0.02000 0.02500
v 0.1555635 0.1555635 1.3900000 0.02000 0.02000 0.02500
v 0.1339275 0.1745377 1.3900000 0.02000 0.02000 0.02500
v 0.1100000 0.1905256 1.3900000 0.02000 0.02000 0.02500
v 0.0841904 0.2032535 1.3900000 0.02000 0.02000 0.02500
v 0.0569402 0.2125037 1.3900000 0.02000 0.02000 0.02500
v 0.0287158 0.2181179 1.3900000 0.02000 0.02000 0.02500
v 0.0000000 0.2200000 1.3900000 0.02000 0.02000 0.02500
v -0.0287158 0.2181179 1.3900000 0.02000 0.02000 0.02500
v -0.0569402 0.2125037 1.3900000 0.02000 0.02000 0.02500
v -0.0841904 0.2032535 1.3900000 0.02000 0.02000 0.02500
v -0.1100000 0.1905256 1.3900000 0.02000 0.02000 0.02500
v -0.1339275 0.1745377 1.3900000 0.02000 0.02000 0.02500
v -0.1555635 0.1555635 1.3900000 0.02000 0.02000 0.02500
v -0.1745377 0.1339275 1.3900000 0.02000 0.02000 0.02500
v -0.1905256 0.1100000 1.3900000 0.02000 0.02000 0.02500
v -0.2032535 0.0841904 1.3900000 0.02000 0.02000 0.02500
v -0.2125037 0.0569402 1.3900000 0.02000 0.02000 0.02500
v -0.2181179 0.0287158 1.3900000 0.02000 0.02000 0.02500
v -0.2200000 0.0000000 1.3900000 0.02000 0.02000 0.02500
v -0.2181179 -0.0287158 1.3900000 0.02000 0.02000 0.02500
v -0.2125037 -0.0569402 1.3900000 0.02000 0.02000 0.02500
v -0.2032535 -0.0841904 1.3900000 0.02000 0.02000 0.02500
v -0.1905256 -0.1100000 1.3900000 0.02000 0.02000 0.02500
v -0.1745377 -0.1339275 1.3900000 0.02000 0.02000 0.02500
v -0.1555635 -0.1555635 1.3900000 0.02000 0.02000 0.02500
v -0.1339275 -0.1745377 1.3900000 0.02000 0.02000 0.02500
v -0.1100000 -0.1905256 1.3900000 0.02000 0.02000 0.02500
v -0.0841904 -0.2032535 1.3900000 0.02000 0.02000 0.02500
v -0.0569402 -0.2125037 1.3900000 0.02000 0.02000 0.02500
v -0.0287158 -0.2181179 1.3900000 0.02000 0.02000 0.02500
v -0.0000000 -0.2200000 1.3900000 0.02000 0.02000 0.02500
v 0.0287158 -0.2181179 1.3900000 0.02000 0.02000 0.02500
v 0.0569402 -0.2125037 1.3900000 0.02000 0.02000 0.02500
v 0.0841904 -0.2032535 1.3900000 0.02000 0.02000 0.02500
v 0.1100000 -0.1905256 1.3900000 0.02000 0.02000 0.02500
v 0.1339275 -0.1745377 1.3900000 0.02000 0.02000 0.02500
v 0.1555635 -0.1555635 1.3900000 0.02000 0.02000 0.02500
v 0.1745377 -0.1339275 1.3900000 0.02000 0.02000 0.02500
v 0.1905256 -0.1100000 1.3900000 0.02000 0.02000 0.02500
v 0.2032535 -0.0841904 1.3900000 0.02000 0.02000 0.02500
v 0.2125037 -0.0569402 1.3900000 0.02000 0.02000 0.02500
v 0.2181179 -0.0287158 1.3900000 0.02000 0.02000 0.02500
v 0.0000000 0.0000000 1.2900000 0.02000 0.02000 0.02500
v 0.0000000 0.0000000 1.3900000 0.02000 0.02000 0.02500
v 0.2000000 -0.4450000 0.7400000 0.93000 0.92000 0.86000
v 0.2175000 -0.4403109 0.7400000 0.93000 0.92000 0.86000
v 0.2303109 -0.4275000 0.7400000 0.93000 0.92000 0.86000
v 0.2350000 -0.4100000 0.7400000 0.93000 0.92000 0.86000
v 0.2303109 -0.3925000 0.7400000 0.93000 0.92000 0.86000
v 0.2175000 -0.3796891 0.7400000 0.93000 0.92000 0.86000
v 0.2000000 -0.3750000 0.7400000 0.93000 0.92000 0.86000
v 0.1825000 -0.3796891 0.7400000 0.93000 0.92000 0.86000
v 0.1696891 -0.3925000 0.7400000 0.93000 0.92000 0.86000
v 0.1650000 -0.4100000 0.7400000 0.93000 0.92000 0.86000
v 0.1696891 -0.4275000 0.7400000 0.93000 0.92000 0.86000
v 0.1825000 -0.4403109 0.7400000 0.93000 0.92000 0.86000
v 0.1990369 -0.4450000 0.7733258 0.93000 0.92000 0.86000
v 0.2165076 -0.4403109 0.7743380 0.93000 0.92000 0.86000
v 0.2292971 -0.4275000 0.7750790 0.93000 0.92000 0.86000
v 0.2339783 -0.4100000 0.7753502 0.93000 0.92000 0.86000
v 0.2292971 -0.3925000 0.7750790 0.93000 0.92000 0.86000
v 0.2165076 -0.3796891 0.7743380 0.93000 0.92000 0.86000
v 0.1990369 -0.3750000 0.7733258 0.93000 0.92000 0.86000
v 0.1815662 -0.3796891 0.7723136 0.93000 0.92000 0.86000
v 0.1687768 -0.3925000 0.7715726 0.93000 0.92000 0.86000
v 0.1640955 -0.4100000 0.7713014 0.93000 0.92000 0.86000
v 0.1687768 -0.4275000 0.7715726 0.93000 0.92000 0.86000
v 0.1815662 -0.4403109 0.7723136 0.93000 0.92000 0.86000
v 0.1961571 -0.4450000 0.8063307 0.93000 0.92000 0.86000
v 0.2135385 -0.4403109 0.8083645 0.93000 0.92000 0.86000
v 0.2262626 -0.4275000 0.8098533 0.93000 0.92000 0.86000
v 0.2309199 -0.4100000 0.8103982 0.93000 0.92000 0.86000
v 0.2262626 -0.3925000 0.8098533 0.93000 0.92000 0.86000
v 0.2135385 -0.3796891 0.8083645 0.93000 0.92000 0.86000
v 0.1961571 -0.3750000 0.8063307 0.93000 0.92000 0.86000
v 0.1787756 -0.3796891 0.8042969 0.93000 0.92000 0.86000
v 0.1660516 -0.3925000 0.8028081 0.93000 0.92000 0.86000
v 0.1613942 -0.4100000 0.8022632 0.93000 0.92000 0.86000
v 0.1660516 -0.4275000 0.8028081 0.93000 0.92000 0.86000
v 0.1787756 -0.4403109 0.8042969 0.93000 0.92000 0.86000
v 0.1913881 -0.4450000 0.8386968 0.93000 0.92000 0.86000
v 0.2086159 -0.4403109 0.8417709 0.93000 0.92000 0.86000
v 0.2212276 -0.4275000 0.8440213 0.93000 0.92000 0.86000
v 0.2258438 -0.4100000 0.8448451 0.93000 0.92000 0.86000
v 0.2212276 -0.3925000 0.8440213 0.93000 0.92000 0.86000
v 0.2086159 -0.3796891 0.8417709 0.93000 0.92000 0.86000
v 0.1913881 -0.3750000 0.8386968 0.93000 0.92000 0.86000
v 0.1741602 -0.3796891 0.8356227 0.93000 0.92000 0.86000
v 0.1615485 -0.3925000 0.8333722 0.93000 0.92000 0.86000
v 0.1569323 -0.4100000 0.8325485 0.93000 0.92000 0.86000
v 0.1615485 -0.4275000 0.8333722 0.93000 0.92000 0.86000
v 0.1741602 -0.4403109 0.8356227 0.93000 0.92000 0.86000
v 0.1847759 -0.4450000 0.8701124 0.93000 0.92000 0.86000
v 0.2017785 -0.4403109 0.8742551 0.93000 0.92000 0.86000
v 0.2142252 -0.4275000 0.8772879 0.93000 0.92000 0.86000
v 0.2187811 -0.4100000 0.8783979 0.93000 0.92000 0.86000
v 0.2142252 -0.3925000 0.8772879 0.93000 0.92000 0.86000
v 0.2017785 -0.3796891 0.8742551 0.93000 0.92000 0.86000
v 0.1847759 -0.3750000 0.8701124 0.93000 0.92000 0.86000
v 0.1677733 -0.3796891 0.8659696 0.93000 0.92000 0.86000
v 0.1553266 -0.3925000 0.8629369 0.93000 0.92000 0.86000
v 0.1507708 -0.4100000 0.8618268 0.93000 0.92000 0.86000
v 0.1553266 -0.4275000 0.8629369 0.93000 0.92000 0.86000
v 0.1677733 -0.4403109 0.8659696 0.93000 0.92000 0.86000
v 0.1763843 -0.4450000 0.9002749 0.93000 0.92000 0.86000
v 0.1930785 -0.4403109 0.9055238 0.93000 0.92000 0.86000
v 0.2052996 -0.4275000 0.9093664 0.93000 0.92000 0.86000
v 0.2097728 -0.4100000 0.9107729 0.93000 0.92000 0.86000
v 0.2052996 -0.3925000 0.9093664 0.93000 0.92000 0.86000
v 0.1930785 -0.3796891 0.9055238 0.93000 0.92000 0.86000
v 0.1763843 -0.3750000 0.9002749 0.93000 0.92000 0.86000
v 0.1596900 -0.3796891 0.8950259 0.93000 0.92000 0.86000
v 0.1474690 -0.3925000 0.8911834 0.93000 0.92000 0.86000
v 0.1429957 -0.4100000 0.8897769 0.93000 0.92000 0.86000
v 0.1474690 -0.4275000 0.8911834 0.93000 0.92000 0.86000
v 0.1596900 -0.4403109 0.8950259 0.93000 0.92000 0.86000
v 0.1662939 -0.4450000 0.9288939 0.93000 0.92000 0.86000
v 0.1825810 -0.4403109 0.9352955 0.93000 0.92000 0.86000
v 0.1945040 -0.4275000 0.9399818 0.93000 0.92000 0.86000
v 0.1988681 -0.4100000 0.9416971 0.93000 0.92000 0.86000
v 0.1945040 -0.3925000 0.9399818 0.93000 0.92000 0.86000
v 0.1825810 -0.3796891 0.9352955 0.93000 0.92000 0.86000
v 0.1662939 -0.3750000 0.9288939 0.93000 0.92000 0.86000
v 0.1500068 -0.3796891 0.9224923 0.93000 0.92000 0.86000
v 0.1380838 -0.3925000 0.9178060 0.93000 0.92000 0.86000
v 0.1337197 -0.4100000 0.9160907 0.93000 0.92000 0.86000
v 0.1380838 -0.4275000 0.9178060 0.93000 0.92000 0.86000
v 0.1500068 -0.4403109 0.9224923 0.93000 0.92000 0.86000
v 0.1546021 -0.4450000 0.9556937 0.93000 0.92000 0.86000
v 0.1703618 -0.4403109 0.9633018 0.93000 0.92000 0.86000
v 0.1818987 -0.4275000 0.9688712 0.93000 0.92000 0.86000
v 0.1861215 -0.4100000 0.9709098 0.93000 0.92000 0.86000
v 0.1818987 -0.3925000 0.9688712 0.93000 0.92000 0.86000
v 0.1703618 -0.3796891 0.9633018 0.93000 0.92000 0.86000
v 0.1546021 -0.3750000 0.9556937 0.93000 0.92000 0.86000
v 0.1388424 -0.3796891 0.9480857 0.93000 0.92000 0.86000
v 0.1273055 -0.3925000 0.9425162 0.93000 0.92000 0.86000
v 0.1230827 -0.4100000 0.9404777 0.93000 0.92000 0.86000
v 0.1273055 -0.4275000 0.9425162 0.93000 0.92000 0.86000
v 0.1388424 -0.4403109 0.9480857 0.93000 0.92000 0.86000
v 0.1414214 -0.4450000 0.9804163 0.93000 0.92000 0.86000
v 0.1565052 -0.4403109 0.9892892 0.93000 0.92000 0.86000
v 0.1675474 -0.4275000 0.9957845 0.93000 0.92000 0.86000
v 0.1715891 -0.4100000 0.9981620 0.93000 0.92000 0.86000
v 0.1675474 -0.3925000 0.9957845 0.93000 0.92000 0.86000
v 0.1565052 -0.3796891 0.9892892 0.93000 0.92000 0.86000
v 0.1414214 -0.3750000 0.9804163 0.93000 0.92000 0.86000
v 0.1263375 -0.3796891 0.9715434 0.93000 0.92000 0.86000
v 0.1152954 -0.3925000 0.9650481 0.93000 0.92000 0.86000
v 0.1112537 -0.4100000 0.9626706 0.93000 0.92000 0.86000
v 0.1152954 -0.4275000 0.9650481 0.93000 0.92000 0.86000
v 0.1263375 -0.4403109 0.9715434 0.93000 0.92000 0.86000
v 0.1268787 -0.4450000 1.0028236 0.93000 0.92000 0.86000
v 0.1411023 -0.4403109 1.0130186 0.93000 0.92000 0.86000
v 0.1515147 -0.4275000 1.0204819 0.93000 0.92000 0.86000
v 0.1553259 -0.4100000 1.0232136 0.93000 0.92000 0.86000
v 0.1515147 -0.3925000 1.0204819 0.93000 0.92000 0.86000
v 0.1411023 -0.3796891 1.0130186 0.93000 0.92000 0.86000
v 0.1268787 -0.3750000 1.0028236 0.93000 0.92000 0.86000
v 0.1126550 -0.3796891 0.9926286 0.93000 0.92000 0.86000
v 0.1022426 -0.3925000 0.9851653 0.93000 0.92000 0.86000
v 0.0984314 -0.4100000 0.9824336 0.93000 0.92000 0.86000
v 0.1022426 -0.4275000 0.9851653 0.93000 0.92000 0.86000
v 0.1126550 -0.4403109 0.9926286 0.93000 0.92000 0.86000
v 0.1111140 -0.4450000 1.0226997 0.93000 0.92000 0.86000
v 0.1242492 -0.4403109 1.0342634 0.93000 0.92000 0.86000
v 0.1338648 -0.4275000 1.0427285 0.93000 0.92000 0.86000
v 0.1373844 -0.4100000 1.0458269 0.93000 0.92000 0.86000
v 0.1338648 -0.3925000 1.0427285 0.93000 0.92000 0.86000
v 0.1242492 -0.3796891 1.0342634 0.93000 0.92000 0.86000
v 0.1111140 -0.3750000 1.0226997 0.93000 0.92000 0.86000
v 0.0979789 -0.3796891 1.0111361 0.93000 0.92000 0.86000
v 0.0883633 -0.3925000 1.0026709 0.93000 0.92000 0.86000
v 0.0848437 -0.4100000 0.9995725 0.93000 0.92000 0.86000
v 0.0883633 -0.4275000 1.0026709 0.93000 0.92000 0.86000
v 0.0979789 -0.4403109 1.0111361 0.93000 0.92000 0.86000
v 0.0942793 -0.4450000 1.0398532 0.93000 0.92000 0.86000
v 0.1060481 -0.4403109 1.0528048 0.93000 0.92000 0.86000
v 0.1146635 -0.4275000 1.0622861 0.93000 0.92000 0.86000
v 0.1178169 -0.4100000 1.0657566 0.93000 0.92000 0.86000
v 0.1146635 -0.3925000 1.0622861 0.93000 0.92000 0.86000
v 0.1060481 -0.3796891 1.0528048 0.93000 0.92000 0.86000
v 0.0942793 -0.3750000 1.0398532 0.93000 0.92000 0.86000
v 0.0825106 -0.3796891 1.0269016 0.93000 0.92000 0.86000
v 0.0738952 -0.3925000 1.0174203 0.93000 0.92000 0.86000
v 0.0707418 -0.4100000 1.0139499 0.93000 0.92000 0.86000
v 0.0738952 -0.4275000 1.0174203 0.93000 0.92000 0.86000
v 0.0825106 -0.4403109 1.0269016 0.93000 0.92000 0.86000
v 0.0765367 -0.4450000 1.0541190 0.93000 0.92000 0.86000
v 0.0866122 -0.4403109 1.0684276 0.93000 0.92000 0.86000
v 0.0939880 -0.4275000 1.0789021 0.93000 0.92000 0.86000
v 0.0966877 -0.4100000 1.0827360 0.93000 0.92000 0.86000
v 0.0939880 -0.3925000 1.0789021 0.93000 0.92000 0.86000
v 0.0866122 -0.3796891 1.0684276 0.93000 0.92000 0.86000
v 0.0765367 -0.3750000 1.0541190 0.93000 0.92000 0.86000
v 0.0664612 -0.3796891 1.0398104 0.93000 0.92000 0.86000
v 0.0590854 -0.3925000 1.0293359 0.93000 0.92000 0.86000
v 0.0563856 -0.4100000 1.0255020 0.93000 0.92000 0.86000
v 0.0590854 -0.4275000 1.0293359 0.93000 0.92000 0.86000
v 0.0664612 -0.4403109 1.0398104 0.93000 0.92000 0.86000
v 0.0580569 -0.4450000 1.0653597 0.93000 0.92000 0.86000
v 0.0660778 -0.4403109 1.0809133 0.93000 0.92000 0.86000
v 0.0719495 -0.4275000 1.0922995 0.93000 0.92000 0.86000
v 0.0740986 -0.4100000 1.0964670 0.93000 0.92000 0.86000
v 0.0719495 -0.3925000 1.0922995 0.93000 0.92000 0.86000
v 0.0660778 -0.3796891 1.0809133 0.93000 0.92000 0.86000
v 0.0580569 -0.3750000 1.0653597 0.93000 0.92000 0.86000
v 0.0500361 -0.3796891 1.0498061 0.93000 0.92000 0.86000
v 0.0441644 -0.3925000 1.0384200 0.93000 0.92000 0.86000
v 0.0420152 -0.4100000 1.0342524 0.93000 0.92000 0.86000
v 0.0441644 -0.4275000 1.0384200 0.93000 0.92000 0.86000
v 0.0500361 -0.4403109 1.0498061 0.93000 0.92000 0.86000
v 0.0390181 -0.4450000 1.0734670 0.93000 0.92000 0.86000
v 0.0446239 -0.4403109 1.0900449 0.93000 0.92000 0.86000
v 0.0487276 -0.4275000 1.1021807 0.93000 0.92000 0.86000
v 0.0502297 -0.4100000 1.1066227 0.93000 0.92000 0.86000
v 0.0487276 -0.3925000 1.1021807 0.93000 0.92000 0.86000
v 0.0446239 -0.3796891 1.0900449 0.93000 0.92000 0.86000
v 0.0390181 -0.3750000 1.0734670 0.93000 0.92000 0.86000
v 0.0334123 -0.3796891 1.0568892 0.93000 0.92000 0.86000
v 0.0293085 -0.3925000 1.0447533 0.93000 0.92000 0.86000
v 0.0278064 -0.4100000 1.0403113 0.93000 0.92000 0.86000
v 0.0293085 -0.4275000 1.0447533 0.93000 0.92000 0.86000
v 0.0334123 -0.4403109 1.0568892 0.93000 0.92000 0.86000
v 0.0196034 -0.4450000 1.0783628 0.93000 0.92000 0.86000
v 0.0224933 -0.4403109 1.0956225 0.93000 0.92000 0.86000
v 0.0246089 -0.4275000 1.1082575 0.93000 0.92000 0.86000
v 0.0253832 -0.4100000 1.1128823 0.93000 0.92000 0.86000
v 0.0246089 -0.3925000 1.1082575 0.93000 0.92000 0.86000
v 0.0224933 -0.3796891 1.0956225 0.93000 0.92000 0.86000
v 0.0196034 -0.3750000 1.0783628 0.93000 0.92000 0.86000
v 0.0167135 -0.3796891 1.0611031 0.93000 0.92000 0.86000
v 0.0145980 -0.3925000 1.0484681 0.93000 0.92000 0.86000
v 0.0138236 -0.4100000 1.0438434 0.93000 0.92000 0.86000
v 0.0145980 -0.4275000 1.0484681 0.93000 0.92000 0.86000
v 0.0167135 -0.4403109 1.0611031 0.93000 0.92000 0.86000
v 0.0000000 -0.4450000 1.0800000 0.93000 0.92000 0.86000
v 0.0000000 -0.4403109 1.0975001 0.93000 0.92000 0.86000
v 0.0000000 -0.4275000 1.1103109 0.93000 0.92000 0.86000
v 0.0000000 -0.4100000 1.1150000 0.93000 0.92000 0.86000
v 0.0000000 -0.3925000 1.1103109 0.93000 0.92000 0.86000
v 0.0000000 -0.3796891 1.0975001 0.93000 0.92000 0.86000
v 0.0000000 -0.3750000 1.0800000 0.93000 0.92000 0.86000
v 0.0000000 -0.3796891 1.0625000 0.93000 0.92000 0.86000
v 0.0000000 -0.3925000 1.0496892 0.93000 0.92000 0.86000
v 0.0000000 -0.4100000 1.0450001 0.93000 0.92000 0.86000
v 0.0000000 -0.4275000 1.0496892 0.93000 0.92000 0.86000
v 0.0000000 -0.4403109 1.0625000 0.93000 0.92000 0.86000
v -0.0196034 -0.4450000 1.0783628 0.93000 0.92000 0.86000
v -0.0224933 -0.4403109 1.0956225 0.93000 0.92000 0.86000
v -0.0246089 -0.4275000 1.1082575 0.93000 0.92000 0.86000
v -0.0253832 -0.4100000 1.1128823 0.93000 0.92000 0.86000
v -0.0246089 -0.3925000 1.1082575 0.93000 0.92000 0.86000
v -0.0224933 -0.3796891 1.0956225 0.93000 0.92000 0.86000
v -0.0196034 -0.3750000 1.0783628 0.93000 0.92000 0.86000
v -0.0167135 -0.3796891 1.0611031 0.93000 0.92000 0.86000
v -0.0145980 -0.3925000 1.0484681 0.93000 0.92000 0.86000
v -0.0138236 -0.4100000 1.0438434 0.93000 0.92000 0.86000
v -0.0145980 -0.4275000 1.0484681 0.93000 0.92000 0.86000
v -0.0167135 -0.4403109 1.0611031 0.93000 0.92000 0.86000
v -0.0390181 -0.4450000 1.0734670 0.93000 0.92000 0.86000
v -0.0446239 -0.4403109 1.0900449 0.93000 0.92000 0.86000
v -0.0487276 -0.4275000 1.1021807 0.93000 0.92000 0.86000
v -0.0502297 -0.4100000 1.1066227 0.93000 0.92000 0.86000
v -0.0487276 -0.3925000 1.1021807 0.93000 0.92000 0.86000
v -0.0446239 -0.3796891 1.0900449 0.93000 0.92000 0.86000
v -0.0390181 -0.3750000 1.0734670 0.93000 0.92000 0.86000
v -0.0334123 -0.3796891 1.0568892 0.93000 0.92000 0.86000
v -0.0293085 -0.3925000 1.0447533 0.93000 0.92000 0.86000
v -0.0278064 -0.4100000 1.0403113 0.93000 0.92000 0.86000
v -0.0293085 -0.4275000 1.0447533 0.93000 0.92000 0.86000
v -0.0334123 -0.4403109 1.0568892 0.93000 0.92000 0.86000
v -0.0580569 -0.4450000 1.0653597 0.93000 0.92000 0.86000
v -0.0660778 -0.4403109 1.0809133 0.93000 0.92000 0.86000
v -0.0719495 -0.4275000 1.0922995 0.93000 0.92000 0.86000
v -0.0740986 -0.4100000 1.0964670 0.93000 0.92000 0.86000
v -0.0719495 -0.3925000 1.0922995 0.93000 0.92000 0.86000
v -0.0660778 -0.3796891 1.0809133 0.93000 0.92000 0.86000
v -0.0580569 -0.3750000 1.0653597 0.93000 0.92000 0.86000
v -0.0500361 -0.3796891 1.0498061 0.93000 0.92000 0.86000
v -0.0441644 -0.3925000 1.0384200 0.93000 0.92000 0.86000
v -0.0420152 -0.4100000 1.0342524 0.93000 0.92000 0.86000
v -0.0441644 -0.4275000 1.0384200 0.93000 0.92000 0.86000
v -0.0500361 -0.4403109 1.0498061 0.93000 0.92000 0.86000
v -0.0765367 -0.4450000 1.0541190 0.93000 0.92000 0.86000
v -0.0866122 -0.4403109 1.0684276 0.93000 0.92000 0.86000
v -0.0939880 -0.4275000 1.0789021 0.93000 0.92000 0.86000
v -0.0966877 -0.4100000 1.0827360 0.93000 0.92000 0.86000
v -0.0939880 -0.3925000 1.0789021 0.93000 0.92000 0.86000
v -0.0866122 -0.3796891 1.0684276 0.93000 0.92000 0.86000
v -0.0765367 -0.3750000 1.0541190 0.93000 0.92000 0.86000
v -0.0664612 -0.3796891 1.0398104 0.93000 0.92000 0.86000
v -0.0590854 -0.3925000 1.0293359 0.93000 0.92000 0.86000
v -0.0563856 -0.4100000 1.0255020 0.93000 0.92000 0.86000
v -0.0590854 -0.4275000 1.0293359 0.93000 0.92000 0.86000
v -0.0664612 -0.4403109 1.0398104 0.93000 0.92000 0.86000
v -0.0942793 -0.4450000 1.0398532 0.93000 0.92000 0.86000
v -0.1060481 -0.4403109 1.0528048 0.93000 0.92000 0.86000
v -0.1146635 -0.4275000 1.0622861 0.93000 0.92000 0.86000
v -0.1178169 -0.4100000 1.0657566 0.93000 0.92000 0.86000
v -0.1146635 -0.3925000 1.0622861 0.93000 0.92000 0.86000
v -0.1060481 -0.3796891 1.0528048 0.93000 0.92000 0.86000
v -0.0942793 -0.3750000 1.0398532 0.93000 0.92000 0.86000
v -0.0825106 -0.3796891 1.0269016 0.93000 0.92000 0.86000
v -0.0738952 -0.3925000 1.0174203 0.93000 0.92000 0.86000
v -0.0707418 -0.4100000 1.0139499 0.93000 0.92000 0.86000
v -0.0738952 -0.4275000 1.0174203 0.93000 0.92000 0.86000
v -0.0825106 -0.4403109 1.0269016 0.93000 0.92000 0.86000
v -0.1111140 -0.4450000 1.0226997 0.93000 0.92000 0.86000
v -0.1242492 -0.4403109 1.0342634 0.93000 0.92000 0.86000
v -0.1338648 -0.4275000 1.0427285 0.93000 0.92000 0.86000
v -0.1373844 -0.4100000 1.0458269 0.93000 0.92000 0.86000
v -0.1338648 -0.3925000 1.0427285 0.93000 0.92000 0.86000
v -0.1242492 -0.3796891 1.0342634 0.93000 0.92000 0.86000
v -0.1111140 -0.3750000 1.0226997 0.93000 0.92000 0.86000
v -0.0979789 -0.3796891 1.0111361 0.93000 0.92000 0.86000
v -0.0883633 -0.3925000 1.0026709 0.93000 0.92000 0.86000
v -0.0848437 -0.4100000 0.9995725 0.93000 0.92000 0.86000
v -0.0883633 -0.4275000 1.0026709 0.93000 0.92000 0.86000
v -0.0979789 -0.4403109 1.0111361 0.93000 0.92000 0.86000
v -0.1268787 -0.4450000 1.0028236 0.93000 0.92000 0.86000
v -0.1411023 -0.4403109 1.0130186 0.93000 0.92000 0.86000
v -0.1515147 -0.4275000 1.0204819 0.93000 0.92000 0.86000
v -0.1553259 -0.4100000 1.0232136 0.93000 0.92000 0.86000
v -0.1515147 -0.3925000 1.0204819 0.93000 0.92000 0.86000
v -0.1411023 -0.3796891 1.0130186 0.93000 0.92000 0.86000
v -0.1268787 -0.3750000 1.0028236 0.93000 0.92000 0.86000
v -0.1126550 -0.3796891 0.9926286 0.93000 0.92000 0.86000
v -0.1022426 -0.3925000 0.9851653 0.93000 0.92000 0.86000
v -0.0984314 -0.4100000 0.9824336 0.93000 0.92000 0.86000
v -0.1022426 -0.4275000 0.9851653 0.93000 0.92000 0.86000
v -0.1126550 -0.4403109 0.9926286 0.93000 0.92000 0.86000
v -0.1414214 -0.4450000 0.9804163 0.93000 0.92000 0.86000
v -0.1565052 -0.4403109 0.9892892 0.93000 0.92000 0.86000
v -0.1675474 -0.4275000 0.9957845 0.93000 0.92000 0.86000
v -0.1715891 -0.4100000 0.9981620 0.93000 0.92000 0.86000
v -0.1675474 -0.3925000 0.9957845 0.93000 0.92000 0.86000
v -0.1565052 -0.3796891 0.9892892 0.93000 0.92000 0.86000
v -0.1414214 -0.3750000 0.9804163 0.93000 0.92000 0.86000
v -0.1263375 -0.3796891 0.9715434 0.93000 0.92000 0.86000
v -0.1152954 -0.3925000 0.9650481 0.93000 0.92000 0.86000
v -0.1112537 -0.4100000 0.9626706 0.93000 0.92000 0.86000
v -0.1152954 -0.4275000 0.9650481 0.93000 0.92000 0.86000
v -0.1263375 -0.4403109 0.9715434 0.93000 0.92000 0.86000
v -0.1546021 -0.4450000 0.9556937 0.93000 0.92000 0.86000
v -0.1703618 -0.4403109 0.9633018 0.93000 0.92000 0.86000
v -0.1818987 -0.4275000 0.9688712 0.93000 0.92000 0.86000
v -0.1861215 -0.4100000 0.9709098 0.93000 0.92000 0.86000
v -0.1818987 -0.3925000 0.9688712 0.93000 0.92000 0.86000
v -0.1703618 -0.3796891 0.9633018 0.93000 0.92000 0.86000
v -0.1546021 -0.3750000 0.9556937 0.93000 0.92000 0.86000
v -0.1388424 -0.3796891 0.9480857 0.93000 0.92000 0.86000
v -0.1273055 -0.3925000 0.9425162 0.93000 0.92000 0.86000
v -0.1230827 -0.4100000 0.9404777 0.93000 0.92000 0.86000
v -0.1273055 -0.4275000 0.9425162 0.93000 0.92000 0.86000
v -0.1388424 -0.4403109 0.9480857 0.93000 0.92000 0.86000
v -0.1662939 -0.4450000 0.9288939 0.93000 0.92000 0.86000
v -0.1825810 -0.4403109 0.9352955 0.93000 0.92000 0.86000
v -0.1945040 -0.4275000 0.9399818 0.93000 0.92000 0.86000
v -0.1988681 -0.4100000 0.9416971 0.93000 0.92000 0.86000
v -0.1945040 -0.3925000 0.9399818 0.93000 0.92000 0.86000
v -0.1825810 -0.3796891 0.9352955 0.93000 0.92000 0.86000
v -0.1662939 -0.3750000 0.9288939 0.93000 0.92000 0.86000
v -0.1500068 -0.3796891 0.9224923 0.93000 0.92000 0.86000
v -0.1380838 -0.3925000 0.9178060 0.93000 0.92000 0.86000
v -0.1337197 -0.4100000 0.9160907 0.93000 0.92000 0.86000
v -0.1380838 -0.4275000 0.9178060 0.93000 0.92000 0.86000
v -0.1500068 -0.4403109 0.9224923 0.93000 0.92000 0.86000
v -0.1763843 -0.4450000 0.9002749 0.93000 0.92000 0.86000
v -0.1930785 -0.4403109 0.9055238 0.93000 0.92000 0.86000
v -0.2052996 -0.4275000 0.9093664 0.93000 0.92000 0.86000
v -0.2097728 -0.4100000 0.9107729 0.93000 0.92000 0.86000
v -0.2052996 -0.3925000 0.9093664 0.93000 0.92000 0.86000
v -0.1930785 -0.3796891 0.9055238 0.93000 0.92000 0.86000
v -0.1763843 -0.3750000 0.9002749 0.93000 0.92000 0.86000
v -0.1596900 -0.3796891 0.8950259 0.93000 0.92000 0.86000
v -0.1474690 -0.3925000 0.8911834 0.93000 0.92000 0.86000
v -0.1429957 -0.4100000 0.8897769 0.93000 0.92000 0.86000
v -0.1474690 -0.4275000 0.8911834 0.93000 0.92000 0.86000
v -0.1596900 -0.4403109 0.8950259 0.93000 0.92000 0.86000
v -0.1847759 -0.4450000 0.8701124 0.93000 0.92000 0.86000
v -0.2017785 -0.4403109 0.8742551 0.93000 0.92000 0.86000
v -0.2142252 -0.4275000 0.8772879 0.93000 0.92000 0.86000
v -0.2187811 -0.4100000 0.8783979 0.93000 0.92000 0.86000
v -0.2142252 -0.3925000 0.8772879 0.93000 0.92000 0.86000
v -0.2017785 -0.3796891 0.8742551 0.93000 0.92000 0.86000
v -0.1847759 -0.3750000 0.8701124 0.93000 0.92000 0.86000
v -0.1677733 -0.3796891 0.8659696 0.93000 0.92000 0.86000
v -0.1553266 -0.3925000 0.8629369 0.93000 0.92000 0.86000
v -0.1507708 -0.4100000 0.8618268 0.93000 0.92000 0.86000
v -0.1553266 -0.4275000 0.8629369 0.93000 0.92000 0.86000
v -0.1677733 -0.4403109 0.8659696 0.93000 0.92000 0.86000
v -0.1913881 -0.4450000 0.8386968 0.93000 0.92000 0.86000
v -0.2086159 -0.4403109 0.8417709 0.93000 0.92000 0.86000
v -0.2212276 -0.4275000 0.8440213 0.93000 0.92000 0.86000
v -0.2258438 -0.4100000 0.8448451 0.93000 0.92000 0.86000
v -0.2212276 -0.3925000 0.8440213 0.93000 0.92000 0.86000
v -0.2086159 -0.3796891 0.8417709 0.93000 0.92000 0.86000
v -0.1913881 -0.3750000 0.8386968 0.93000 0.92000 0.86000
v -0.1741602 -0.3796891 0.8356227 0.93000 0.92000 0.86000
v -0.1615485 -0.3925000 0.8333722 0.93000 0.92000 0.86000
v -0.1569323 -0.4100000 0.8325485 0.93000 0.92000 0.86000
v -0.1615485 -0.4275000 0.8333722 0.93000 0.92000 0.86000
v -0.1741602 -0.4403109 0.8356227 0.93000 0.92000 0.86000
v -0.1961571 -0.4450000 0.8063307 0.93000 0.92000 0.86000
v -0.2135385 -0.4403109 0.8083645 0.93000 0.92000 0.86000
v -0.2262626 -0.4275000 0.8098533 0.93000 0.92000 0.86000
v -0.2309199 -0.4100000 0.8103982 0.93000 0.92000 0.86000
v -0.2262626 -0.3925000 0.8098533 0.93000 0.92000 0.86000
v -0.2135385 -0.3796891 0.8083645 0.93000 0.92000 0.86000
v -0.1961571 -0.3750000 0.8063307 0.93000 0.92000 0.86000
v -0.1787756 -0.3796891 0.8042969 0.93000 0.92000 0.86000
v -0.1660516 -0.3925000 0.8028081 0.93000 0.92000 0.86000
v -0.1613942 -0.4100000 0.8022632 0.93000 0.92000 0.86000
v -0.1660516 -0.4275000 0.8028081 0.93000 0.92000 0.86000
v -0.1787756 -0.4403109 0.8042969 0.93000 0.92000 0.86000
v -0.1990369 -0.4450000 0.7733258 0.93000 0.92000 0.86000
v -0.2165076 -0.4403109 0.7743380 0.93000 0.92000 0.86000
v -0.2292971 -0.4275000 0.7750790 0.93000 0.92000 0.86000
v -0.2339783 -0.4100000 0.7753502 0.93000 0.92000 0.86000
v -0.2292971 -0.3925000 0.7750790 0.93000 0.92000 0.86000
v -0.2165076 -0.3796891 0.7743380 0.93000 0.92000 0.86000
v -0.1990369 -0.3750000 0.7733258 0.93000 0.92000 0.86000
v -0.1815662 -0.3796891 0.7723136 0.93000 0.92000 0.86000
v -0.1687768 -0.3925000 0.7715726 0.93000 0.92000 0.86000
v -0.1640955 -0.4100000 0.7713014 0.93000 0.92000 0.86000
v -0.1687768 -0.4275000 0.7715726 0.93000 0.92000 0.86000
v -0.1815662 -0.4403109 0.7723136 0.93000 0.92000 0.86000
v -0.2000000 -0.4450000 0.7400000 0.93000 0.92000 0.86000
v -0.2175000 -0.4403109 0.7400000 0.93000 0.92000 0.86000
v -0.2303109 -0.4275000 0.7400000 0.93000 0.92000 0.86000
v -0.2350000 -0.4100000 0.7400000 0.93000 0.92000 0.86000
v -0.2303109 -0.3925000 0.7400000 0.93000 0.92000 0.86000
v -0.2175000 -0.3796891 0.7400000 0.93000 0.92000 0.86000
v -0.2000000 -0.3750000 0.7400000 0.93000 0.92000 0.86000
v -0.1825000 -0.3796891 0.7400000 0.93000 0.92000 0.86000
v -0.1696891 -0.3925000 0.7400000 0.93000 0.92000 0.86000
v -0.1650000 -0.4100000 0.7400000 0.93000 0.92000 0.86000
v -0.1696891 -0.4275000 0.7400000 0.93000 0.92000 0.86000
v -0.1825000 -0.4403109 0.7400000 0.93000 0.92000 0.86000
v -0.1990369 -0.4450000 0.7066742 0.93000 0.92000 0.86000
v -0.2165076 -0.4403109 0.7056620 0.93000 0.92000 0.86000
v -0.2292971 -0.4275000 0.7049210 0.93000 0.92000 0.86000
v -0.2339783 -0.4100000 0.7046498 0.93000 0.92000 0.86000
v -0.2292971 -0.3925000 0.7049210 0.93000 0.92000 0.86000
v -0.2165076 -0.3796891 0.7056620 0.93000 0.92000 0.86000
v -0.1990369 -0.3750000 0.7066742 0.93000 0.92000 0.86000
v -0.1815662 -0.3796891 0.7076864 0.93000 0.92000 0.86000
v -0.1687768 -0.3925000 0.7084273 0.93000 0.92000 0.86000
v -0.1640955 -0.4100000 0.7086985 0.93000 0.92000 0.86000
v -0.1687768 -0.4275000 0.7084273 0.93000 0.92000 0.86000
v -0.1815662 -0.4403109 0.7076864 0.93000 0.92000 0.86000
v -0.1961571 -0.4450000 0.6736693 0.93000 0.92000 0.86000
v -0.2135385 -0.4403109 0.6716355 0.93000 0.92000 0.86000
v -0.2262626 -0.4275000 0.6701467 0.93000 0.92000 0.86000
v -0.2309199 -0.4100000 0.6696018 0.93000 0.92000 0.86000
v -0.2262626 -0.3925000 0.6701467 0.93000 0.92000 0.86000
v -0.2135385 -0.3796891 0.6716355 0.93000 0.92000 0.86000
v -0.1961571 -0.3750000 0.6736693 0.93000 0.92000 0.86000
v -0.1787756 -0.3796891 0.6757030 0.93000 0.92000 0.86000
v -0.1660516 -0.3925000 0.6771919 0.93000 0.92000 0.86000
v -0.1613942 -0.4100000 0.6777368 0.93000 0.92000 0.86000
v -0.1660516 -0.4275000 0.6771919 0.93000 0.92000 0.86000
v -0.1787756 -0.4403109 0.6757030 0.93000 0.92000 0.86000
v -0.1913881 -0.4450000 0.6413032 0.93000 0.92000 0.86000
v -0.2086159 -0.4403109 0.6382291 0.93000 0.92000 0.86000
v -0.2212276 -0.4275000 0.6359786 0.93000 0.92000 0.86000
v -0.2258438 -0.4100000 0.6351549 0.93000 0.92000 0.86000
v -0.2212276 -0.3925000 0.6359786 0.93000 0.92000 0.86000
v -0.2086159 -0.3796891 0.6382291 0.93000 0.92000 0.86000
v -0.1913881 -0.3750000 0.6413032 0.93000 0.92000 0.86000
v -0.1741602 -0.3796891 0.6443773 0.93000 0.92000 0.86000
v -0.1615485 -0.3925000 0.6466277 0.93000 0.92000 0.86000
v -0.1569323 -0.4100000 0.6474515 0.93000 0.92000 0.86000
v -0.1615485 -0.4275000 0.6466277 0.93000 0.92000 0.86000
v -0.1741602 -0.4403109 0.6443773 0.93000 0.92000 0.86000
v -0.1847759 -0.4450000 0.6098877 0.93000 0.92000 0.86000
v -0.2017785 -0.4403109 0.6057449 0.93000 0.92000 0.86000
v -0.2142252 -0.4275000 0.6027122 0.93000 0.92000 0.86000
v -0.2187811 -0.4100000 0.6016021 0.93000 0.92000 0.86000
v -0.2142252 -0.3925000 0.6027122 0.93000 0.92000 0.86000
v -0.2017785 -0.3796891 0.6057449 0.93000 0.92000 0.86000
v -0.1847759 -0.3750000 0.6098877 0.93000 0.92000 0.86000
v -0.1677733 -0.3796891 0.6140304 0.93000 0.92000 0.86000
v -0.1553266 -0.3925000 0.6170632 0.93000 0.92000 0.86000
v -0.1507708 -0.4100000 0.6181732 0.93000 0.92000 0.86000
v -0.1553266 -0.4275000 0.6170632 0.93000 0.92000 0.86000
v -0.1677733 -0.4403109 0.6140304 0.93000 0.92000 0.86000
v -0.1763843 -0.4450000 0.5797251 0.93000 0.92000 0.86000
v -0.1930785 -0.4403109 0.5744761 0.93000 0.92000 0.86000
v -0.2052996 -0.4275000 0.5706336 0.93000 0.92000 0.86000
v -0.2097728 -0.4100000 0.5692271 0.93000 0.92000 0.86000
v -0.2052996 -0.3925000 0.5706336 0.93000 0.92000 0.86000
v -0.1930785 -0.3796891 0.5744761 0.93000 0.92000 0.86000
v -0.1763843 -0.3750000 0.5797251 0.93000 0.92000 0.86000
v -0.1596900 -0.3796891 0.5849741 0.93000 0.92000 0.86000
v -0.1474690 -0.3925000 0.5888166 0.93000 0.92000 0.86000
v -0.1429957 -0.4100000 0.5902231 0.93000 0.92000 0.86000
v -0.1474690 -0.4275000 0.5888166 0.93000 0.92000 0.86000
v -0.1596900 -0.4403109 0.5849741 0.93000 0.92000 0.86000
v -0.1662939 -0.4450000 0.5511061 0.93000 0.92000 0.86000
v -0.1825810 -0.4403109 0.5447045 0.93000 0.92000 0.86000
v -0.1945040 -0.4275000 0.5400182 0.93000 0.92000 0.86000
v -0.1988681 -0.4100000 0.5383029 0.93000 0.92000 0.86000
v -0.1945040 -0.3925000 0.5400182 0.93000 0.92000 0.86000
v -0.1825810 -0.3796891 0.5447045 0.93000 0.92000 0.86000
v -0.1662939 -0.3750000 0.5511061 0.93000 0.92000 0.86000
v -0.1500068 -0.3796891 0.5575077 0.93000 0.92000 0.86000
v -0.1380838 -0.3925000 0.5621940 0.93000 0.92000 0.86000
v -0.1337197 -0.4100000 0.5639093 0.93000 0.92000 0.86000
v -0.1380838 -0.4275000 0.5621940 0.93000 0.92000 0.86000
v -0.1500068 -0.4403109 0.5575077 0.93000 0.92000 0.86000
v -0.1546021 -0.4450000 0.5243063 0.93000 0.92000 0.86000
v -0.1703618 -0.4403109 0.5166982 0.93000 0.92000 0.86000
v -0.1818987 -0.4275000 0.5111288 0.93000 0.92000 0.86000
v -0.1861215 -0.4100000 0.5090902 0.93000 0.92000 0.86000
v -0.1818987 -0.3925000 0.5111288 0.93000 0.92000 0.86000
v -0.1703618 -0.3796891 0.5166982 0.93000 0.92000 0.86000
v -0.1546021 -0.3750000 0.5243063 0.93000 0.92000 0.86000
v -0.1388424 -0.3796891 0.5319144 0.93000 0.92000 0.86000
v -0.1273055 -0.3925000 0.5374838 0.93000 0.92000 0.86000
v -0.1230827 -0.4100000 0.5395223 0.93000 0.92000 0.86000
v -0.1273055 -0.4275000 0.5374838 0.93000 0.92000 0.86000
v -0.1388424 -0.4403109 0.5319144 0.93000 0.92000 0.86000
v -0.1414214 -0.4450000 0.4995837 0.93000 0.92000 0.86000
v -0.1565052 -0.4403109 0.4907108 0.93000 0.92000 0.86000
v -0.1675474 -0.4275000 0.4842155 0.93000 0.92000 0.86000
v -0.1715891 -0.4100000 0.4818380 0.93000 0.92000 0.86000
v -0.1675474 -0.3925000 0.4842155 0.93000 0.92000 0.86000
v -0.1565052 -0.3796891 0.4907108 0.93000 0.92000 0.86000
v -0.1414214 -0.3750000 0.4995837 0.93000 0.92000 0.86000
v -0.1263375 -0.3796891 0.5084565 0.93000 0.92000 0.86000
v -0.1152954 -0.3925000 0.5149519 0.93000 0.92000 0.86000
v -0.1112537 -0.4100000 0.5173294 0.93000 0.92000 0.86000
v -0.1152954 -0.4275000 0.5149519 0.93000 0.92000 0.86000
v -0.1263375 -0.4403109 0.5084565 0.93000 0.92000 0.86000
v -0.1268787 -0.4450000 0.4771765 0.93000 0.92000 0.86000
v -0.1411023 -0.4403109 0.4669814 0.93000 0.92000 0.86000
v -0.1515147 -0.4275000 0.4595182 0.93000 0.92000 0.86000
v -0.1553259 -0.4100000 0.4567864 0.93000 0.92000 0.86000
v -0.1515147 -0.3925000 0.4595182 0.93000 0.92000 0.86000
v -0.1411023 -0.3796891 0.4669814 0.93000 0.92000 0.86000
v -0.1268787 -0.3750000 0.4771765 0.93000 0.92000 0.86000
v -0.1126550 -0.3796891 0.4873715 0.93000 0.92000 0.86000
v -0.1022426 -0.3925000 0.4948348 0.93000 0.92000 0.86000
v -0.0984314 -0.4100000 0.4975665 0.93000 0.92000 0.86000
v -0.1022426 -0.4275000 0.4948348 0.93000 0.92000 0.86000
v -0.1126550 -0.4403109 0.4873715 0.93000 0.92000 0.86000
v -0.1111140 -0.4450000 0.4573003 0.93000 0.92000 0.86000
v -0.1242492 -0.4403109 0.4457367 0.93000 0.92000 0.86000
v -0.1338648 -0.4275000 0.4372715 0.93000 0.92000 0.86000
v -0.1373844 -0.4100000 0.4341731 0.93000 0.92000 0.86000
v -0.1338648 -0.3925000 0.4372715 0.93000 0.92000 0.86000
v -0.1242492 -0.3796891 0.4457367 0.93000 0.92000 0.86000
v -0.1111140 -0.3750000 0.4573003 0.93000 0.92000 0.86000
v -0.0979789 -0.3796891 0.4688640 0.93000 0.92000 0.86000
v -0.0883633 -0.3925000 0.4773291 0.93000 0.92000 0.86000
v -0.0848437 -0.4100000 0.4804276 0.93000 0.92000 0.86000
v -0.0883633 -0.4275000 0.4773291 0.93000 0.92000 0.86000
v -0.0979789 -0.4403109 0.4688640 0.93000 0.92000 0.86000
v -0.0942793 -0.4450000 0.4401468 0.93000 0.92000 0.86000
v -0.1060481 -0.4403109 0.4271951 0.93000 0.92000 0.86000
v -0.1146635 -0.4275000 0.4177138 0.93000 0.92000 0.86000
v -0.1178169 -0.4100000 0.4142434 0.93000 0.92000 0.86000
v -0.1146635 -0.3925000 0.4177138 0.93000 0.92000 0.86000
v -0.1060481 -0.3796891 0.4271951 0.93000 0.92000 0.86000
v -0.0942793 -0.3750000 0.4401468 0.93000 0.92000 0.86000
v -0.0825106 -0.3796891 0.4530984 0.93000 0.92000 0.86000
v -0.0738952 -0.3925000 0.4625797 0.93000 0.92000 0.86000
v -0.0707418 -0.4100000 0.4660501 0.93000 0.92000 0.86000
v -0.0738952 -0.4275000 0.4625797 0.93000 0.92000 0.86000
v -0.0825106 -0.4403109 0.4530984 0.93000 0.92000 0.86000
v -0.0765367 -0.4450000 0.4258810 0.93000 0.92000 0.86000
v -0.0866122 -0.4403109 0.4115725 0.93000 0.92000 0.86000
v -0.0939880 -0.4275000 0.4010979 0.93000 0.92000 0.86000
v -0.0966877 -0.4100000 0.3972639 0.93000 0.92000 0.86000
v -0.0939880 -0.3925000 0.4010979 0.93000 0.92000 0.86000
v -0.0866122 -0.3796891 0.4115725 0.93000 0.92000 0.86000
v -0.0765367 -0.3750000 0.4258810 0.93000 0.92000 0.86000
v -0.0664612 -0.3796891 0.4401895 0.93000 0.92000 0.86000
v -0.0590854 -0.3925000 0.4506640 0.93000 0.92000 0.86000
v -0.0563856 -0.4100000 0.4544980 0.93000 0.92000 0.86000
v -0.0590854 -0.4275000 0.4506640 0.93000 0.92000 0.86000
v -0.0664612 -0.4403109 0.4401895 0.93000 0.92000 0.86000
v -0.0580569 -0.4450000 0.4146403 0.93000 0.92000 0.86000
v -0.0660778 -0.4403109 0.3990866 0.93000 0.92000 0.86000
v -0.0719495 -0.4275000 0.3877006 0.93000 0.92000 0.86000
v -0.0740986 -0.4100000 0.3835330 0.93000 0.92000 0.86000
v -0.0719495 -0.3925000 0.3877006 0.93000 0.92000 0.86000
v -0.0660778 -0.3796891 0.3990866 0.93000 0.92000 0.86000
v -0.0580569 -0.3750000 0.4146403 0.93000 0.92000 0.86000
v -0.0500361 -0.3796891 0.4301939 0.93000 0.92000 0.86000
v -0.0441644 -0.3925000 0.4415800 0.93000 0.92000 0.86000
v -0.0420152 -0.4100000 0.4457476 0.93000 0.92000 0.86000
v -0.0441644 -0.4275000 0.4415800 0.93000 0.92000 0.86000
v -0.0500361 -0.4403109 0.4301939 0.93000 0.92000 0.86000
v -0.0390181 -0.4450000 0.4065330 0.93000 0.92000 0.86000
v -0.0446239 -0.4403109 0.3899552 0.93000 0.92000 0.86000
v -0.0487276 -0.4275000 0.3778193 0.93000 0.92000 0.86000
v -0.0502297 -0.4100000 0.3733773 0.93000 0.92000 0.86000
v -0.0487276 -0.3925000 0.3778193 0.93000 0.92000 0.86000
v -0.0446239 -0.3796891 0.3899552 0.93000 0.92000 0.86000
v -0.0390181 -0.3750000 0.4065330 0.93000 0.92000 0.86000
v -0.0334123 -0.3796891 0.4231108 0.93000 0.92000 0.86000
v -0.0293085 -0.3925000 0.4352467 0.93000 0.92000 0.86000
v -0.0278064 -0.4100000 0.4396887 0.93000 0.92000 0.86000
v -0.0293085 -0.4275000 0.4352467 0.93000 0.92000 0.86000
v -0.0334123 -0.4403109 0.4231108 0.93000 0.92000 0.86000
v -0.0196034 -0.4450000 0.4016372 0.93000 0.92000 0.86000
v -0.0224933 -0.4403109 0.3843774 0.93000 0.92000 0.86000
v -0.0246089 -0.4275000 0.3717425 0.93000 0.92000 0.86000
v -0.0253832 -0.4100000 0.3671177 0.93000 0.92000 0.86000
v -0.0246089 -0.3925000 0.3717425 0.93000 0.92000 0.86000
v -0.0224933 -0.3796891 0.3843774 0.93000 0.92000 0.86000
v -0.0196034 -0.3750000 0.4016372 0.93000 0.92000 0.86000
v -0.0167135 -0.3796891 0.4188969 0.93000 0.92000 0.86000
v -0.0145980 -0.3925000 0.4315319 0.93000 0.92000 0.86000
v -0.0138236 -0.4100000 0.4361567 0.93000 0.92000 0.86000
v -0.0145980 -0.4275000 0.4315319 0.93000 0.92000 0.86000
v -0.0167135 -0.4403109 0.4188969 0.93000 0.92000 0.86000
v -0.0000000 -0.4450000 0.4000000 0.93000 0.92000 0.86000
v -0.0000000 -0.4403109 0.3825000 0.93000 0.92000 0.86000
v -0.0000000 -0.4275000 0.3696891 0.93000 0.92000 0.86000
v -0.0000000 -0.4100000 0.3650000 0.93000 0.92000 0.86000
v -0.0000000 -0.3925000 0.3696891 0.93000 0.92000 0.86000
v -0.0000000 -0.3796891 0.3825000 0.93000 0.92000 0.86000
v -0.0000000 -0.3750000 0.4000000 0.93000 0.92000 0.86000
v -0.0000000 -0.3796891 0.4175000 0.93000 0.92000 0.86000
v -0.0000000 -0.3925000 0.4303109 0.93000 0.92000 0.86000
v -0.0000000 -0.4100000 0.4350000 0.93000 0.92000 0.86000
v -0.0000000 -0.4275000 0.4303109 0.93000 0.92000 0.86000
v -0.0000000 -0.4403109 0.4175000 0.93000 0.92000 0.86000
v 0.0196034 -0.4450000 0.4016372 0.93000 0.92000 0.86000
v 0.0224933 -0.4403109 0.3843774 0.93000 0.92000 0.86000
v 0.0246089 -0.4275000 0.3717425 0.93000 0.92000 0.86000
v 0.0253832 -0.4100000 0.3671177 0.93000 0.92000 0.86000
v 0.0246089 -0.3925000 0.3717425 0.93000 0.92000 0.86000
v 0.0224933 -0.3796891 0.3843774 0.93000 0.92000 0.86000
v 0.0196034 -0.3750000 0.4016372 0.93000 0.92000 0.86000
v 0.0167135 -0.3796891 0.4188969 0.93000 0.92000 0.86000
v 0.0145980 -0.3925000 0.4315319 0.93000 0.92000 0.86000
v 0.0138236 -0.4100000 0.4361567 0.93000 0.92000 0.86000
v 0.0145980 -0.4275000 0.4315319 0.93000 0.92000 0.86000
v 0.0167135 -0.4403109 0.4188969 0.93000 0.92000 0.86000
v 0.0390181 -0.4450000 0.4065330 0.93000 0.92000 0.86000
v 0.0446239 -0.4403109 0.3899552 0.93000 0.92000 0.86000
v 0.0487276 -0.4275000 0.3778193 0.93000 0.92000 0.86000
v 0.0502297 -0.4100000 0.3733773 0.93000 0.92000 0.86000
v 0.0487276 -0.3925000 0.3778193 0.93000 0.92000 0.86000
v 0.0446239 -0.3796891 0.3899552 0.93000 0.92000 0.86000
v 0.0390181 -0.3750000 0.4065330 0.93000 0.92000 0.86000
v 0.0334123 -0.3796891 0.4231108 0.93000 0.92000 0.86000
v 0.0293085 -0.3925000 0.4352467 0.93000 0.92000 0.86000
v 0.0278064 -0.4100000 0.4396887 0.93000 0.92000 0.86000
v 0.0293085 -0.4275000 0.4352467 0.93000 0.92000 0.86000
v 0.0334123 -0.4403109 0.4231108 0.93000 0.92000 0.86000
v 0.0580569 -0.4450000 0.4146403 0.93000 0.92000 0.86000
v 0.0660778 -0.4403109 0.3990866 0.93000 0.92000 0.86000
v 0.0719495 -0.4275000 0.3877006 0.93000 0.92000 0.86000
v 0.0740986 -0.4100000 0.3835330 0.93000 0.92000 0.86000
v 0.0719495 -0.3925000 0.3877006 0.93000 0.92000 0.86000
v 0.0660778 -0.3796891 0.3990866 0.93000 0.92000 0.86000
v 0.0580569 -0.3750000 0.4146403 0.93000 0.92000 0.86000
v 0.0500361 -0.3796891 0.4301939 0.93000 0.92000 0.86000
v 0.0441644 -0.3925000 0.4415800 0.93000 0.92000 0.86000
v 0.0420152 -0.4100000 0.4457476 0.93000 0.92000 0.86000
v 0.0441644 -0.4275000 0.4415800 0.93000 0.92000 0.86000
v 0.0500361 -0.4403109 0.4301939 0.93000 0.92000 0.86000
v 0.0765367 -0.4450000 0.4258810 0.93000 0.92000 0.86000
v 0.0866122 -0.4403109 0.4115725 0.93000 0.92000 0.86000
v 0.0939880 -0.4275000 0.4010979 0.93000 0.92000 0.86000
v 0.0966877 -0.4100000 0.3972639 0.93000 0.92000 0.86000
v 0.0939880 -0.3925000 0.4010979 0.93000 0.92000 0.86000
v 0.0866122 -0.3796891 0.4115725 0.93000 0.92000 0.86000
v 0.0765367 -0.3750000 0.4258810 0.93000 0.92000 0.86000
v 0.0664612 -0.3796891 0.4401895 0.93000 0.92000 0.86000
v 0.0590854 -0.3925000 0.4506640 0.93000 0.92000 0.86000
v 0.0563856 -0.4100000 0.4544980 0.93000 0.92000 0.86000
v 0.0590854 -0.4275000 0.4506640 0.93000 0.92000 0.86000
v 0.0664612 -0.4403109 0.4401895 0.93000 0.92000 0.86000
v 0.0942793 -0.4450000 0.4401468 0.93000 0.92000 0.86000
v 0.1060481 -0.4403109 0.4271951 0.93000 0.92000 0.86000
v 0.1146635 -0.4275000 0.4177138 0.93000 0.92000 0.86000
v 0.1178169 -0.4100000 0.4142434 0.93000 0.92000 0.86000
v 0.1146635 -0.3925000 0.4177138 0.93000 0.92000 0.86000
v 0.1060481 -0.3796891 0.4271951 0.93000 0.92000 0.86000
v 0.0942793 -0.3750000 0.4401468 0.93000 0.92000 0.86000
v 0.0825106 -0.3796891 0.4530984 0.93000 0.92000 0.86000
v 0.0738952 -0.3925000 0.4625797 0.93000 0.92000 0.86000
v 0.0707418 -0.4100000 0.4660501 0.93000 0.92000 0.86000
v 0.0738952 -0.4275000 0.4625797 0.93000 0.92000 0.86000
v 0.0825106 -0.4403109 0.4530984 0.93000 0.92000 0.86000
v 0.1111140 -0.4450000 0.4573003 0.93000 0.92000 0.86000
v 0.1242492 -0.4403109 0.4457367 0.93000 0.92000 0.86000
v 0.1338648 -0.4275000 0.4372715 0.93000 0.92000 0.86000
v 0.1373844 -0.4100000 0.4341731 0.93000 0.92000 0.86000
v 0.1338648 -0.3925000 0.4372715 0.93000 0.92000 0.86000
v 0.1242492 -0.3796891 0.4457367 0.93000 0.92000 0.86000
v 0.1111140 -0.3750000 0.4573003 0.93000 0.92000 0.86000
v 0.0979789 -0.3796891 0.4688640 0.93000 0.92000 0.86000
v 0.0883633 -0.3925000 0.4773291 0.93000 0.92000 0.86000
v 0.0848437 -0.4100000 0.4804276 0.93000 0.92000 0.86000
v 0.0883633 -0.4275000 0.4773291 0.93000 0.92000 0.86000
v 0.0979789 -0.4403109 0.4688640 0.93000 0.92000 0.86000
v 0.1268787 -0.4450000 0.4771765 0.93000 0.92000 0.86000
v 0.1411023 -0.4403109 0.4669814 0.93000 0.92000 0.86000
v 0.1515147 -0.4275000 0.4595182 0.93000 0.92000 0.86000
v 0.1553259 -0.4100000 0.4567864 0.93000 0.92000 0.86000
v 0.1515147 -0.3925000 0.4595182 0.93000 0.92000 0.86000
v 0.1411023 -0.3796891 0.4669814 0.93000 0.92000 0.86000
v 0.1268787 -0.3750000 0.4771765 0.93000 0.92000 0.86000
v 0.1126550 -0.3796891 0.4873715 0.93000 0.92000 0.86000
v 0.1022426 -0.3925000 0.4948348 0.93000 0.92000 0.86000
v 0.0984314 -0.4100000 0.4975665 0.93000 0.92000 0.86000
v 0.1022426 -0.4275000 0.4948348 0.93000 0.92000 0.86000
v 0.1126550 -0.4403109 0.4873715 0.93000 0.92000 0.86000
v 0.1414214 -0.4450000 0.4995837 0.93000 0.92000 0.86000
v 0.1565052 -0.4403109 0.4907108 0.93000 0.92000 0.86000
v 0.1675474 -0.4275000 0.4842155 0.93000 0.92000 0.86000
v 0.1715891 -0.4100000 0.4818380 0.93000 0.92000 0.86000
v 0.1675474 -0.3925000 0.4842155 0.93000 0.92000 0.86000
v 0.1565052 -0.3796891 0.4907108 0.93000 0.92000 0.86000
v 0.1414214 -0.3750000 0.4995837 0.93000 0.92000 0.86000
v 0.1263375 -0.3796891 0.5084565 0.93000 0.92000 0.86000
v 0.1152954 -0.3925000 0.5149519 0.93000 0.92000 0.86000
v 0.1112537 -0.4100000 0.5173294 0.93000 0.92000 0.86000
v 0.1152954 -0.4275000 0.5149519 0.93000 0.92000 0.86000
v 0.1263375 -0.4403109 0.5084565 0.93000 0.92000 0.86000
v 0.1546021 -0.4450000 0.5243063 0.93000 0.92000 0.86000
v 0.1703618 -0.4403109 0.5166982 0.93000 0.92000 0.86000
v 0.1818987 -0.4275000 0.5111288 0.93000 0.92000 0.86000
v 0.1861215 -0.4100000 0.5090902 0.93000 0.92000 0.86000
v 0.1818987 -0.3925000 0.5111288 0.93000 0.92000 0.86000
v 0.1703618 -0.3796891 0.5166982 0.93000 0.92000 0.86000
v 0.1546021 -0.3750000 0.5243063 0.93000 0.92000 0.86000
v 0.1388424 -0.3796891 0.5319144 0.93000 0.92000 0.86000
v 0.1273055 -0.3925000 0.5374838 0.93000 0.92000 0.86000
v 0.1230827 -0.4100000 0.5395223 0.93000 0.92000 0.86000
v 0.1273055 -0.4275000 0.5374838 0.93000 0.92000 0.86000
v 0.1388424 -0.4403109 0.5319144 0.93000 0.92000 0.86000
v 0.1662939 -0.4450000 0.5511061 0.93000 0.92000 0.86000
v 0.1825810 -0.4403109 0.5447045 0.93000 0.92000 0.86000
v 0.1945040 -0.4275000 0.5400182 0.93000 0.92000 0.86000
v 0.1988681 -0.4100000 0.5383029 0.93000 0.92000 0.86000
v 0.1945040 -0.3925000 0.5400182 0.93000 0.92000 0.86000
v 0.1825810 -0.3796891 0.5447045 0.93000 0.92000 0.86000
v 0.1662939 -0.3750000 0.5511061 0.93000 0.92000 0.86000
v 0.1500068 -0.3796891 0.5575077 0.93000 0.92000 0.86000
v 0.1380838 -0.3925000 0.5621940 0.93000 0.92000 0.86000
v 0.1337197 -0.4100000 0.5639093 0.93000 0.92000 0.86000
v 0.1380838 -0.4275000 0.5621940 0.93000 0.92000 0.86000
v 0.1500068 -0.4403109 0.5575077 0.93000 0.92000 0.86000
v 0.1763843 -0.4450000 0.5797251 0.93000 0.92000 0.86000
v 0.1930785 -0.4403109 0.5744761 0.93000 0.92000 0.86000
v 0.2052996 -0.4275000 0.5706336 0.93000 0.92000 0.86000
v 0.2097728 -0.4100000 0.5692271 0.93000 0.92000 0.86000
v 0.2052996 -0.3925000 0.5706336 0.93000 0.92000 0.86000
v 0.1930785 -0.3796891 0.5744761 0.93000 0.92000 0.86000
v 0.1763843 -0.3750000 0.5797251 0.93000 0.92000 0.86000
v 0.1596900 -0.3796891 0.5849741 0.93000 0.92000 0.86000
v 0.1474690 -0.3925000 0.5888166 0.93000 0.92000 0.86000
v 0.1429957 -0.4100000 0.5902231 0.93000 0.92000 0.86000
v 0.1474690 -0.4275000 0.5888166 0.93000 0.92000 0.86000
v 0.1596900 -0.4403109 0.5849741 0.93000 0.92000 0.86000
v 0.1847759 -0.4450000 0.6098877 0.93000 0.92000 0.86000
v 0.2017785 -0.4403109 0.6057449 0.93000 0.92000 0.86000
v 0.2142252 -0.4275000 0.6027122 0.93000 0.92000 0.86000
v 0.2187811 -0.4100000 0.6016021 0.93000 0.92000 0.86000
v 0.2142252 -0.3925000 0.6027122 0.93000 0.92000 0.86000
v 0.2017785 -0.3796891 0.6057449 0.93000 0.92000 0.86000
v 0.1847759 -0.3750000 0.6098877 0.93000 0.92000 0.86000
v 0.1677733 -0.3796891 0.6140304 0.93000 0.92000 0.86000
v 0.1553266 -0.3925000 0.6170632 0.93000 0.92000 0.86000
v 0.1507708 -0.4100000 0.6181732 0.93000 0.92000 0.86000
v 0.1553266 -0.4275000 0.6170632 0.93000 0.92000 0.86000
v 0.1677733 -0.4403109 0.6140304 0.93000 0.92000 0.86000
v 0.1913881 -0.4450000 0.6413032 0.93000 0.92000 0.86000
v 0.2086159 -0.4403109 0.6382291 0.93000 0.92000 0.86000
v 0.2212276 -0.4275000 0.6359786 0.93000 0.92000 0.86000
v 0.2258438 -0.4100000 0.6351549 0.93000 0.92000 0.86000
v 0.2212276 -0.3925000 0.6359786 0.93000 0.92000 0.86000
v 0.2086159 -0.3796891 0.6382291 0.93000 0.92000 0.86000
v 0.1913881 -0.3750000 0.6413032 0.93000 0.92000 0.86000
v 0.1741602 -0.3796891 0.6443773 0.93000 0.92000 0.86000
v 0.1615485 -0.3925000 0.6466277 0.93000 0.92000 0.86000
v 0.1569323 -0.4100000 0.6474515 0.93000 0.92000 0.86000
v 0.1615485 -0.4275000 0.6466277 0.93000 0.92000 0.86000
v 0.1741602 -0.4403109 0.6443773 0.93000 0.92000 0.86000
v 0.1961571 -0.4450000 0.6736693 0.93000 0.92000 0.86000
v 0.2135385 -0.4403109 0.6716355 0.93000 0.92000 0.86000
v 0.2262626 -0.4275000 0.6701467 0.93000 0.92000 0.86000
v 0.2309199 -0.4100000 0.6696018 0.93000 0.92000 0.86000
v 0.2262626 -0.3925000 0.6701467 0.93000 0.92000 0.86000
v 0.2135385 -0.3796891 0.6716355 0.93000 0.92000 0.86000
v 0.1961571 -0.3750000 0.6736693 0.93000 0.92000 0.86000
v 0.1787756 -0.3796891 0.6757030 0.93000 0.92000 0.86000
v 0.1660516 -0.3925000 0.6771919 0.93000 0.92000 0.86000
v 0.1613942 -0.4100000 0.6777368 0.93000 0.92000 0.86000
v 0.1660516 -0.4275000 0.6771919 0.93000 0.92000 0.86000
v 0.1787756 -0.4403109 0.6757030 0.93000 0.92000 0.86000
v 0.1990369 -0.4450000 0.7066742 0.93000 0.92000 0.86000
v 0.2165076 -0.4403109 0.7056620 0.93000 0.92000 0.86000
v 0.2292971 -0.4275000 0.7049210 0.93000 0.92000 0.86000
v 0.2339783 -0.4100000 0.7046498 0.93000 0.92000 0.86000
v 0.2292971 -0.3925000 0.7049210 0.93000 0.92000 0.86000
v 0.2165076 -0.3796891 0.7056620 0.93000 0.92000 0.86000
v 0.1990369 -0.3750000 0.7066742 0.93000 0.92000 0.86000
v 0.1815662 -0.3796891 0.7076864 0.93000 0.92000 0.86000
v 0.1687768 -0.3925000 0.7084273 0.93000 0.92000 0.86000
v 0.1640955 -0.4100000 0.7086985 0.93000 0.92000 0.86000
v 0.1687768 -0.4275000 0.7084273 0.93000 0.92000 0.86000
v 0.1815662 -0.4403109 0.7076864 0.93000 0.92000 0.86000
v 0.0000000 -0.3450000 0.8800000 0.93000 0.92000 0.86000
v 0.0000000 -0.3450000 0.8800000 0.93000 0.92000 0.86000
v 0.0000000 -0.3450000 0.8800000 0.93000 0.92000 0.86000
v 0.0000000 -0.3450000 0.8800000 0.93000 0.92000 0.86000
v 0.0000000 -0.3450000 0.8800000 0.93000 0.92000 0.86000
v 0.0000000 -0.3450000 0.8800000 0.93000 0.92000 0.86000
v 0.0000000 -0.3450000 0.8800000 0.93000 0.92000 0.86000
v 0.0000000 -0.3450000 0.8800000 0.93000 0.92000 0.86000
v 0.0000000 -0.3450000 0.8800000 0.93000 0.92000 0.86000
v 0.0000000 -0.3450000 0.8800000 0.93000 0.92000 0.86000
v 0.0000000 -0.3450000 0.8800000 0.93000 0.92000 0.86000
v 0.0000000 -0.3450000 0.8800000 0.93000 0.92000 0.86000
v 0.0000000 -0.3450000 0.8800000 0.93000 0.92000 0.86000
v 0.0000000 -0.3450000 0.8800000 0.93000 0.92000 0.86000
v 0.0000000 -0.3450000 0.8800000 0.93000 0.92000 0.86000
v 0.0000000 -0.3450000 0.8800000 0.93000 0.92000 0.86000
v 0.0000000 -0.3450000 0.8800000 0.93000 0.92000 0.86000
v 0.0000000 -0.3450000 0.8800000 0.93000 0.92000 0.86000
v 0.0401722 -0.3450000 0.8751057 0.93000 0.92000 0.86000
v 0.0377495 -0.3437317 0.8751057 0.93000 0.92000 0.86000
v 0.0307737 -0.3426164 0.8751057 0.93000 0.92000 0.86000
v 0.0200861 -0.3417886 0.8751057 0.93000 0.92000 0.86000
v 0.0069758 -0.3413481 0.8751057 0.93000 0.92000 0.86000
v -0.0069758 -0.3413481 0.8751057 0.93000 0.92000 0.86000
v -0.0200861 -0.3417886 0.8751057 0.93000 0.92000 0.86000
v -0.0307737 -0.3426164 0.8751057 0.93000 0.92000 0.86000
v -0.0377495 -0.3437317 0.8751057 0.93000 0.92000 0.86000
v -0.0401722 -0.3450000 0.8751057 0.93000 0.92000 0.86000
v -0.0377495 -0.3462683 0.8751057 0.93000 0.92000 0.86000
v -0.0307737 -0.3473836 0.8751057 0.93000 0.92000 0.86000
v -0.0200861 -0.3482114 0.8751057 0.93000 0.92000 0.86000
v -0.0069758 -0.3486519 0.8751057 0.93000 0.92000 0.86000
v 0.0069758 -0.3486519 0.8751057 0.93000 0.92000 0.86000
v 0.0200861 -0.3482114 0.8751057 0.93000 0.92000 0.86000
v 0.0307737 -0.3473836 0.8751057 0.93000 0.92000 0.86000
v 0.0377495 -0.3462683 0.8751057 0.93000 0.92000 0.86000
v 0.0764121 -0.3450000 0.8609017 0.93000 0.92000 0.86000
v 0.0718039 -0.3425876 0.8609017 0.93000 0.92000 0.86000
v 0.0585351 -0.3404661 0.8609017 0.93000 0.92000 0.86000
v 0.0382060 -0.3388916 0.8609017 0.93000 0.92000 0.86000
v 0.0132688 -0.3380537 0.8609017 0.93000 0.92000 0.86000
v -0.0132688 -0.3380537 0.8609017 0.93000 0.92000 0.86000
v -0.0382060 -0.3388916 0.8609017 0.93000 0.92000 0.86000
v -0.0585351 -0.3404661 0.8609017 0.93000 0.92000 0.86000
v -0.0718039 -0.3425876 0.8609017 0.93000 0.92000 0.86000
v -0.0764121 -0.3450000 0.8609017 0.93000 0.92000 0.86000
v -0.0718039 -0.3474124 0.8609017 0.93000 0.92000 0.86000
v -0.0585351 -0.3495339 0.8609017 0.93000 0.92000 0.86000
v -0.0382060 -0.3511084 0.8609017 0.93000 0.92000 0.86000
v -0.0132688 -0.3519463 0.8609017 0.93000 0.92000 0.86000
v 0.0132688 -0.3519463 0.8609017 0.93000 0.92000 0.86000
v 0.0382060 -0.3511084 0.8609017 0.93000 0.92000 0.86000
v 0.0585351 -0.3495339 0.8609017 0.93000 0.92000 0.86000
v 0.0718039 -0.3474124 0.8609017 0.93000 0.92000 0.86000
v 0.1051722 -0.3450000 0.8387785 0.93000 0.92000 0.86000
v 0.0988295 -0.3416796 0.8387785 0.93000 0.92000 0.86000
v 0.0805666 -0.3387597 0.8387785 0.93000 0.92000 0.86000
v 0.0525861 -0.3365924 0.8387785 0.93000 0.92000 0.86000
v 0.0182630 -0.3354393 0.8387785 0.93000 0.92000 0.86000
v -0.0182630 -0.3354393 0.8387785 0.93000 0.92000 0.86000
v -0.0525861 -0.3365924 0.8387785 0.93000 0.92000 0.86000
v -0.0805666 -0.3387597 0.8387785 0.93000 0.92000 0.86000
v -0.0988295 -0.3416796 0.8387785 0.93000 0.92000 0.86000
v -0.1051722 -0.3450000 0.8387785 0.93000 0.92000 0.86000
v -0.0988295 -0.3483204 0.8387785 0.93000 0.92000 0.86000
v -0.0805666 -0.3512403 0.8387785 0.93000 0.92000 0.86000
v -0.0525861 -0.3534076 0.8387785 0.93000 0.92000 0.86000
v -0.0182630 -0.3545607 0.8387785 0.93000 0.92000 0.86000
v 0.0182630 -0.3545607 0.8387785 0.93000 0.92000 0.86000
v 0.0525861 -0.3534076 0.8387785 0.93000 0.92000 0.86000
v 0.0805666 -0.3512403 0.8387785 0.93000 0.92000 0.86000
v 0.0988295 -0.3483204 0.8387785 0.93000 0.92000 0.86000
v 0.1236373 -0.3450000 0.8109017 0.93000 0.92000 0.86000
v 0.1161811 -0.3410966 0.8109017 0.93000 0.92000 0.86000
v 0.0947117 -0.3376641 0.8109017 0.93000 0.92000 0.86000
v 0.0618187 -0.3351163 0.8109017 0.93000 0.92000 0.86000
v 0.0214694 -0.3337607 0.8109017 0.93000 0.92000 0.86000
v -0.0214694 -0.3337607 0.8109017 0.93000 0.92000 0.86000
v -0.0618187 -0.3351163 0.8109017 0.93000 0.92000 0.86000
v -0.0947117 -0.3376641 0.8109017 0.93000 0.92000 0.86000
v -0.1161811 -0.3410966 0.8109017 0.93000 0.92000 0.86000
v -0.1236373 -0.3450000 0.8109017 0.93000 0.92000 0.86000
v -0.1161811 -0.3489034 0.8109017 0.93000 0.92000 0.86000
v -0.0947117 -0.3523359 0.8109017 0.93000 0.92000 0.86000
v -0.0618187 -0.3548837 0.8109017 0.93000 0.92000 0.86000
v -0.0214694 -0.3562393 0.8109017 0.93000 0.92000 0.86000
v 0.0214694 -0.3562393 0.8109017 0.93000 0.92000 0.86000
v 0.0618187 -0.3548837 0.8109017 0.93000 0.92000 0.86000
v 0.0947117 -0.3523359 0.8109017 0.93000 0.92000 0.86000
v 0.1161811 -0.3489034 0.8109017 0.93000 0.92000 0.86000
v 0.1300000 -0.3450000 0.7800000 0.93000 0.92000 0.86000
v 0.1221600 -0.3408958 0.7800000 0.93000 0.92000 0.86000
v 0.0995858 -0.3372865 0.7800000 0.93000 0.92000 0.86000
v 0.0650000 -0.3346077 0.7800000 0.93000 0.92000 0.86000
v 0.0225743 -0.3331823 0.7800000 0.93000 0.92000 0.86000
v -0.0225743 -0.3331823 0.7800000 0.93000 0.92000 0.86000
v -0.0650000 -0.3346077 0.7800000 0.93000 0.92000 0.86000
v -0.0995858 -0.3372865 0.7800000 0.93000 0.92000 0.86000
v -0.1221600 -0.3408958 0.7800000 0.93000 0.92000 0.86000
v -0.1300000 -0.3450000 0.7800000 0.93000 0.92000 0.86000
v -0.1221600 -0.3491042 0.7800000 0.93000 0.92000 0.86000
v -0.0995858 -0.3527135 0.7800000 0.93000 0.92000 0.86000
v -0.0650000 -0.3553923 0.7800000 0.93000 0.92000 0.86000
v -0.0225743 -0.3568177 0.7800000 0.93000 0.92000 0.86000
v 0.0225743 -0.3568177 0.7800000 0.93000 0.92000 0.86000
v 0.0650000 -0.3553923 0.7800000 0.93000 0.92000 0.86000
v 0.0995858 -0.3527135 0.7800000 0.93000 0.92000 0.86000
v 0.1221600 -0.3491042 0.7800000 0.93000 0.92000 0.86000
v 0.1236373 -0.3450000 0.7490983 0.93000 0.92000 0.86000
v 0.1161811 -0.3410966 0.7490983 0.93000 0.92000 0.86000
v 0.0947117 -0.3376641 0.7490983 0.93000 0.92000 0.86000
v 0.0618187 -0.3351163 0.7490983 0.93000 0.92000 0.86000
v 0.0214694 -0.3337607 0.7490983 0.93000 0.92000 0.86000
v -0.0214694 -0.3337607 0.7490983 0.93000 0.92000 0.86000
v -0.0618187 -0.3351163 0.7490983 0.93000 0.92000 0.86000
v -0.0947117 -0.3376641 0.7490983 0.93000 0.92000 0.86000
v -0.1161811 -0.3410966 0.7490983 0.93000 0.92000 0.86000
v -0.1236373 -0.3450000 0.7490983 0.93000 0.92000 0.86000
v -0.1161811 -0.3489034 0.7490983 0.93000 0.92000 0.86000
v -0.0947117 -0.3523359 0.7490983 0.93000 0.92000 0.86000
v -0.0618187 -0.3548837 0.7490983 0.93000 0.92000 0.86000
v -0.0214694 -0.3562393 0.7490983 0.93000 0.92000 0.86000
v 0.0214694 -0.3562393 0.7490983 0.93000 0.92000 0.86000
v 0.0618187 -0.3548837 0.7490983 0.93000 0.92000 0.86000
v 0.0947117 -0.3523359 0.7490983 0.93000 0.92000 0.86000
v 0.1161811 -0.3489034 0.7490983 0.93000 0.92000 0.86000
v 0.1051722 -0.3450000 0.7212215 0.93000 0.92000 0.86000
v 0.0988295 -0.3416796 0.7212215 0.93000 0.92000 0.86000
v 0.0805666 -0.3387597 0.7212215 0.93000 0.92000 0.86000
v 0.0525861 -0.3365924 0.7212215 0.93000 0.92000 0.86000
v 0.0182630 -0.3354393 0.7212215 0.93000 0.92000 0.86000
v -0.0182630 -0.3354393 0.7212215 0.93000 0.92000 0.86000
v -0.0525861 -0.3365924 0.7212215 0.93000 0.92000 0.86000
v -0.0805666 -0.3387597 0.7212215 0.93000 0.92000 0.86000
v -0.0988295 -0.3416796 0.7212215 0.93000 0.92000 0.86000
v -0.1051722 -0.3450000 0.7212215 0.93000 0.92000 0.86000
v -0.0988295 -0.3483204 0.7212215 0.93000 0.92000 0.86000
v -0.0805666 -0.3512403 0.7212215 0.93000 0.92000 0.86000
v -0.0525861 -0.3534076 0.7212215 0.93000 0.92000 0.86000
v -0.0182630 -0.3545607 0.7212215 0.93000 0.92000 0.86000
v 0.0182630 -0.3545607 0.7212215 0.93000 0.92000 0.86000
v 0.0525861 -0.3534076 0.7212215 0.93000 0.92000 0.86000
v 0.0805666 -0.3512403 0.7212215 0.93000 0.92000 0.86000
v 0.0988295 -0.3483204 0.7212215 0.93000 0.92000 0.86000
v 0.0764121 -0.3450000 0.6990983 0.93000 0.92000 0.86000
v 0.0718039 -0.3425876 0.6990983 0.93000 0.92000 0.86000
v 0.0585351 -0.3404661 0.6990983 0.93000 0.92000 0.86000
v 0.0382060 -0.3388916 0.6990983 0.93000 0.92000 0.86000
v 0.0132688 -0.3380537 0.6990983 0.93000 0.92000 0.86000
v -0.0132688 -0.3380537 0.6990983 0.93000 0.92000 0.86000
v -0.0382060 -0.3388916 0.6990983 0.93000 0.92000 0.86000
v -0.0585351 -0.3404661 0.6990983 0.93000 0.92000 0.86000
v -0.0718039 -0.3425876 0.6990983 0.93000 0.92000 0.86000
v -0.0764121 -0.3450000 0.6990983 0.93000 0.92000 0.86000
v -0.0718039 -0.3474124 0.6990983 0.93000 0.92000 0.86000
v -0.0585351 -0.3495339 0.6990983 0.93000 0.92000 0.86000
v -0.0382060 -0.3511084 0.6990983 0.93000 0.92000 0.86000
v -0.0132688 -0.3519463 0.6990983 0.93000 0.92000 0.86000
v 0.0132688 -0.3519463 0.6990983 0.93000 0.92000 0.86000
v 0.0382060 -0.3511084 0.6990983 0.93000 0.92000 0.86000
v 0.0585351 -0.3495339 0.6990983 0.93000 0.92000 0.86000
v 0.0718039 -0.3474124 0.6990983 0.93000 0.92000 0.86000
v 0.0401722 -0.3450000 0.6848943 0.93000 0.92000 0.86000
v 0.0377495 -0.3437317 0.6848943 0.93000 0.92000 0.86000
v 0.0307737 -0.3426164 0.6848943 0.93000 0.92000 0.86000
v 0.0200861 -0.3417886 0.6848943 0.93000 0.92000 0.86000
v 0.0069758 -0.3413481 0.6848943 0.93000 0.92000 0.86000
v -0.0069758 -0.3413481 0.6848943 0.93000 0.92000 0.86000
v -0.0200861 -0.3417886 0.6848943 0.93000 0.92000 0.86000
v -0.0307737 -0.3426164 0.6848943 0.93000 0.92000 0.86000
v -0.0377495 -0.3437317 0.6848943 0.93000 0.92000 0.86000
v -0.0401722 -0.3450000 0.6848943 0.93000 0.92000 0.86000
v -0.0377495 -0.3462683 0.6848943 0.93000 0.92000 0.86000
v -0.0307737 -0.3473836 0.6848943 0.93000 0.92000 0.86000
v -0.0200861 -0.3482114 0.6848943 0.93000 0.92000 0.86000
v -0.0069758 -0.3486519 0.6848943 0.93000 0.92000 0.86000
v 0.0069758 -0.3486519 0.6848943 0.93000 0.92000 0.86000
v 0.0200861 -0.3482114 0.6848943 0.93000 0.92000 0.86000
v 0.0307737 -0.3473836 0.6848943 0.93000 0.92000 0.86000
v 0.0377495 -0.3462683 0.6848943 0.93000 0.92000 0.86000
v 0.0000000 -0.3450000 0.6800000 0.93000 0.92000 0.86000
v 0.0000000 -0.3450000 0.6800000 0.93000 0.92000 0.86000
v 0.0000000 -0.3450000 0.6800000 0.93000 0.92000 0.86000
v 0.0000000 -0.3450000 0.6800000 0.93000 0.92000 0.86000
v 0.0000000 -0.3450000 0.6800000 0.93000 0.92000 0.86000
v -0.0000000 -0.3450000 0.6800000 0.93000 0.92000 0.86000
v -0.0000000 -0.3450000 0.6800000 0.93000 0.92000 0.86000
v -0.0000000 -0.3450000 0.6800000 0.93000 0.92000 0.86000
v -0.0000000 -0.3450000 0.6800000 0.93000 0.92000 0.86000
v -0.0000000 -0.3450000 0.6800000 0.93000 0.92000 0.86000
v -0.0000000 -0.3450000 0.6800000 0.93000 0.92000 0.86000
v -0.0000000 -0.3450000 0.6800000 0.93000 0.92000 0.86000
v -0.0000000 -0.3450000 0.6800000 0.93000 0.92000 0.86000
v -0.0000000 -0.3450000 0.6800000 0.93000 0.92000 0.86000
v 0.0000000 -0.3450000 0.6800000 0.93000 0.92000 0.86000
v 0.0000000 -0.3450000 0.6800000 0.93000 0.92000 0.86000
v 0.0000000 -0.3450000 0.6800000 0.93000 0.92000 0.86000
v 0.0000000 -0.3450000 0.6800000 0.93000 0.92000 0.86000
v -0.1100000 -0.3470000 0.9350000 0.93000 0.92000 0.86000
v -0.1100000 -0.3470000 0.9350000 0.93000 0.92000 0.86000
v -0.1100000 -0.3470000 0.9350000 0.93000 0.92000 0.86000
v -0.1100000 -0.3470000 0.9350000 0.93000 0.92000 0.86000
v -0.1100000 -0.3470000 0.9350000 0.93000 0.92000 0.86000
v -0.1100000 -0.3470000 0.9350000 0.93000 0.92000 0.86000
v -0.1100000 -0.3470000 0.9350000 0.93000 0.92000 0.86000
v -0.1100000 -0.3470000 0.9350000 0.93000 0.92000 0.86000
v -0.1100000 -0.3470000 0.9350000 0.93000 0.92000 0.86000
v -0.1100000 -0.3470000 0.9350000 0.93000 0.92000 0.86000
v -0.1100000 -0.3470000 0.9350000 0.93000 0.92000 0.86000
v -0.1100000 -0.3470000 0.9350000 0.93000 0.92000 0.86000
v -0.0966061 -0.3470000 0.9323358 0.93000 0.92000 0.86000
v -0.0984005 -0.3450866 0.9323358 0.93000 0.92000 0.86000
v -0.1033030 -0.3436859 0.9323358 0.93000 0.92000 0.86000
v -0.1100000 -0.3431732 0.9323358 0.93000 0.92000 0.86000
v -0.1166970 -0.3436859 0.9323358 0.93000 0.92000 0.86000
v -0.1215995 -0.3450866 0.9323358 0.93000 0.92000 0.86000
v -0.1233939 -0.3470000 0.9323358 0.93000 0.92000 0.86000
v -0.1215995 -0.3489134 0.9323358 0.93000 0.92000 0.86000
v -0.1166970 -0.3503141 0.9323358 0.93000 0.92000 0.86000
v -0.1100000 -0.3508268 0.9323358 0.93000 0.92000 0.86000
v -0.1033030 -0.3503141 0.9323358 0.93000 0.92000 0.86000
v -0.0984005 -0.3489134 0.9323358 0.93000 0.92000 0.86000
v -0.0852513 -0.3470000 0.9247487 0.93000 0.92000 0.86000
v -0.0885670 -0.3434645 0.9247487 0.93000 0.92000 0.86000
v -0.0976256 -0.3408763 0.9247487 0.93000 0.92000 0.86000
v -0.1100000 -0.3399289 0.9247487 0.93000 0.92000 0.86000
v -0.1223744 -0.3408763 0.9247487 0.93000 0.92000 0.86000
v -0.1314330 -0.3434645 0.9247487 0.93000 0.92000 0.86000
v -0.1347487 -0.3470000 0.9247487 0.93000 0.92000 0.86000
v -0.1314330 -0.3505355 0.9247487 0.93000 0.92000 0.86000
v -0.1223744 -0.3531237 0.9247487 0.93000 0.92000 0.86000
v -0.1100000 -0.3540711 0.9247487 0.93000 0.92000 0.86000
v -0.0976256 -0.3531237 0.9247487 0.93000 0.92000 0.86000
v -0.0885670 -0.3505355 0.9247487 0.93000 0.92000 0.86000
v -0.0776642 -0.3470000 0.9133939 0.93000 0.92000 0.86000
v -0.0819964 -0.3423806 0.9133939 0.93000 0.92000 0.86000
v -0.0938321 -0.3389990 0.9133939 0.93000 0.92000 0.86000
v -0.1100000 -0.3377612 0.9133939 0.93000 0.92000 0.86000
v -0.1261679 -0.3389990 0.9133939 0.93000 0.92000 0.86000
v -0.1380036 -0.3423806 0.9133939 0.93000 0.92000 0.86000
v -0.1423358 -0.3470000 0.9133939 0.93000 0.92000 0.86000
v -0.1380036 -0.3516194 0.9133939 0.93000 0.92000 0.86000
v -0.1261679 -0.3550010 0.9133939 0.93000 0.92000 0.86000
v -0.1100000 -0.3562388 0.9133939 0.93000 0.92000 0.86000
v -0.0938321 -0.3550010 0.9133939 0.93000 0.92000 0.86000
v -0.0819964 -0.3516194 0.9133939 0.93000 0.92000 0.86000
v -0.0750000 -0.3470000 0.9000000 0.93000 0.92000 0.86000
v -0.0796891 -0.3420000 0.9000000 0.93000 0.92000 0.86000
v -0.0925000 -0.3383397 0.9000000 0.93000 0.92000 0.86000
v -0.1100000 -0.3370000 0.9000000 0.93000 0.92000 0.86000
v -0.1275000 -0.3383397 0.9000000 0.93000 0.92000 0.86000
v -0.1403109 -0.3420000 0.9000000 0.93000 0.92000 0.86000
v -0.1450000 -0.3470000 0.9000000 0.93000 0.92000 0.86000
v -0.1403109 -0.3520000 0.9000000 0.93000 0.92000 0.86000
v -0.1275000 -0.3556603 0.9000000 0.93000 0.92000 0.86000
v -0.1100000 -0.3570000 0.9000000 0.93000 0.92000 0.86000
v -0.0925000 -0.3556603 0.9000000 0.93000 0.92000 0.86000
v -0.0796891 -0.3520000 0.9000000 0.93000 0.92000 0.86000
v -0.0776642 -0.3470000 0.8866061 0.93000 0.92000 0.86000
v -0.0819964 -0.3423806 0.8866061 0.93000 0.92000 0.86000
v -0.0938321 -0.3389990 0.8866061 0.93000 0.92000 0.86000
v -0.1100000 -0.3377612 0.8866061 0.93000 0.92000 0.86000
v -0.1261679 -0.3389990 0.8866061 0.93000 0.92000 0.86000
v -0.1380036 -0.3423806 0.8866061 0.93000 0.92000 0.86000
v -0.1423358 -0.3470000 0.8866061 0.93000 0.92000 0.86000
v -0.1380036 -0.3516194 0.8866061 0.93000 0.92000 0.86000
v -0.1261679 -0.3550010 0.8866061 0.93000 0.92000 0.86000
v -0.1100000 -0.3562388 0.8866061 0.93000 0.92000 0.86000
v -0.0938321 -0.3550010 0.8866061 0.93000 0.92000 0.86000
v -0.0819964 -0.3516194 0.8866061 0.93000 0.92000 0.86000
v -0.0852513 -0.3470000 0.8752513 0.93000 0.92000 0.86000
v -0.0885670 -0.3434645 0.8752513 0.93000 0.92000 0.86000
v -0.0976256 -0.3408763 0.8752513 0.93000 0.92000 0.86000
v -0.1100000 -0.3399289 0.8752513 0.93000 0.92000 0.86000
v -0.1223744 -0.3408763 0.8752513 0.93000 0.92000 0.86000
v -0.1314330 -0.3434645 0.8752513 0.93000 0.92000 0.86000
v -0.1347487 -0.3470000 0.8752513 0.93000 0.92000 0.86000
v -0.1314330 -0.3505355 0.8752513 0.93000 0.92000 0.86000
v -0.1223744 -0.3531237 0.8752513 0.93000 0.92000 0.86000
v -0.1100000 -0.3540711 0.8752513 0.93000 0.92000 0.86000
v -0.0976256 -0.3531237 0.8752513 0.93000 0.92000 0.86000
v -0.0885670 -0.3505355 0.8752513 0.93000 0.92000 0.86000
v -0.0966061 -0.3470000 0.8676642 0.93000 0.92000 0.86000
v -0.0984005 -0.3450866 0.8676642 0.93000 0.92000 0.86000
v -0.1033030 -0.3436859 0.8676642 0.93000 0.92000 0.86000
v -0.1100000 -0.3431732 0.8676642 0.93000 0.92000 0.86000
v -0.1166970 -0.3436859 0.8676642 0.93000 0.92000 0.86000
v -0.1215995 -0.3450866 0.8676642 0.93000 0.92000 0.86000
v -0.1233939 -0.3470000 0.8676642 0.93000 0.92000 0.86000
v -0.1215995 -0.3489134 0.8676642 0.93000 0.92000 0.86000
v -0.1166970 -0.3503141 0.8676642 0.93000 0.92000 0.86000
v -0.1100000 -0.3508268 0.8676642 0.93000 0.92000 0.86000
v -0.1033030 -0.3503141 0.8676642 0.93000 0.92000 0.86000
v -0.0984005 -0.3489134 0.8676642 0.93000 0.92000 0.86000
v -0.1100000 -0.3470000 0.8650000 0.93000 0.92000 0.86000
v -0.1100000 -0.3470000 0.8650000 0.93000 0.92000 0.86000
v -0.1100000 -0.3470000 0.8650000 0.93000 0.92000 0.86000
v -0.1100000 -0.3470000 0.8650000 0.93000 0.92000 0.86000
v -0.1100000 -0.3470000 0.8650000 0.93000 0.92000 0.86000
v -0.1100000 -0.3470000 0.8650000 0.93000 0.92000 0.86000
v -0.1100000 -0.3470000 0.8650000 0.93000 0.92000 0.86000
v -0.1100000 -0.3470000 0.8650000 0.93000 0.92000 0.86000
v -0.1100000 -0.3470000 0.8650000 0.93000 0.92000 0.86000
v -0.1100000 -0.3470000 0.8650000 0.93000 0.92000 0.86000
v -0.1100000 -0.3470000 0.8650000 0.93000 0.92000 0.86000
v -0.1100000 -0.3470000 0.8650000 0.93000 0.92000 0.86000
v 0.1100000 -0.3470000 0.9350000 0.93000 0.92000 0.86000
v 0.1100000 -0.3470000 0.9350000 0.93000 0.92000 0.86000
v 0.1100000 -0.3470000 0.9350000 0.93000 0.92000 0.86000
v 0.1100000 -0.3470000 0.9350000 0.93000 0.92000 0.86000
v 0.1100000 -0.3470000 0.9350000 0.93000 0.92000 0.86000
v 0.1100000 -0.3470000 0.9350000 0.93000 0.92000 0.86000
v 0.1100000 -0.3470000 0.9350000 0.93000 0.92000 0.86000
v 0.1100000 -0.3470000 0.9350000 0.93000 0.92000 0.86000
v 0.1100000 -0.3470000 0.9350000 0.93000 0.92000 0.86000
v 0.1100000 -0.3470000 0.9350000 0.93000 0.92000 0.86000
v 0.1100000 -0.3470000 0.9350000 0.93000 0.92000 0.86000
v 0.1100000 -0.3470000 0.9350000 0.93000 0.92000 0.86000
v 0.1233939 -0.3470000 0.9323358 0.93000 0.92000 0.86000
v 0.1215995 -0.3450866 0.9323358 0.93000 0.92000 0.86000
v 0.1166970 -0.3436859 0.9323358 0.93000 0.92000 0.86000
v 0.1100000 -0.3431732 0.9323358 0.93000 0.92000 0.86000
v 0.1033030 -0.3436859 0.9323358 0.93000 0.92000 0.86000
v 0.0984005 -0.3450866 0.9323358 0.93000 0.92000 0.86000
v 0.0966061 -0.3470000 0.9323358 0.93000 0.92000 0.86000
v 0.0984005 -0.3489134 0.9323358 0.93000 0.92000 0.86000
v 0.1033030 -0.3503141 0.9323358 0.93000 0.92000 0.86000
v 0.1100000 -0.3508268 0.9323358 0.93000 0.92000 0.86000
v 0.1166970 -0.3503141 0.9323358 0.93000 0.92000 0.86000
v 0.1215995 -0.3489134 0.9323358 0.93000 0.92000 0.86000
v 0.1347487 -0.3470000 0.9247487 0.93000 0.92000 0.86000
v 0.1314330 -0.3434645 0.9247487 0.93000 0.92000 0.86000
v 0.1223744 -0.3408763 0.9247487 0.93000 0.92000 0.86000
v 0.1100000 -0.3399289 0.9247487 0.93000 0.92000 0.86000
v 0.0976256 -0.3408763 0.9247487 0.93000 0.92000 0.86000
v 0.0885670 -0.3434645 0.9247487 0.93000 0.92000 0.86000
v 0.0852513 -0.3470000 0.9247487 0.93000 0.92000 0.86000
v 0.0885670 -0.3505355 0.9247487 0.93000 0.92000 0.86000
v 0.0976256 -0.3531237 0.9247487 0.93000 0.92000 0.86000
v 0.1100000 -0.3540711 0.9247487 0.93000 0.92000 0.86000
v 0.1223744 -0.3531237 0.9247487 0.93000 0.92000 0.86000
v 0.1314330 -0.3505355 0.9247487 0.93000 0.92000 0.86000
v 0.1423358 -0.3470000 0.9133939 0.93000 0.92000 0.86000
v 0.1380036 -0.3423806 0.9133939 0.93000 0.92000 0.86000
v 0.1261679 -0.3389990 0.9133939 0.93000 0.92000 0.86000
v 0.1100000 -0.3377612 0.9133939 0.93000 0.92000 0.86000
v 0.0938321 -0.3389990 0.9133939 0.93000 0.92000 0.86000
v 0.0819964 -0.3423806 0.9133939 0.93000 0.92000 0.86000
v 0.0776642 -0.3470000 0.9133939 0.93000 0.92000 0.86000
v 0.0819964 -0.3516194 0.9133939 0.93000 0.92000 0.86000
v 0.0938321 -0.3550010 0.9133939 0.93000 0.92000 0.86000
v 0.1100000 -0.3562388 0.9133939 0.93000 0.92000 0.86000
v 0.1261679 -0.3550010 0.9133939 0.93000 0.92000 0.86000
v 0.1380036 -0.3516194 0.9133939 0.93000 0.92000 0.86000
v 0.1450000 -0.3470000 0.9000000 0.93000 0.92000 0.86000
v 0.1403109 -0.3420000 0.9000000 0.93000 0.92000 0.86000
v 0.1275000 -0.3383397 0.9000000 0.93000 0.92000 0.86000
v 0.1100000 -0.3370000 0.9000000 0.93000 0.92000 0.86000
v 0.0925000 -0.3383397 0.9000000 0.93000 0.92000 0.86000
v 0.0796891 -0.3420000 0.9000000 0.93000 0.92000 0.86000
v 0.0750000 -0.3470000 0.9000000 0.93000 0.92000 0.86000
v 0.0796891 -0.3520000 0.9000000 0.93000 0.92000 0.86000
v 0.0925000 -0.3556603 0.9000000 0.93000 0.92000 0.86000
v 0.1100000 -0.3570000 0.9000000 0.93000 0.92000 0.86000
v 0.1275000 -0.3556603 0.9000000 0.93000 0.92000 0.86000
v 0.1403109 -0.3520000 0.9000000 0.93000 0.92000 0.86000
v 0.1423358 -0.3470000 0.8866061 0.93000 0.92000 0.86000
v 0.1380036 -0.3423806 0.8866061 0.93000 0.92000 0.86000
v 0.1261679 -0.3389990 0.8866061 0.93000 0.92000 0.86000
v 0.1100000 -0.3377612 0.8866061 0.93000 0.92000 0.86000
v 0.0938321 -0.3389990 0.8866061 0.93000 0.92000 0.86000
v 0.0819964 -0.3423806 0.8866061 0.93000 0.92000 0.86000
v 0.0776642 -0.3470000 0.8866061 0.93000 0.92000 0.86000
v 0.0819964 -0.3516194 0.8866061 0.93000 0.92000 0.86000
v 0.0938321 -0.3550010 0.8866061 0.93000 0.92000 0.86000
v 0.1100000 -0.3562388 0.8866061 0.93000 0.92000 0.86000
v 0.1261679 -0.3550010 0.8866061 0.93000 0.92000 0.86000
v 0.1380036 -0.3516194 0.8866061 0.93000 0.92000 0.86000
v 0.1347487 -0.3470000 0.8752513 0.93000 0.92000 0.86000
v 0.1314330 -0.3434645 0.8752513 0.93000 0.92000 0.86000
v 0.1223744 -0.3408763 0.8752513 0.93000 0.92000 0.86000
v 0.1100000 -0.3399289 0.8752513 0.93000 0.92000 0.86000
v 0.0976256 -0.3408763 0.8752513 0.93000 0.92000 0.86000
v 0.0885670 -0.3434645 0.8752513 0.93000 0.92000 0.86000
v 0.0852513 -0.3470000 0.8752513 0.93000 0.92000 0.86000
v 0.0885670 -0.3505355 0.8752513 0.93000 0.92000 0.86000
v 0.0976256 -0.3531237 0.8752513 0.93000 0.92000 0.86000
v 0.1100000 -0.3540711 0.8752513 0.93000 0.92000 0.86000
v 0.1223744 -0.3531237 0.8752513 0.93000 0.92000 0.86000
v 0.1314330 -0.3505355 0.8752513 0.93000 0.92000 0.86000
v 0.1233939 -0.3470000 0.8676642 0.93000 0.92000 0.86000
v 0.1215995 -0.3450866 0.8676642 0.93000 0.92000 0.86000
v 0.1166970 -0.3436859 0.8676642 0.93000 0.92000 0.86000
v 0.1100000 -0.3431732 0.8676642 0.93000 0.92000 0.86000
v 0.1033030 -0.3436859 0.8676642 0.93000 0.92000 0.86000
v 0.0984005 -0.3450866 0.8676642 0.93000 0.92000 0.86000
v 0.0966061 -0.3470000 0.8676642 0.93000 0.92000 0.86000
v 0.0984005 -0.3489134 0.8676642 0.93000 0.92000 0.86000
v 0.1033030 -0.3503141 0.8676642 0.93000 0.92000 0.86000
v 0.1100000 -0.3508268 0.8676642 0.93000 0.92000 0.86000
v 0.1166970 -0.3503141 0.8676642 0.93000 0.92000 0.86000
v 0.1215995 -0.3489134 0.8676642 0.93000 0.92000 0.86000
v 0.1100000 -0.3470000 0.8650000 0.93000 0.92000 0.86000
v 0.1100000 -0.3470000 0.8650000 0.93000 0.92000 0.86000
v 0.1100000 -0.3470000 0.8650000 0.93000 0.92000 0.86000
v 0.1100000 -0.3470000 0.8650000 0.93000 0.92000 0.86000
v 0.1100000 -0.3470000 0.8650000 0.93000 0.92000 0.86000
v 0.1100000 -0.3470000 0.8650000 0.93000 0.92000 0.86000
v 0.1100000 -0.3470000 0.8650000 0.93000 0.92000 0.86000
v 0.1100000 -0.3470000 0.8650000 0.93000 0.92000 0.86000
v 0.1100000 -0.3470000 0.8650000 0.93000 0.92000 0.86000
v 0.1100000 -0.3470000 0.8650000 0.93000 0.92000 0.86000
v 0.1100000 -0.3470000 0.8650000 0.93000 0.92000 0.86000
v 0.1100000 -0.3470000 0.8650000 0.93000 0.92000 0.86000
f 1 57 2
f 2 57 58
f 2 58 3
f 3 58 59
f 3 59 4
f 4 59 60
f 4 60 5
f 5 60 61
f 5 61 6
f 6 61 62
f 6 62 7
f 7 62 63
f 7 63 8
f 8 63 64
f 8 64 9
f 9 64 65
f 9 65 10
f 10 65 66
f 10 66 11
f 11 66 67
f 11 67 12
f 12 67 68
f 12 68 13
f 13 68 69
f 13 69 14
f 14 69 70
f 14 70 15
f 15 70 71
f 15 71 16
f 16 71 72
f 16 72 17
f 17 72 73
f 17 73 18
f 18 73 74
f 18 74 19
f 19 74 75
f 19 75 20
f 20 75 76
f 20 76 21
f 21 76 77
f 21 77 22
f 22 77 78
f 22 78 23
f 23 78 79
f 23 79 24
f 24 79 80
f 24 80 25
f 25 80 81
f 25 81 26
f 26 81 82
f 26 82 27
f 27 82 83
f 27 83 28
f 28 83 84
f 28 84 29
f 29 84 85
f 29 85 30
f 30 85 86
f 30 86 31
f 31 86 87
f 31 87 32
f 32 87 88
f 32 88 33
f 33 88 89
f 33 89 34
f 34 89 90
f 34 90 35
f 35 90 91
f 35 91 36
f 36 91 92
f 36 92 37
f 37 92 93
f 37 93 38
f 38 93 94
f 38 94 39
f 39 94 95
f 39 95 40
f 40 95 96
f 40 96 41
f 41 96 97
f 41 97 42
f 42 97 98
f 42 98 43
f 43 98 99
f 43 99 44
f 44 99 100
f 44 100 45
f 45 100 101
f 45 101 46
f 46 101 102
f 46 102 47
f 47 102 103
f 47 103 48
f 48 103 104
f 48 104 49
f 49 104 105
f 49 105 50
f 50 105 106
f 50 106 51
f 51 106 107
f 51 107 52
f 52 107 108
f 52 108 53
f 53 108 109
f 53 109 54
f 54 109 110
f 54 110 55
f 55 110 111
f 55 111 56
f 56 111 112
f 56 112 1
f 1 112 57
f 57 113 58
f 58 113 114
f 58 114 59
f 59 114 115
f 59 115 60
f 60 115 116
f 60 116 61
f 61 116 117
f 61 117 62
f 62 117 118
f 62 118 63
f 63 118 119
f 63 119 64
f 64 119 120
f 64 120 65
f 65 120 121
f 65 121 66
f 66 121 122
f 66 122 67
f 67 122 123
f 67 123 68
f 68 123 124
f 68 124 69
f 69 124 125
f 69 125 70
f 70 125 126
f 70 126 71
f 71 126 127
f 71 127 72
f 72 127 128
f 72 128 73
f 73 128 129
f 73 129 74
f 74 129 130
f 74 130 75
f 75 130 131
f 75 131 76
f 76 131 132
f 76 132 77
f 77 132 133
f 77 133 78
f 78 133 134
f 78 134 79
f 79 134 135
f 79 135 80
f 80 135 136
f 80 136 81
f 81 136 137
f 81 137 82
f 82 137 138
f 82 138 83
f 83 138 139
f 83 139 84
f 84 139 140
f 84 140 85
f 85 140 141
f 85 141 86
f 86 141 142
f 86 142 87
f 87 142 143
f 87 143 88
f 88 143 144
f 88 144 89
f 89 144 145
f 89 145 90
f 90 145 146
f 90 146 91
f 91 146 147
f 91 147 92
f 92 147 148
f 92 148 93
f 93 148 149
f 93 149 94
f 94 149 150
f 94 150 95
f 95 150 151
f 95 151 96
f 96 151 152
f 96 152 97
f 97 152 153
f 97 153 98
f 98 153 154
f 98 154 99
f 99 154 155
f 99 155 100
f 100 155 156
f 100 156 101
f 101 156 157
f 101 157 102
f 102 157 158
f 102 158 103
f 103 158 159
f 103 159 104
f 104 159 160
f 104 160 105
f 105 160 161
f 105 161 106
f 106 161 162
f 106 162 107
f 107 162 163
f 107 163 108
f 108 163 164
f 108 164 109
f 109 164 165
f 109 165 110
f 110 165 166
f 110 166 111
f 111 166 167
f 111 167 112
f 112 167 168
f 112 168 57
f 57 168 113
f 113 169 114
f 114 169 170
f 114 170 115
f 115 170 171
f 115 171 116
f 116 171 172
f 116 172 117
f 117 172 173
f 117 173 118
f 118 173 174
f 118 174 119
f 119 174 175
f 119 175 120
f 120 175 176
f 120 176 121
f 121 176 177
f 121 177 122
f 122 177 178
f 122 178 123
f 123 178 179
f 123 179 124
f 124 179 180
f 124 180 125
f 125 180 181
f 125 181 126
f 126 181 182
f 126 182 127
f 127 182 183
f 127 183 128
f 128 183 184
f 128 184 129
f 129 184 185
f 129 185 130
f 130 185 186
f 130 186 131
f 131 186 187
f 131 187 132
f 132 187 188
f 132 188 133
f 133 188 189
f 133 189 134
f 134 189 190
f 134 190 135
f 135 190 191
f 135 191 136
f 136 191 192
f 136 192 137
f 137 192 193
f 137 193 138
f 138 193 194
f 138 194 139
f 139 194 195
f 139 195 140
f 140 195 196
f 140 196 141
f 141 196 197
f 141 197 142
f 142 197 198
f 142 198 143
f 143 198 199
f 143 199 144
f 144 199 200
f 144 200 145
f 145 200 201
f 145 201 146
f 146 201 202
f 146 202 147
f 147 202 203
f 147 203 148
f 148 203 204
f 148 204 149
f 149 204 205
f 149 205 150
f 150 205 206
f 150 206 151
f 151 206 207
f 151 207 152
f 152 207 208
f 152 208 153
f 153 208 209
f 153 209 154
f 154 209 210
f 154 210 155
f 155 210 211
f 155 211 156
f 156 211 212
f 156 212 157
f 157 212 213
f 157 213 158
f 158 213 214
f 158 214 159
f 159 214 215
f 159 215 160
f 160 215 216
f 160 216 161
f 161 216 217
f 161 217 162
f 162 217 218
f 162 218 163
f 163 218 219
f 163 219 164
f 164 219 220
f 164 220 165
f 165 220 221
f 165 221 166
f 166 221 222
f 166 222 167
f 167 222 223
f 167 223 168
f 168 223 224
f 168 224 113
f 113 224 169
f 169 225 170
f 170 225 226
f 170 226 171
f 171 226 227
f 171 227 172
f 172 227 228
f 172 228 173
f 173 228 229
f 173 229 174
f 174 229 230
f 174 230 175
f 175 230 231
f 175 231 176
f 176 231 232
f 176 232 177
f 177 232 233
f 177 233 178
f 178 233 234
f 178 234 179
f 179 234 235
f 179 235 180
f 180 235 236
f 180 236 181
f 181 236 237
f 181 237 182
f 182 237 238
f 182 238 183
f 183 238 239
f 183 239 184
f 184 239 240
f 184 240 185
f 185 240 241
f 185 241 186
f 186 241 242
f 186 242 187
f 187 242 243
f 187 243 188
f 188 243 244
f 188 244 189
f 189 244 245
f 189 245 190
f 190 245 246
f 190 246 191
f 191 246 247
f 191 247 192
f 192 247 248
f 192 248 193
f 193 248 249
f 193 249 194
f 194 249 250
f 194 250 195
f 195 250 251
f 195 251 196
f 196 251 252
f 196 252 197
f 197 252 253
f 197 253 198
f 198 253 254
f 198 254 199
f 199 254 255
f 199 255 200
f 200 255 256
f 200 256 201
f 201 256 257
f 201 257 202
f 202 257 258
f 202 258 203
f 203 258 259
f 203 259 204
f 204 259 260
f 204 260 205
f 205 260 261
f 205 261 206
f 206 261 262
f 206 262 207
f 207 262 263
f 207 263 208
f 208 263 264
f 208 264 209
f 209 264 265
f 209 265 210
f 210 265 266
f 210 266 211
f 211 266 267
f 211 267 212
f 212 267 268
f 212 268 213
f 213 268 269
f 213 269 214
f 214 269 270
f 214 270 215
f 215 270 271
f 215 271 216
f 216 271 272
f 216 272 217
f 217 272 273
f 217 273 218
f 218 273 274
f 218 274 219
f 219 274 275
f 219 275 220
f 220 275 276
f 220 276 221
f 221 276 277
f 221 277 222
f 222 277 278
f 222 278 223
f 223 278 279
f 223 279 224
f 224 279 280
f 224 280 169
f 169 280 225
f 225 281 226
f 226 281 282
f 226 282 227
f 227 282 283
f 227 283 228
f 228 283 284
f 228 284 229
f 229 284 285
f 229 285 230
f 230 285 286
f 230 286 231
f 231 286 287
f 231 287 232
f 232 287 288
f 232 288 233
f 233 288 289
f 233 289 234
f 234 289 290
f 234 290 235
f 235 290 291
f 235 291 236
f 236 291 292
f 236 292 237
f 237 292 293
f 237 293 238
f 238 293 294
f 238 294 239
f 239 294 295
f 239 295 240
f 240 295 296
f 240 296 241
f 241 296 297
f 241 297 242
f 242 297 298
f 242 298 243
f 243 298 299
f 243 299 244
f 244 299 300
f 244 300 245
f 245 300 301
f 245 301 246
f 246 301 302
f 246 302 247
f 247 302 303
f 247 303 248
f 248 303 304
f 248 304 249
f 249 304 305
f 249 305 250
f 250 305 306
f 250 306 251
f 251 306 307
f 251 307 252
f 252 307 308
f 252 308 253
f 253 308 309
f 253 309 254
f 254 309 310
f 254 310 255
f 255 310 311
f 255 311 256
f 256 311 312
f 256 312 257
f 257 312 313
f 257 313 258
f 258 313 314
f 258 314 259
f 259 314 315
f 259 315 260
f 260 315 316
f 260 316 261
f 261 316 317
f 261 317 262
f 262 317 318
f 262 318 263
f 263 318 319
f 263 319 264
f 264 319 320
f 264 320 265
f 265 320 321
f 265 321 266
f 266 321 322
f 266 322 267
f 267 322 323
f 267 323 268
f 268 323 324
f 268 324 269
f 269 324 325
f 269 325 270
f 270 325 326
f 270 326 271
f 271 326 327
f 271 327 272
f 272 327 328
f 272 328 273
f 273 328 329
f 273 329 274
f 274 329 330
f 274 330 275
f 275 330 331
f 275 331 276
f 276 331 332
f 276 332 277
f 277 332 333
f 277 333 278
f 278 333 334
f 278 334 279
f 279 334 335
f 279 335 280
f 280 335 336
f 280 336 225
f 225 336 281
f 281 337 282
f 282 337 338
f 282 338 283
f 283 338 339
f 283 339 284
f 284 339 340
f 284 340 285
f 285 340 341
f 285 341 286
f 286 341 342
f 286 342 287
f 287 342 343
f 287 343 288
f 288 343 344
f 288 344 289
f 289 344 345
f 289 345 290
f 290 345 346
f 290 346 291
f 291 346 347
f 291 347 292
f 292 347 348
f 292 348 293
f 293 348 349
f 293 349 294
f 294 349 350
f 294 350 295
f 295 350 351
f 295 351 296
f 296 351 352
f 296 352 297
f 297 352 353
f 297 353 298
f 298 353 354
f 298 354 299
f 299 354 355
f 299 355 300
f 300 355 356
f 300 356 301
f 301 356 357
f 301 357 302
f 302 357 358
f 302 358 303
f 303 358 359
f 303 359 304
f 304 359 360
f 304 360 305
f 305 360 361
f 305 361 306
f 306 361 362
f 306 362 307
f 307 362 363
f 307 363 308
f 308 363 364
f 308 364 309
f 309 364 365
f 309 365 310
f 310 365 366
f 310 366 311
f 311 366 367
f 311 367 312
f 312 367 368
f 312 368 313
f 313 368 369
f 313 369 314
f 314 369 370
f 314 370 315
f 315 370 371
f 315 371 316
f 316 371 372
f 316 372 317
f 317 372 373
f 317 373 318
f 318 373 374
f 318 374 319
f 319 374 375
f 319 375 320
f 320 375 376
f 320 376 321
f 321 376 377
f 321 377 322
f 322 377 378
f 322 378 323
f 323 378 379
f 323 379 324
f 324 379 380
f 324 380 325
f 325 380 381
f 325 381 326
f 326 381 382
f 326 382 327
f 327 382 383
f 327 383 328
f 328 383 384
f 328 384 329
f 329 384 385
f 329 385 330
f 330 385 386
f 330 386 331
f 331 386 387
f 331 387 332
f 332 387 388
f 332 388 333
f 333 388 389
f 333 389 334
f 334 389 390
f 334 390 335
f 335 390 391
f 335 391 336
f 336 391 392
f 336 392 281
f 281 392 337
f 337 393 338
f 338 393 394
f 338 394 339
f 339 394 395
f 339 395 340
f 340 395 396
f 340 396 341
f 341 396 397
f 341 397 342
f 342 397 398
f 342 398 343
f 343 398 399
f 343 399 344
f 344 399 400
f 344 400 345
f 345 400 401
f 345 401 346
f 346 401 402
f 346 402 347
f 347 402 403
f 347 403 348
f 348 403 404
f 348 404 349
f 349 404 405
f 349 405 350
f 350 405 406
f 350 406 351
f 351 406 407
f 351 407 352
f 352 407 408
f 352 408 353
f 353 408 409
f 353 409 354
f 354 409 410
f 354 410 355
f 355 410 411
f 355 411 356
f 356 411 412
f 356 412 357
f 357 412 413
f 357 413 358
f 358 413 414
f 358 414 359
f 359 414 415
f 359 415 360
f 360 415 416
f 360 416 361
f 361 416 417
f 361 417 362
f 362 417 418
f 362 418 363
f 363 418 419
f 363 419 364
f 364 419 420
f 364 420 365
f 365 420 421
f 365 421 366
f 366 421 422
f 366 422 367
f 367 422 423
f 367 423 368
f 368 423 424
f 368 424 369
f 369 424 425
f 369 425 370
f 370 425 426
f 370 426 371
f 371 426 427
f 371 427 372
f 372 427 428
f 372 428 373
f 373 428 429
f 373 429 374
f 374 429 430
f 374 430 375
f 375 430 431
f 375 431 376
f 376 431 432
f 376 432 377
f 377 432 433
f 377 433 378
f 378 433 434
f 378 434 379
f 379 434 435
f 379 435 380
f 380 435 436
f 380 436 381
f 381 436 437
f 381 437 382
f 382 437 438
f 382 438 383
f 383 438 439
f 383 439 384
f 384 439 440
f 384 440 385
f 385 440 441
f 385 441 386
f 386 441 442
f 386 442 387
f 387 442 443
f 387 443 388
f 388 443 444
f 388 444 389
f 389 444 445
f 389 445 390
f 390 445 446
f 390 446 391
f 391 446 447
f 391 447 392
f 392 447 448
f 392 448 337
f 337 448 393
f 393 449 394
f 394 449 450
f 394 450 395
f 395 450 451
f 395 451 396
f 396 451 452
f 396 452 397
f 397 452 453
f 397 453 398
f 398 453 454
f 398 454 399
f 399 454 455
f 399 455 400
f 400 455 456
f 400 456 401
f 401 456 457
f 401 457 402
f 402 457 458
f 402 458 403
f 403 458 459
f 403 459 404
f 404 459 460
f 404 460 405
f 405 460 461
f 405 461 406
f 406 461 462
f 406 462 407
f 407 462 463
f 407 463 408
f 408 463 464
f 408 464 409
f 409 464 465
f 409 465 410
f 410 465 466
f 410 466 411
f 411 466 467
f 411 467 412
f 412 467 468
f 412 468 413
f 413 468 469
f 413 469 414
f 414 469 470
f 414 470 415
f 415 470 471
f 415 471 416
f 416 471 472
f 416 472 417
f 417 472 473
f 417 473 418
f 418 473 474
f 418 474 419
f 419 474 475
f 419 475 420
f 420 475 476
f 420 476 421
f 421 476 477
f 421 477 422
f 422 477 478
f 422 478 423
f 423 478 479
f 423 479 424
f 424 479 480
f 424 480 425
f 425 480 481
f 425 481 426
f 426 481 482
f 426 482 427
f 427 482 483
f 427 483 428
f 428 483 484
f 428 484 429
f 429 484 485
f 429 485 430
f 430 485 486
f 430 486 431
f 431 486 487
f 431 487 432
f 432 487 488
f 432 488 433
f 433 488 489
f 433 489 434
f 434 489 490
f 434 490 435
f 435 490 491
f 435 491 436
f 436 491 492
f 436 492 437
f 437 492 493
f 437 493 438
f 438 493 494
f 438 494 439
f 439 494 495
f 439 495 440
f 440 495 496
f 440 496 441
f 441 496 497
f 441 497 442
f 442 497 498
f 442 498 443
f 443 498 499
f 443 499 444
f 444 499 500
f 444 500 445
f 445 500 501
f 445 501 446
f 446 501 502
f 446 502 447
f 447 502 503
f 447 503 448
f 448 503 504
f 448 504 393
f 393 504 449
f 449 505 450
f 450 505 506
f 450 506 451
f 451 506 507
f 451 507 452
f 452 507 508
f 452 508 453
f 453 508 509
f 453 509 454
f 454 509 510
f 454 510 455
f 455 510 511
f 455 511 456
f 456 511 512
f 456 512 457
f 457 512 513
f 457 513 458
f 458 513 514
f 458 514 459
f 459 514 515
f 459 515 460
f 460 515 516
f 460 516 461
f 461 516 517
f 461 517 462
f 462 517 518
f 462 518 463
f 463 518 519
f 463 519 464
f 464 519 520
f 464 520 465
f 465 520 521
f 465 521 466
f 466 521 522
f 466 522 467
f 467 522 523
f 467 523 468
f 468 523 524
f 468 524 469
f 469 524 525
f 469 525 470
f 470 525 526
f 470 526 471
f 471 526 527
f 471 527 472
f 472 527 528
f 472 528 473
f 473 528 529
f 473 529 474
f 474 529 530
f 474 530 475
f 475 530 531
f 475 531 476
f 476 531 532
f 476 532 477
f 477 532 533
f 477 533 478
f 478 533 534
f 478 534 479
f 479 534 535
f 479 535 480
f 480 535 536
f 480 536 481
f 481 536 537
f 481 537 482
f 482 537 538
f 482 538 483
f 483 538 539
f 483 539 484
f 484 539 540
f 484 540 485
f 485 540 541
f 485 541 486
f 486 541 542
f 486 542 487
f 487 542 543
f 487 543 488
f 488 543 544
f 488 544 489
f 489 544 545
f 489 545 490
f 490 545 546
f 490 546 491
f 491 546 547
f 491 547 492
f 492 547 548
f 492 548 493
f 493 548 549
f 493 549 494
f 494 549 550
f 494 550 495
f 495 550 551
f 495 551 496
f 496 551 552
f 496 552 497
f 497 552 553
f 497 553 498
f 498 553 554
f 498 554 499
f 499 554 555
f 499 555 500
f 500 555 556
f 500 556 501
f 501 556 557
f 501 557 502
f 502 557 558
f 502 558 503
f 503 558 559
f 503 559 504
f 504 559 560
f 504 560 449
f 449 560 505
f 505 561 506
f 506 561 562
f 506 562 507
f 507 562 563
f 507 563 508
f 508 563 564
f 508 564 509
f 509 564 565
f 509 565 510
f 510 565 566
f 510 566 511
f 511 566 567
f 511 567 512
f 512 567 568
f 512 568 513
f 513 568 569
f 513 569 514
f 514 569 570
f 514 570 515
f 515 570 571
f 515 571 516
f 516 571 572
f 516 572 517
f 517 572 573
f 517 573 518
f 518 573 574
f 518 574 519
f 519 574 575
f 519 575 520
f 520 575 576
f 520 576 521
f 521 576 577
f 521 577 522
f 522 577 578
f 522 578 523
f 523 578 579
f 523 579 524
f 524 579 580
f 524 580 525
f 525 580 581
f 525 581 526
f 526 581 582
f 526 582 527
f 527 582 583
f 527 583 528
f 528 583 584
f 528 584 529
f 529 584 585
f 529 585 530
f 530 585 586
f 530 586 531
f 531 586 587
f 531 587 532
f 532 587 588
f 532 588 533
f 533 588 589
f 533 589 534
f 534 589 590
f 534 590 535
f 535 590 591
f 535 591 536
f 536 591 592
f 536 592 537
f 537 592 593
f 537 593 538
f 538 593 594
f 538 594 539
f 539 594 595
f 539 595 540
f 540 595 596
f 540 596 541
f 541 596 597
f 541 597 542
f 542 597 598
f 542 598 543
f 543 598 599
f 543 599 544
f 544 599 600
f 544 600 545
f 545 600 601
f 545 601 546
f 546 601 602
f 546 602 547
f 547 602 603
f 547 603 548
f 548 603 604
f 548 604 549
f 549 604 605
f 549 605 550
f 550 605 606
f 550 606 551
f 551 606 607
f 551 607 552
f 552 607 608
f 552 608 553
f 553 608 609
f 553 609 554
f 554 609 610
f 554 610 555
f 555 610 611
f 555 611 556
f 556 611 612
f 556 612 557
f 557 612 613
f 557 613 558
f 558 613 614
f 558 614 559
f 559 614 615
f 559 615 560
f 560 615 616
f 560 616 505
f 505 616 561
f 561 617 562
f 562 617 618
f 562 618 563
f 563 618 619
f 563 619 564
f 564 619 620
f 564 620 565
f 565 620 621
f 565 621 566
f 566 621 622
f 566 622 567
f 567 622 623
f 567 623 568
f 568 623 624
f 568 624 569
f 569 624 625
f 569 625 570
f 570 625 626
f 570 626 571
f 571 626 627
f 571 627 572
f 572 627 628
f 572 628 573
f 573 628 629
f 573 629 574
f 574 629 630
f 574 630 575
f 575 630 631
f 575 631 576
f 576 631 632
f 576 632 577
f 577 632 633
f 577 633 578
f 578 633 634
f 578 634 579
f 579 634 635
f 579 635 580
f 580 635 636
f 580 636 581
f 581 636 637
f 581 637 582
f 582 637 638
f 582 638 583
f 583 638 639
f 583 639 584
f 584 639 640
f 584 640 585
f 585 640 641
f 585 641 586
f 586 641 642
f 586 642 587
f 587 642 643
f 587 643 588
f 588 643 644
f 588 644 589
f 589 644 645
f 589 645 590
f 590 645 646
f 590 646 591
f 591 646 647
f 591 647 592
f 592 647 648
f 592 648 593
f 593 648 649
f 593 649 594
f 594 649 650
f 594 650 595
f 595 650 651
f 595 651 596
f 596 651 652
f 596 652 597
f 597 652 653
f 597 653 598
f 598 653 654
f 598 654 599
f 599 654 655
f 599 655 600
f 600 655 656
f 600 656 601
f 601 656 657
f 601 657 602
f 602 657 658
f 602 658 603
f 603 658 659
f 603 659 604
f 604 659 660
f 604 660 605
f 605 660 661
f 605 661 606
f 606 661 662
f 606 662 607
f 607 662 663
f 607 663 608
f 608 663 664
f 608 664 609
f 609 664 665
f 609 665 610
f 610 665 666
f 610 666 611
f 611 666 667
f 611 667 612
f 612 667 668
f 612 668 613
f 613 668 669
f 613 669 614
f 614 669 670
f 614 670 615
f 615 670 671
f 615 671 616
f 616 671 672
f 616 672 561
f 561 672 617
f 617 673 618
f 618 673 674
f 618 674 619
f 619 674 675
f 619 675 620
f 620 675 676
f 620 676 621
f 621 676 677
f 621 677 622
f 622 677 678
f 622 678 623
f 623 678 679
f 623 679 624
f 624 679 680
f 624 680 625
f 625 680 681
f 625 681 626
f 626 681 682
f 626 682 627
f 627 682 683
f 627 683 628
f 628 683 684
f 628 684 629
f 629 684 685
f 629 685 630
f 630 685 686
f 630 686 631
f 631 686 687
f 631 687 632
f 632 687 688
f 632 688 633
f 633 688 689
f 633 689 634
f 634 689 690
f 634 690 635
f 635 690 691
f 635 691 636
f 636 691 692
f 636 692 637
f 637 692 693
f 637 693 638
f 638 693 694
f 638 694 639
f 639 694 695
f 639 695 640
f 640 695 696
f 640 696 641
f 641 696 697
f 641 697 642
f 642 697 698
f 642 698 643
f 643 698 699
f 643 699 644
f 644 699 700
f 644 700 645
f 645 700 701
f 645 701 646
f 646 701 702
f 646 702 647
f 647 702 703
f 647 703 648
f 648 703 704
f 648 704 649
f 649 704 705
f 649 705 650
f 650 705 706
f 650 706 651
f 651 706 707
f 651 707 652
f 652 707 708
f 652 708 653
f 653 708 709
f 653 709 654
f 654 709 710
f 654 710 655
f 655 710 711
f 655 711 656
f 656 711 712
f 656 712 657
f 657 712 713
f 657 713 658
f 658 713 714
f 658 714 659
f 659 714 715
f 659 715 660
f 660 715 716
f 660 716 661
f 661 716 717
f 661 717 662
f 662 717 718
f 662 718 663
f 663 718 719
f 663 719 664
f 664 719 720
f 664 720 665
f 665 720 721
f 665 721 666
f 666 721 722
f 666 722 667
f 667 722 723
f 667 723 668
f 668 723 724
f 668 724 669
f 669 724 725
f 669 725 670
f 670 725 726
f 670 726 671
f 671 726 727
f 671 727 672
f 672 727 728
f 672 728 617
f 617 728 673
f 729 2 1
f 730 673 674
f 729 3 2
f 730 674 675
f 729 4 3
f 730 675 676
f 729 5 4
f 730 676 677
f 729 6 5
f 730 677 678
f 729 7 6
f 730 678 679
f 729 8 7
f 730 679 680
f 729 9 8
f 730 680 681
f 729 10 9
f 730 681 682
f 729 11 10
f 730 682 683
f 729 12 11
f 730 683 684
f 729 13 12
f 730 684 685
f 729 14 13
f 730 685 686
f 729 15 14
f 730 686 687
f 729 16 15
f 730 687 688
f 729 17 16
f 730 688 689
f 729 18 17
f 730 689 690
f 729 19 18
f 730 690 691
f 729 20 19
f 730 691 692
f 729 21 20
f 730 692 693
f 729 22 21
f 730 693 694
f 729 23 22
f 730 694 695
f 729 24 23
f 730 695 696
f 729 25 24
f 730 696 697
f 729 26 25
f 730 697 698
f 729 27 26
f 730 698 699
f 729 28 27
f 730 699 700
f 729 29 28
f 730 700 701
f 729 30 29
f 730 701 702
f 729 31 30
f 730 702 703
f 729 32 31
f 730 703 704
f 729 33 32
f 730 704 705
f 729 34 33
f 730 705 706
f 729 35 34
f 730 706 707
f 729 36 35
f 730 707 708
f 729 37 36
f 730 708 709
f 729 38 37
f 730 709 710
f 729 39 38
f 730 710 711
f 729 40 39
f 730 711 712
f 729 41 40
f 730 712 713
f 729 42 41
f 730 713 714
f 729 43 42
f 730 714 715
f 729 44 43
f 730 715 716
f 729 45 44
f 730 716 717
f 729 46 45
f 730 717 718
f 729 47 46
f 730 718 719
f 729 48 47
f 730 719 720
f 729 49 48
f 730 720 721
f 729 50 49
f 730 721 722
f 729 51 50
f 730 722 723
f 729 52 51
f 730 723 724
f 729 53 52
f 730 724 725
f 729 54 53
f 730 725 726
f 729 55 54
f 730 726 727
f 729 56 55
f 730 727 728
f 729 1 56
f 730 728 673
f 731 787 732
f 732 787 788
f 732 788 733
f 733 788 789
f 733 789 734
f 734 789 790
f 734 790 735
f 735 790 791
f 735 791 736
f 736 791 792
f 736 792 737
f 737 792 793
f 737 793 738
f 738 793 794
f 738 794 739
f 739 794 795
f 739 795 740
f 740 795 796
f 740 796 741
f 741 796 797
f 741 797 742
f 742 797 798
f 742 798 743
f 743 798 799
f 743 799 744
f 744 799 800
f 744 800 745
f 745 800 801
f 745 801 746
f 746 801 802
f 746 802 747
f 747 802 803
f 747 803 748
f 748 803 804
f 748 804 749
f 749 804 805
f 749 805 750
f 750 805 806
f 750 806 751
f 751 806 807
f 751 807 752
f 752 807 808
f 752 808 753
f 753 808 809
f 753 809 754
f 754 809 810
f 754 810 755
f 755 810 811
f 755 811 756
f 756 811 812
f 756 812 757
f 757 812 813
f 757 813 758
f 758 813 814
f 758 814 759
f 759 814 815
f 759 815 760
f 760 815 816
f 760 816 761
f 761 816 817
f 761 817 762
f 762 817 818
f 762 818 763
f 763 818 819
f 763 819 764
f 764 819 820
f 764 820 765
f 765 820 821
f 765 821 766
f 766 821 822
f 766 822 767
f 767 822 823
f 767 823 768
f 768 823 824
f 768 824 769
f 769 824 825
f 769 825 770
f 770 825 826
f 770 826 771
f 771 826 827
f 771 827 772
f 772 827 828
f 772 828 773
f 773 828 829
f 773 829 774
f 774 829 830
f 774 830 775
f 775 830 831
f 775 831 776
f 776 831 832
f 776 832 777
f 777 832 833
f 777 833 778
f 778 833 834
f 778 834 779
f 779 834 835
f 779 835 780
f 780 835 836
f 780 836 781
f 781 836 837
f 781 837 782
f 782 837 838
f 782 838 783
f 783 838 839
f 783 839 784
f 784 839 840
f 784 840 785
f 785 840 841
f 785 841 786
f 786 841 842
f 786 842 731
f 731 842 787
f 787 843 788
f 788 843 844
f 788 844 789
f 789 844 845
f 789 845 790
f 790 845 846
f 790 846 791
f 791 846 847
f 791 847 792
f 792 847 848
f 792 848 793
f 793 848 849
f 793 849 794
f 794 849 850
f 794 850 795
f 795 850 851
f 795 851 796
f 796 851 852
f 796 852 797
f 797 852 853
f 797 853 798
f 798 853 854
f 798 854 799
f 799 854 855
f 799 855 800
f 800 855 856
f 800 856 801
f 801 856 857
f 801 857 802
f 802 857 858
f 802 858 803
f 803 858 859
f 803 859 804
f 804 859 860
f 804 860 805
f 805 860 861
f 805 861 806
f 806 861 862
f 806 862 807
f 807 862 863
f 807 863 808
f 808 863 864
f 808 864 809
f 809 864 865
f 809 865 810
f 810 865 866
f 810 866 811
f 811 866 867
f 811 867 812
f 812 867 868
f 812 868 813
f 813 868 869
f 813 869 814
f 814 869 870
f 814 870 815
f 815 870 871
f 815 871 816
f 816 871 872
f 816 872 817
f 817 872 873
f 817 873 818
f 818 873 874
f 818 874 819
f 819 874 875
f 819 875 820
f 820 875 876
f 820 876 821
f 821 876 877
f 821 877 822
f 822 877 878
f 822 878 823
f 823 878 879
f 823 879 824
f 824 879 880
f 824 880 825
f 825 880 881
f 825 881 826
f 826 881 882
f 826 882 827
f 827 882 883
f 827 883 828
f 828 883 884
f 828 884 829
f 829 884 885
f 829 885 830
f 830 885 886
f 830 886 831
f 831 886 887
f 831 887 832
f 832 887 888
f 832 888 833
f 833 888 889
f 833 889 834
f 834 889 890
f 834 890 835
f 835 890 891
f 835 891 836
f 836 891 892
f 836 892 837
f 837 892 893
f 837 893 838
f 838 893 894
f 838 894 839
f 839 894 895
f 839 895 840
f 840 895 896
f 840 896 841
f 841 896 897
f 841 897 842
f 842 897 898
f 842 898 787
f 787 898 843
f 843 899 844
f 844 899 900
f 844 900 845
f 845 900 901
f 845 901 846
f 846 901 902
f 846 902 847
f 847 902 903
f 847 903 848
f 848 903 904
f 848 904 849
f 849 904 905
f 849 905 850
f 850 905 906
f 850 906 851
f 851 906 907
f 851 907 852
f 852 907 908
f 852 908 853
f 853 908 909
f 853 909 854
f 854 909 910
f 854 910 855
f 855 910 911
f 855 911 856
f 856 911 912
f 856 912 857
f 857 912 913
f 857 913 858
f 858 913 914
f 858 914 859
f 859 914 915
f 859 915 860
f 860 915 916
f 860 916 861
f 861 916 917
f 861 917 862
f 862 917 918
f 862 918 863
f 863 918 919
f 863 919 864
f 864 919 920
f 864 920 865
f 865 920 921
f 865 921 866
f 866 921 922
f 866 922 867
f 867 922 923
f 867 923 868
f 868 923 924
f 868 924 869
f 869 924 925
f 869 925 870
f 870 925 926
f 870 926 871
f 871 926 927
f 871 927 872
f 872 927 928
f 872 928 873
f 873 928 929
f 873 929 874
f 874 929 930
f 874 930 875
f 875 930 931
f 875 931 876
f 876 931 932
f 876 932 877
f 877 932 933
f 877 933 878
f 878 933 934
f 878 934 879
f 879 934 935
f 879 935 880
f 880 935 936
f 880 936 881
f 881 936 937
f 881 937 882
f 882 937 938
f 882 938 883
f 883 938 939
f 883 939 884
f 884 939 940
f 884 940 885
f 885 940 941
f 885 941 886
f 886 941 942
f 886 942 887
f 887 942 943
f 887 943 888
f 888 943 944
f 888 944 889
f 889 944 945
f 889 945 890
f 890 945 946
f 890 946 891
f 891 946 947
f 891 947 892
f 892 947 948
f 892 948 893
f 893 948 949
f 893 949 894
f 894 949 950
f 894 950 895
f 895 950 951
f 895 951 896
f 896 951 952
f 896 952 897
f 897 952 953
f 897 953 898
f 898 953 954
f 898 954 843
f 843 954 899
f 955 732 731
f 956 899 900
f 955 733 732
f 956 900 901
f 955 734 733
f 956 901 902
f 955 735 734
f 956 902 903
f 955 736 735
f 956 903 904
f 955 737 736
f 956 904 905
f 955 738 737
f 956 905 906
f 955 739 738
f 956 906 907
f 955 740 739
f 956 907 908
f 955 741 740
f 956 908 909
f 955 742 741
f 956 909 910
f 955 743 742
f 956 910 911
f 955 744 743
f 956 911 912
f 955 745 744
f 956 912 913
f 955 746 745
f 956 913 914
f 955 747 746
f 956 914 915
f 955 748 747
f 956 915 916
f 955 749 748
f 956 916 917
f 955 750 749
f 956 917 918
f 955 751 750
f 956 918 919
f 955 752 751
f 956 919 920
f 955 753 752
f 956 920 921
f 955 754 753
f 956 921 922
f 955 755 754
f 956 922 923
f 955 756 755
f 956 923 924
f 955 757 756
f 956 924 925
f 955 758 757
f 956 925 926
f 955 759 758
f 956 926 927
f 955 760 759
f 956 927 928
f 955 761 760
f 956 928 929
f 955 762 761
f 956 929 930
f 955 763 762
f 956 930 931
f 955 764 763
f 956 931 932
f 955 765 764
f 956 932 933
f 955 766 765
f 956 933 934
f 955 767 766
f 956 934 935
f 955 768 767
f 956 935 936
f 955 769 768
f 956 936 937
f 955 770 769
f 956 937 938
f 955 771 770
f 956 938 939
f 955 772 771
f 956 939 940
f 955 773 772
f 956 940 941
f 955 774 773
f 956 941 942
f 955 775 774
f 956 942 943
f 955 776 775
f 956 943 944
f 955 777 776
f 956 944 945
f 955 778 777
f 956 945 946
f 955 779 778
f 956 946 947
f 955 780 779
f 956 947 948
f 955 781 780
f 956 948 949
f 955 782 781
f 956 949 950
f 955 783 782
f 956 950 951
f 955 784 783
f 956 951 952
f 955 785 784
f 956 952 953
f 955 786 785
f 956 953 954
f 955 731 786
f 956 954 899
f 957 1005 958
f 958 1005 1006
f 958 1006 959
f 959 1006 1007
f 959 1007 960
f 960 1007 1008
f 960 1008 961
f 961 1008 1009
f 961 1009 962
f 962 1009 1010
f 962 1010 963
f 963 1010 1011
f 963 1011 964
f 964 1011 1012
f 964 1012 965
f 965 1012 1013
f 965 1013 966
f 966 1013 1014
f 966 1014 967
f 967 1014 1015
f 967 1015 968
f 968 1015 1016
f 968 1016 969
f 969 1016 1017
f 969 1017 970
f 970 1017 1018
f 970 1018 971
f 971 1018 1019
f 971 1019 972
f 972 1019 1020
f 972 1020 973
f 973 1020 1021
f 973 1021 974
f 974 1021 1022
f 974 1022 975
f 975 1022 1023
f 975 1023 976
f 976 1023 1024
f 976 1024 977
f 977 1024 1025
f 977 1025 978
f 978 1025 1026
f 978 1026 979
f 979 1026 1027
f 979 1027 980
f 980 1027 1028
f 980 1028 981
f 981 1028 1029
f 981 1029 982
f 982 1029 1030
f 982 1030 983
f 983 1030 1031
f 983 1031 984
f 984 1031 1032
f 984 1032 985
f 985 1032 1033
f 985 1033 986
f 986 1033 1034
f 986 1034 987
f 987 1034 1035
f 987 1035 988
f 988 1035 1036
f 988 1036 989
f 989 1036 1037
f 989 1037 990
f 990 1037 1038
f 990 1038 991
f 991 1038 1039
f 991 1039 992
f 992 1039 1040
f 992 1040 993
f 993 1040 1041
f 993 1041 994
f 994 1041 1042
f 994 1042 995
f 995 1042 1043
f 995 1043 996
f 996 1043 1044
f 996 1044 997
f 997 1044 1045
f 997 1045 998
f 998 1045 1046
f 998 1046 999
f 999 1046 1047
f 999 1047 1000
f 1000 1047 1048
f 1000 1048 1001
f 1001 1048 1049
f 1001 1049 1002
f 1002 1049 1050
f 1002 1050 1003
f 1003 1050 1051
f 1003 1051 1004
f 1004 1051 1052
f 1004 1052 957
f 957 1052 1005
f 1005 1053 1006
f 1006 1053 1054
f 1006 1054 1007
f 1007 1054 1055
f 1007 1055 1008
f 1008 1055 1056
f 1008 1056 1009
f 1009 1056 1057
f 1009 1057 1010
f 1010 1057 1058
f 1010 1058 1011
f 1011 1058 1059
f 1011 1059 1012
f 1012 1059 1060
f 1012 1060 1013
f 1013 1060 1061
f 1013 1061 1014
f 1014 1061 1062
f 1014 1062 1015
f 1015 1062 1063
f 1015 1063 1016
f 1016 1063 1064
f 1016 1064 1017
f 1017 1064 1065
f 1017 1065 1018
f 1018 1065 1066
f 1018 1066 1019
f 1019 1066 1067
f 1019 1067 1020
f 1020 1067 1068
f 1020 1068 1021
f 1021 1068 1069
f 1021 1069 1022
f 1022 1069 1070
f 1022 1070 1023
f 1023 1070 1071
f 1023 1071 1024
f 1024 1071 1072
f 1024 1072 1025
f 1025 1072 1073
f 1025 1073 1026
f 1026 1073 1074
f 1026 1074 1027
f 1027 1074 1075
f 1027 1075 1028
f 1028 1075 1076
f 1028 1076 1029
f 1029 1076 1077
f 1029 1077 1030
f 1030 1077 1078
f 1030 1078 1031
f 1031 1078 1079
f 1031 1079 1032
f 1032 1079 1080
f 1032 1080 1033
f 1033 1080 1081
f 1033 1081 1034
f 1034 1081 1082
f 1034 1082 1035
f 1035 1082 1083
f 1035 1083 1036
f 1036 1083 1084
f 1036 1084 1037
f 1037 1084 1085
f 1037 1085 1038
f 1038 1085 1086
f 1038 1086 1039
f 1039 1086 1087
f 1039 1087 1040
f 1040 1087 1088
f 1040 1088 1041
f 1041 1088 1089
f 1041 1089 1042
f 1042 1089 1090
f 1042 1090 1043
f 1043 1090 1091
f 1043 1091 1044
f 1044 1091 1092
f 1044 1092 1045
f 1045 1092 1093
f 1045 1093 1046
f 1046 1093 1094
f 1046 1094 1047
f 1047 1094 1095
f 1047 1095 1048
f 1048 1095 1096
f 1048 1096 1049
f 1049 1096 1097
f 1049 1097 1050
f 1050 1097 1098
f 1050 1098 1051
f 1051 1098 1099
f 1051 1099 1052
f 1052 1099 1100
f 1052 1100 1005
f 1005 1100 1053
f 1101 958 957
f 1102 1053 1054
f 1101 959 958
f 1102 1054 1055
f 1101 960 959
f 1102 1055 1056
f 1101 961 960
f 1102 1056 1057
f 1101 962 961
f 1102 1057 1058
f 1101 963 962
f 1102 1058 1059
f 1101 964 963
f 1102 1059 1060
f 1101 965 964
f 1102 1060 1061
f 1101 966 965
f 1102 1061 1062
f 1101 967 966
f 1102 1062 1063
f 1101 968 967
f 1102 1063 1064
f 1101 969 968
f 1102 1064 1065
f 1101 970 969
f 1102 1065 1066
f 1101 971 970
f 1102 1066 1067
f 1101 972 971
f 1102 1067 1068
f 1101 973 972
f 1102 1068 1069
f 1101 974 973
f 1102 1069 1070
f 1101 975 974
f 1102 1070 1071
f 1101 976 975
f 1102 1071 1072
f 1101 977 976
f 1102 1072 1073
f 1101 978 977
f 1102 1073 1074
f 1101 979 978
f 1102 1074 1075
f 1101 980 979
f 1102 1075 1076
f 1101 981 980
f 1102 1076 1077
f 1101 982 981
f 1102 1077 1078
f 1101 983 982
f 1102 1078 1079
f 1101 984 983
f 1102 1079 1080
f 1101 985 984
f 1102 1080 1081
f 1101 986 985
f 1102 1081 1082
f 1101 987 986
f 1102 1082 1083
f 1101 988 987
f 1102 1083 1084
f 1101 989 988
f 1102 1084 1085
f 1101 990 989
f 1102 1085 1086
f 1101 991 990
f 1102 1086 1087
f 1101 992 991
f 1102 1087 1088
f 1101 993 992
f 1102 1088 1089
f 1101 994 993
f 1102 1089 1090
f 1101 995 994
f 1102 1090 1091
f 1101 996 995
f 1102 1091 1092
f 1101 997 996
f 1102 1092 1093
f 1101 998 997
f 1102 1093 1094
f 1101 999 998
f 1102 1094 1095
f 1101 1000 999
f 1102 1095 1096
f 1101 1001 1000
f 1102 1096 1097
f 1101 1002 1001
f 1102 1097 1098
f 1101 1003 1002
f 1102 1098 1099
f 1101 1004 1003
f 1102 1099 1100
f 1101 957 1004
f 1102 1100 1053
f 1103 1115 1104
f 1104 1115 1116
f 1104 1116 1105
f 1105 1116 1117
f 1105 1117 1106
f 1106 1117 1118
f 1106 1118 1107
f 1107 1118 1119
f 1107 1119 1108
f 1108 1119 1120
f 1108 1120 1109
f 1109 1120 1121
f 1109 1121 1110
f 1110 1121 1122
f 1110 1122 1111
f 1111 1122 1123
f 1111 1123 1112
f 1112 1123 1124
f 1112 1124 1113
f 1113 1124 1125
f 1113 1125 1114
f 1114 1125 1126
f 1114 1126 1103
f 1103 1126 1115
f 1115 1127 1116
f 1116 1127 1128
f 1116 1128 1117
f 1117 1128 1129
f 1117 1129 1118
f 1118 1129 1130
f 1118 1130 1119
f 1119 1130 1131
f 1119 1131 1120
f 1120 1131 1132
f 1120 1132 1121
f 1121 1132 1133
f 1121 1133 1122
f 1122 1133 1134
f 1122 1134 1123
f 1123 1134 1135
f 1123 1135 1124
f 1124 1135 1136
f 1124 1136 1125
f 1125 1136 1137
f 1125 1137 1126
f 1126 1137 1138
f 1126 1138 1115
f 1115 1138 1127
f 1127 1139 1128
f 1128 1139 1140
f 1128 1140 1129
f 1129 1140 1141
f 1129 1141 1130
f 1130 1141 1142
f 1130 1142 1131
f 1131 1142 1143
f 1131 1143 1132
f 1132 1143 1144
f 1132 1144 1133
f 1133 1144 1145
f 1133 1145 1134
f 1134 1145 1146
f 1134 1146 1135
f 1135 1146 1147
f 1135 1147 1136
f 1136 1147 1148
f 1136 1148 1137
f 1137 1148 1149
f 1137 1149 1138
f 1138 1149 1150
f 1138 1150 1127
f 1127 1150 1139
f 1139 1151 1140
f 1140 1151 1152
f 1140 1152 1141
f 1141 1152 1153
f 1141 1153 1142
f 1142 1153 1154
f 1142 1154 1143
f 1143 1154 1155
f 1143 1155 1144
f 1144 1155 1156
f 1144 1156 1145
f 1145 1156 1157
f 1145 1157 1146
f 1146 1157 1158
f 1146 1158 1147
f 1147 1158 1159
f 1147 1159 1148
f 1148 1159 1160
f 1148 1160 1149
f 1149 1160 1161
f 1149 1161 1150
f 1150 1161 1162
f 1150 1162 1139
f 1139 1162 1151
f 1151 1163 1152
f 1152 1163 1164
f 1152 1164 1153
f 1153 1164 1165
f 1153 1165 1154
f 1154 1165 1166
f 1154 1166 1155
f 1155 1166 1167
f 1155 1167 1156
f 1156 1167 1168
f 1156 1168 1157
f 1157 1168 1169
f 1157 1169 1158
f 1158 1169 1170
f 1158 1170 1159
f 1159 1170 1171
f 1159 1171 1160
f 1160 1171 1172
f 1160 1172 1161
f 1161 1172 1173
f 1161 1173 1162
f 1162 1173 1174
f 1162 1174 1151
f 1151 1174 1163
f 1163 1175 1164
f 1164 1175 1176
f 1164 1176 1165
f 1165 1176 1177
f 1165 1177 1166
f 1166 1177 1178
f 1166 1178 1167
f 1167 1178 1179
f 1167 1179 1168
f 1168 1179 1180
f 1168 1180 1169
f 1169 1180 1181
f 1169 1181 1170
f 1170 1181 1182
f 1170 1182 1171
f 1171 1182 1183
f 1171 1183 1172
f 1172 1183 1184
f 1172 1184 1173
f 1173 1184 1185
f 1173 1185 1174
f 1174 1185 1186
f 1174 1186 1163
f 1163 1186 1175
f 1175 1187 1176
f 1176 1187 1188
f 1176 1188 1177
f 1177 1188 1189
f 1177 1189 1178
f 1178 1189 1190
f 1178 1190 1179
f 1179 1190 1191
f 1179 1191 1180
f 1180 1191 1192
f 1180 1192 1181
f 1181 1192 1193
f 1181 1193 1182
f 1182 1193 1194
f 1182 1194 1183
f 1183 1194 1195
f 1183 1195 1184
f 1184 1195 1196
f 1184 1196 1185
f 1185 1196 1197
f 1185 1197 1186
f 1186 1197 1198
f 1186 1198 1175
f 1175 1198 1187
f 1187 1199 1188
f 1188 1199 1200
f 1188 1200 1189
f 1189 1200 1201
f 1189 1201 1190
f 1190 1201 1202
f 1190 1202 1191
f 1191 1202 1203
f 1191 1203 1192
f 1192 1203 1204
f 1192 1204 1193
f 1193 1204 1205
f 1193 1205 1194
f 1194 1205 1206
f 1194 1206 1195
f 1195 1206 1207
f 1195 1207 1196
f 1196 1207 1208
f 1196 1208 1197
f 1197 1208 1209
f 1197 1209 1198
f 1198 1209 1210
f 1198 1210 1187
f 1187 1210 1199
f 1199 1211 1200
f 1200 1211 1212
f 1200 1212 1201
f 1201 1212 1213
f 1201 1213 1202
f 1202 1213 1214
f 1202 1214 1203
f 1203 1214 1215
f 1203 1215 1204
f 1204 1215 1216
f 1204 1216 1205
f 1205 1216 1217
f 1205 1217 1206
f 1206 1217 1218
f 1206 1218 1207
f 1207 1218 1219
f 1207 1219 1208
f 1208 1219 1220
f 1208 1220 1209
f 1209 1220 1221
f 1209 1221 1210
f 1210 1221 1222
f 1210 1222 1199
f 1199 1222 1211
f 1211 1223 1212
f 1212 1223 1224
f 1212 1224 1213
f 1213 1224 1225
f 1213 1225 1214
f 1214 1225 1226
f 1214 1226 1215
f 1215 1226 1227
f 1215 1227 1216
f 1216 1227 1228
f 1216 1228 1217
f 1217 1228 1229
f 1217 1229 1218
f 1218 1229 1230
f 1218 1230 1219
f 1219 1230 1231
f 1219 1231 1220
f 1220 1231 1232
f 1220 1232 1221
f 1221 1232 1233
f 1221 1233 1222
f 1222 1233 1234
f 1222 1234 1211
f 1211 1234 1223
f 1223 1235 1224
f 1224 1235 1236
f 1224 1236 1225
f 1225 1236 1237
f 1225 1237 1226
f 1226 1237 1238
f 1226 1238 1227
f 1227 1238 1239
f 1227 1239 1228
f 1228 1239 1240
f 1228 1240 1229
f 1229 1240 1241
f 1229 1241 1230
f 1230 1241 1242
f 1230 1242 1231
f 1231 1242 1243
f 1231 1243 1232
f 1232 1243 1244
f 1232 1244 1233
f 1233 1244 1245
f 1233 1245 1234
f 1234 1245 1246
f 1234 1246 1223
f 1223 1246 1235
f 1235 1247 1236
f 1236 1247 1248
f 1236 1248 1237
f 1237 1248 1249
f 1237 1249 1238
f 1238 1249 1250
f 1238 1250 1239
f 1239 1250 1251
f 1239 1251 1240
f 1240 1251 1252
f 1240 1252 1241
f 1241 1252 1253
f 1241 1253 1242
f 1242 1253 1254
f 1242 1254 1243
f 1243 1254 1255
f 1243 1255 1244
f 1244 1255 1256
f 1244 1256 1245
f 1245 1256 1257
f 1245 1257 1246
f 1246 1257 1258
f 1246 1258 1235
f 1235 1258 1247
f 1247 1259 1248
f 1248 1259 1260
f 1248 1260 1249
f 1249 1260 1261
f 1249 1261 1250
f 1250 1261 1262
f 1250 1262 1251
f 1251 1262 1263
f 1251 1263 1252
f 1252 1263 1264
f 1252 1264 1253
f 1253 1264 1265
f 1253 1265 1254
f 1254 1265 1266
f 1254 1266 1255
f 1255 1266 1267
f 1255 1267 1256
f 1256 1267 1268
f 1256 1268 1257
f 1257 1268 1269
f 1257 1269 1258
f 1258 1269 1270
f 1258 1270 1247
f 1247 1270 1259
f 1259 1271 1260
f 1260 1271 1272
f 1260 1272 1261
f 1261 1272 1273
f 1261 1273 1262
f 1262 1273 1274
f 1262 1274 1263
f 1263 1274 1275
f 1263 1275 1264
f 1264 1275 1276
f 1264 1276 1265
f 1265 1276 1277
f 1265 1277 1266
f 1266 1277 1278
f 1266 1278 1267
f 1267 1278 1279
f 1267 1279 1268
f 1268 1279 1280
f 1268 1280 1269
f 1269 1280 1281
f 1269 1281 1270
f 1270 1281 1282
f 1270 1282 1259
f 1259 1282 1271
f 1271 1283 1272
f 1272 1283 1284
f 1272 1284 1273
f 1273 1284 1285
f 1273 1285 1274
f 1274 1285 1286
f 1274 1286 1275
f 1275 1286 1287
f 1275 1287 1276
f 1276 1287 1288
f 1276 1288 1277
f 1277 1288 1289
f 1277 1289 1278
f 1278 1289 1290
f 1278 1290 1279
f 1279 1290 1291
f 1279 1291 1280
f 1280 1291 1292
f 1280 1292 1281
f 1281 1292 1293
f 1281 1293 1282
f 1282 1293 1294
f 1282 1294 1271
f 1271 1294 1283
f 1283 1295 1284
f 1284 1295 1296
f 1284 1296 1285
f 1285 1296 1297
f 1285 1297 1286
f 1286 1297 1298
f 1286 1298 1287
f 1287 1298 1299
f 1287 1299 1288
f 1288 1299 1300
f 1288 1300 1289
f 1289 1300 1301
f 1289 1301 1290
f 1290 1301 1302
f 1290 1302 1291
f 1291 1302 1303
f 1291 1303 1292
f 1292 1303 1304
f 1292 1304 1293
f 1293 1304 1305
f 1293 1305 1294
f 1294 1305 1306
f 1294 1306 1283
f 1283 1306 1295
f 1295 1307 1296
f 1296 1307 1308
f 1296 1308 1297
f 1297 1308 1309
f 1297 1309 1298
f 1298 1309 1310
f 1298 1310 1299
f 1299 1310 1311
f 1299 1311 1300
f 1300 1311 1312
f 1300 1312 1301
f 1301 1312 1313
f 1301 1313 1302
f 1302 1313 1314
f 1302 1314 1303
f 1303 1314 1315
f 1303 1315 1304
f 1304 1315 1316
f 1304 1316 1305
f 1305 1316 1317
f 1305 1317 1306
f 1306 1317 1318
f 1306 1318 1295
f 1295 1318 1307
f 1307 1319 1308
f 1308 1319 1320
f 1308 1320 1309
f 1309 1320 1321
f 1309 1321 1310
f 1310 1321 1322
f 1310 1322 1311
f 1311 1322 1323
f 1311 1323 1312
f 1312 1323 1324
f 1312 1324 1313
f 1313 1324 1325
f 1313 1325 1314
f 1314 1325 1326
f 1314 1326 1315
f 1315 1326 1327
f 1315 1327 1316
f 1316 1327 1328
f 1316 1328 1317
f 1317 1328 1329
f 1317 1329 1318
f 1318 1329 1330
f 1318 1330 1307
f 1307 1330 1319
f 1319 1331 1320
f 1320 1331 1332
f 1320 1332 1321
f 1321 1332 1333
f 1321 1333 1322
f 1322 1333 1334
f 1322 1334 1323
f 1323 1334 1335
f 1323 1335 1324
f 1324 1335 1336
f 1324 1336 1325
f 1325 1336 1337
f 1325 1337 1326
f 1326 1337 1338
f 1326 1338 1327
f 1327 1338 1339
f 1327 1339 1328
f 1328 1339 1340
f 1328 1340 1329
f 1329 1340 1341
f 1329 1341 1330
f 1330 1341 1342
f 1330 1342 1319
f 1319 1342 1331
f 1331 1343 1332
f 1332 1343 1344
f 1332 1344 1333
f 1333 1344 1345
f 1333 1345 1334
f 1334 1345 1346
f 1334 1346 1335
f 1335 1346 1347
f 1335 1347 1336
f 1336 1347 1348
f 1336 1348 1337
f 1337 1348 1349
f 1337 1349 1338
f 1338 1349 1350
f 1338 1350 1339
f 1339 1350 1351
f 1339 1351 1340
f 1340 1351 1352
f 1340 1352 1341
f 1341 1352 1353
f 1341 1353 1342
f 1342 1353 1354
f 1342 1354 1331
f 1331 1354 1343
f 1343 1355 1344
f 1344 1355 1356
f 1344 1356 1345
f 1345 1356 1357
f 1345 1357 1346
f 1346 1357 1358
f 1346 1358 1347
f 1347 1358 1359
f 1347 1359 1348
f 1348 1359 1360
f 1348 1360 1349
f 1349 1360 1361
f 1349 1361 1350
f 1350 1361 1362
f 1350 1362 1351
f 1351 1362 1363
f 1351 1363 1352
f 1352 1363 1364
f 1352 1364 1353
f 1353 1364 1365
f 1353 1365 1354
f 1354 1365 1366
f 1354 1366 1343
f 1343 1366 1355
f 1355 1367 1356
f 1356 1367 1368
f 1356 1368 1357
f 1357 1368 1369
f 1357 1369 1358
f 1358 1369 1370
f 1358 1370 1359
f 1359 1370 1371
f 1359 1371 1360
f 1360 1371 1372
f 1360 1372 1361
f 1361 1372 1373
f 1361 1373 1362
f 1362 1373 1374
f 1362 1374 1363
f 1363 1374 1375
f 1363 1375 1364
f 1364 1375 1376
f 1364 1376 1365
f 1365 1376 1377
f 1365 1377 1366
f 1366 1377 1378
f 1366 1378 1355
f 1355 1378 1367
f 1367 1379 1368
f 1368 1379 1380
f 1368 1380 1369
f 1369 1380 1381
f 1369 1381 1370
f 1370 1381 1382
f 1370 1382 1371
f 1371 1382 1383
f 1371 1383 1372
f 1372 1383 1384
f 1372 1384 1373
f 1373 1384 1385
f 1373 1385 1374
f 1374 1385 1386
f 1374 1386 1375
f 1375 1386 1387
f 1375 1387 1376
f 1376 1387 1388
f 1376 1388 1377
f 1377 1388 1389
f 1377 1389 1378
f 1378 1389 1390
f 1378 1390 1367
f 1367 1390 1379
f 1379 1391 1380
f 1380 1391 1392
f 1380 1392 1381
f 1381 1392 1393
f 1381 1393 1382
f 1382 1393 1394
f 1382 1394 1383
f 1383 1394 1395
f 1383 1395 1384
f 1384 1395 1396
f 1384 1396 1385
f 1385 1396 1397
f 1385 1397 1386
f 1386 1397 1398
f 1386 1398 1387
f 1387 1398 1399
f 1387 1399 1388
f 1388 1399 1400
f 1388 1400 1389
f 1389 1400 1401
f 1389 1401 1390
f 1390 1401 1402
f 1390 1402 1379
f 1379 1402 1391
f 1391 1403 1392
f 1392 1403 1404
f 1392 1404 1393
f 1393 1404 1405
f 1393 1405 1394
f 1394 1405 1406
f 1394 1406 1395
f 1395 1406 1407
f 1395 1407 1396
f 1396 1407 1408
f 1396 1408 1397
f 1397 1408 1409
f 1397 1409 1398
f 1398 1409 1410
f 1398 1410 1399
f 1399 1410 1411
f 1399 1411 1400
f 1400 1411 1412
f 1400 1412 1401
f 1401 1412 1413
f 1401 1413 1402
f 1402 1413 1414
f 1402 1414 1391
f 1391 1414 1403
f 1403 1415 1404
f 1404 1415 1416
f 1404 1416 1405
f 1405 1416 1417
f 1405 1417 1406
f 1406 1417 1418
f 1406 1418 1407
f 1407 1418 1419
f 1407 1419 1408
f 1408 1419 1420
f 1408 1420 1409
f 1409 1420 1421
f 1409 1421 1410
f 1410 1421 1422
f 1410 1422 1411
f 1411 1422 1423
f 1411 1423 1412
f 1412 1423 1424
f 1412 1424 1413
f 1413 1424 1425
f 1413 1425 1414
f 1414 1425 1426
f 1414 1426 1403
f 1403 1426 1415
f 1415 1427 1416
f 1416 1427 1428
f 1416 1428 1417
f 1417 1428 1429
f 1417 1429 1418
f 1418 1429 1430
f 1418 1430 1419
f 1419 1430 1431
f 1419 1431 1420
f 1420 1431 1432
f 1420 1432 1421
f 1421 1432 1433
f 1421 1433 1422
f 1422 1433 1434
f 1422 1434 1423
f 1423 1434 1435
f 1423 1435 1424
f 1424 1435 1436
f 1424 1436 1425
f 1425 1436 1437
f 1425 1437 1426
f 1426 1437 1438
f 1426 1438 1415
f 1415 1438 1427
f 1427 1439 1428
f 1428 1439 1440
f 1428 1440 1429
f 1429 1440 1441
f 1429 1441 1430
f 1430 1441 1442
f 1430 1442 1431
f 1431 1442 1443
f 1431 1443 1432
f 1432 1443 1444
f 1432 1444 1433
f 1433 1444 1445
f 1433 1445 1434
f 1434 1445 1446
f 1434 1446 1435
f 1435 1446 1447
f 1435 1447 1436
f 1436 1447 1448
f 1436 1448 1437
f 1437 1448 1449
f 1437 1449 1438
f 1438 1449 1450
f 1438 1450 1427
f 1427 1450 1439
f 1439 1451 1440
f 1440 1451 1452
f 1440 1452 1441
f 1441 1452 1453
f 1441 1453 1442
f 1442 1453 1454
f 1442 1454 1443
f 1443 1454 1455
f 1443 1455 1444
f 1444 1455 1456
f 1444 1456 1445
f 1445 1456 1457
f 1445 1457 1446
f 1446 1457 1458
f 1446 1458 1447
f 1447 1458 1459
f 1447 1459 1448
f 1448 1459 1460
f 1448 1460 1449
f 1449 1460 1461
f 1449 1461 1450
f 1450 1461 1462
f 1450 1462 1439
f 1439 1462 1451
f 1451 1463 1452
f 1452 1463 1464
f 1452 1464 1453
f 1453 1464 1465
f 1453 1465 1454
f 1454 1465 1466
f 1454 1466 1455
f 1455 1466 1467
f 1455 1467 1456
f 1456 1467 1468
f 1456 1468 1457
f 1457 1468 1469
f 1457 1469 1458
f 1458 1469 1470
f 1458 1470 1459
f 1459 1470 1471
f 1459 1471 1460
f 1460 1471 1472
f 1460 1472 1461
f 1461 1472 1473
f 1461 1473 1462
f 1462 1473 1474
f 1462 1474 1451
f 1451 1474 1463
f 1463 1475 1464
f 1464 1475 1476
f 1464 1476 1465
f 1465 1476 1477
f 1465 1477 1466
f 1466 1477 1478
f 1466 1478 1467
f 1467 1478 1479
f 1467 1479 1468
f 1468 1479 1480
f 1468 1480 1469
f 1469 1480 1481
f 1469 1481 1470
f 1470 1481 1482
f 1470 1482 1471
f 1471 1482 1483
f 1471 1483 1472
f 1472 1483 1484
f 1472 1484 1473
f 1473 1484 1485
f 1473 1485 1474
f 1474 1485 1486
f 1474 1486 1463
f 1463 1486 1475
f 1475 1487 1476
f 1476 1487 1488
f 1476 1488 1477
f 1477 1488 1489
f 1477 1489 1478
f 1478 1489 1490
f 1478 1490 1479
f 1479 1490 1491
f 1479 1491 1480
f 1480 1491 1492
f 1480 1492 1481
f 1481 1492 1493
f 1481 1493 1482
f 1482 1493 1494
f 1482 1494 1483
f 1483 1494 1495
f 1483 1495 1484
f 1484 1495 1496
f 1484 1496 1485
f 1485 1496 1497
f 1485 1497 1486
f 1486 1497 1498
f 1486 1498 1475
f 1475 1498 1487
f 1487 1499 1488
f 1488 1499 1500
f 1488 1500 1489
f 1489 1500 1501
f 1489 1501 1490
f 1490 1501 1502
f 1490 1502 1491
f 1491 1502 1503
f 1491 1503 1492
f 1492 1503 1504
f 1492 1504 1493
f 1493 1504 1505
f 1493 1505 1494
f 1494 1505 1506
f 1494 1506 1495
f 1495 1506 1507
f 1495 1507 1496
f 1496 1507 1508
f 1496 1508 1497
f 1497 1508 1509
f 1497 1509 1498
f 1498 1509 1510
f 1498 1510 1487
f 1487 1510 1499
f 1499 1511 1500
f 1500 1511 1512
f 1500 1512 1501
f 1501 1512 1513
f 1501 1513 1502
f 1502 1513 1514
f 1502 1514 1503
f 1503 1514 1515
f 1503 1515 1504
f 1504 1515 1516
f 1504 1516 1505
f 1505 1516 1517
f 1505 1517 1506
f 1506 1517 1518
f 1506 1518 1507
f 1507 1518 1519
f 1507 1519 1508
f 1508 1519 1520
f 1508 1520 1509
f 1509 1520 1521
f 1509 1521 1510
f 1510 1521 1522
f 1510 1522 1499
f 1499 1522 1511
f 1511 1523 1512
f 1512 1523 1524
f 1512 1524 1513
f 1513 1524 1525
f 1513 1525 1514
f 1514 1525 1526
f 1514 1526 1515
f 1515 1526 1527
f 1515 1527 1516
f 1516 1527 1528
f 1516 1528 1517
f 1517 1528 1529
f 1517 1529 1518
f 1518 1529 1530
f 1518 1530 1519
f 1519 1530 1531
f 1519 1531 1520
f 1520 1531 1532
f 1520 1532 1521
f 1521 1532 1533
f 1521 1533 1522
f 1522 1533 1534
f 1522 1534 1511
f 1511 1534 1523
f 1523 1535 1524
f 1524 1535 1536
f 1524 1536 1525
f 1525 1536 1537
f 1525 1537 1526
f 1526 1537 1538
f 1526 1538 1527
f 1527 1538 1539
f 1527 1539 1528
f 1528 1539 1540
f 1528 1540 1529
f 1529 1540 1541
f 1529 1541 1530
f 1530 1541 1542
f 1530 1542 1531
f 1531 1542 1543
f 1531 1543 1532
f 1532 1543 1544
f 1532 1544 1533
f 1533 1544 1545
f 1533 1545 1534
f 1534 1545 1546
f 1534 1546 1523
f 1523 1546 1535
f 1535 1547 1536
f 1536 1547 1548
f 1536 1548 1537
f 1537 1548 1549
f 1537 1549 1538
f 1538 1549 1550
f 1538 1550 1539
f 1539 1550 1551
f 1539 1551 1540
f 1540 1551 1552
f 1540 1552 1541
f 1541 1552 1553
f 1541 1553 1542
f 1542 1553 1554
f 1542 1554 1543
f 1543 1554 1555
f 1543 1555 1544
f 1544 1555 1556
f 1544 1556 1545
f 1545 1556 1557
f 1545 1557 1546
f 1546 1557 1558
f 1546 1558 1535
f 1535 1558 1547
f 1547 1559 1548
f 1548 1559 1560
f 1548 1560 1549
f 1549 1560 1561
f 1549 1561 1550
f 1550 1561 1562
f 1550 1562 1551
f 1551 1562 1563
f 1551 1563 1552
f 1552 1563 1564
f 1552 1564 1553
f 1553 1564 1565
f 1553 1565 1554
f 1554 1565 1566
f 1554 1566 1555
f 1555 1566 1567
f 1555 1567 1556
f 1556 1567 1568
f 1556 1568 1557
f 1557 1568 1569
f 1557 1569 1558
f 1558 1569 1570
f 1558 1570 1547
f 1547 1570 1559
f 1559 1571 1560
f 1560 1571 1572
f 1560 1572 1561
f 1561 1572 1573
f 1561 1573 1562
f 1562 1573 1574
f 1562 1574 1563
f 1563 1574 1575
f 1563 1575 1564
f 1564 1575 1576
f 1564 1576 1565
f 1565 1576 1577
f 1565 1577 1566
f 1566 1577 1578
f 1566 1578 1567
f 1567 1578 1579
f 1567 1579 1568
f 1568 1579 1580
f 1568 1580 1569
f 1569 1580 1581
f 1569 1581 1570
f 1570 1581 1582
f 1570 1582 1559
f 1559 1582 1571
f 1571 1583 1572
f 1572 1583 1584
f 1572 1584 1573
f 1573 1584 1585
f 1573 1585 1574
f 1574 1585 1586
f 1574 1586 1575
f 1575 1586 1587
f 1575 1587 1576
f 1576 1587 1588
f 1576 1588 1577
f 1577 1588 1589
f 1577 1589 1578
f 1578 1589 1590
f 1578 1590 1579
f 1579 1590 1591
f 1579 1591 1580
f 1580 1591 1592
f 1580 1592 1581
f 1581 1592 1593
f 1581 1593 1582
f 1582 1593 1594
f 1582 1594 1571
f 1571 1594 1583
f 1583 1595 1584
f 1584 1595 1596
f 1584 1596 1585
f 1585 1596 1597
f 1585 1597 1586
f 1586 1597 1598
f 1586 1598 1587
f 1587 1598 1599
f 1587 1599 1588
f 1588 1599 1600
f 1588 1600 1589
f 1589 1600 1601
f 1589 1601 1590
f 1590 1601 1602
f 1590 1602 1591
f 1591 1602 1603
f 1591 1603 1592
f 1592 1603 1604
f 1592 1604 1593
f 1593 1604 1605
f 1593 1605 1594
f 1594 1605 1606
f 1594 1606 1583
f 1583 1606 1595
f 1595 1607 1596
f 1596 1607 1608
f 1596 1608 1597
f 1597 1608 1609
f 1597 1609 1598
f 1598 1609 1610
f 1598 1610 1599
f 1599 1610 1611
f 1599 1611 1600
f 1600 1611 1612
f 1600 1612 1601
f 1601 1612 1613
f 1601 1613 1602
f 1602 1613 1614
f 1602 1614 1603
f 1603 1614 1615
f 1603 1615 1604
f 1604 1615 1616
f 1604 1616 1605
f 1605 1616 1617
f 1605 1617 1606
f 1606 1617 1618
f 1606 1618 1595
f 1595 1618 1607
f 1607 1619 1608
f 1608 1619 1620
f 1608 1620 1609
f 1609 1620 1621
f 1609 1621 1610
f 1610 1621 1622
f 1610 1622 1611
f 1611 1622 1623
f 1611 1623 1612
f 1612 1623 1624
f 1612 1624 1613
f 1613 1624 1625
f 1613 1625 1614
f 1614 1625 1626
f 1614 1626 1615
f 1615 1626 1627
f 1615 1627 1616
f 1616 1627 1628
f 1616 1628 1617
f 1617 1628 1629
f 1617 1629 1618
f 1618 1629 1630
f 1618 1630 1607
f 1607 1630 1619
f 1619 1631 1620
f 1620 1631 1632
f 1620 1632 1621
f 1621 1632 1633
f 1621 1633 1622
f 1622 1633 1634
f 1622 1634 1623
f 1623 1634 1635
f 1623 1635 1624
f 1624 1635 1636
f 1624 1636 1625
f 1625 1636 1637
f 1625 1637 1626
f 1626 1637 1638
f 1626 1638 1627
f 1627 1638 1639
f 1627 1639 1628
f 1628 1639 1640
f 1628 1640 1629
f 1629 1640 1641
f 1629 1641 1630
f 1630 1641 1642
f 1630 1642 1619
f 1619 1642 1631
f 1631 1643 1632
f 1632 1643 1644
f 1632 1644 1633
f 1633 1644 1645
f 1633 1645 1634
f 1634 1645 1646
f 1634 1646 1635
f 1635 1646 1647
f 1635 1647 1636
f 1636 1647 1648
f 1636 1648 1637
f 1637 1648 1649
f 1637 1649 1638
f 1638 1649 1650
f 1638 1650 1639
f 1639 1650 1651
f 1639 1651 1640
f 1640 1651 1652
f 1640 1652 1641
f 1641 1652 1653
f 1641 1653 1642
f 1642 1653 1654
f 1642 1654 1631
f 1631 1654 1643
f 1643 1655 1644
f 1644 1655 1656
f 1644 1656 1645
f 1645 1656 1657
f 1645 1657 1646
f 1646 1657 1658
f 1646 1658 1647
f 1647 1658 1659
f 1647 1659 1648
f 1648 1659 1660
f 1648 1660 1649
f 1649 1660 1661
f 1649 1661 1650
f 1650 1661 1662
f 1650 1662 1651
f 1651 1662 1663
f 1651 1663 1652
f 1652 1663 1664
f 1652 1664 1653
f 1653 1664 1665
f 1653 1665 1654
f 1654 1665 1666
f 1654 1666 1643
f 1643 1666 1655
f 1655 1667 1656
f 1656 1667 1668
f 1656 1668 1657
f 1657 1668 1669
f 1657 1669 1658
f 1658 1669 1670
f 1658 1670 1659
f 1659 1670 1671
f 1659 1671 1660
f 1660 1671 1672
f 1660 1672 1661
f 1661 1672 1673
f 1661 1673 1662
f 1662 1673 1674
f 1662 1674 1663
f 1663 1674 1675
f 1663 1675 1664
f 1664 1675 1676
f 1664 1676 1665
f 1665 1676 1677
f 1665 1677 1666
f 1666 1677 1678
f 1666 1678 1655
f 1655 1678 1667
f 1667 1679 1668
f 1668 1679 1680
f 1668 1680 1669
f 1669 1680 1681
f 1669 1681 1670
f 1670 1681 1682
f 1670 1682 1671
f 1671 1682 1683
f 1671 1683 1672
f 1672 1683 1684
f 1672 1684 1673
f 1673 1684 1685
f 1673 1685 1674
f 1674 1685 1686
f 1674 1686 1675
f 1675 1686 1687
f 1675 1687 1676
f 1676 1687 1688
f 1676 1688 1677
f 1677 1688 1689
f 1677 1689 1678
f 1678 1689 1690
f 1678 1690 1667
f 1667 1690 1679
f 1679 1691 1680
f 1680 1691 1692
f 1680 1692 1681
f 1681 1692 1693
f 1681 1693 1682
f 1682 1693 1694
f 1682 1694 1683
f 1683 1694 1695
f 1683 1695 1684
f 1684 1695 1696
f 1684 1696 1685
f 1685 1696 1697
f 1685 1697 1686
f 1686 1697 1698
f 1686 1698 1687
f 1687 1698 1699
f 1687 1699 1688
f 1688 1699 1700
f 1688 1700 1689
f 1689 1700 1701
f 1689 1701 1690
f 1690 1701 1702
f 1690 1702 1679
f 1679 1702 1691
f 1691 1703 1692
f 1692 1703 1704
f 1692 1704 1693
f 1693 1704 1705
f 1693 1705 1694
f 1694 1705 1706
f 1694 1706 1695
f 1695 1706 1707
f 1695 1707 1696
f 1696 1707 1708
f 1696 1708 1697
f 1697 1708 1709
f 1697 1709 1698
f 1698 1709 1710
f 1698 1710 1699
f 1699 1710 1711
f 1699 1711 1700
f 1700 1711 1712
f 1700 1712 1701
f 1701 1712 1713
f 1701 1713 1702
f 1702 1713 1714
f 1702 1714 1691
f 1691 1714 1703
f 1703 1715 1704
f 1704 1715 1716
f 1704 1716 1705
f 1705 1716 1717
f 1705 1717 1706
f 1706 1717 1718
f 1706 1718 1707
f 1707 1718 1719
f 1707 1719 1708
f 1708 1719 1720
f 1708 1720 1709
f 1709 1720 1721
f 1709 1721 1710
f 1710 1721 1722
f 1710 1722 1711
f 1711 1722 1723
f 1711 1723 1712
f 1712 1723 1724
f 1712 1724 1713
f 1713 1724 1725
f 1713 1725 1714
f 1714 1725 1726
f 1714 1726 1703
f 1703 1726 1715
f 1715 1727 1716
f 1716 1727 1728
f 1716 1728 1717
f 1717 1728 1729
f 1717 1729 1718
f 1718 1729 1730
f 1718 1730 1719
f 1719 1730 1731
f 1719 1731 1720
f 1720 1731 1732
f 1720 1732 1721
f 1721 1732 1733
f 1721 1733 1722
f 1722 1733 1734
f 1722 1734 1723
f 1723 1734 1735
f 1723 1735 1724
f 1724 1735 1736
f 1724 1736 1725
f 1725 1736 1737
f 1725 1737 1726
f 1726 1737 1738
f 1726 1738 1715
f 1715 1738 1727
f 1727 1739 1728
f 1728 1739 1740
f 1728 1740 1729
f 1729 1740 1741
f 1729 1741 1730
f 1730 1741 1742
f 1730 1742 1731
f 1731 1742 1743
f 1731 1743 1732
f 1732 1743 1744
f 1732 1744 1733
f 1733 1744 1745
f 1733 1745 1734
f 1734 1745 1746
f 1734 1746 1735
f 1735 1746 1747
f 1735 1747 1736
f 1736 1747 1748
f 1736 1748 1737
f 1737 1748 1749
f 1737 1749 1738
f 1738 1749 1750
f 1738 1750 1727
f 1727 1750 1739
f 1739 1751 1740
f 1740 1751 1752
f 1740 1752 1741
f 1741 1752 1753
f 1741 1753 1742
f 1742 1753 1754
f 1742 1754 1743
f 1743 1754 1755
f 1743 1755 1744
f 1744 1755 1756
f 1744 1756 1745
f 1745 1756 1757
f 1745 1757 1746
f 1746 1757 1758
f 1746 1758 1747
f 1747 1758 1759
f 1747 1759 1748
f 1748 1759 1760
f 1748 1760 1749
f 1749 1760 1761
f 1749 1761 1750
f 1750 1761 1762
f 1750 1762 1739
f 1739 1762 1751
f 1751 1763 1752
f 1752 1763 1764
f 1752 1764 1753
f 1753 1764 1765
f 1753 1765 1754
f 1754 1765 1766
f 1754 1766 1755
f 1755 1766 1767
f 1755 1767 1756
f 1756 1767 1768
f 1756 1768 1757
f 1757 1768 1769
f 1757 1769 1758
f 1758 1769 1770
f 1758 1770 1759
f 1759 1770 1771
f 1759 1771 1760
f 1760 1771 1772
f 1760 1772 1761
f 1761 1772 1773
f 1761 1773 1762
f 1762 1773 1774
f 1762 1774 1751
f 1751 1774 1763
f 1763 1775 1764
f 1764 1775 1776
f 1764 1776 1765
f 1765 1776 1777
f 1765 1777 1766
f 1766 1777 1778
f 1766 1778 1767
f 1767 1778 1779
f 1767 1779 1768
f 1768 1779 1780
f 1768 1780 1769
f 1769 1780 1781
f 1769 1781 1770
f 1770 1781 1782
f 1770 1782 1771
f 1771 1782 1783
f 1771 1783 1772
f 1772 1783 1784
f 1772 1784 1773
f 1773 1784 1785
f 1773 1785 1774
f 1774 1785 1786
f 1774 1786 1763
f 1763 1786 1775
f 1775 1787 1776
f 1776 1787 1788
f 1776 1788 1777
f 1777 1788 1789
f 1777 1789 1778
f 1778 1789 1790
f 1778 1790 1779
f 1779 1790 1791
f 1779 1791 1780
f 1780 1791 1792
f 1780 1792 1781
f 1781 1792 1793
f 1781 1793 1782
f 1782 1793 1794
f 1782 1794 1783
f 1783 1794 1795
f 1783 1795 1784
f 1784 1795 1796
f 1784 1796 1785
f 1785 1796 1797
f 1785 1797 1786
f 1786 1797 1798
f 1786 1798 1775
f 1775 1798 1787
f 1787 1799 1788
f 1788 1799 1800
f 1788 1800 1789
f 1789 1800 1801
f 1789 1801 1790
f 1790 1801 1802
f 1790 1802 1791
f 1791 1802 1803
f 1791 1803 1792
f 1792 1803 1804
f 1792 1804 1793
f 1793 1804 1805
f 1793 1805 1794
f 1794 1805 1806
f 1794 1806 1795
f 1795 1806 1807
f 1795 1807 1796
f 1796 1807 1808
f 1796 1808 1797
f 1797 1808 1809
f 1797 1809 1798
f 1798 1809 1810
f 1798 1810 1787
f 1787 1810 1799
f 1799 1811 1800
f 1800 1811 1812
f 1800 1812 1801
f 1801 1812 1813
f 1801 1813 1802
f 1802 1813 1814
f 1802 1814 1803
f 1803 1814 1815
f 1803 1815 1804
f 1804 1815 1816
f 1804 1816 1805
f 1805 1816 1817
f 1805 1817 1806
f 1806 1817 1818
f 1806 1818 1807
f 1807 1818 1819
f 1807 1819 1808
f 1808 1819 1820
f 1808 1820 1809
f 1809 1820 1821
f 1809 1821 1810
f 1810 1821 1822
f 1810 1822 1799
f 1799 1822 1811
f 1811 1823 1812
f 1812 1823 1824
f 1812 1824 1813
f 1813 1824 1825
f 1813 1825 1814
f 1814 1825 1826
f 1814 1826 1815
f 1815 1826 1827
f 1815 1827 1816
f 1816 1827 1828
f 1816 1828 1817
f 1817 1828 1829
f 1817 1829 1818
f 1818 1829 1830
f 1818 1830 1819
f 1819 1830 1831
f 1819 1831 1820
f 1820 1831 1832
f 1820 1832 1821
f 1821 1832 1833
f 1821 1833 1822
f 1822 1833 1834
f 1822 1834 1811
f 1811 1834 1823
f 1823 1835 1824
f 1824 1835 1836
f 1824 1836 1825
f 1825 1836 1837
f 1825 1837 1826
f 1826 1837 1838
f 1826 1838 1827
f 1827 1838 1839
f 1827 1839 1828
f 1828 1839 1840
f 1828 1840 1829
f 1829 1840 1841
f 1829 1841 1830
f 1830 1841 1842
f 1830 1842 1831
f 1831 1842 1843
f 1831 1843 1832
f 1832 1843 1844
f 1832 1844 1833
f 1833 1844 1845
f 1833 1845 1834
f 1834 1845 1846
f 1834 1846 1823
f 1823 1846 1835
f 1835 1847 1836
f 1836 1847 1848
f 1836 1848 1837
f 1837 1848 1849
f 1837 1849 1838
f 1838 1849 1850
f 1838 1850 1839
f 1839 1850 1851
f 1839 1851 1840
f 1840 1851 1852
f 1840 1852 1841
f 1841 1852 1853
f 1841 1853 1842
f 1842 1853 1854
f 1842 1854 1843
f 1843 1854 1855
f 1843 1855 1844
f 1844 1855 1856
f 1844 1856 1845
f 1845 1856 1857
f 1845 1857 1846
f 1846 1857 1858
f 1846 1858 1835
f 1835 1858 1847
f 1847 1859 1848
f 1848 1859 1860
f 1848 1860 1849
f 1849 1860 1861
f 1849 1861 1850
f 1850 1861 1862
f 1850 1862 1851
f 1851 1862 1863
f 1851 1863 1852
f 1852 1863 1864
f 1852 1864 1853
f 1853 1864 1865
f 1853 1865 1854
f 1854 1865 1866
f 1854 1866 1855
f 1855 1866 1867
f 1855 1867 1856
f 1856 1867 1868
f 1856 1868 1857
f 1857 1868 1869
f 1857 1869 1858
f 1858 1869 1870
f 1858 1870 1847
f 1847 1870 1859
f 1859 1103 1860
f 1860 1103 1104
f 1860 1104 1861
f 1861 1104 1105
f 1861 1105 1862
f 1862 1105 1106
f 1862 1106 1863
f 1863 1106 1107
f 1863 1107 1864
f 1864 1107 1108
f 1864 1108 1865
f 1865 1108 1109
f 1865 1109 1866
f 1866 1109 1110
f 1866 1110 1867
f 1867 1110 1111
f 1867 1111 1868
f 1868 1111 1112
f 1868 1112 1869
f 1869 1112 1113
f 1869 1113 1870
f 1870 1113 1114
f 1870 1114 1859
f 1859 1114 1103
f 1872 1889 1890
f 1873 1890 1891
f 1874 1891 1892
f 1875 1892 1893
f 1876 1893 1894
f 1877 1894 1895
f 1878 1895 1896
f 1879 1896 1897
f 1880 1897 1898
f 1881 1898 1899
f 1882 1899 1900
f 1883 1900 1901
f 1884 1901 1902
f 1885 1902 1903
f 1886 1903 1904
f 1887 1904 1905
f 1888 1905 1906
f 1871 1906 1889
f 1889 1907 1890
f 1890 1907 1908
f 1890 1908 1891
f 1891 1908 1909
f 1891 1909 1892
f 1892 1909 1910
f 1892 1910 1893
f 1893 1910 1911
f 1893 1911 1894
f 1894 1911 1912
f 1894 1912 1895
f 1895 1912 1913
f 1895 1913 1896
f 1896 1913 1914
f 1896 1914 1897
f 1897 1914 1915
f 1897 1915 1898
f 1898 1915 1916
f 1898 1916 1899
f 1899 1916 1917
f 1899 1917 1900
f 1900 1917 1918
f 1900 1918 1901
f 1901 1918 1919
f 1901 1919 1902
f 1902 1919 1920
f 1902 1920 1903
f 1903 1920 1921
f 1903 1921 1904
f 1904 1921 1922
f 1904 1922 1905
f 1905 1922 1923
f 1905 1923 1906
f 1906 1923 1924
f 1906 1924 1889
f 1889 1924 1907
f 1907 1925 1908
f 1908 1925 1926
f 1908 1926 1909
f 1909 1926 1927
f 1909 1927 1910
f 1910 1927 1928
f 1910 1928 1911
f 1911 1928 1929
f 1911 1929 1912
f 1912 1929 1930
f 1912 1930 1913
f 1913 1930 1931
f 1913 1931 1914
f 1914 1931 1932
f 1914 1932 1915
f 1915 1932 1933
f 1915 1933 1916
f 1916 1933 1934
f 1916 1934 1917
f 1917 1934 1935
f 1917 1935 1918
f 1918 1935 1936
f 1918 1936 1919
f 1919 1936 1937
f 1919 1937 1920
f 1920 1937 1938
f 1920 1938 1921
f 1921 1938 1939
f 1921 1939 1922
f 1922 1939 1940
f 1922 1940 1923
f 1923 1940 1941
f 1923 1941 1924
f 1924 1941 1942
f 1924 1942 1907
f 1907 1942 1925
f 1925 1943 1926
f 1926 1943 1944
f 1926 1944 1927
f 1927 1944 1945
f 1927 1945 1928
f 1928 1945 1946
f 1928 1946 1929
f 1929 1946 1947
f 1929 1947 1930
f 1930 1947 1948
f 1930 1948 1931
f 1931 1948 1949
f 1931 1949 1932
f 1932 1949 1950
f 1932 1950 1933
f 1933 1950 1951
f 1933 1951 1934
f 1934 1951 1952
f 1934 1952 1935
f 1935 1952 1953
f 1935 1953 1936
f 1936 1953 1954
f 1936 1954 1937
f 1937 1954 1955
f 1937 1955 1938
f 1938 1955 1956
f 1938 1956 1939
f 1939 1956 1957
f 1939 1957 1940
f 1940 1957 1958
f 1940 1958 1941
f 1941 1958 1959
f 1941 1959 1942
f 1942 1959 1960
f 1942 1960 1925
f 1925 1960 1943
f 1943 1961 1944
f 1944 1961 1962
f 1944 1962 1945
f 1945 1962 1963
f 1945 1963 1946
f 1946 1963 1964
f 1946 1964 1947
f 1947 1964 1965
f 1947 1965 1948
f 1948 1965 1966
f 1948 1966 1949
f 1949 1966 1967
f 1949 1967 1950
f 1950 1967 1968
f 1950 1968 1951
f 1951 1968 1969
f 1951 1969 1952
f 1952 1969 1970
f 1952 1970 1953
f 1953 1970 1971
f 1953 1971 1954
f 1954 1971 1972
f 1954 1972 1955
f 1955 1972 1973
f 1955 1973 1956
f 1956 1973 1974
f 1956 1974 1957
f 1957 1974 1975
f 1957 1975 1958
f 1958 1975 1976
f 1958 1976 1959
f 1959 1976 1977
f 1959 1977 1960
f 1960 1977 1978
f 1960 1978 1943
f 1943 1978 1961
f 1961 1979 1962
f 1962 1979 1980
f 1962 1980 1963
f 1963 1980 1981
f 1963 1981 1964
f 1964 1981 1982
f 1964 1982 1965
f 1965 1982 1983
f 1965 1983 1966
f 1966 1983 1984
f 1966 1984 1967
f 1967 1984 1985
f 1967 1985 1968
f 1968 1985 1986
f 1968 1986 1969
f 1969 1986 1987
f 1969 1987 1970
f 1970 1987 1988
f 1970 1988 1971
f 1971 1988 1989
f 1971 1989 1972
f 1972 1989 1990
f 1972 1990 1973
f 1973 1990 1991
f 1973 1991 1974
f 1974 1991 1992
f 1974 1992 1975
f 1975 1992 1993
f 1975 1993 1976
f 1976 1993 1994
f 1976 1994 1977
f 1977 1994 1995
f 1977 1995 1978
f 1978 1995 1996
f 1978 1996 1961
f 1961 1996 1979
f 1979 1997 1980
f 1980 1997 1998
f 1980 1998 1981
f 1981 1998 1999
f 1981 1999 1982
f 1982 1999 2000
f 1982 2000 1983
f 1983 2000 2001
f 1983 2001 1984
f 1984 2001 2002
f 1984 2002 1985
f 1985 2002 2003
f 1985 2003 1986
f 1986 2003 2004
f 1986 2004 1987
f 1987 2004 2005
f 1987 2005 1988
f 1988 2005 2006
f 1988 2006 1989
f 1989 2006 2007
f 1989 2007 1990
f 1990 2007 2008
f 1990 2008 1991
f 1991 2008 2009
f 1991 2009 1992
f 1992 2009 2010
f 1992 2010 1993
f 1993 2010 2011
f 1993 2011 1994
f 1994 2011 2012
f 1994 2012 1995
f 1995 2012 2013
f 1995 2013 1996
f 1996 2013 2014
f 1996 2014 1979
f 1979 2014 1997
f 1997 2015 1998
f 1998 2015 2016
f 1998 2016 1999
f 1999 2016 2017
f 1999 2017 2000
f 2000 2017 2018
f 2000 2018 2001
f 2001 2018 2019
f 2001 2019 2002
f 2002 2019 2020
f 2002 2020 2003
f 2003 2020 2021
f 2003 2021 2004
f 2004 2021 2022
f 2004 2022 2005
f 2005 2022 2023
f 2005 2023 2006
f 2006 2023 2024
f 2006 2024 2007
f 2007 2024 2025
f 2007 2025 2008
f 2008 2025 2026
f 2008 2026 2009
f 2009 2026 2027
f 2009 2027 2010
f 2010 2027 2028
f 2010 2028 2011
f 2011 2028 2029
f 2011 2029 2012
f 2012 2029 2030
f 2012 2030 2013
f 2013 2030 2031
f 2013 2031 2014
f 2014 2031 2032
f 2014 2032 1997
f 1997 2032 2015
f 2015 2033 2016
f 2016 2033 2034
f 2016 2034 2017
f 2017 2034 2035
f 2017 2035 2018
f 2018 2035 2036
f 2018 2036 2019
f 2019 2036 2037
f 2019 2037 2020
f 2020 2037 2038
f 2020 2038 2021
f 2021 2038 2039
f 2021 2039 2022
f 2022 2039 2040
f 2022 2040 2023
f 2023 2040 2041
f 2023 2041 2024
f 2024 2041 2042
f 2024 2042 2025
f 2025 2042 2043
f 2025 2043 2026
f 2026 2043 2044
f 2026 2044 2027
f 2027 2044 2045
f 2027 2045 2028
f 2028 2045 2046
f 2028 2046 2029
f 2029 2046 2047
f 2029 2047 2030
f 2030 2047 2048
f 2030 2048 2031
f 2031 2048 2049
f 2031 2049 2032
f 2032 2049 2050
f 2032 2050 2015
f 2015 2050 2033
f 2033 2051 2034
f 2034 2052 2035
f 2035 2053 2036
f 2036 2054 2037
f 2037 2055 2038
f 2038 2056 2039
f 2039 2057 2040
f 2040 2058 2041
f 2041 2059 2042
f 2042 2060 2043
f 2043 2061 2044
f 2044 2062 2045
f 2045 2063 2046
f 2046 2064 2047
f 2047 2065 2048
f 2048 2066 2049
f 2049 2067 2050
f 2050 2068 2033
f 2070 2081 2082
f 2071 2082 2083
f 2072 2083 2084
f 2073 2084 2085
f 2074 2085 2086
f 2075 2086 2087
f 2076 2087 2088
f 2077 2088 2089
f 2078 2089 2090
f 2079 2090 2091
f 2080 2091 2092
f 2069 2092 2081
f 2081 2093 2082
f 2082 2093 2094
f 2082 2094 2083
f 2083 2094 2095
f 2083 2095 2084
f 2084 2095 2096
f 2084 2096 2085
f 2085 2096 2097
f 2085 2097 2086
f 2086 2097 2098
f 2086 2098 2087
f 2087 2098 2099
f 2087 2099 2088
f 2088 2099 2100
f 2088 2100 2089
f 2089 2100 2101
f 2089 2101 2090
f 2090 2101 2102
f 2090 2102 2091
f 2091 2102 2103
f 2091 2103 2092
f 2092 2103 2104
f 2092 2104 2081
f 2081 2104 2093
f 2093 2105 2094
f 2094 2105 2106
f 2094 2106 2095
f 2095 2106 2107
f 2095 2107 2096
f 2096 2107 2108
f 2096 2108 2097
f 2097 2108 2109
f 2097 2109 2098
f 2098 2109 2110
f 2098 2110 2099
f 2099 2110 2111
f 2099 2111 2100
f 2100 2111 2112
f 2100 2112 2101
f 2101 2112 2113
f 2101 2113 2102
f 2102 2113 2114
f 2102 2114 2103
f 2103 2114 2115
f 2103 2115 2104
f 2104 2115 2116
f 2104 2116 2093
f 2093 2116 2105
f 2105 2117 2106
f 2106 2117 2118
f 2106 2118 2107
f 2107 2118 2119
f 2107 2119 2108
f 2108 2119 2120
f 2108 2120 2109
f 2109 2120 2121
f 2109 2121 2110
f 2110 2121 2122
f 2110 2122 2111
f 2111 2122 2123
f 2111 2123 2112
f 2112 2123 2124
f 2112 2124 2113
f 2113 2124 2125
f 2113 2125 2114
f 2114 2125 2126
f 2114 2126 2115
f 2115 2126 2127
f 2115 2127 2116
f 2116 2127 2128
f 2116 2128 2105
f 2105 2128 2117
f 2117 2129 2118
f 2118 2129 2130
f 2118 2130 2119
f 2119 2130 2131
f 2119 2131 2120
f 2120 2131 2132
f 2120 2132 2121
f 2121 2132 2133
f 2121 2133 2122
f 2122 2133 2134
f 2122 2134 2123
f 2123 2134 2135
f 2123 2135 2124
f 2124 2135 2136
f 2124 2136 2125
f 2125 2136 2137
f 2125 2137 2126
f 2126 2137 2138
f 2126 2138 2127
f 2127 2138 2139
f 2127 2139 2128
f 2128 2139 2140
f 2128 2140 2117
f 2117 2140 2129
f 2129 2141 2130
f 2130 2141 2142
f 2130 2142 2131
f 2131 2142 2143
f 2131 2143 2132
f 2132 2143 2144
f 2132 2144 2133
f 2133 2144 2145
f 2133 2145 2134
f 2134 2145 2146
f 2134 2146 2135
f 2135 2146 2147
f 2135 2147 2136
f 2136 2147 2148
f 2136 2148 2137
f 2137 2148 2149
f 2137 2149 2138
f 2138 2149 2150
f 2138 2150 2139
f 2139 2150 2151
f 2139 2151 2140
f 2140 2151 2152
f 2140 2152 2129
f 2129 2152 2141
f 2141 2153 2142
f 2142 2153 2154
f 2142 2154 2143
f 2143 2154 2155
f 2143 2155 2144
f 2144 2155 2156
f 2144 2156 2145
f 2145 2156 2157
f 2145 2157 2146
f 2146 2157 2158
f 2146 2158 2147
f 2147 2158 2159
f 2147 2159 2148
f 2148 2159 2160
f 2148 2160 2149
f 2149 2160 2161
f 2149 2161 2150
f 2150 2161 2162
f 2150 2162 2151
f 2151 2162 2163
f 2151 2163 2152
f 2152 2163 2164
f 2152 2164 2141
f 2141 2164 2153
f 2153 2165 2154
f 2154 2166 2155
f 2155 2167 2156
f 2156 2168 2157
f 2157 2169 2158
f 2158 2170 2159
f 2159 2171 2160
f 2160 2172 2161
f 2161 2173 2162
f 2162 2174 2163
f 2163 2175 2164
f 2164 2176 2153
f 2178 2189 2190
f 2179 2190 2191
f 2180 2191 2192
f 2181 2192 2193
f 2182 2193 2194
f 2183 2194 2195
f 2184 2195 2196
f 2185 2196 2197
f 2186 2197 2198
f 2187 2198 2199
f 2188 2199 2200
f 2177 2200 2189
f 2189 2201 2190
f 2190 2201 2202
f 2190 2202 2191
f 2191 2202 2203
f 2191 2203 2192
f 2192 2203 2204
f 2192 2204 2193
f 2193 2204 2205
f 2193 2205 2194
f 2194 2205 2206
f 2194 2206 2195
f 2195 2206 2207
f 2195 2207 2196
f 2196 2207 2208
f 2196 2208 2197
f 2197 2208 2209
f 2197 2209 2198
f 2198 2209 2210
f 2198 2210 2199
f 2199 2210 2211
f 2199 2211 2200
f 2200 2211 2212
f 2200 2212 2189
f 2189 2212 2201
f 2201 2213 2202
f 2202 2213 2214
f 2202 2214 2203
f 2203 2214 2215
f 2203 2215 2204
f 2204 2215 2216
f 2204 2216 2205
f 2205 2216 2217
f 2205 2217 2206
f 2206 2217 2218
f 2206 2218 2207
f 2207 2218 2219
f 2207 2219 2208
f 2208 2219 2220
f 2208 2220 2209
f 2209 2220 2221
f 2209 2221 2210
f 2210 2221 2222
f 2210 2222 2211
f 2211 2222 2223
f 2211 2223 2212
f 2212 2223 2224
f 2212 2224 2201
f 2201 2224 2213
f 2213 2225 2214
f 2214 2225 2226
f 2214 2226 2215
f 2215 2226 2227
f 2215 2227 2216
f 2216 2227 2228
f 2216 2228 2217
f 2217 2228 2229
f 2217 2229 2218
f 2218 2229 2230
f 2218 2230 2219
f 2219 2230 2231
f 2219 2231 2220
f 2220 2231 2232
f 2220 2232 2221
f 2221 2232 2233
f 2221 2233 2222
f 2222 2233 2234
f 2222 2234 2223
f 2223 2234 2235
f 2223 2235 2224
f 2224 2235 2236
f 2224 2236 2213
f 2213 2236 2225
f 2225 2237 2226
f 2226 2237 2238
f 2226 2238 2227
f 2227 2238 2239
f 2227 2239 2228
f 2228 2239 2240
f 2228 2240 2229
f 2229 2240 2241
f 2229 2241 2230
f 2230 2241 2242
f 2230 2242 2231
f 2231 2242 2243
f 2231 2243 2232
f 2232 2243 2244
f 2232 2244 2233
f 2233 2244 2245
f 2233 2245 2234
f 2234 2245 2246
f 2234 2246 2235
f 2235 2246 2247
f 2235 2247 2236
f 2236 2247 2248
f 2236 2248 2225
f 2225 2248 2237
f 2237 2249 2238
f 2238 2249 2250
f 2238 2250 2239
f 2239 2250 2251
f 2239 2251 2240
f 2240 2251 2252
f 2240 2252 2241
f 2241 2252 2253
f 2241 2253 2242
f 2242 2253 2254
f 2242 2254 2243
f 2243 2254 2255
f 2243 2255 2244
f 2244 2255 2256
f 2244 2256 2245
f 2245 2256 2257
f 2245 2257 2246
f 2246 2257 2258
f 2246 2258 2247
f 2247 2258 2259
f 2247 2259 2248
f 2248 2259 2260
f 2248 2260 2237
f 2237 2260 2249
f 2249 2261 2250
f 2250 2261 2262
f 2250 2262 2251
f 2251 2262 2263
f 2251 2263 2252
f 2252 2263 2264
f 2252 2264 2253
f 2253 2264 2265
f 2253 2265 2254
f 2254 2265 2266
f 2254 2266 2255
f 2255 2266 2267
f 2255 2267 2256
f 2256 2267 2268
f 2256 2268 2257
f 2257 2268 2269
f 2257 2269 2258
f 2258 2269 2270
f 2258 2270 2259
f 2259 2270 2271
f 2259 2271 2260
f 2260 2271 2272
f 2260 2272 2249
f 2249 2272 2261
f 2261 2273 2262
f 2262 2274 2263
f 2263 2275 2264
f 2264 2276 2265
f 2265 2277 2266
f 2266 2278 2267
f 2267 2279 2268
f 2268 2280 2269
f 2269 2281 2270
f 2270 2282 2271
f 2271 2283 2272
f 2272 2284 2261
